v -0.148468 0.350930 -0.186788
v 0.146100 0.352797 -0.184254
v -0.377393 -0.652147 -0.001840
v 0.375640 -0.648078 -0.000248
v 0.000961 -0.529728 0.854258
v 0.001483 0.141296 0.434988
v -0.000391 -0.193719 -0.484129
v -0.000237 0.521902 -0.857130
v 0.357933 0.073311 -0.278591
v 0.376128 -0.014734 0.277100
v -0.358425 0.071635 -0.282754
v -0.376007 -0.013110 0.274514
v -0.000637 0.588141 -0.217051
v -0.105339 0.246891 0.066633
v -0.247334 0.791636 -0.527655
v -0.291136 0.215058 -0.260147
v -0.341128 0.103379 0.113016
v 0.101509 0.245746 0.064088
v 0.247694 0.790887 -0.529092
v 0.292254 0.216722 -0.260287
v 0.337053 0.101924 0.109310
v 0.001237 -0.665607 0.013464
v -0.308952 -0.848583 0.553561
v -0.244717 -0.591746 -0.363363
v -0.416345 -0.206239 -0.149246
v -0.410086 -0.275789 0.227073
v 0.306647 -0.850048 0.552773
v 0.244430 -0.594433 -0.363204
v 0.416313 -0.209269 -0.149123
v 0.410025 -0.274443 0.228337
v -0.000432 0.014596 0.828417
v 0.381764 -0.260948 0.665170
v -0.384962 -0.261110 0.665543
v 0.265629 0.067802 0.446315
v -0.263850 0.066911 0.446340
v -0.000375 0.044036 -0.773013
v 0.221183 -0.032481 -0.395150
v -0.220866 -0.029252 -0.396562
v 0.377507 0.249842 -0.724720
v -0.372583 0.250083 -0.723728
v 0.382698 0.034932 0.017003
v -0.384755 0.037208 0.013640
v -0.090514 0.509161 -0.184817
v -0.110671 0.272543 -0.115502
v -0.206571 0.567049 -0.301890
v -0.217000 0.307348 -0.214160
v -0.219114 0.202460 -0.063981
v 0.085610 0.500975 -0.187461
v 0.106067 0.274564 -0.117684
v 0.209100 0.566412 -0.299069
v 0.216949 0.308593 -0.213958
v 0.215238 0.206719 -0.063455
v -0.214207 -0.743875 0.006899
v -0.292457 -0.638585 0.236665
v -0.423410 -0.847912 -0.227723
v -0.442591 -0.483195 -0.094705
v -0.400375 -0.469290 0.127042
v 0.216130 -0.744256 0.005357
v 0.290001 -0.639513 0.239025
v 0.424116 -0.844775 -0.227510
v 0.442332 -0.483011 -0.093572
v 0.400406 -0.467868 0.126996
v -0.178287 -0.772850 0.846746
v 0.181043 -0.778835 0.850501
v 0.000298 -0.276582 0.930972
v 0.245390 -0.441291 0.846150
v -0.242460 -0.441093 0.845403
v -0.057782 0.171562 0.276974
v 0.058696 0.172428 0.273397
v 0.000303 0.134897 0.611618
v 0.119071 0.124039 0.465897
v -0.119411 0.127807 0.466116
v -0.094009 -0.356119 -0.433354
v 0.094570 -0.356721 -0.434830
v -0.000648 -0.007240 -0.528250
v 0.110611 -0.119611 -0.459541
v -0.111041 -0.121325 -0.458884
v -0.159728 0.713013 -0.761502
v 0.157907 0.711773 -0.758915
v -0.000532 0.266800 -0.941932
v 0.237121 0.417441 -0.882901
v -0.237849 0.418217 -0.881839
v 0.350001 0.124650 -0.281355
v 0.352153 -0.010821 -0.194150
v 0.316631 0.028167 -0.349969
v 0.349370 0.133900 -0.450030
v 0.372219 0.054908 -0.137708
v 0.369759 0.048103 0.215122
v 0.394029 -0.107989 0.265499
v 0.388403 -0.111500 0.429845
v 0.357697 0.008670 0.368843
v 0.377914 0.011883 0.154438
v -0.348834 0.123423 -0.284239
v -0.348491 -0.007480 -0.195250
v -0.317391 0.028524 -0.352911
v -0.350252 0.132810 -0.455574
v -0.376058 0.056981 -0.137823
v -0.374821 0.051914 0.216756
v -0.393620 -0.105552 0.263542
v -0.386324 -0.107832 0.429787
v -0.358628 0.009388 0.370410
v -0.379324 0.014489 0.153117
v -0.030442 0.350889 -0.158292
v -0.095428 0.738633 -0.350350
v 0.027526 0.350714 -0.157544
v 0.095844 0.737869 -0.350070
v -0.225013 0.173692 0.099238
v -0.000810 0.240239 0.032723
v -0.191035 0.139434 0.284077
v -0.389568 0.570826 -0.401005
v -0.000449 0.854450 -0.571929
v -0.335004 0.548244 -0.658555
v -0.313100 0.131761 -0.061254
v -0.334814 0.303518 -0.475188
v -0.359709 0.079156 -0.098941
v -0.318320 0.082535 0.268094
v -0.374163 0.065182 0.068246
v 0.224389 0.174701 0.100012
v 0.189588 0.142142 0.282849
v 0.391870 0.570806 -0.403930
v 0.336494 0.548371 -0.658890
v 0.311709 0.132465 -0.063044
v 0.334222 0.303689 -0.474434
v 0.359922 0.078238 -0.096951
v 0.319236 0.083210 0.268584
v 0.371835 0.063856 0.068733
v -0.111732 -0.688455 0.301359
v -0.113254 -0.744884 -0.227131
v 0.109366 -0.685417 0.302606
v 0.115288 -0.747987 -0.229683
v -0.373673 -0.510659 0.399824
v -0.000836 -0.713873 0.604498
v -0.394297 -0.585486 0.688721
v -0.411341 -0.436928 -0.292596
v -0.000261 -0.547948 -0.342208
v -0.254682 -0.277091 -0.385525
v -0.433633 -0.244014 0.028382
v -0.335637 -0.136102 -0.290406
v -0.386465 -0.040069 -0.042689
v -0.404126 -0.302403 0.446790
v -0.396581 -0.069973 0.106144
v 0.372321 -0.510510 0.397805
v 0.396943 -0.584974 0.686631
v 0.411867 -0.438395 -0.290700
v 0.254518 -0.278758 -0.384738
v 0.434365 -0.246017 0.028857
v 0.338475 -0.135982 -0.289348
v 0.388779 -0.042809 -0.043966
v 0.403308 -0.302400 0.446793
v 0.399300 -0.071676 0.103324
v 0.245984 -0.123931 0.827092
v -0.245227 -0.121476 0.826762
v 0.182808 0.069130 0.657543
v -0.183278 0.070103 0.657230
v 0.330887 -0.043966 0.577576
v -0.332217 -0.042026 0.580160
v 0.141466 0.009341 -0.594279
v -0.145491 0.008628 -0.596047
v 0.256020 0.090963 -0.909427
v -0.256718 0.092014 -0.911140
v 0.299040 0.065935 -0.582491
v -0.300380 0.065342 -0.584564
v -0.123707 0.422933 -0.191282
v -0.126496 0.313258 -0.156401
v -0.166746 0.442591 -0.228260
v -0.179723 0.335550 -0.197880
v -0.167160 0.271669 -0.144680
v 0.121325 0.420067 -0.191602
v 0.122017 0.311562 -0.154970
v 0.166292 0.444143 -0.223682
v 0.177482 0.334694 -0.194712
v 0.163019 0.270324 -0.141980
v -0.320939 -0.721511 0.000931
v -0.331639 -0.626851 0.085522
v -0.411636 -0.753650 -0.080892
v -0.417608 -0.594651 -0.047030
v -0.386027 -0.563024 0.055118
v 0.322525 -0.718290 0.002099
v 0.333698 -0.627449 0.090501
v 0.411470 -0.749112 -0.080141
v 0.418750 -0.594285 -0.046152
v 0.386654 -0.563564 0.060938
v -0.074816 -0.615533 0.841018
v 0.076506 -0.613656 0.841933
v 0.001329 -0.419219 0.879378
v 0.116276 -0.498618 0.859184
v -0.113099 -0.495208 0.860396
v -0.028045 0.147104 0.363718
v 0.028869 0.149227 0.365518
v 0.000734 0.140939 0.510613
v 0.051629 0.138264 0.453942
v -0.050407 0.138936 0.451993
v -0.040769 -0.268512 -0.472426
v 0.036936 -0.266302 -0.472691
v -0.001029 -0.104130 -0.494303
v 0.051630 -0.163535 -0.478598
v -0.052750 -0.161322 -0.480851
v -0.068727 0.609603 -0.818939
v 0.064968 0.610951 -0.818218
v -0.000566 0.406060 -0.902760
v 0.107389 0.481108 -0.870032
v -0.109803 0.483384 -0.869812
v 0.359653 0.096729 -0.281271
v 0.352739 0.041945 -0.235382
v 0.343411 0.056393 -0.312625
v 0.351219 0.096485 -0.349618
v 0.364968 0.066030 -0.214649
v 0.371793 0.018065 0.251196
v 0.383947 -0.049786 0.272711
v 0.381272 -0.053468 0.339350
v 0.371253 -0.005327 0.318104
v 0.375420 -0.001708 0.219462
v -0.359939 0.094595 -0.287440
v -0.350401 0.043298 -0.240538
v -0.344305 0.056003 -0.317968
v -0.352036 0.096226 -0.354786
v -0.365202 0.066460 -0.217330
v -0.372543 0.022068 0.248382
v -0.382769 -0.047506 0.269199
v -0.381425 -0.051131 0.335506
v -0.370434 0.000004 0.318584
v -0.375982 0.001944 0.218795
v -0.047064 0.561208 -0.207685
v 0.044864 0.556381 -0.205245
v -0.018811 0.483008 -0.187342
v -0.033610 0.666344 -0.266863
v 0.016655 0.477753 -0.184615
v 0.030892 0.669847 -0.265015
v -0.107403 0.252021 -0.038494
v -0.085371 0.208355 0.170250
v -0.051645 0.267083 -0.076865
v -0.166772 0.217606 0.085981
v -0.047183 0.242323 0.042656
v -0.154334 0.199260 0.186766
v -0.261752 0.703252 -0.407670
v -0.222750 0.773170 -0.652500
v -0.200768 0.824577 -0.451167
v -0.499830 0.766969 -0.484351
v -0.227657 0.970626 -0.588009
v -0.335175 0.700755 -0.604323
v -0.252298 0.268233 -0.237995
v -0.324823 0.164601 -0.276580
v -0.285644 0.371557 -0.340745
v -0.295672 0.161841 -0.157699
v -0.307887 0.273265 -0.367631
v -0.328663 0.127246 -0.174756
v -0.281564 0.147762 0.025785
v -0.369379 0.074829 0.173584
v -0.287967 0.132598 0.108647
v -0.328657 0.112667 0.027025
v -0.337760 0.096056 0.189994
v -0.364849 0.080054 0.093210
v 0.103385 0.252569 -0.039026
v 0.083548 0.207487 0.170523
v 0.049962 0.267073 -0.074773
v 0.045858 0.240298 0.041625
v 0.165190 0.222080 0.084722
v 0.151522 0.199178 0.187346
v 0.262024 0.703431 -0.407002
v 0.221724 0.774316 -0.653505
v 0.199485 0.824560 -0.449944
v 0.227730 0.971084 -0.587873
v 0.502393 0.764891 -0.486051
v 0.335312 0.701527 -0.604662
v 0.252286 0.268137 -0.240238
v 0.324820 0.162566 -0.275082
v 0.287713 0.370262 -0.342438
v 0.295959 0.166984 -0.157720
v 0.308389 0.274044 -0.365227
v 0.329761 0.129187 -0.172157
v 0.278718 0.147601 0.025696
v 0.364242 0.072576 0.172705
v 0.282719 0.135356 0.108692
v 0.328145 0.113388 0.026306
v 0.337924 0.092896 0.189787
v 0.363413 0.080331 0.095074
v -0.110800 -0.695230 0.009947
v 0.112873 -0.697014 0.006990
v -0.054584 -0.673786 0.148775
v -0.064533 -0.658197 -0.107197
v 0.055757 -0.675342 0.150392
v 0.069424 -0.658748 -0.109496
v -0.262192 -0.664023 0.436313
v -0.283218 -0.951931 0.756009
v -0.171517 -0.706873 0.469221
v -0.340127 -0.649077 0.502862
v -0.144036 -0.886303 0.597142
v -0.389434 -0.760902 0.656246
v -0.352780 -0.778171 -0.356588
v -0.160697 -0.457541 -0.387943
v -0.193959 -0.742332 -0.331516
v -0.354775 -0.545624 -0.348638
v -0.122395 -0.568744 -0.352297
v -0.259499 -0.427706 -0.374940
v -0.439776 -0.341090 -0.126397
v -0.378654 -0.096712 -0.171141
v -0.419867 -0.317624 -0.217224
v -0.442257 -0.220978 -0.061455
v -0.385564 -0.178849 -0.228545
v -0.405985 -0.113382 -0.091474
v -0.409156 -0.373161 0.184307
v -0.404395 -0.183711 0.251465
v -0.398550 -0.388268 0.308532
v -0.420103 -0.259998 0.123967
v -0.405263 -0.291333 0.336839
v -0.409235 -0.168851 0.160480
v 0.260042 -0.664998 0.439084
v 0.283987 -0.952546 0.753879
v 0.167791 -0.708878 0.472391
v 0.143587 -0.887181 0.598364
v 0.336986 -0.648345 0.500925
v 0.389993 -0.758411 0.652190
v 0.352008 -0.778570 -0.356475
v 0.159710 -0.457366 -0.387975
v 0.194918 -0.742371 -0.333751
v 0.120593 -0.570516 -0.351294
v 0.357017 -0.547751 -0.348642
v 0.257968 -0.428822 -0.375250
v 0.439551 -0.345000 -0.126109
v 0.379327 -0.095410 -0.166659
v 0.419501 -0.318406 -0.215733
v 0.442072 -0.225613 -0.062235
v 0.389487 -0.176316 -0.227964
v 0.405615 -0.114367 -0.089055
v 0.409698 -0.370743 0.186557
v 0.405153 -0.184812 0.252746
v 0.396916 -0.388741 0.305072
v 0.420915 -0.260259 0.124482
v 0.405763 -0.293005 0.336549
v 0.410481 -0.166809 0.161714
v 0.000352 -0.121938 0.931353
v 0.000804 0.097874 0.718598
v 0.124250 -0.050756 0.852268
v -0.123646 -0.050380 0.852529
v 0.108316 0.056948 0.756723
v -0.106718 0.057404 0.756479
v 0.334871 -0.356074 0.775429
v 0.391763 -0.180465 0.541001
v 0.384941 -0.411894 0.679161
v 0.401486 -0.297063 0.559194
v 0.338219 -0.196093 0.758694
v 0.367021 -0.135519 0.633474
v -0.333849 -0.355791 0.775670
v -0.391764 -0.179055 0.540560
v -0.385093 -0.412156 0.681841
v -0.400793 -0.295734 0.558699
v -0.337672 -0.195877 0.760527
v -0.367871 -0.133598 0.633429
v 0.194350 0.100368 0.463632
v 0.323490 0.034701 0.414340
v 0.231086 0.102038 0.369385
v 0.293949 0.073858 0.353756
v 0.230370 0.067759 0.548706
v 0.297206 0.021617 0.514408
v -0.195559 0.101615 0.465209
v -0.323810 0.033051 0.416670
v -0.232679 0.099915 0.372204
v -0.295476 0.071387 0.354190
v -0.227023 0.065216 0.549072
v -0.298121 0.020778 0.516664
v -0.001448 0.020299 -0.632716
v -0.001027 0.130015 -0.891990
v 0.083106 0.013260 -0.696632
v -0.084352 0.013570 -0.695895
v 0.112104 0.059042 -0.848962
v -0.114674 0.058563 -0.848952
v 0.166711 -0.073921 -0.425179
v 0.275366 -0.002637 -0.377796
v 0.232822 -0.142362 -0.381546
v 0.276613 -0.087132 -0.340257
v 0.182207 0.000398 -0.485724
v 0.252318 0.019807 -0.479749
v -0.168208 -0.072923 -0.426814
v -0.275681 -0.001912 -0.381419
v -0.234691 -0.141517 -0.383435
v -0.276277 -0.086502 -0.341146
v -0.183664 -0.000397 -0.489532
v -0.252796 0.019682 -0.482049
v 0.346002 0.333472 -0.848485
v 0.357399 0.183957 -0.578945
v 0.346845 0.393706 -0.701538
v 0.353843 0.292049 -0.589852
v 0.368001 0.166659 -0.868032
v 0.354578 0.132779 -0.680482
v -0.346427 0.334143 -0.847713
v -0.356182 0.183394 -0.581652
v -0.347176 0.393062 -0.701430
v -0.352450 0.293140 -0.590955
v -0.367433 0.165911 -0.868172
v -0.352635 0.133691 -0.682010
v 0.379470 0.042707 -0.058330
v 0.381472 0.023767 0.086603
v 0.376452 0.054018 -0.036157
v 0.378111 0.047840 0.040351
v 0.384812 0.010422 -0.007898
v 0.388084 -0.008586 0.059490
v -0.380497 0.044105 -0.060812
v -0.381877 0.025412 0.084721
v -0.377808 0.058166 -0.036985
v -0.380693 0.051960 0.040936
v -0.384854 0.008647 -0.010499
v -0.386939 -0.004921 0.057161
v -0.091748 0.375719 -0.162910
v -0.138827 0.539478 -0.247181
v -0.054661 0.434691 -0.172112
v -0.091842 0.620654 -0.260047
v -0.165414 0.238752 -0.083106
v -0.063134 0.314550 -0.142332
v -0.166540 0.220261 -0.006888
v -0.218329 0.446737 -0.257157
v -0.162484 0.667475 -0.334407
v -0.306786 0.588121 -0.355224
v -0.210902 0.238418 -0.139672
v -0.265862 0.432975 -0.300383
v -0.256827 0.205923 -0.143433
v -0.225153 0.180622 0.013841
v -0.268666 0.169876 -0.056817
v 0.086479 0.375094 -0.165047
v 0.135856 0.541282 -0.243973
v 0.052704 0.433545 -0.169418
v 0.091398 0.618406 -0.259441
v 0.161721 0.238328 -0.083214
v 0.061110 0.314367 -0.142546
v 0.161772 0.220868 -0.008056
v 0.225341 0.447601 -0.242810
v 0.161404 0.665837 -0.332229
v 0.309005 0.587235 -0.354921
v 0.210243 0.241651 -0.138113
v 0.263233 0.432991 -0.302130
v 0.255435 0.208575 -0.145124
v 0.222684 0.183367 0.012688
v 0.266138 0.173671 -0.057396
v -0.251980 -0.664499 0.105143
v -0.301319 -0.927127 -0.057717
v -0.160624 -0.679472 0.132792
v -0.149725 -0.829477 -0.107279
v -0.356043 -0.560592 0.182598
v -0.210609 -0.682346 0.281894
v -0.335843 -0.583538 0.338849
v -0.442958 -0.637429 -0.160884
v -0.260906 -0.955395 -0.272458
v -0.434414 -0.634800 -0.285692
v -0.426436 -0.472136 0.011235
v -0.441725 -0.476328 -0.199941
v -0.443012 -0.353825 -0.028736
v -0.380897 -0.481281 0.257532
v -0.429089 -0.363207 0.073888
v 0.253732 -0.662494 0.106024
v 0.305312 -0.929702 -0.060464
v 0.161172 -0.678754 0.133429
v 0.154441 -0.833179 -0.110010
v 0.354611 -0.559812 0.184584
v 0.207905 -0.684058 0.283454
v 0.332143 -0.583338 0.339551
v 0.446854 -0.638434 -0.162475
v 0.261800 -0.954263 -0.273240
v 0.434528 -0.635996 -0.285264
v 0.426196 -0.473709 0.013589
v 0.440449 -0.477719 -0.198490
v 0.441386 -0.354589 -0.028746
v 0.377610 -0.479828 0.258208
v 0.426692 -0.362114 0.075475
v 0.000006 -0.654389 0.795253
v -0.230120 -0.612623 0.844756
v -0.086418 -0.782016 0.741866
v -0.354294 -0.761442 0.813636
v 0.231128 -0.614375 0.849257
v 0.086947 -0.782884 0.742914
v 0.355943 -0.761397 0.813169
v 0.126592 -0.352034 0.883761
v -0.126918 -0.352514 0.886223
v 0.132247 -0.196319 0.905908
v -0.131229 -0.195692 0.905818
v 0.353837 -0.539241 0.800887
v 0.249238 -0.276974 0.848584
v -0.353179 -0.539933 0.802113
v -0.248933 -0.274536 0.848410
v 0.000230 0.170956 0.271770
v -0.090291 0.143243 0.371492
v -0.027001 0.208256 0.161438
v -0.123537 0.164117 0.279635
v 0.090514 0.141979 0.375436
v 0.027901 0.205711 0.162674
v 0.123279 0.162121 0.280375
v 0.069650 0.135229 0.547132
v -0.069785 0.135451 0.546486
v 0.087357 0.115181 0.650375
v -0.087924 0.114993 0.651666
v 0.158527 0.126340 0.375186
v 0.150312 0.107249 0.559399
v -0.160197 0.127181 0.376564
v -0.150430 0.107746 0.559447
v -0.001173 -0.364764 -0.438733
v -0.112898 -0.239152 -0.454009
v -0.053515 -0.458570 -0.392408
v -0.178497 -0.327818 -0.413553
v 0.111154 -0.240071 -0.453823
v 0.054133 -0.461472 -0.391193
v 0.179145 -0.326987 -0.413397
v 0.054491 -0.056901 -0.496695
v -0.055828 -0.056568 -0.495721
v 0.061501 0.010769 -0.561340
v -0.064617 0.011511 -0.559856
v 0.178846 -0.196320 -0.422631
v 0.111365 -0.016496 -0.485086
v -0.178954 -0.196395 -0.422838
v -0.114047 -0.012703 -0.485286
v 0.000189 0.731375 -0.767224
v -0.204776 0.568575 -0.815014
v -0.089908 0.811724 -0.676277
v -0.276152 0.649159 -0.729735
v 0.201690 0.567524 -0.816056
v 0.089999 0.811312 -0.677173
v 0.271604 0.645223 -0.726744
v 0.131617 0.341337 -0.937263
v -0.132867 0.342443 -0.939217
v 0.135811 0.184954 -0.949927
v -0.140711 0.182519 -0.953001
v 0.301909 0.492344 -0.782347
v 0.279572 0.258636 -0.975350
v -0.304308 0.492756 -0.783781
v -0.279286 0.258437 -0.974758
v 0.348531 0.137680 -0.371431
v 0.364928 0.083535 -0.201937
v 0.330319 0.195397 -0.375632
v 0.351700 0.102288 -0.189501
v 0.333273 0.007021 -0.268220
v 0.361897 0.033142 -0.161498
v 0.347229 -0.070309 -0.238794
v 0.368016 -0.021095 -0.115610
v 0.338731 0.076717 -0.409248
v 0.305471 -0.034525 -0.297921
v 0.305248 0.050577 -0.455112
v 0.345230 0.205381 -0.474012
v 0.338968 0.105659 -0.526043
v 0.370534 0.068264 -0.117341
v 0.373303 0.021481 -0.083333
v 0.363671 0.030400 0.286328
v 0.374523 0.031532 0.183064
v 0.358352 0.063732 0.246660
v 0.373350 0.058781 0.143793
v 0.393314 -0.116676 0.347294
v 0.384067 -0.038133 0.201891
v 0.402677 -0.197673 0.346613
v 0.399434 -0.090518 0.183492
v 0.371211 -0.041641 0.404683
v 0.400715 -0.198913 0.444106
v 0.369050 -0.086668 0.508070
v 0.342224 0.048023 0.325769
v 0.346827 -0.015664 0.465270
v 0.376871 0.040996 0.114855
v 0.384538 -0.020450 0.130244
v -0.350501 0.137067 -0.372150
v -0.365689 0.082654 -0.204515
v -0.331449 0.194534 -0.378339
v -0.355542 0.099632 -0.191595
v -0.333279 0.006938 -0.272846
v -0.363377 0.031649 -0.164006
v -0.345060 -0.069341 -0.239577
v -0.369414 -0.024975 -0.120505
v -0.337037 0.079287 -0.409143
v -0.306676 -0.034654 -0.302488
v -0.304574 0.050903 -0.457457
v -0.343221 0.203254 -0.477945
v -0.336627 0.107617 -0.528807
v -0.373249 0.066555 -0.119156
v -0.374802 0.022104 -0.086815
v -0.367954 0.032553 0.289854
v -0.375574 0.038220 0.181005
v -0.362253 0.065949 0.249174
v -0.376930 0.061469 0.145132
v -0.392938 -0.115428 0.346007
v -0.383499 -0.027366 0.196793
v -0.401939 -0.198075 0.348027
v -0.397611 -0.091620 0.182881
v -0.369852 -0.040989 0.402192
v -0.401562 -0.197727 0.444528
v -0.369217 -0.086041 0.507893
v -0.344916 0.048525 0.326884
v -0.344565 -0.017564 0.465559
v -0.379263 0.044715 0.114195
v -0.385262 -0.016812 0.128534
v -0.001284 0.365039 -0.164108
v -0.012940 0.273961 -0.095403
v -0.001113 0.765152 -0.343502
v -0.094002 0.848173 -0.465601
v 0.014273 0.273517 -0.095630
v 0.094090 0.848140 -0.465364
v -0.218643 0.161295 0.192889
v -0.282039 0.122486 0.194955
v -0.258186 0.110862 0.280623
v -0.420287 0.600156 -0.543906
v -0.332552 0.438713 -0.456742
v -0.344504 0.431821 -0.575295
v -0.340680 0.100593 -0.077972
v -0.353052 0.087621 0.010561
v -0.367627 0.069521 -0.012949
v 0.215239 0.163829 0.191090
v 0.279293 0.122976 0.194042
v 0.258937 0.110793 0.279428
v 0.419872 0.601593 -0.539588
v 0.331407 0.439038 -0.456170
v 0.344793 0.433747 -0.573187
v 0.341019 0.100389 -0.078120
v 0.353565 0.088303 0.011558
v 0.365007 0.067771 -0.011515
v -0.001057 -0.685098 0.305927
v -0.063357 -0.723237 0.461846
v 0.002143 -0.607999 -0.203055
v -0.067178 -0.620909 -0.287798
v 0.062825 -0.722474 0.462254
v 0.067056 -0.620418 -0.288952
v -0.383800 -0.557813 0.543778
v -0.398092 -0.412467 0.434204
v -0.398694 -0.428950 0.561819
v -0.339977 -0.362065 -0.347491
v -0.376005 -0.270588 -0.292257
v -0.310212 -0.209616 -0.345396
v -0.417570 -0.132566 -0.010127
v -0.414957 -0.148594 0.072665
v -0.395805 -0.056089 0.029184
v 0.383905 -0.557338 0.539794
v 0.396903 -0.412654 0.433020
v 0.398251 -0.427671 0.558616
v 0.340700 -0.362792 -0.347501
v 0.376916 -0.270126 -0.291258
v 0.313033 -0.209148 -0.346216
v 0.420373 -0.134106 -0.009494
v 0.415990 -0.148217 0.072701
v 0.398049 -0.059828 0.031396
v 0.217773 -0.002523 0.754178
v 0.307957 -0.073402 0.708003
v -0.218439 -0.001778 0.753000
v -0.307327 -0.073271 0.706064
v 0.265666 0.011031 0.631444
v -0.265849 0.010995 0.630726
v 0.191367 0.012467 -0.750098
v 0.230445 0.026251 -0.606056
v -0.194794 0.011254 -0.751392
v -0.231091 0.025180 -0.609183
v 0.302007 0.061887 -0.749588
v -0.301553 0.064116 -0.750520
v -0.138375 0.380604 -0.191409
v -0.138137 0.334098 -0.172704
v -0.155411 0.390090 -0.203097
v -0.162204 0.346363 -0.191514
v -0.153214 0.311594 -0.170599
v 0.135757 0.383286 -0.186684
v 0.134260 0.334290 -0.171094
v 0.153285 0.390371 -0.199327
v 0.159525 0.345231 -0.187570
v 0.148828 0.311272 -0.168646
v -0.356609 -0.686167 -0.002866
v -0.357016 -0.638045 0.031840
v -0.387973 -0.692410 -0.035853
v -0.398123 -0.631788 -0.022445
v -0.381078 -0.610190 0.022597
v 0.355218 -0.681827 -0.000928
v 0.355604 -0.635851 0.034578
v 0.388555 -0.687236 -0.035367
v 0.398030 -0.629489 -0.021141
v 0.379876 -0.607873 0.025826
v -0.031356 -0.566503 0.848932
v 0.035554 -0.566891 0.848772
v 0.001017 -0.480144 0.863942
v 0.054217 -0.515843 0.858782
v -0.050525 -0.515348 0.858389
v -0.013598 0.144147 0.403243
v 0.014406 0.144378 0.403414
v -0.000320 0.141866 0.468659
v 0.022925 0.141388 0.441526
v -0.020623 0.139790 0.443511
v -0.016147 -0.226111 -0.478730
v 0.014372 -0.225186 -0.480679
v -0.001664 -0.154621 -0.488955
v 0.022880 -0.180723 -0.483588
v -0.023490 -0.181271 -0.484413
v -0.029424 0.561834 -0.840887
v 0.028191 0.561935 -0.839859
v 0.000350 0.470201 -0.877132
v 0.047034 0.505195 -0.862267
v -0.048063 0.506224 -0.863114
v 0.359359 0.083508 -0.279021
v 0.354295 0.059129 -0.258366
v 0.351781 0.066968 -0.293883
v 0.356704 0.082225 -0.307560
v 0.362396 0.070550 -0.249183
v 0.373863 0.001073 0.264789
v 0.379017 -0.028166 0.275222
v 0.378791 -0.031249 0.304235
v 0.374330 -0.010862 0.296225
v 0.375854 -0.010216 0.252698
v -0.358445 0.082307 -0.286200
v -0.356215 0.062133 -0.262615
v -0.351785 0.064701 -0.298816
v -0.355054 0.082135 -0.312953
v -0.361383 0.070339 -0.254116
v -0.373079 0.004478 0.263883
v -0.380509 -0.025324 0.272764
v -0.376953 -0.028029 0.302250
v -0.373428 -0.008959 0.294910
v -0.376009 -0.006835 0.250452
v -0.024003 0.580857 -0.215448
v 0.022013 0.575193 -0.213852
v -0.009723 0.544162 -0.201743
v -0.014350 0.627027 -0.238410
v 0.008997 0.536621 -0.200357
v 0.012796 0.627236 -0.237934
v -0.107542 0.248022 0.010162
v -0.095965 0.230169 0.118674
v -0.076329 0.254040 -0.004353
v -0.138345 0.240336 0.080577
v -0.074218 0.244116 0.051415
v -0.132346 0.231754 0.132711
v -0.271845 0.764590 -0.467012
v -0.241492 0.796949 -0.591419
v -0.241199 0.835405 -0.496482
v -0.340014 0.771096 -0.498542
v -0.264376 0.912553 -0.577923
v -0.298172 0.752861 -0.563661
v -0.273296 0.242710 -0.248509
v -0.309649 0.187195 -0.269198
v -0.283590 0.284269 -0.302278
v -0.290544 0.186247 -0.206205
v -0.296874 0.244864 -0.313810
v -0.309641 0.164391 -0.217904
v -0.314927 0.122671 0.069550
v -0.360935 0.087029 0.146955
v -0.315122 0.118782 0.111161
v -0.337565 0.106047 0.071141
v -0.344379 0.100030 0.151536
v -0.358941 0.090067 0.107232
v 0.103605 0.250463 0.008523
v 0.094266 0.229865 0.120993
v 0.074512 0.254054 -0.005678
v 0.071148 0.241775 0.051788
v 0.133580 0.242734 0.076256
v 0.128078 0.232437 0.129329
v 0.273495 0.763374 -0.466418
v 0.241037 0.795922 -0.591192
v 0.241627 0.838713 -0.496798
v 0.263452 0.912106 -0.578180
v 0.341098 0.770860 -0.498725
v 0.298095 0.750800 -0.563352
v 0.272693 0.242333 -0.251113
v 0.305921 0.185637 -0.267283
v 0.285001 0.286349 -0.303000
v 0.292443 0.189231 -0.207858
v 0.298045 0.246644 -0.313839
v 0.308277 0.165798 -0.216552
v 0.309184 0.123347 0.067654
v 0.358137 0.085891 0.145091
v 0.313496 0.116453 0.109765
v 0.335878 0.106042 0.069089
v 0.342745 0.095651 0.150905
v 0.353660 0.089158 0.103926
v -0.055776 -0.673571 0.013663
v 0.059101 -0.674664 0.012035
v -0.026732 -0.671314 0.080790
v -0.030514 -0.656662 -0.049512
v 0.028992 -0.670771 0.080047
v 0.032953 -0.655397 -0.048854
v -0.273123 -0.724498 0.507126
v -0.315621 -0.943333 0.641858
v -0.229292 -0.782806 0.514751
v -0.323767 -0.734733 0.538692
v -0.231058 -0.935443 0.566435
v -0.362408 -0.829001 0.612791
v -0.294402 -0.679369 -0.360044
v -0.199609 -0.517739 -0.371132
v -0.227166 -0.672781 -0.353102
v -0.304470 -0.579271 -0.360360
v -0.185604 -0.585861 -0.358434
v -0.256732 -0.507670 -0.368998
v -0.429185 -0.273297 -0.138187
v -0.399763 -0.147808 -0.159674
v -0.418059 -0.260855 -0.181799
v -0.429965 -0.215322 -0.106492
v -0.402026 -0.193585 -0.190464
v -0.413695 -0.156683 -0.120690
v -0.409718 -0.323670 0.211661
v -0.409352 -0.229033 0.240313
v -0.406613 -0.332866 0.264692
v -0.413547 -0.267486 0.175632
v -0.408063 -0.284157 0.280227
v -0.410945 -0.220541 0.191957
v 0.271231 -0.726030 0.506442
v 0.315256 -0.942853 0.639988
v 0.225162 -0.783028 0.516375
v 0.229895 -0.934973 0.567578
v 0.323972 -0.735108 0.537099
v 0.359779 -0.824902 0.609979
v 0.294211 -0.682487 -0.362335
v 0.199822 -0.518463 -0.371672
v 0.224957 -0.674845 -0.355551
v 0.181873 -0.586595 -0.358928
v 0.303047 -0.581420 -0.361623
v 0.253714 -0.509853 -0.368856
v 0.430308 -0.275087 -0.138381
v 0.399201 -0.148505 -0.157169
v 0.418736 -0.262388 -0.181616
v 0.430888 -0.217875 -0.105760
v 0.402521 -0.197179 -0.189193
v 0.413287 -0.158503 -0.118117
v 0.410702 -0.322446 0.208457
v 0.408613 -0.228136 0.241504
v 0.405669 -0.331445 0.265242
v 0.414759 -0.267969 0.175557
v 0.407544 -0.283949 0.281346
v 0.411946 -0.220312 0.192944
v -0.000009 -0.048362 0.878557
v 0.000018 0.063553 0.774778
v 0.061736 -0.015630 0.847869
v -0.061221 -0.015779 0.847995
v 0.057476 0.039284 0.797922
v -0.056913 0.039579 0.796221
v 0.364410 -0.307756 0.723442
v 0.389478 -0.218955 0.602584
v 0.381551 -0.334429 0.672752
v 0.393501 -0.283152 0.612684
v 0.365567 -0.231706 0.714586
v 0.383587 -0.193800 0.653630
v -0.361237 -0.307325 0.723053
v -0.393559 -0.218170 0.603574
v -0.381798 -0.333909 0.673328
v -0.396070 -0.282699 0.611787
v -0.364971 -0.231484 0.714626
v -0.382395 -0.193729 0.653682
v 0.231627 0.084124 0.459256
v 0.297018 0.050539 0.433191
v 0.249985 0.084668 0.411083
v 0.281354 0.070527 0.400330
v 0.248009 0.065726 0.497339
v 0.280331 0.045764 0.482894
v -0.231150 0.081497 0.458414
v -0.295493 0.048733 0.433029
v -0.247758 0.082931 0.410730
v -0.278913 0.069387 0.399316
v -0.247183 0.065202 0.498472
v -0.279118 0.045713 0.482778
v -0.000171 0.027519 -0.701090
v -0.000386 0.078263 -0.837711
v 0.045045 0.029763 -0.736797
v -0.046044 0.030540 -0.737750
v 0.052477 0.054011 -0.807051
v -0.053480 0.053784 -0.808017
v 0.194510 -0.050470 -0.409317
v 0.247819 -0.016637 -0.385631
v 0.223204 -0.083642 -0.382686
v 0.246672 -0.058248 -0.363625
v 0.199711 -0.011706 -0.434517
v 0.232839 -0.002376 -0.433224
v -0.194560 -0.048762 -0.408747
v -0.248000 -0.015923 -0.389359
v -0.221596 -0.080622 -0.384565
v -0.245071 -0.053712 -0.365266
v -0.200026 -0.010853 -0.437966
v -0.233871 -0.001330 -0.436375
v 0.377585 0.290783 -0.798829
v 0.367253 0.215786 -0.649707
v 0.363549 0.321650 -0.718363
v 0.364801 0.276235 -0.654604
v 0.387800 0.211664 -0.804922
v 0.374607 0.182218 -0.715260
v -0.377298 0.290754 -0.800672
v -0.364566 0.215387 -0.650304
v -0.363048 0.321348 -0.718542
v -0.363644 0.274949 -0.653555
v -0.387883 0.211143 -0.805755
v -0.376332 0.184466 -0.714880
v 0.381581 0.037955 -0.020153
v 0.382874 0.030955 0.051965
v 0.379821 0.044009 -0.008687
v 0.380033 0.041611 0.027144
v 0.383492 0.022649 0.003884
v 0.383871 0.016707 0.038645
v -0.383679 0.040474 -0.024038
v -0.383669 0.030828 0.051481
v -0.382963 0.047866 -0.008656
v -0.382770 0.044276 0.026648
v -0.384642 0.024643 0.001094
v -0.386869 0.018210 0.036119
v -0.109817 0.463519 -0.191315
v -0.070104 0.538351 -0.197004
v -0.091310 0.441387 -0.169994
v -0.111943 0.524657 -0.217769
v -0.073587 0.475356 -0.174674
v -0.091985 0.563113 -0.222302
v -0.116448 0.291324 -0.139288
v -0.106804 0.259799 -0.083864
v -0.094969 0.316876 -0.148522
v -0.138231 0.253727 -0.097721
v -0.085216 0.293369 -0.130729
v -0.136100 0.244676 -0.065028
v -0.184002 0.501428 -0.261056
v -0.234579 0.633292 -0.353353
v -0.168351 0.553854 -0.274321
v -0.216693 0.512109 -0.281383
v -0.186708 0.619356 -0.319968
v -0.249198 0.577186 -0.327811
v -0.198861 0.323768 -0.204860
v -0.234456 0.289645 -0.224934
v -0.218787 0.378472 -0.236555
v -0.210894 0.264554 -0.176641
v -0.238460 0.365161 -0.251764
v -0.230603 0.250072 -0.182381
v -0.190654 0.235157 -0.107684
v -0.252138 0.172525 -0.018124
v -0.192672 0.219719 -0.072361
v -0.215663 0.218646 -0.101210
v -0.223242 0.190793 -0.024992
v -0.246584 0.187173 -0.059148
v 0.106152 0.460053 -0.192974
v 0.067671 0.533982 -0.193345
v 0.088371 0.437048 -0.174022
v 0.109552 0.523770 -0.216341
v 0.068824 0.472618 -0.172217
v 0.086915 0.562325 -0.216174
v 0.112169 0.292429 -0.138173
v 0.103383 0.261054 -0.084442
v 0.092425 0.318392 -0.147890
v 0.132703 0.255955 -0.099097
v 0.082983 0.293036 -0.131649
v 0.132397 0.245723 -0.063186
v 0.183161 0.502138 -0.256208
v 0.236167 0.631563 -0.350302
v 0.167181 0.555266 -0.269934
v 0.220591 0.510208 -0.276714
v 0.187151 0.618808 -0.318085
v 0.254010 0.577137 -0.327993
v 0.197672 0.322509 -0.203925
v 0.234289 0.291169 -0.226923
v 0.219907 0.379901 -0.233302
v 0.208010 0.268358 -0.177144
v 0.238277 0.365708 -0.255218
v 0.229321 0.251979 -0.184023
v 0.187353 0.237320 -0.106150
v 0.246796 0.175646 -0.019017
v 0.188597 0.222308 -0.071662
v 0.212892 0.222488 -0.100111
v 0.217780 0.191815 -0.024492
v 0.242277 0.190887 -0.058929
v -0.269376 -0.744914 0.005773
v -0.161958 -0.723453 0.008927
v -0.235198 -0.682292 0.041736
v -0.247396 -0.828203 -0.028996
v -0.186328 -0.687585 0.052086
v -0.181561 -0.801009 -0.041294
v -0.311208 -0.627344 0.155831
v -0.277904 -0.651463 0.328571
v -0.272870 -0.655852 0.173420
v -0.327128 -0.599907 0.210208
v -0.252354 -0.682549 0.261427
v -0.313634 -0.612510 0.294066
v -0.425015 -0.815808 -0.143568
v -0.396081 -0.834108 -0.307904
v -0.379409 -0.925186 -0.154299
v -0.444515 -0.738993 -0.196026
v -0.351563 -0.933352 -0.256405
v -0.435844 -0.742681 -0.267781
v -0.432731 -0.543677 -0.073086
v -0.445440 -0.414420 -0.112680
v -0.442198 -0.555456 -0.126826
v -0.436268 -0.477290 -0.041001
v -0.446043 -0.482662 -0.148052
v -0.443152 -0.416286 -0.061990
v -0.393254 -0.517916 0.093179
v -0.404669 -0.421400 0.158880
v -0.379745 -0.517312 0.155480
v -0.415013 -0.469770 0.066539
v -0.391749 -0.474020 0.189440
v -0.416949 -0.417709 0.099089
v 0.271831 -0.742996 0.008619
v 0.163760 -0.722914 0.005096
v 0.237116 -0.679794 0.041417
v 0.246598 -0.837370 -0.019960
v 0.187947 -0.687339 0.052325
v 0.184196 -0.802230 -0.041417
v 0.309908 -0.629096 0.158543
v 0.273631 -0.651252 0.332049
v 0.271333 -0.657033 0.175990
v 0.326268 -0.600704 0.214309
v 0.249255 -0.683057 0.265578
v 0.309286 -0.613759 0.295776
v 0.426368 -0.810282 -0.145318
v 0.395339 -0.833870 -0.308969
v 0.381966 -0.921902 -0.157707
v 0.445125 -0.735328 -0.196577
v 0.353571 -0.931961 -0.257191
v 0.436294 -0.741374 -0.267983
v 0.435607 -0.544094 -0.073039
v 0.444768 -0.415476 -0.112071
v 0.442456 -0.555128 -0.128017
v 0.434500 -0.477494 -0.040772
v 0.444965 -0.483880 -0.148100
v 0.442306 -0.415962 -0.060731
v 0.394377 -0.516427 0.094741
v 0.406133 -0.420102 0.158820
v 0.380134 -0.516793 0.156081
v 0.411993 -0.469365 0.069870
v 0.387437 -0.471973 0.190451
v 0.416910 -0.417453 0.100510
v -0.124502 -0.674429 0.837313
v -0.230087 -0.911086 0.829457
v -0.092293 -0.700004 0.812380
v -0.211326 -0.698374 0.846738
v -0.129223 -0.802746 0.815320
v -0.276529 -0.813467 0.851178
v 0.127995 -0.676884 0.838210
v 0.230155 -0.913928 0.827057
v 0.093627 -0.702441 0.813801
v 0.214080 -0.702050 0.849426
v 0.131341 -0.806696 0.815285
v 0.277954 -0.817036 0.850674
v 0.000006 -0.348530 0.901529
v 0.000256 -0.206327 1.003122
v 0.064360 -0.311665 0.906507
v -0.065012 -0.312708 0.908438
v 0.067147 -0.236191 0.933825
v -0.068174 -0.236863 0.933601
v 0.181860 -0.473551 0.855904
v 0.297555 -0.403035 0.818681
v 0.239715 -0.526702 0.845347
v 0.187515 -0.395867 0.865389
v 0.303126 -0.492153 0.825401
v 0.245856 -0.357932 0.846252
v -0.179105 -0.471786 0.856583
v -0.297848 -0.402505 0.819628
v -0.238408 -0.527499 0.845369
v -0.185524 -0.395990 0.865451
v -0.301012 -0.492376 0.826876
v -0.246730 -0.358798 0.846569
v -0.045135 0.158282 0.320903
v -0.073940 0.188084 0.224071
v -0.029201 0.171869 0.272275
v -0.076227 0.154530 0.325864
v -0.043541 0.189055 0.218766
v -0.093071 0.167079 0.276277
v 0.044752 0.158972 0.321656
v 0.071829 0.186282 0.224211
v 0.029836 0.174446 0.271120
v 0.075679 0.155168 0.326233
v 0.043848 0.189825 0.221417
v 0.090098 0.167988 0.277914
v 0.000903 0.140952 0.559037
v 0.000263 0.121068 0.663355
v 0.038098 0.136463 0.580051
v -0.037410 0.138025 0.582913
v 0.042070 0.125892 0.631905
v -0.041662 0.124973 0.634696
v 0.085925 0.133731 0.461646
v 0.156156 0.115250 0.467030
v 0.105619 0.132711 0.421612
v 0.097587 0.130250 0.508160
v 0.140388 0.123598 0.424470
v 0.133523 0.118373 0.511414
v -0.084384 0.135186 0.459932
v -0.156973 0.113842 0.468224
v -0.104026 0.134531 0.417754
v -0.097054 0.131578 0.511154
v -0.141865 0.127618 0.421685
v -0.135324 0.117523 0.511900
v -0.065597 -0.311982 -0.459073
v -0.124331 -0.403932 -0.408858
v -0.047656 -0.361819 -0.438347
v -0.106573 -0.299108 -0.448262
v -0.076499 -0.408778 -0.415571
v -0.137803 -0.345766 -0.425345
v 0.064590 -0.313038 -0.458904
v 0.125441 -0.405367 -0.409779
v 0.046696 -0.364496 -0.438062
v 0.107350 -0.301220 -0.452695
v 0.075921 -0.409156 -0.412780
v 0.137144 -0.344949 -0.425966
v -0.001556 -0.056121 -0.506625
v -0.000254 0.014730 -0.571052
v 0.024647 -0.027375 -0.511032
v -0.029207 -0.029317 -0.511921
v 0.029558 0.006303 -0.544448
v -0.030429 0.006440 -0.542828
v 0.081965 -0.142602 -0.471677
v 0.139638 -0.096536 -0.444266
v 0.112256 -0.181210 -0.456244
v 0.081082 -0.088294 -0.479448
v 0.143487 -0.156825 -0.440104
v 0.109602 -0.064539 -0.467420
v -0.083357 -0.143402 -0.471670
v -0.141293 -0.097636 -0.443907
v -0.111932 -0.180642 -0.455881
v -0.082901 -0.087943 -0.478261
v -0.144223 -0.158278 -0.438607
v -0.111848 -0.063894 -0.465746
v -0.111763 0.660459 -0.792215
v -0.198122 0.755087 -0.717424
v -0.081738 0.724482 -0.763854
v -0.184368 0.643169 -0.787744
v -0.126140 0.770860 -0.725096
v -0.232016 0.694456 -0.755772
v 0.111050 0.661045 -0.792123
v 0.199925 0.753791 -0.718419
v 0.079501 0.723793 -0.765338
v 0.185919 0.645026 -0.788159
v 0.125941 0.771132 -0.726047
v 0.230828 0.692421 -0.754728
v -0.001236 0.338896 -0.928147
v -0.000525 0.194261 -0.927280
v 0.067250 0.302324 -0.939265
v -0.068870 0.302251 -0.938226
v 0.069473 0.226993 -0.940970
v -0.071229 0.229431 -0.940903
v 0.172574 0.451510 -0.877649
v 0.297617 0.377207 -0.875249
v 0.218898 0.493843 -0.843689
v 0.189252 0.380073 -0.921630
v 0.275685 0.454787 -0.837001
v 0.259638 0.341044 -0.931771
v -0.173198 0.451216 -0.878211
v -0.297744 0.379085 -0.876133
v -0.219868 0.494268 -0.844703
v -0.192141 0.380369 -0.922896
v -0.276402 0.456158 -0.835905
v -0.262997 0.340659 -0.932720
v 0.356371 0.108931 -0.283573
v 0.336591 0.141498 -0.279004
v 0.350305 0.134414 -0.328051
v 0.357158 0.102672 -0.241972
v 0.337924 0.154488 -0.327750
v 0.349481 0.114935 -0.235853
v 0.349944 0.021096 -0.211263
v 0.361182 -0.047538 -0.177092
v 0.343962 -0.003028 -0.229305
v 0.356094 0.015654 -0.173984
v 0.349955 -0.039316 -0.214325
v 0.360314 -0.017087 -0.156497
v 0.332806 0.043167 -0.332662
v 0.297757 0.014295 -0.366430
v 0.324557 0.017371 -0.307566
v 0.327012 0.053046 -0.379286
v 0.308060 0.001196 -0.322227
v 0.311339 0.038424 -0.399642
v 0.350494 0.113788 -0.396569
v 0.352776 0.159559 -0.511310
v 0.351165 0.138184 -0.410384
v 0.345070 0.103980 -0.431808
v 0.350046 0.165221 -0.466746
v 0.346893 0.120946 -0.490293
v 0.368052 0.062344 -0.176387
v 0.376296 0.047431 -0.097791
v 0.370311 0.072564 -0.165926
v 0.369001 0.048896 -0.147196
v 0.372640 0.062251 -0.129560
v 0.373056 0.038278 -0.110650
v 0.371719 0.031613 0.233575
v 0.371005 0.059554 0.195638
v 0.368579 0.040754 0.250873
v 0.372846 0.040323 0.199218
v 0.368029 0.056071 0.231099
v 0.372454 0.051849 0.179337
v 0.390922 -0.076142 0.268825
v 0.399821 -0.144834 0.256858
v 0.394380 -0.111362 0.305562
v 0.389920 -0.069926 0.231077
v 0.400885 -0.150906 0.302734
v 0.396106 -0.100370 0.225375
v 0.384378 -0.079545 0.380402
v 0.390886 -0.143647 0.484558
v 0.390589 -0.115137 0.388737
v 0.381418 -0.074260 0.418177
v 0.394812 -0.152844 0.439953
v 0.382803 -0.100850 0.469671
v 0.367661 -0.000684 0.342844
v 0.342390 0.017973 0.392080
v 0.361088 0.018945 0.327353
v 0.365827 -0.013139 0.387342
v 0.353578 0.029751 0.348738
v 0.352986 -0.005194 0.415710
v 0.376932 0.004077 0.189557
v 0.379493 0.020291 0.119967
v 0.375918 0.021377 0.167609
v 0.380223 -0.009173 0.175376
v 0.378004 0.028024 0.134830
v 0.380921 -0.001234 0.142225
v -0.357145 0.109593 -0.285900
v -0.339059 0.141330 -0.280497
v -0.348006 0.132680 -0.328417
v -0.358081 0.100741 -0.242287
v -0.338276 0.154830 -0.328725
v -0.349925 0.114540 -0.237828
v -0.349139 0.019540 -0.215208
v -0.362457 -0.050393 -0.180737
v -0.339242 0.000831 -0.233854
v -0.355262 0.013574 -0.177354
v -0.348264 -0.037521 -0.217268
v -0.361001 -0.019416 -0.159385
v -0.331758 0.042165 -0.335597
v -0.297932 0.011791 -0.368369
v -0.323677 0.016804 -0.311626
v -0.325890 0.052475 -0.382576
v -0.308376 0.001730 -0.324864
v -0.310470 0.041024 -0.401862
v -0.351083 0.112232 -0.399881
v -0.351160 0.156931 -0.515192
v -0.352301 0.137999 -0.414253
v -0.342872 0.103931 -0.434618
v -0.348911 0.167242 -0.468469
v -0.346534 0.122473 -0.493936
v -0.370735 0.061780 -0.176923
v -0.378601 0.050623 -0.101285
v -0.371127 0.069700 -0.170377
v -0.369367 0.046324 -0.150526
v -0.374758 0.061684 -0.129555
v -0.376016 0.041997 -0.111168
v -0.373595 0.038416 0.233667
v -0.372019 0.063413 0.194580
v -0.369957 0.042704 0.252483
v -0.374365 0.045676 0.198988
v -0.370330 0.058038 0.232366
v -0.374947 0.056848 0.179087
v -0.389251 -0.073299 0.267090
v -0.400363 -0.141972 0.257912
v -0.393280 -0.113496 0.306212
v -0.388225 -0.066668 0.227662
v -0.398723 -0.150998 0.303499
v -0.396131 -0.099648 0.222755
v -0.382383 -0.079025 0.378262
v -0.388686 -0.142656 0.481849
v -0.390050 -0.116482 0.389532
v -0.377613 -0.072133 0.417319
v -0.394546 -0.153351 0.438899
v -0.381291 -0.100316 0.468919
v -0.368647 0.004195 0.342723
v -0.343487 0.019394 0.394112
v -0.363514 0.021846 0.326590
v -0.364513 -0.013926 0.388446
v -0.352657 0.030048 0.351392
v -0.352617 -0.003413 0.415298
v -0.377541 0.009288 0.188072
v -0.381562 0.023920 0.119520
v -0.376976 0.029520 0.167472
v -0.379940 -0.006411 0.175163
v -0.379705 0.034249 0.135085
v -0.382357 -0.000410 0.140956
v -0.024016 0.412159 -0.172554
v -0.034243 0.297727 -0.133040
v -0.042461 0.393807 -0.164942
v -0.044516 0.334087 -0.150893
v -0.014656 0.361029 -0.162196
v -0.017937 0.305533 -0.141059
v -0.059601 0.702886 -0.305715
v -0.144892 0.781036 -0.397291
v -0.094652 0.677257 -0.303231
v -0.132997 0.708496 -0.345230
v -0.052744 0.756106 -0.350685
v -0.097771 0.800695 -0.404980
v 0.022082 0.411914 -0.171913
v 0.032637 0.295771 -0.132050
v 0.039199 0.393445 -0.165180
v 0.043498 0.333828 -0.149219
v 0.012318 0.360588 -0.161805
v 0.016870 0.305044 -0.140694
v 0.059142 0.702617 -0.304513
v 0.144288 0.780581 -0.399371
v 0.095711 0.677703 -0.300734
v 0.131526 0.707310 -0.343895
v 0.051349 0.756621 -0.351520
v 0.097062 0.797279 -0.404318
v -0.196838 0.197011 0.094005
v -0.257529 0.152284 0.104419
v -0.197339 0.198110 0.047238
v -0.228151 0.177391 0.054620
v -0.225732 0.168299 0.145992
v -0.254174 0.147549 0.149563
v -0.022311 0.239970 0.035485
v 0.021948 0.241905 0.034533
v -0.013318 0.224061 0.099115
v 0.012393 0.224268 0.098406
v -0.010209 0.257241 -0.031241
v 0.008890 0.256304 -0.033283
v -0.172811 0.169574 0.236980
v -0.211578 0.116554 0.331023
v -0.159144 0.151929 0.283875
v -0.177654 0.132174 0.330667
v -0.206767 0.150970 0.236062
v -0.226417 0.124526 0.283471
v -0.551086 0.703795 -0.416826
v -0.295076 0.479327 -0.379225
v -0.371279 0.593747 -0.376718
v -0.296251 0.509014 -0.354135
v -0.499890 0.606408 -0.446855
v -0.341918 0.520717 -0.438814
v -0.115593 0.873329 -0.568150
v 0.117369 0.873699 -0.567707
v -0.050510 0.842312 -0.624234
v 0.051072 0.841921 -0.622867
v -0.066902 0.852625 -0.519753
v 0.067123 0.852983 -0.518909
v -0.340563 0.625928 -0.636106
v -0.336949 0.469692 -0.680478
v -0.310199 0.598800 -0.695441
v -0.318848 0.521863 -0.720683
v -0.366445 0.574872 -0.600153
v -0.345917 0.493009 -0.618972
v -0.304008 0.146711 -0.109024
v -0.320258 0.120993 -0.016024
v -0.284040 0.168701 -0.102435
v -0.292353 0.149157 -0.054109
v -0.327161 0.114812 -0.069382
v -0.335247 0.107640 -0.023320
v -0.323850 0.292282 -0.419087
v -0.342939 0.302713 -0.533349
v -0.329942 0.242991 -0.426224
v -0.337021 0.246735 -0.478553
v -0.332835 0.365254 -0.466187
v -0.341414 0.367566 -0.525146
v -0.347531 0.100189 -0.134447
v -0.370981 0.067434 -0.065957
v -0.356503 0.089703 -0.145251
v -0.366788 0.074840 -0.110213
v -0.354054 0.085366 -0.087829
v -0.364084 0.073376 -0.055627
v -0.328569 0.090235 0.227868
v -0.308402 0.075924 0.309403
v -0.344977 0.073410 0.260777
v -0.336857 0.062798 0.301387
v -0.300276 0.101857 0.234255
v -0.289921 0.096496 0.273231
v -0.369343 0.073249 0.080651
v -0.377578 0.058094 0.053690
v -0.375447 0.063632 0.108171
v -0.376596 0.056933 0.090544
v -0.365911 0.073414 0.041006
v -0.372216 0.065867 0.029230
v 0.196457 0.198451 0.095807
v 0.253209 0.154282 0.104314
v 0.193103 0.199788 0.046430
v 0.222634 0.179024 0.054726
v 0.222404 0.170084 0.146429
v 0.252881 0.148564 0.147909
v 0.171590 0.169266 0.237608
v 0.212176 0.119261 0.327953
v 0.156373 0.152512 0.282817
v 0.176384 0.130608 0.330496
v 0.204146 0.153040 0.236848
v 0.224405 0.129378 0.281650
v 0.550192 0.703651 -0.415170
v 0.294615 0.481256 -0.384577
v 0.370733 0.593901 -0.377391
v 0.295889 0.507617 -0.358447
v 0.501119 0.607464 -0.448216
v 0.341012 0.522286 -0.438108
v 0.339677 0.627017 -0.635192
v 0.336305 0.471090 -0.680784
v 0.310259 0.599108 -0.696392
v 0.319435 0.521151 -0.721887
v 0.365378 0.576581 -0.601087
v 0.345130 0.495880 -0.619874
v 0.301421 0.150507 -0.111631
v 0.319529 0.122908 -0.017221
v 0.281819 0.168986 -0.103670
v 0.290767 0.153535 -0.061458
v 0.328385 0.114555 -0.068858
v 0.333669 0.106033 -0.024330
v 0.324063 0.294705 -0.418857
v 0.342692 0.302819 -0.530349
v 0.329098 0.243165 -0.425898
v 0.338272 0.251379 -0.477819
v 0.332013 0.365724 -0.466489
v 0.340666 0.368834 -0.524421
v 0.348419 0.096160 -0.131848
v 0.369733 0.066460 -0.064357
v 0.357467 0.086853 -0.143045
v 0.365878 0.074128 -0.107716
v 0.349869 0.088575 -0.088160
v 0.362328 0.072552 -0.052875
v 0.333604 0.088308 0.230678
v 0.306109 0.080152 0.308902
v 0.343557 0.072224 0.260033
v 0.334084 0.065934 0.300045
v 0.305394 0.102636 0.236444
v 0.289502 0.098683 0.276271
v 0.368308 0.071098 0.080067
v 0.374671 0.054696 0.054638
v 0.372743 0.059704 0.104260
v 0.374792 0.052148 0.092310
v 0.365075 0.072550 0.042121
v 0.370894 0.062600 0.026909
v -0.081969 -0.678868 0.223941
v -0.142771 -0.696457 0.382795
v -0.134866 -0.681101 0.215252
v -0.162257 -0.686231 0.294120
v -0.057395 -0.683264 0.304517
v -0.087725 -0.699616 0.383952
v -0.093052 -0.694380 -0.165711
v -0.147898 -0.767638 -0.290287
v -0.134557 -0.805828 -0.177932
v -0.139348 -0.888230 -0.261748
v -0.073124 -0.642413 -0.209811
v -0.097033 -0.673662 -0.258869
v 0.083181 -0.678366 0.223246
v 0.138735 -0.697882 0.384218
v 0.134910 -0.681178 0.218273
v 0.160597 -0.684767 0.295156
v 0.055375 -0.687618 0.305099
v 0.085251 -0.699898 0.385167
v 0.095948 -0.697011 -0.168868
v 0.147632 -0.769978 -0.291520
v 0.123840 -0.814590 -0.181950
v 0.145871 -0.889287 -0.263699
v 0.074570 -0.642235 -0.211674
v 0.097798 -0.673905 -0.263585
v -0.357535 -0.575487 0.451696
v -0.388275 -0.446656 0.352749
v -0.358030 -0.549765 0.373666
v -0.375232 -0.492527 0.327254
v -0.376697 -0.534804 0.471973
v -0.387544 -0.462919 0.420204
v -0.085028 -0.778642 0.608351
v 0.084766 -0.778785 0.609207
v -0.054052 -0.717478 0.671136
v 0.053223 -0.718098 0.669947
v -0.035802 -0.739913 0.534352
v 0.034522 -0.739275 0.536069
v -0.396045 -0.674651 0.679523
v -0.390167 -0.495880 0.686675
v -0.390234 -0.676704 0.756133
v -0.386241 -0.575773 0.754455
v -0.393248 -0.577238 0.615707
v -0.398664 -0.501741 0.623467
v -0.395569 -0.497879 -0.326589
v -0.417074 -0.376650 -0.254095
v -0.424196 -0.531787 -0.290474
v -0.432755 -0.461915 -0.250919
v -0.381268 -0.402989 -0.323812
v -0.395046 -0.349172 -0.292023
v -0.062013 -0.552395 -0.343444
v 0.061013 -0.553930 -0.345980
v -0.029768 -0.507071 -0.366682
v 0.029114 -0.505060 -0.367381
v -0.033462 -0.585279 -0.316264
v 0.031567 -0.585306 -0.317416
v -0.259408 -0.349680 -0.381091
v -0.246830 -0.207322 -0.385022
v -0.218892 -0.305563 -0.401033
v -0.215801 -0.234698 -0.403501
v -0.296976 -0.319141 -0.366316
v -0.287102 -0.244558 -0.368612
v -0.441073 -0.232313 -0.017177
v -0.427506 -0.250442 0.075575
v -0.439526 -0.296496 0.002572
v -0.432082 -0.303848 0.049380
v -0.428318 -0.187553 0.007181
v -0.425976 -0.194759 0.051243
v -0.362872 -0.158878 -0.261345
v -0.304976 -0.112771 -0.317223
v -0.341336 -0.100988 -0.263108
v -0.315762 -0.080826 -0.291960
v -0.358742 -0.199271 -0.293539
v -0.326452 -0.173336 -0.318689
v -0.394562 -0.074098 -0.067597
v -0.383656 -0.012413 -0.025091
v -0.379115 -0.033169 -0.083849
v -0.379253 -0.008218 -0.064791
v -0.400629 -0.082291 -0.028600
v -0.393178 -0.049049 -0.009550
v -0.404912 -0.298723 0.390706
v -0.404538 -0.302260 0.503420
v -0.406134 -0.247996 0.394180
v -0.405021 -0.247166 0.448197
v -0.402620 -0.356298 0.442100
v -0.402411 -0.362322 0.501557
v -0.403723 -0.118546 0.130360
v -0.390780 -0.033933 0.079759
v -0.398438 -0.081349 0.144120
v -0.390110 -0.041634 0.117003
v -0.405087 -0.107072 0.088136
v -0.397629 -0.064710 0.069127
v 0.356649 -0.578697 0.447513
v 0.385210 -0.448807 0.351232
v 0.354860 -0.551664 0.373582
v 0.374417 -0.494571 0.327504
v 0.375864 -0.532769 0.468711
v 0.386020 -0.464840 0.418213
v 0.394112 -0.672253 0.675846
v 0.393293 -0.497124 0.686279
v 0.391888 -0.675936 0.753388
v 0.386507 -0.573133 0.754501
v 0.392551 -0.575756 0.613650
v 0.396986 -0.502446 0.621328
v 0.394598 -0.499888 -0.327547
v 0.422932 -0.377262 -0.255029
v 0.425243 -0.534408 -0.290594
v 0.431108 -0.462618 -0.247682
v 0.381497 -0.405552 -0.323764
v 0.394631 -0.351479 -0.292254
v 0.260606 -0.352726 -0.379983
v 0.243432 -0.208151 -0.385472
v 0.218495 -0.305335 -0.398983
v 0.213815 -0.235691 -0.403615
v 0.296629 -0.321020 -0.365205
v 0.287167 -0.244346 -0.366576
v 0.442984 -0.235141 -0.016965
v 0.427989 -0.252080 0.076995
v 0.440337 -0.297687 0.001578
v 0.434291 -0.303736 0.049981
v 0.431082 -0.187427 0.009233
v 0.425695 -0.195652 0.052456
v 0.363940 -0.158096 -0.258859
v 0.308173 -0.112558 -0.314937
v 0.343647 -0.103130 -0.262915
v 0.318499 -0.082932 -0.290095
v 0.358193 -0.198380 -0.289021
v 0.328058 -0.173560 -0.317486
v 0.394778 -0.072270 -0.063990
v 0.386262 -0.016399 -0.023890
v 0.379985 -0.031804 -0.079453
v 0.376984 -0.005641 -0.060197
v 0.403751 -0.084685 -0.024941
v 0.394182 -0.050590 -0.006398
v 0.404837 -0.300001 0.389436
v 0.402161 -0.301581 0.502088
v 0.406625 -0.247666 0.394779
v 0.405539 -0.249653 0.447220
v 0.401313 -0.356519 0.440914
v 0.400928 -0.362711 0.500909
v 0.406165 -0.117506 0.131673
v 0.392265 -0.036779 0.083145
v 0.397649 -0.081488 0.144820
v 0.389803 -0.037781 0.119438
v 0.407998 -0.107809 0.091277
v 0.399072 -0.062601 0.067884
v 0.186409 -0.085974 0.845098
v 0.296392 -0.160310 0.795935
v 0.193815 -0.158237 0.871859
v 0.251637 -0.195819 0.846181
v 0.232747 -0.057082 0.794568
v 0.283033 -0.094389 0.770117
v -0.186158 -0.084835 0.844721
v -0.295068 -0.159354 0.796006
v -0.194222 -0.156263 0.872777
v -0.251188 -0.193909 0.845570
v -0.232250 -0.055851 0.793124
v -0.282957 -0.093406 0.770027
v 0.150588 0.068932 0.709324
v 0.205418 0.067212 0.601058
v 0.135738 0.094543 0.658609
v 0.164941 0.089951 0.607471
v 0.200965 0.040926 0.706749
v 0.226486 0.041034 0.647614
v -0.149244 0.069177 0.710846
v -0.208194 0.067250 0.603838
v -0.135812 0.095594 0.659736
v -0.164537 0.089109 0.607550
v -0.200536 0.040539 0.707400
v -0.227305 0.040635 0.649054
v 0.348645 -0.087057 0.605684
v 0.312407 -0.008277 0.547706
v 0.355573 -0.065846 0.543900
v 0.339807 -0.030493 0.518035
v 0.322693 -0.056412 0.641969
v 0.301711 -0.016574 0.607735
v -0.348592 -0.085968 0.607528
v -0.312651 -0.008808 0.547277
v -0.352123 -0.066562 0.545059
v -0.340477 -0.030573 0.520572
v -0.323951 -0.055762 0.643787
v -0.301143 -0.017843 0.608498
v 0.115457 0.004796 -0.647778
v 0.163742 0.006689 -0.541004
v 0.099107 0.011775 -0.575977
v 0.123518 0.006158 -0.530089
v 0.164522 0.005941 -0.667858
v 0.187189 0.013551 -0.605143
v -0.116799 0.004274 -0.649108
v -0.166312 0.006897 -0.541351
v -0.103471 0.009904 -0.580382
v -0.127604 0.005780 -0.532559
v -0.165202 0.006989 -0.669188
v -0.188550 0.015044 -0.605849
v 0.181813 0.057324 -0.896911
v 0.322619 0.125223 -0.902522
v 0.203128 0.129366 -0.961340
v 0.274430 0.167408 -0.962451
v 0.225319 0.036494 -0.834344
v 0.293733 0.065817 -0.840587
v -0.183892 0.058641 -0.898335
v -0.322299 0.125813 -0.903848
v -0.206121 0.129538 -0.960779
v -0.276507 0.168023 -0.962105
v -0.226785 0.037840 -0.836736
v -0.292834 0.065324 -0.842454
v 0.273229 0.043912 -0.530607
v 0.325926 0.094890 -0.636669
v 0.300710 0.060381 -0.514662
v 0.323416 0.084958 -0.559294
v 0.268151 0.044614 -0.601101
v 0.299530 0.068020 -0.660382
v -0.275744 0.042159 -0.533331
v -0.327702 0.094193 -0.636188
v -0.302141 0.058348 -0.517127
v -0.322273 0.088523 -0.559148
v -0.269758 0.042127 -0.601549
v -0.300334 0.065861 -0.665337
v -0.123456 0.364917 -0.176094
v -0.143699 0.434543 -0.209519
v -0.108118 0.402287 -0.175150
v -0.129692 0.479224 -0.215121
v -0.145544 0.288631 -0.150667
v -0.109306 0.342451 -0.162386
v -0.141069 0.270313 -0.127535
v -0.173556 0.389436 -0.213875
v -0.153231 0.492837 -0.238691
v -0.191392 0.445285 -0.243623
v -0.170092 0.297660 -0.171556
v -0.196501 0.385761 -0.224914
v -0.190712 0.281532 -0.173520
v -0.165923 0.253420 -0.115406
v -0.189625 0.255675 -0.140344
v 0.118893 0.364704 -0.174851
v 0.141686 0.436156 -0.207318
v 0.104057 0.400820 -0.175092
v 0.125836 0.479532 -0.213165
v 0.141486 0.287078 -0.147916
v 0.105671 0.342056 -0.160196
v 0.136492 0.270345 -0.125011
v 0.172439 0.391291 -0.210040
v 0.154206 0.494142 -0.233985
v 0.194556 0.446822 -0.237200
v 0.167778 0.295802 -0.169359
v 0.198540 0.386611 -0.218517
v 0.186524 0.281569 -0.172396
v 0.161526 0.251901 -0.113323
v 0.186067 0.255588 -0.139906
v -0.323295 -0.660960 0.032678
v -0.366680 -0.754168 -0.034798
v -0.279895 -0.674034 0.035509
v -0.322710 -0.817721 -0.017268
v -0.364685 -0.598155 0.072588
v -0.297377 -0.650364 0.095539
v -0.343572 -0.595897 0.136904
v -0.415526 -0.665840 -0.069377
v -0.383924 -0.849754 -0.073990
v -0.434523 -0.708956 -0.126934
v -0.404215 -0.576267 0.003938
v -0.434574 -0.618567 -0.100850
v -0.423120 -0.532047 -0.019951
v -0.370010 -0.559083 0.116379
v -0.407945 -0.522978 0.034694
v 0.325969 -0.654722 0.033237
v 0.367189 -0.749885 -0.035692
v 0.285747 -0.670912 0.035083
v 0.324541 -0.812412 -0.020594
v 0.360821 -0.598327 0.076383
v 0.296437 -0.647793 0.098744
v 0.343624 -0.595547 0.140419
v 0.415318 -0.663702 -0.069262
v 0.386387 -0.845519 -0.072690
v 0.433480 -0.706130 -0.126894
v 0.404218 -0.575342 0.004556
v 0.433471 -0.616626 -0.101270
v 0.422053 -0.529987 -0.017448
v 0.371194 -0.558419 0.118722
v 0.408943 -0.521888 0.036166
v 0.001168 -0.608484 0.838285
v -0.099490 -0.559066 0.851198
v -0.043468 -0.648888 0.825802
v -0.152086 -0.617319 0.846156
v 0.101531 -0.561559 0.852270
v 0.044755 -0.649644 0.826402
v 0.154383 -0.620220 0.845524
v 0.059273 -0.453694 0.869977
v -0.056105 -0.453941 0.869661
v 0.062046 -0.387019 0.886821
v -0.060297 -0.386115 0.887765
v 0.171331 -0.549727 0.852949
v 0.122718 -0.426871 0.868969
v -0.168533 -0.548110 0.852182
v -0.121904 -0.425582 0.872532
v 0.000315 0.149094 0.363035
v -0.040138 0.141045 0.407090
v -0.014632 0.158475 0.320735
v -0.058672 0.144981 0.366740
v 0.041493 0.141316 0.408706
v 0.014266 0.159555 0.318506
v 0.059040 0.146152 0.370078
v 0.029379 0.141057 0.486198
v -0.024733 0.141220 0.485004
v 0.033371 0.139915 0.531881
v -0.032324 0.138462 0.531420
v 0.072116 0.137815 0.417169
v 0.060637 0.136185 0.498831
v -0.072017 0.139126 0.411661
v -0.060427 0.137082 0.499100
v -0.001213 -0.270165 -0.472556
v -0.048606 -0.215899 -0.476661
v -0.023005 -0.317345 -0.460572
v -0.076885 -0.256824 -0.466824
v 0.046764 -0.215274 -0.475798
v 0.021164 -0.316139 -0.458276
v 0.075582 -0.255856 -0.465755
v 0.026535 -0.132530 -0.488089
v -0.026649 -0.132040 -0.487939
v 0.025172 -0.077450 -0.497940
v -0.029515 -0.077705 -0.495574
v 0.080710 -0.201174 -0.469429
v 0.052870 -0.110627 -0.484031
v -0.081727 -0.200412 -0.469454
v -0.055195 -0.108952 -0.486367
v -0.000692 0.615927 -0.818924
v -0.091848 0.544705 -0.840963
v -0.038550 0.670864 -0.793338
v -0.135985 0.592085 -0.817719
v 0.090836 0.546418 -0.841767
v 0.035672 0.669926 -0.794511
v 0.137257 0.593610 -0.817917
v 0.054529 0.442457 -0.888493
v -0.057696 0.443379 -0.889380
v 0.062667 0.375171 -0.916817
v -0.064257 0.374179 -0.917364
v 0.155674 0.522817 -0.844887
v 0.120189 0.413284 -0.902270
v -0.156140 0.524197 -0.844958
v -0.122500 0.413347 -0.902800
v 0.357869 0.099757 -0.317697
v 0.364582 0.081234 -0.246557
v 0.355357 0.116210 -0.323559
v 0.361261 0.092457 -0.242503
v 0.346948 0.048152 -0.274230
v 0.359935 0.055050 -0.224620
v 0.343643 0.024268 -0.251391
v 0.358307 0.037632 -0.196553
v 0.349312 0.075084 -0.332891
v 0.338351 0.034093 -0.290790
v 0.341554 0.068678 -0.359131
v 0.354439 0.116198 -0.359822
v 0.345995 0.089013 -0.378615
v 0.365879 0.076527 -0.207466
v 0.364831 0.052386 -0.186676
v 0.371657 0.007520 0.283430
v 0.373747 0.010248 0.234460
v 0.370320 0.024325 0.269099
v 0.373504 0.026053 0.215965
v 0.383616 -0.052810 0.306903
v 0.378995 -0.023595 0.241952
v 0.389642 -0.079007 0.307284
v 0.385821 -0.044815 0.237882
v 0.374560 -0.026617 0.329365
v 0.389841 -0.081837 0.344393
v 0.377122 -0.050735 0.370750
v 0.367586 0.012197 0.305352
v 0.372607 -0.022509 0.358720
v 0.373905 0.015979 0.199930
v 0.379146 -0.017307 0.210427
v -0.357588 0.096229 -0.322225
v -0.364321 0.080292 -0.249167
v -0.356855 0.113842 -0.326418
v -0.363450 0.089726 -0.246443
v -0.346005 0.046827 -0.277668
v -0.360420 0.054807 -0.226887
v -0.342494 0.026310 -0.255700
v -0.356531 0.035968 -0.202040
v -0.348805 0.076223 -0.336867
v -0.335596 0.033851 -0.294255
v -0.340110 0.064785 -0.362402
v -0.354065 0.116758 -0.364797
v -0.345193 0.089030 -0.382789
v -0.367006 0.075637 -0.211331
v -0.364550 0.050754 -0.189025
v -0.374037 0.012049 0.282414
v -0.374536 0.013499 0.233016
v -0.371101 0.028155 0.268027
v -0.373877 0.029284 0.215831
v -0.381709 -0.051229 0.304060
v -0.379301 -0.020161 0.241122
v -0.388812 -0.079548 0.305599
v -0.383526 -0.041374 0.235417
v -0.376097 -0.025141 0.329051
v -0.387155 -0.080220 0.342562
v -0.376573 -0.047164 0.370469
v -0.371593 0.016577 0.304961
v -0.370882 -0.020538 0.359524
v -0.375138 0.021910 0.201784
v -0.378945 -0.013567 0.207475
v -0.031308 0.523596 -0.194843
v -0.041934 0.615169 -0.235580
v -0.051539 0.502311 -0.185839
v -0.068664 0.594710 -0.229548
v 0.028815 0.520827 -0.192940
v 0.038863 0.613678 -0.234457
v 0.049301 0.499454 -0.181845
v 0.063860 0.594040 -0.225878
v 0.001724 0.508576 -0.194248
v -0.034604 0.458818 -0.179659
v -0.009186 0.425127 -0.177982
v -0.001176 0.674218 -0.265186
v -0.065510 0.646440 -0.266712
v -0.019574 0.719692 -0.300405
v 0.034048 0.459444 -0.179077
v 0.005835 0.425474 -0.177667
v 0.064048 0.646275 -0.264635
v 0.019138 0.717564 -0.301411
v -0.077523 0.261137 -0.059509
v -0.137506 0.236138 0.026004
v -0.078532 0.274505 -0.104610
v -0.136079 0.239348 -0.023213
v -0.065909 0.228202 0.109164
v -0.119803 0.206997 0.180059
v -0.054892 0.208821 0.167198
v -0.106886 0.185706 0.227669
v -0.050969 0.255654 -0.017969
v -0.054010 0.286701 -0.121510
v -0.029871 0.270903 -0.090044
v -0.166071 0.218134 0.139797
v -0.166422 0.218393 0.037415
v -0.196865 0.193267 0.143068
v -0.038066 0.227524 0.101735
v -0.027884 0.254976 -0.025982
v -0.140534 0.179724 0.235336
v -0.187936 0.182784 0.191196
v -0.224981 0.760043 -0.431588
v -0.344343 0.720296 -0.441596
v -0.207171 0.688408 -0.372952
v -0.297130 0.651116 -0.381383
v -0.212472 0.852223 -0.617430
v -0.274328 0.733730 -0.628691
v -0.166553 0.801553 -0.667881
v -0.249154 0.712484 -0.690951
v -0.256424 0.975534 -0.516378
v -0.177928 0.739450 -0.389001
v -0.162088 0.869889 -0.458718
v -0.408517 0.754595 -0.551761
v -0.396173 0.670399 -0.409049
v -0.527396 0.711704 -0.540766
v -0.147622 0.848142 -0.618086
v -0.180183 0.988916 -0.518660
v -0.298583 0.672155 -0.665387
v -0.399556 0.661534 -0.579560
v -0.265319 0.318590 -0.288961
v -0.272283 0.212223 -0.198596
v -0.254275 0.345822 -0.270972
v -0.251796 0.233158 -0.190687
v -0.311581 0.209857 -0.322248
v -0.324762 0.145135 -0.225386
v -0.325576 0.180025 -0.327095
v -0.340587 0.126466 -0.231171
v -0.298308 0.323467 -0.354820
v -0.277378 0.409553 -0.323169
v -0.308077 0.413724 -0.398467
v -0.312011 0.142851 -0.165885
v -0.277371 0.186671 -0.150341
v -0.320642 0.125505 -0.115022
v -0.316942 0.228721 -0.375112
v -0.316950 0.351347 -0.410449
v -0.342112 0.113611 -0.183945
v -0.335358 0.110209 -0.123449
v -0.286009 0.139381 0.067697
v -0.311263 0.128456 0.028053
v -0.257029 0.164839 0.021925
v -0.278340 0.155765 -0.015837
v -0.359848 0.083999 0.185370
v -0.369156 0.079082 0.133753
v -0.367489 0.071848 0.210489
v -0.372797 0.068936 0.158295
v -0.317417 0.112574 0.151798
v -0.258060 0.155507 0.063647
v -0.286074 0.129142 0.150722
v -0.353100 0.093285 0.064672
v -0.300500 0.139480 -0.013925
v -0.343626 0.098701 0.020567
v -0.355328 0.080219 0.223311
v -0.310558 0.108148 0.192167
v -0.374216 0.071306 0.121276
v -0.360278 0.084472 0.054465
v 0.075682 0.262014 -0.057190
v 0.133591 0.238471 0.023728
v 0.076277 0.273358 -0.104853
v 0.132526 0.239707 -0.023069
v 0.064553 0.225248 0.109716
v 0.116393 0.206713 0.180392
v 0.054619 0.207873 0.165182
v 0.103867 0.186024 0.230456
v 0.048600 0.255557 -0.018131
v 0.051768 0.284748 -0.121095
v 0.029060 0.271091 -0.087846
v 0.036152 0.224364 0.103141
v 0.026621 0.255130 -0.029367
v 0.162191 0.218523 0.137813
v 0.163568 0.219448 0.037889
v 0.194176 0.195762 0.143150
v 0.136973 0.181180 0.235216
v 0.184234 0.185523 0.190158
v 0.223855 0.758995 -0.430299
v 0.344731 0.720938 -0.441362
v 0.208706 0.685932 -0.372981
v 0.300468 0.647449 -0.382768
v 0.212214 0.850654 -0.615766
v 0.272979 0.733302 -0.627799
v 0.166141 0.801820 -0.669169
v 0.248605 0.713429 -0.693182
v 0.256994 0.975042 -0.516540
v 0.177239 0.738399 -0.387360
v 0.162095 0.870121 -0.458553
v 0.148598 0.849141 -0.618644
v 0.180378 0.988685 -0.518498
v 0.407968 0.755017 -0.552099
v 0.396507 0.671251 -0.409257
v 0.527442 0.711071 -0.540245
v 0.296498 0.669768 -0.665904
v 0.400165 0.663877 -0.580040
v 0.269458 0.320188 -0.289244
v 0.273332 0.213319 -0.199833
v 0.254188 0.347664 -0.272992
v 0.251328 0.233500 -0.191464
v 0.310781 0.211758 -0.320993
v 0.324368 0.145269 -0.224083
v 0.325973 0.179718 -0.324551
v 0.338366 0.127524 -0.231012
v 0.298948 0.320401 -0.356554
v 0.278003 0.410476 -0.325206
v 0.311416 0.413829 -0.397887
v 0.313737 0.146728 -0.167377
v 0.277998 0.189429 -0.150894
v 0.320919 0.128121 -0.114824
v 0.319360 0.232140 -0.372902
v 0.318183 0.349687 -0.411459
v 0.342902 0.114193 -0.182779
v 0.336582 0.110995 -0.124127
v 0.283066 0.140256 0.066157
v 0.304261 0.130946 0.026506
v 0.251302 0.166524 0.021105
v 0.273726 0.159438 -0.017236
v 0.355958 0.081023 0.183044
v 0.367725 0.074638 0.135113
v 0.363106 0.068258 0.210255
v 0.370736 0.064485 0.159347
v 0.312801 0.112314 0.152208
v 0.251106 0.159463 0.062452
v 0.283220 0.130267 0.150312
v 0.349932 0.092867 0.062799
v 0.296584 0.143241 -0.017308
v 0.343467 0.098527 0.022113
v 0.352851 0.077300 0.223319
v 0.309394 0.107778 0.192434
v 0.371453 0.067205 0.121822
v 0.358825 0.081462 0.053522
v -0.081842 -0.677953 0.077385
v -0.086801 -0.688181 -0.050002
v -0.134687 -0.685638 0.067078
v -0.136474 -0.739690 -0.050630
v 0.083282 -0.679512 0.075582
v 0.091029 -0.686294 -0.051381
v 0.136825 -0.685973 0.065587
v 0.138319 -0.744087 -0.052074
v -0.000029 -0.673537 0.151461
v -0.107601 -0.679478 0.144350
v -0.028380 -0.676423 0.226083
v 0.002681 -0.638233 -0.105897
v -0.112749 -0.734018 -0.109840
v -0.036316 -0.626278 -0.158481
v 0.109586 -0.678876 0.143772
v 0.027256 -0.679171 0.226213
v 0.115258 -0.736204 -0.113892
v 0.043035 -0.626791 -0.159323
v -0.219215 -0.689442 0.465549
v -0.302961 -0.661924 0.477775
v -0.234400 -0.676022 0.358283
v -0.303696 -0.627790 0.384701
v -0.215333 -0.988540 0.686605
v -0.364315 -0.882154 0.705729
v -0.168486 -0.935787 0.788518
v -0.330884 -0.880836 0.795147
v -0.166299 -0.797810 0.525008
v -0.191221 -0.688725 0.375119
v -0.122779 -0.719362 0.467091
v -0.360647 -0.706555 0.573902
v -0.332788 -0.607732 0.425579
v -0.367877 -0.610054 0.525712
v -0.108795 -0.912786 0.703110
v -0.103376 -0.773021 0.533107
v -0.385493 -0.781856 0.743095
v -0.381221 -0.648360 0.599474
v -0.276290 -0.799373 -0.366575
v -0.360653 -0.656223 -0.357890
v -0.321253 -0.893991 -0.332416
v -0.409057 -0.718196 -0.328438
v -0.143331 -0.516624 -0.370974
v -0.210416 -0.448434 -0.383975
v -0.107933 -0.460515 -0.388640
v -0.172369 -0.392138 -0.402597
v -0.158158 -0.641875 -0.337317
v -0.226323 -0.885524 -0.335449
v -0.127585 -0.675161 -0.304793
v -0.306461 -0.485717 -0.360839
v -0.403727 -0.602836 -0.329887
v -0.346327 -0.448635 -0.345120
v -0.086484 -0.509980 -0.367980
v -0.095364 -0.607770 -0.325444
v -0.218667 -0.375092 -0.393454
v -0.302326 -0.398542 -0.361876
v -0.430934 -0.333387 -0.172192
v -0.441953 -0.280668 -0.094857
v -0.439706 -0.407919 -0.161948
v -0.447025 -0.349792 -0.078837
v -0.383130 -0.134188 -0.198025
v -0.393194 -0.105126 -0.131003
v -0.363352 -0.084550 -0.206751
v -0.374502 -0.057768 -0.145023
v -0.403832 -0.244274 -0.224128
v -0.431976 -0.394820 -0.208764
v -0.402172 -0.295491 -0.257519
v -0.427528 -0.164017 -0.077252
v -0.443531 -0.286991 -0.047080
v -0.432854 -0.174268 -0.033613
v -0.365596 -0.119386 -0.233248
v -0.383527 -0.224274 -0.261238
v -0.384708 -0.064699 -0.107260
v -0.414618 -0.121951 -0.051031
v -0.402651 -0.380054 0.246368
v -0.416682 -0.314983 0.154513
v -0.397006 -0.428287 0.220763
v -0.417916 -0.365992 0.128064
v -0.406067 -0.236057 0.290899
v -0.405889 -0.175181 0.201647
v -0.403886 -0.191575 0.299260
v -0.400731 -0.131574 0.213604
v -0.404984 -0.339671 0.323592
v -0.391239 -0.435354 0.284615
v -0.396692 -0.400841 0.370222
v -0.415173 -0.212998 0.144672
v -0.425406 -0.308513 0.101437
v -0.420528 -0.203854 0.097010
v -0.406622 -0.242524 0.342899
v -0.402276 -0.349959 0.382706
v -0.402462 -0.126849 0.171796
v -0.412973 -0.158035 0.114807
v 0.214432 -0.689618 0.466988
v 0.301242 -0.660279 0.478643
v 0.232936 -0.678802 0.362537
v 0.302146 -0.629981 0.385927
v 0.215792 -0.988385 0.686006
v 0.365658 -0.878919 0.700592
v 0.169537 -0.935783 0.787306
v 0.334026 -0.883085 0.790558
v 0.165392 -0.801728 0.525988
v 0.186883 -0.688891 0.376002
v 0.119105 -0.719190 0.469589
v 0.109922 -0.914380 0.704392
v 0.101736 -0.773102 0.535044
v 0.360878 -0.703423 0.570428
v 0.329053 -0.608057 0.423354
v 0.365090 -0.609053 0.522412
v 0.386659 -0.780386 0.738074
v 0.381791 -0.648258 0.597461
v 0.276472 -0.798352 -0.366668
v 0.361894 -0.656774 -0.357767
v 0.318976 -0.894076 -0.332737
v 0.407687 -0.719227 -0.329271
v 0.142372 -0.517200 -0.371793
v 0.210104 -0.448291 -0.384060
v 0.107585 -0.461139 -0.390658
v 0.174007 -0.393056 -0.402706
v 0.157518 -0.642165 -0.338578
v 0.224643 -0.886207 -0.336300
v 0.130487 -0.674943 -0.306624
v 0.086868 -0.511316 -0.368137
v 0.095461 -0.606212 -0.324303
v 0.306138 -0.487009 -0.360624
v 0.404519 -0.603618 -0.329009
v 0.347926 -0.450929 -0.346313
v 0.217544 -0.376043 -0.391107
v 0.304435 -0.400894 -0.362561
v 0.431070 -0.334187 -0.171493
v 0.440010 -0.282846 -0.092982
v 0.440745 -0.408911 -0.162276
v 0.446239 -0.350458 -0.077745
v 0.385723 -0.134994 -0.194294
v 0.392452 -0.103007 -0.127563
v 0.364761 -0.083781 -0.204346
v 0.373520 -0.057276 -0.139690
v 0.405583 -0.244149 -0.221741
v 0.431574 -0.397063 -0.208496
v 0.405392 -0.296856 -0.257596
v 0.427468 -0.166461 -0.075412
v 0.444950 -0.289264 -0.046598
v 0.436463 -0.175332 -0.033789
v 0.365783 -0.120803 -0.231913
v 0.384032 -0.223056 -0.256792
v 0.384873 -0.064570 -0.100994
v 0.414397 -0.125136 -0.051345
v 0.402268 -0.379871 0.245146
v 0.418018 -0.315428 0.153568
v 0.395596 -0.426375 0.220210
v 0.418042 -0.365746 0.130450
v 0.407643 -0.237658 0.291315
v 0.407325 -0.176788 0.206014
v 0.404310 -0.193062 0.299765
v 0.401774 -0.136685 0.216257
v 0.404237 -0.340992 0.322308
v 0.389766 -0.434106 0.284482
v 0.395539 -0.399277 0.369376
v 0.416574 -0.211601 0.145980
v 0.424798 -0.310055 0.101536
v 0.420641 -0.203399 0.097227
v 0.404574 -0.243966 0.343608
v 0.400677 -0.349648 0.382182
v 0.404316 -0.126671 0.173687
v 0.413509 -0.157133 0.115669
v 0.065017 -0.084678 0.895066
v -0.064669 -0.084682 0.894384
v 0.070901 -0.158019 0.951498
v -0.069259 -0.157138 0.951231
v 0.052467 0.078667 0.741560
v -0.051983 0.078561 0.741145
v 0.046890 0.107174 0.686208
v -0.046924 0.106869 0.686585
v 0.116809 0.009729 0.808186
v 0.130874 -0.120757 0.890784
v 0.175243 -0.022760 0.806816
v -0.115354 0.011146 0.807395
v -0.130285 -0.120208 0.891202
v -0.176082 -0.021686 0.805745
v 0.097948 0.091065 0.703282
v 0.164304 0.029922 0.760593
v -0.097276 0.090495 0.704062
v -0.163083 0.030264 0.760728
v 0.367374 -0.388879 0.733265
v 0.334117 -0.274541 0.770358
v 0.344538 -0.443194 0.788091
v 0.295744 -0.317911 0.813831
v 0.398422 -0.234821 0.551362
v 0.381841 -0.159892 0.588796
v 0.398286 -0.192307 0.493220
v 0.382926 -0.129715 0.525954
v 0.393505 -0.353593 0.618102
v 0.375795 -0.476743 0.743590
v 0.396675 -0.425356 0.621478
v 0.402196 -0.244219 0.499889
v 0.399900 -0.362138 0.560535
v 0.358160 -0.164604 0.698648
v 0.296784 -0.235970 0.809098
v 0.326291 -0.129726 0.739389
v 0.368482 -0.109834 0.567989
v 0.342441 -0.105696 0.674939
v -0.364152 -0.388900 0.732564
v -0.335618 -0.273398 0.768619
v -0.343262 -0.444576 0.788424
v -0.295454 -0.315786 0.814173
v -0.400394 -0.234184 0.552002
v -0.381974 -0.159297 0.588281
v -0.400803 -0.190503 0.491988
v -0.381501 -0.129416 0.527183
v -0.394895 -0.352618 0.619052
v -0.376116 -0.477898 0.745075
v -0.395110 -0.424847 0.623460
v -0.402162 -0.244070 0.498940
v -0.400338 -0.361889 0.561513
v -0.358400 -0.164145 0.698517
v -0.297681 -0.234712 0.809707
v -0.328034 -0.129101 0.738422
v -0.369422 -0.109723 0.569018
v -0.340954 -0.105331 0.671903
v 0.213211 0.100127 0.417492
v 0.210647 0.084328 0.505939
v 0.177469 0.112777 0.421640
v 0.173614 0.103051 0.513313
v 0.307999 0.053506 0.385394
v 0.310655 0.027712 0.463553
v 0.332845 0.041163 0.368869
v 0.333739 0.009248 0.439466
v 0.264574 0.086845 0.364423
v 0.194472 0.115383 0.374516
v 0.246640 0.105197 0.325686
v 0.322006 0.059614 0.340827
v 0.278114 0.093013 0.317514
v 0.264901 0.042870 0.535909
v 0.189645 0.085821 0.556439
v 0.245537 0.041391 0.589210
v 0.326574 0.001677 0.492089
v 0.282650 0.016367 0.570721
v -0.214388 0.100169 0.419941
v -0.212316 0.084086 0.505918
v -0.177412 0.112927 0.420073
v -0.173632 0.102790 0.512808
v -0.310028 0.051835 0.385869
v -0.310657 0.027721 0.463126
v -0.334395 0.039803 0.368966
v -0.333507 0.010999 0.439946
v -0.264278 0.086573 0.363289
v -0.195878 0.115388 0.376680
v -0.246606 0.103932 0.326532
v -0.322380 0.057293 0.342286
v -0.278447 0.090772 0.318383
v -0.265327 0.043795 0.535211
v -0.190338 0.086634 0.557049
v -0.246847 0.041187 0.589686
v -0.323734 0.001653 0.492210
v -0.281388 0.015042 0.571678
v 0.037721 0.017752 -0.665208
v -0.040956 0.021500 -0.665063
v 0.031841 0.016770 -0.599152
v -0.034326 0.014095 -0.598854
v 0.058302 0.097851 -0.869517
v -0.060351 0.097504 -0.870109
v 0.065661 0.157649 -0.916647
v -0.067442 0.158405 -0.915852
v 0.095918 0.026451 -0.774013
v 0.072238 0.013770 -0.625010
v 0.133020 -0.004389 -0.730064
v -0.098587 0.027127 -0.773914
v -0.074376 0.011498 -0.624450
v -0.136853 -0.003923 -0.731436
v 0.126208 0.112757 -0.910510
v 0.158367 0.014228 -0.816762
v -0.129595 0.113373 -0.910739
v -0.158948 0.014465 -0.816767
v 0.197855 -0.108706 -0.403532
v 0.168595 -0.023641 -0.443213
v 0.172770 -0.132682 -0.424112
v 0.137325 -0.043617 -0.453658
v 0.267475 -0.035772 -0.347837
v 0.264081 0.011089 -0.427174
v 0.289601 -0.017173 -0.335192
v 0.290270 0.024571 -0.415686
v 0.258773 -0.114228 -0.362386
v 0.207536 -0.169994 -0.401883
v 0.271530 -0.176127 -0.364245
v 0.290121 -0.057886 -0.316978
v 0.292566 -0.144428 -0.340572
v 0.219289 0.007305 -0.486079
v 0.144675 -0.004128 -0.483375
v 0.204972 0.013821 -0.543787
v 0.279696 0.034617 -0.469186
v 0.241335 0.026892 -0.541500
v -0.198770 -0.107037 -0.404167
v -0.168241 -0.021872 -0.441486
v -0.173047 -0.132010 -0.424248
v -0.139206 -0.040436 -0.452520
v -0.266669 -0.035769 -0.350601
v -0.263090 0.010618 -0.427826
v -0.288754 -0.018151 -0.340216
v -0.290361 0.024252 -0.418567
v -0.256464 -0.112286 -0.360838
v -0.207786 -0.170074 -0.402685
v -0.270346 -0.176189 -0.364865
v -0.290913 -0.059982 -0.320751
v -0.291436 -0.145264 -0.340959
v -0.220280 0.008206 -0.487931
v -0.146321 -0.003623 -0.484277
v -0.204671 0.014053 -0.545217
v -0.282698 0.035586 -0.473695
v -0.243349 0.023723 -0.543018
v 0.353398 0.367556 -0.774266
v 0.367496 0.252291 -0.875171
v 0.319863 0.413874 -0.814236
v 0.324363 0.295680 -0.921476
v 0.359044 0.234208 -0.591300
v 0.359912 0.162394 -0.631229
v 0.352204 0.198052 -0.525753
v 0.351443 0.144405 -0.557564
v 0.352858 0.345020 -0.648118
v 0.329510 0.444462 -0.746091
v 0.346213 0.416487 -0.634966
v 0.349024 0.246389 -0.533677
v 0.345662 0.359251 -0.583053
v 0.372698 0.143183 -0.775751
v 0.335365 0.209373 -0.937211
v 0.342636 0.100572 -0.819130
v 0.344723 0.119381 -0.599912
v 0.334900 0.099430 -0.720991
v -0.353593 0.368060 -0.773174
v -0.367423 0.250865 -0.876464
v -0.320093 0.412926 -0.812628
v -0.324973 0.296752 -0.919994
v -0.356747 0.234707 -0.588971
v -0.359302 0.163046 -0.633604
v -0.350224 0.199358 -0.527113
v -0.349433 0.141577 -0.559112
v -0.353455 0.342319 -0.649854
v -0.330666 0.443080 -0.745832
v -0.345352 0.415752 -0.635303
v -0.347265 0.247327 -0.532257
v -0.348109 0.359753 -0.584870
v -0.373543 0.142760 -0.777419
v -0.335542 0.208646 -0.936221
v -0.342456 0.100689 -0.822133
v -0.343897 0.121956 -0.603534
v -0.341520 0.094835 -0.728791
v 0.378965 0.049958 -0.048335
v 0.382498 0.030103 -0.031646
v 0.375612 0.055513 -0.087479
v 0.378124 0.031857 -0.070095
v 0.380341 0.037230 0.065011
v 0.383054 0.012529 0.073097
v 0.379190 0.034270 0.099346
v 0.382183 0.005026 0.107275
v 0.377001 0.051154 0.004539
v 0.373199 0.061254 -0.076651
v 0.370764 0.062721 -0.023129
v 0.376314 0.046643 0.079897
v 0.373020 0.057891 0.015610
v 0.387423 -0.001460 0.025752
v 0.380461 0.013371 -0.045973
v 0.390580 -0.021367 0.010903
v 0.386985 -0.013738 0.093872
v 0.392993 -0.029067 0.047554
v -0.381954 0.051053 -0.047745
v -0.383978 0.028939 -0.037193
v -0.376272 0.057213 -0.088504
v -0.380231 0.037478 -0.072556
v -0.382874 0.041279 0.062451
v -0.384564 0.013009 0.069983
v -0.381686 0.038719 0.097923
v -0.382241 0.007445 0.107042
v -0.380195 0.053515 0.003615
v -0.374171 0.062063 -0.077911
v -0.374848 0.060861 -0.025025
v -0.380134 0.048500 0.076948
v -0.376102 0.059954 0.014601
v -0.387557 0.001304 0.022973
v -0.381820 0.014329 -0.047078
v -0.388456 -0.018413 0.009478
v -0.386240 -0.010242 0.092431
v -0.391596 -0.026369 0.047221
v -0.074589 0.407524 -0.164866
v -0.077448 0.346492 -0.153524
v -0.117394 0.584030 -0.254269
v -0.150859 0.601411 -0.287887
v -0.058325 0.372685 -0.160483
v -0.124979 0.642834 -0.296246
v -0.165562 0.227580 -0.047817
v -0.194464 0.206607 -0.036274
v -0.195991 0.203121 0.004194
v -0.252784 0.514527 -0.304390
v -0.246059 0.443589 -0.272945
v -0.279321 0.515463 -0.328985
v -0.234890 0.223764 -0.139918
v -0.240031 0.203151 -0.099664
v -0.262553 0.182924 -0.100178
v 0.070908 0.405329 -0.165235
v 0.072423 0.346212 -0.155076
v 0.114545 0.583921 -0.249539
v 0.147296 0.602865 -0.284457
v 0.054825 0.370337 -0.158572
v 0.123694 0.644188 -0.294686
v 0.162479 0.229203 -0.048239
v 0.191798 0.211027 -0.034993
v 0.192158 0.203769 0.003887
v 0.255806 0.513957 -0.300384
v 0.246272 0.442867 -0.274647
v 0.280668 0.517183 -0.332077
v 0.231431 0.222910 -0.139652
v 0.238513 0.206461 -0.100114
v 0.260915 0.188309 -0.099710
v -0.207290 -0.676107 0.121093
v -0.230213 -0.676118 0.189917
v -0.190853 -0.931195 -0.075934
v -0.276431 -0.978974 -0.172930
v -0.184570 -0.679860 0.206106
v -0.178965 -0.952023 -0.193561
v -0.342658 -0.568523 0.258070
v -0.367560 -0.522031 0.223039
v -0.362283 -0.532252 0.299130
v -0.448675 -0.646639 -0.226886
v -0.446717 -0.560264 -0.185074
v -0.440764 -0.552141 -0.240948
v -0.436948 -0.415639 -0.010691
v -0.428277 -0.415878 0.042904
v -0.436287 -0.358236 0.021990
v 0.209204 -0.672272 0.121630
v 0.230157 -0.675024 0.191777
v 0.191983 -0.934690 -0.080164
v 0.283245 -0.977360 -0.176268
v 0.184021 -0.679875 0.206219
v 0.182956 -0.956226 -0.197333
v 0.342411 -0.569350 0.258596
v 0.366351 -0.521883 0.224505
v 0.357885 -0.533845 0.298035
v 0.446405 -0.646104 -0.225304
v 0.448225 -0.561493 -0.186622
v 0.439309 -0.554505 -0.241207
v 0.436680 -0.415836 -0.008793
v 0.427222 -0.416684 0.045039
v 0.436254 -0.359388 0.022253
v -0.049035 -0.680607 0.766396
v 0.052759 -0.683064 0.766391
v -0.294998 -0.695537 0.846508
v -0.302033 -0.589033 0.837059
v 0.001013 -0.643639 0.707303
v -0.357203 -0.646858 0.811476
v 0.299779 -0.693644 0.845739
v 0.306932 -0.587042 0.834723
v 0.357990 -0.644923 0.810154
v 0.129931 -0.274810 0.898146
v 0.191733 -0.314651 0.873092
v -0.129847 -0.275664 0.897425
v -0.191140 -0.315783 0.874485
v 0.193398 -0.235956 0.877069
v -0.191573 -0.235506 0.876384
v -0.014012 0.190533 0.217629
v 0.013934 0.189409 0.214494
v -0.107809 0.149992 0.329056
v -0.125551 0.135966 0.374929
v 0.000461 0.208073 0.158014
v -0.142419 0.143337 0.330939
v 0.108138 0.148141 0.332234
v 0.122448 0.134273 0.379127
v 0.140649 0.142169 0.328486
v 0.079928 0.129321 0.596696
v 0.110116 0.123435 0.556867
v -0.077279 0.127143 0.599098
v -0.108669 0.122143 0.556255
v 0.122252 0.111224 0.606055
v -0.120739 0.111361 0.606288
v -0.026617 -0.412115 -0.417264
v 0.025976 -0.410804 -0.415599
v -0.145641 -0.281267 -0.435123
v -0.146195 -0.219706 -0.438058
v -0.000155 -0.458878 -0.391881
v -0.180497 -0.259834 -0.419554
v 0.142943 -0.282752 -0.436730
v 0.145516 -0.219784 -0.439417
v 0.181629 -0.259912 -0.422348
v 0.055447 -0.009897 -0.516863
v 0.082343 -0.033519 -0.489743
v -0.056856 -0.008472 -0.515637
v -0.084231 -0.032735 -0.489779
v 0.087544 0.002088 -0.523858
v -0.089215 0.004288 -0.522307
v -0.042495 0.781793 -0.732133
v 0.043113 0.782077 -0.732452
v -0.254490 0.620233 -0.784611
v -0.264632 0.537793 -0.808935
v 0.000002 0.824395 -0.685606
v -0.290607 0.572782 -0.758405
v 0.252902 0.620061 -0.784645
v 0.262877 0.537590 -0.808408
v 0.291945 0.573204 -0.759616
v 0.140476 0.263072 -0.960673
v 0.211879 0.306734 -0.972943
v -0.143630 0.264827 -0.960016
v -0.214398 0.306791 -0.975549
v 0.215705 0.216904 -0.990718
v -0.218092 0.219700 -0.990587
v 0.342266 0.165156 -0.374819
v 0.343447 0.165712 -0.423813
v 0.359290 0.093272 -0.196299
v 0.366487 0.076383 -0.161107
v 0.336648 0.203984 -0.426523
v 0.364494 0.081712 -0.150876
v 0.334395 -0.025817 -0.246737
v 0.320069 -0.013837 -0.283937
v 0.362599 0.011623 -0.135843
v 0.368880 0.026912 -0.120748
v 0.327174 -0.052158 -0.269360
v 0.369169 0.007303 -0.096834
v 0.323463 0.064445 -0.432707
v 0.336367 0.091414 -0.463479
v 0.322515 0.076410 -0.491827
v 0.363055 0.046461 0.267847
v 0.355585 0.039036 0.307747
v 0.375181 0.044206 0.163638
v 0.375296 0.036196 0.148654
v 0.350496 0.056718 0.285827
v 0.375256 0.047796 0.126999
v 0.400725 -0.153342 0.347709
v 0.399153 -0.155435 0.393947
v 0.389622 -0.060627 0.191097
v 0.384568 -0.028839 0.166259
v 0.405721 -0.199564 0.395198
v 0.390585 -0.051300 0.154442
v 0.371722 -0.064179 0.453950
v 0.362232 -0.029807 0.434566
v 0.357876 -0.049062 0.487871
v -0.342015 0.163442 -0.377106
v -0.346998 0.166596 -0.424371
v -0.360583 0.089682 -0.199274
v -0.368041 0.075757 -0.163218
v -0.337144 0.199587 -0.427855
v -0.363148 0.082862 -0.154181
v -0.333899 -0.024988 -0.250340
v -0.320249 -0.013077 -0.286556
v -0.363201 0.008510 -0.139380
v -0.369391 0.030260 -0.123921
v -0.323116 -0.051519 -0.268986
v -0.369218 0.004191 -0.100524
v -0.322325 0.064162 -0.435418
v -0.334735 0.092406 -0.465478
v -0.321856 0.076192 -0.494763
v -0.365871 0.048950 0.268775
v -0.361296 0.039889 0.306934
v -0.376394 0.049631 0.165605
v -0.378465 0.042104 0.147786
v -0.354922 0.057961 0.286034
v -0.378464 0.055146 0.131319
v -0.397906 -0.154504 0.348659
v -0.396780 -0.156128 0.394380
v -0.390083 -0.057264 0.189099
v -0.384845 -0.026945 0.162391
v -0.402466 -0.198801 0.397123
v -0.391558 -0.052067 0.154282
v -0.370408 -0.062864 0.452467
v -0.360458 -0.030506 0.435655
v -0.355946 -0.049743 0.486184
v -0.007270 0.309073 -0.145116
v 0.004161 0.308632 -0.144203
v -0.000420 0.274537 -0.097308
v -0.034470 0.800614 -0.405717
v 0.035117 0.800400 -0.405587
v -0.000509 0.833695 -0.462910
v -0.249435 0.138590 0.194780
v -0.239692 0.134120 0.238188
v -0.270045 0.114634 0.234887
v -0.362637 0.529340 -0.498625
v -0.357908 0.517263 -0.562146
v -0.339915 0.442921 -0.515184
v -0.349171 0.092872 -0.031314
v -0.355890 0.081769 -0.043760
v -0.362298 0.078317 0.000286
v 0.246870 0.142047 0.193132
v 0.237046 0.134521 0.237461
v 0.269329 0.117763 0.237230
v 0.360783 0.532577 -0.498685
v 0.358180 0.516080 -0.561065
v 0.342498 0.442851 -0.514544
v 0.347405 0.092478 -0.033305
v 0.353902 0.081717 -0.043244
v 0.360910 0.077379 -0.000831
v -0.031760 -0.701730 0.384954
v 0.028075 -0.701405 0.385701
v -0.000551 -0.715944 0.461274
v -0.036771 -0.609910 -0.247870
v 0.038482 -0.609528 -0.247876
v -0.000526 -0.603307 -0.283990
v -0.390737 -0.480912 0.488378
v -0.394179 -0.495839 0.556849
v -0.397493 -0.421986 0.497776
v -0.364760 -0.317228 -0.322411
v -0.328063 -0.281683 -0.348884
v -0.346545 -0.241049 -0.322361
v -0.416410 -0.142119 0.031081
v -0.404328 -0.092537 0.011682
v -0.404719 -0.098988 0.049869
v 0.388956 -0.481224 0.486797
v 0.394443 -0.494492 0.553083
v 0.397334 -0.423051 0.496431
v 0.363510 -0.318163 -0.321213
v 0.327288 -0.282689 -0.347435
v 0.347023 -0.240189 -0.321743
v 0.417829 -0.138732 0.033088
v 0.407396 -0.093768 0.011358
v 0.406935 -0.098443 0.051624
v 0.266473 -0.036230 0.736854
v 0.245627 0.008042 0.692951
v 0.287947 -0.026170 0.671546
v -0.266657 -0.035706 0.735568
v -0.246051 0.006752 0.692961
v -0.286432 -0.026620 0.670030
v 0.217203 0.019635 -0.677720
v 0.251105 0.032581 -0.757681
v 0.261936 0.043203 -0.675529
v -0.215939 0.022426 -0.678279
v -0.252488 0.033700 -0.759843
v -0.263565 0.040766 -0.678109
f 1 647 644
f 1 644 643
f 1 643 645
f 1 645 646
f 1 646 647
f 2 649 652
f 6 672 670
f 12 702 699
f 11 696 695
f 8 679 681
f 4 662 659
f 4 659 658
f 4 658 660
f 4 660 661
f 4 661 662
f 5 666 665
f 3 654 657
f 7 673 677
f 9 685 686
f 10 692 688
f 12 701 698
f 6 669 668
f 2 650 648
f 8 682 678
f 11 697 693
f 6 671 669
f 12 700 701
f 11 694 697
f 8 680 682
f 2 651 650
f 10 690 689
f 5 663 664
f 3 655 653
f 7 676 674
f 9 687 684
f 10 691 690
f 5 667 663
f 3 656 655
f 7 675 676
f 9 683 687
f 6 668 672
f 2 648 649
f 8 678 679
f 11 693 696
f 12 698 702
f 10 688 691
f 5 665 667
f 3 657 656
f 7 677 675
f 9 686 683
f 5 664 666
f 3 653 654
f 7 674 673
f 9 684 685
f 10 689 692
f 6 670 671
f 12 699 700
f 11 695 694
f 8 681 680
f 2 652 651
f 35 837 838
f 18 735 736
f 19 742 741
f 40 868 867
f 42 880 879
f 34 832 831
f 33 827 828
f 25 778 780
f 36 844 846
f 20 749 747
f 32 819 820
f 23 765 767
f 24 773 771
f 37 850 849
f 41 876 875
f 34 833 834
f 33 826 825
f 25 779 777
f 36 845 843
f 20 748 750
f 17 729 727
f 14 711 709
f 13 706 703
f 15 718 715
f 16 724 721
f 18 737 733
f 35 839 835
f 42 882 878
f 40 870 866
f 19 744 740
f 30 807 805
f 27 789 787
f 22 762 758
f 28 797 793
f 29 802 799
f 32 821 817
f 23 766 763
f 24 774 770
f 37 852 848
f 41 874 872
f 35 838 836
f 18 736 734
f 19 741 739
f 40 867 865
f 42 879 877
f 34 831 829
f 33 828 824
f 25 780 776
f 36 846 842
f 20 747 745
f 32 820 818
f 23 767 764
f 24 771 769
f 37 849 847
f 41 875 871
f 34 834 830
f 33 825 823
f 25 777 775
f 36 843 841
f 20 750 746
f 14 714 710
f 13 707 704
f 15 719 716
f 16 725 722
f 17 732 728
f 21 755 752
f 31 814 811
f 26 784 781
f 38 857 853
f 39 862 860
f 27 792 788
f 22 759 757
f 28 796 794
f 29 803 800
f 30 810 806
f 31 815 812
f 26 785 782
f 38 856 854
f 39 863 859
f 21 754 751
f 14 712 714
f 13 705 707
f 15 717 719
f 16 723 725
f 17 730 732
f 21 753 755
f 31 816 814
f 26 786 784
f 38 858 857
f 39 861 862
f 27 791 792
f 22 761 759
f 28 795 796
f 29 801 803
f 30 808 810
f 31 813 815
f 26 783 785
f 38 855 856
f 39 864 863
f 21 756 754
f 14 709 712
f 13 703 705
f 15 715 717
f 16 721 723
f 17 727 730
f 21 751 753
f 31 812 816
f 26 782 786
f 38 854 858
f 39 859 861
f 27 787 791
f 22 758 761
f 28 793 795
f 29 799 801
f 30 805 808
f 31 811 813
f 26 781 783
f 38 853 855
f 39 860 864
f 21 752 756
f 17 728 731
f 14 710 713
f 13 704 708
f 15 716 720
f 16 722 726
f 18 734 738
f 35 836 840
f 42 877 881
f 40 865 869
f 19 739 743
f 30 806 809
f 27 788 790
f 22 757 760
f 28 794 798
f 29 800 804
f 32 818 822
f 23 764 768
f 24 769 772
f 37 847 851
f 41 871 873
f 35 835 837
f 18 733 735
f 19 740 742
f 40 866 868
f 42 878 880
f 34 830 832
f 33 823 827
f 25 775 778
f 36 841 844
f 20 746 749
f 32 817 819
f 23 763 765
f 24 770 773
f 37 848 850
f 41 872 876
f 34 829 833
f 33 824 826
f 25 776 779
f 36 842 845
f 20 745 748
f 17 731 729
f 14 713 711
f 13 708 706
f 15 720 718
f 16 726 724
f 18 738 737
f 35 840 839
f 42 881 882
f 40 869 870
f 19 743 744
f 30 809 807
f 27 790 789
f 22 760 762
f 28 798 797
f 29 804 802
f 32 822 821
f 23 768 766
f 24 772 774
f 37 851 852
f 41 873 874
f 107 1269 1270
f 103 1245 1246
f 104 1252 1251
f 110 1288 1287
f 113 1306 1305
f 118 1336 1335
f 154 1551 1552
f 141 1473 1474
f 162 1599 1600
f 121 1354 1353
f 142 1479 1480
f 129 1401 1402
f 130 1408 1407
f 144 1492 1491
f 146 1504 1503
f 151 1533 1534
f 131 1414 1413
f 136 1444 1443
f 161 1594 1593
f 126 1383 1384
f 116 1323 1324
f 108 1275 1276
f 106 1263 1264
f 112 1299 1300
f 115 1317 1318
f 119 1341 1342
f 156 1564 1563
f 139 1462 1461
f 160 1588 1587
f 120 1347 1348
f 149 1521 1522
f 132 1420 1419
f 128 1395 1396
f 145 1497 1498
f 148 1515 1516
f 155 1557 1558
f 133 1425 1426
f 134 1431 1432
f 157 1570 1569
f 124 1372 1371
f 109 1282 1281
f 105 1258 1257
f 111 1294 1293
f 114 1312 1311
f 117 1330 1329
f 125 1378 1377
f 152 1540 1539
f 137 1449 1450
f 158 1575 1576
f 123 1365 1366
f 143 1486 1485
f 127 1390 1389
f 135 1437 1438
f 147 1510 1509
f 150 1528 1527
f 153 1546 1545
f 140 1468 1467
f 138 1455 1456
f 159 1581 1582
f 122 1359 1360
f 107 1272 1271
f 103 1248 1247
f 104 1253 1254
f 110 1289 1290
f 113 1307 1308
f 118 1337 1338
f 154 1554 1553
f 141 1476 1475
f 162 1602 1601
f 121 1355 1356
f 142 1482 1481
f 129 1404 1403
f 130 1409 1410
f 144 1493 1494
f 146 1505 1506
f 151 1536 1535
f 131 1415 1416
f 136 1445 1446
f 161 1595 1596
f 126 1386 1385
f 47 909 907
f 44 891 889
f 43 886 883
f 45 898 895
f 46 904 901
f 49 922 919
f 72 1060 1057
f 102 1240 1237
f 96 1204 1201
f 79 1102 1099
f 62 999 997
f 59 981 979
f 58 976 973
f 60 988 985
f 61 994 991
f 66 1024 1021
f 54 952 949
f 73 1066 1063
f 85 1138 1135
f 92 1179 1177
f 101 1233 1231
f 69 1041 1039
f 50 927 925
f 82 1119 1117
f 97 1209 1207
f 71 1053 1051
f 100 1228 1225
f 94 1192 1189
f 80 1108 1105
f 51 933 931
f 90 1167 1165
f 63 1005 1003
f 55 957 955
f 76 1083 1081
f 87 1150 1147
f 91 1174 1171
f 67 1029 1027
f 56 963 961
f 75 1077 1075
f 83 1126 1123
f 68 1036 1033
f 48 915 913
f 78 1095 1093
f 93 1185 1183
f 98 1216 1213
f 88 1155 1153
f 65 1018 1015
f 57 970 967
f 77 1090 1087
f 86 1143 1141
f 64 1012 1009
f 53 945 943
f 74 1071 1069
f 84 1131 1129
f 89 1162 1159
f 70 1047 1045
f 99 1221 1219
f 95 1197 1195
f 81 1114 1111
f 52 940 937
f 109 1284 1280
f 105 1260 1256
f 111 1296 1292
f 114 1314 1310
f 117 1332 1328
f 125 1380 1376
f 152 1542 1538
f 137 1451 1447
f 158 1577 1573
f 123 1367 1363
f 143 1488 1484
f 127 1392 1388
f 135 1439 1435
f 147 1512 1508
f 150 1530 1526
f 153 1548 1544
f 140 1470 1466
f 138 1457 1453
f 159 1583 1579
f 122 1361 1357
f 107 1270 1268
f 103 1246 1244
f 104 1251 1249
f 110 1287 1285
f 113 1305 1303
f 118 1335 1333
f 154 1552 1550
f 141 1474 1472
f 162 1600 1598
f 121 1353 1351
f 142 1480 1478
f 129 1402 1400
f 130 1407 1405
f 144 1491 1489
f 146 1503 1501
f 151 1534 1532
f 131 1413 1411
f 136 1443 1441
f 161 1593 1591
f 126 1384 1382
f 116 1324 1322
f 108 1276 1274
f 106 1264 1262
f 112 1300 1298
f 115 1318 1316
f 119 1342 1340
f 156 1563 1561
f 139 1461 1459
f 160 1587 1585
f 120 1348 1346
f 149 1522 1520
f 132 1419 1417
f 128 1396 1394
f 145 1498 1496
f 148 1516 1514
f 155 1558 1556
f 133 1426 1424
f 134 1432 1430
f 157 1569 1567
f 124 1371 1369
f 109 1281 1279
f 105 1257 1255
f 111 1293 1291
f 114 1311 1309
f 117 1329 1327
f 125 1377 1375
f 152 1539 1537
f 137 1450 1448
f 158 1576 1574
f 123 1366 1364
f 143 1485 1483
f 127 1389 1387
f 135 1438 1436
f 147 1509 1507
f 150 1527 1525
f 153 1545 1543
f 140 1467 1465
f 138 1456 1454
f 159 1582 1580
f 122 1360 1358
f 107 1271 1267
f 103 1247 1243
f 104 1254 1250
f 110 1290 1286
f 113 1308 1304
f 118 1338 1334
f 154 1553 1549
f 141 1475 1471
f 162 1601 1597
f 121 1356 1352
f 142 1481 1477
f 129 1403 1399
f 130 1410 1406
f 144 1494 1490
f 146 1506 1502
f 151 1535 1531
f 131 1416 1412
f 136 1446 1442
f 161 1596 1592
f 126 1385 1381
f 44 894 890
f 43 887 884
f 45 899 896
f 46 905 902
f 47 912 908
f 52 941 938
f 70 1050 1046
f 99 1224 1220
f 95 1200 1196
f 81 1115 1112
f 59 984 980
f 58 977 974
f 60 989 986
f 61 995 992
f 62 1002 998
f 65 1019 1016
f 57 971 968
f 77 1091 1088
f 86 1146 1142
f 88 1158 1154
f 98 1217 1214
f 68 1037 1034
f 48 918 914
f 78 1098 1094
f 93 1188 1184
f 69 1044 1040
f 101 1236 1232
f 97 1212 1208
f 82 1122 1118
f 50 930 926
f 89 1163 1160
f 64 1013 1010
f 53 948 944
f 74 1074 1070
f 84 1134 1130
f 90 1170 1166
f 63 1008 1004
f 55 960 956
f 76 1086 1082
f 87 1151 1148
f 72 1061 1058
f 49 923 920
f 79 1103 1100
f 96 1205 1202
f 102 1241 1238
f 91 1175 1172
f 67 1032 1028
f 56 966 962
f 75 1080 1076
f 83 1127 1124
f 66 1025 1022
f 54 953 950
f 73 1067 1064
f 85 1139 1136
f 92 1182 1178
f 71 1056 1052
f 100 1229 1226
f 94 1193 1190
f 80 1109 1106
f 51 936 932
f 116 1325 1321
f 108 1277 1273
f 106 1265 1261
f 112 1301 1297
f 115 1319 1315
f 119 1343 1339
f 156 1566 1562
f 139 1464 1460
f 160 1590 1586
f 120 1349 1345
f 149 1523 1519
f 132 1422 1418
f 128 1397 1393
f 145 1499 1495
f 148 1517 1513
f 155 1559 1555
f 133 1427 1423
f 134 1433 1429
f 157 1572 1568
f 124 1374 1370
f 44 892 894
f 43 885 887
f 45 897 899
f 46 903 905
f 47 910 912
f 52 939 941
f 70 1048 1050
f 99 1222 1224
f 95 1198 1200
f 81 1113 1115
f 59 982 984
f 58 975 977
f 60 987 989
f 61 993 995
f 62 1000 1002
f 65 1017 1019
f 57 969 971
f 77 1089 1091
f 86 1144 1146
f 88 1156 1158
f 98 1215 1217
f 68 1035 1037
f 48 916 918
f 78 1096 1098
f 93 1186 1188
f 69 1042 1044
f 101 1234 1236
f 97 1210 1212
f 82 1120 1122
f 50 928 930
f 89 1161 1163
f 64 1011 1013
f 53 946 948
f 74 1072 1074
f 84 1132 1134
f 90 1168 1170
f 63 1006 1008
f 55 958 960
f 76 1084 1086
f 87 1149 1151
f 72 1059 1061
f 49 921 923
f 79 1101 1103
f 96 1203 1205
f 102 1239 1241
f 91 1173 1175
f 67 1030 1032
f 56 964 966
f 75 1078 1080
f 83 1125 1127
f 66 1023 1025
f 54 951 953
f 73 1065 1067
f 85 1137 1139
f 92 1180 1182
f 71 1054 1056
f 100 1227 1229
f 94 1191 1193
f 80 1107 1109
f 51 934 936
f 116 1326 1325
f 108 1278 1277
f 106 1266 1265
f 112 1302 1301
f 115 1320 1319
f 119 1344 1343
f 156 1565 1566
f 139 1463 1464
f 160 1589 1590
f 120 1350 1349
f 149 1524 1523
f 132 1421 1422
f 128 1398 1397
f 145 1500 1499
f 148 1518 1517
f 155 1560 1559
f 133 1428 1427
f 134 1434 1433
f 157 1571 1572
f 124 1373 1374
f 44 889 892
f 43 883 885
f 45 895 897
f 46 901 903
f 47 907 910
f 52 937 939
f 70 1045 1048
f 99 1219 1222
f 95 1195 1198
f 81 1111 1113
f 59 979 982
f 58 973 975
f 60 985 987
f 61 991 993
f 62 997 1000
f 65 1015 1017
f 57 967 969
f 77 1087 1089
f 86 1141 1144
f 88 1153 1156
f 98 1213 1215
f 68 1033 1035
f 48 913 916
f 78 1093 1096
f 93 1183 1186
f 69 1039 1042
f 101 1231 1234
f 97 1207 1210
f 82 1117 1120
f 50 925 928
f 89 1159 1161
f 64 1009 1011
f 53 943 946
f 74 1069 1072
f 84 1129 1132
f 90 1165 1168
f 63 1003 1006
f 55 955 958
f 76 1081 1084
f 87 1147 1149
f 72 1057 1059
f 49 919 921
f 79 1099 1101
f 96 1201 1203
f 102 1237 1239
f 91 1171 1173
f 67 1027 1030
f 56 961 964
f 75 1075 1078
f 83 1123 1125
f 66 1021 1023
f 54 949 951
f 73 1063 1065
f 85 1135 1137
f 92 1177 1180
f 71 1051 1054
f 100 1225 1227
f 94 1189 1191
f 80 1105 1107
f 51 931 934
f 116 1322 1326
f 108 1274 1278
f 106 1262 1266
f 112 1298 1302
f 115 1316 1320
f 119 1340 1344
f 156 1561 1565
f 139 1459 1463
f 160 1585 1589
f 120 1346 1350
f 149 1520 1524
f 132 1417 1421
f 128 1394 1398
f 145 1496 1500
f 148 1514 1518
f 155 1556 1560
f 133 1424 1428
f 134 1430 1434
f 157 1567 1571
f 124 1369 1373
f 47 908 911
f 44 890 893
f 43 884 888
f 45 896 900
f 46 902 906
f 49 920 924
f 72 1058 1062
f 102 1238 1242
f 96 1202 1206
f 79 1100 1104
f 62 998 1001
f 59 980 983
f 58 974 978
f 60 986 990
f 61 992 996
f 66 1022 1026
f 54 950 954
f 73 1064 1068
f 85 1136 1140
f 92 1178 1181
f 101 1232 1235
f 69 1040 1043
f 50 926 929
f 82 1118 1121
f 97 1208 1211
f 71 1052 1055
f 100 1226 1230
f 94 1190 1194
f 80 1106 1110
f 51 932 935
f 90 1166 1169
f 63 1004 1007
f 55 956 959
f 76 1082 1085
f 87 1148 1152
f 91 1172 1176
f 67 1028 1031
f 56 962 965
f 75 1076 1079
f 83 1124 1128
f 68 1034 1038
f 48 914 917
f 78 1094 1097
f 93 1184 1187
f 98 1214 1218
f 88 1154 1157
f 65 1016 1020
f 57 968 972
f 77 1088 1092
f 86 1142 1145
f 64 1010 1014
f 53 944 947
f 74 1070 1073
f 84 1130 1133
f 89 1160 1164
f 70 1046 1049
f 99 1220 1223
f 95 1196 1199
f 81 1112 1116
f 52 938 942
f 109 1279 1283
f 105 1255 1259
f 111 1291 1295
f 114 1309 1313
f 117 1327 1331
f 125 1375 1379
f 152 1537 1541
f 137 1448 1452
f 158 1574 1578
f 123 1364 1368
f 143 1483 1487
f 127 1387 1391
f 135 1436 1440
f 147 1507 1511
f 150 1525 1529
f 153 1543 1547
f 140 1465 1469
f 138 1454 1458
f 159 1580 1584
f 122 1358 1362
f 107 1267 1269
f 103 1243 1245
f 104 1250 1252
f 110 1286 1288
f 113 1304 1306
f 118 1334 1336
f 154 1549 1551
f 141 1471 1473
f 162 1597 1599
f 121 1352 1354
f 142 1477 1479
f 129 1399 1401
f 130 1406 1408
f 144 1490 1492
f 146 1502 1504
f 151 1531 1533
f 131 1412 1414
f 136 1442 1444
f 161 1592 1594
f 126 1381 1383
f 116 1321 1323
f 108 1273 1275
f 106 1261 1263
f 112 1297 1299
f 115 1315 1317
f 119 1339 1341
f 156 1562 1564
f 139 1460 1462
f 160 1586 1588
f 120 1345 1347
f 149 1519 1521
f 132 1418 1420
f 128 1393 1395
f 145 1495 1497
f 148 1513 1515
f 155 1555 1557
f 133 1423 1425
f 134 1429 1431
f 157 1568 1570
f 124 1370 1372
f 109 1280 1282
f 105 1256 1258
f 111 1292 1294
f 114 1310 1312
f 117 1328 1330
f 125 1376 1378
f 152 1538 1540
f 137 1447 1449
f 158 1573 1575
f 123 1363 1365
f 143 1484 1486
f 127 1388 1390
f 135 1435 1437
f 147 1508 1510
f 150 1526 1528
f 153 1544 1546
f 140 1466 1468
f 138 1453 1455
f 159 1579 1581
f 122 1357 1359
f 107 1268 1272
f 103 1244 1248
f 104 1249 1253
f 110 1285 1289
f 113 1303 1307
f 118 1333 1337
f 154 1550 1554
f 141 1472 1476
f 162 1598 1602
f 121 1351 1355
f 142 1478 1482
f 129 1400 1404
f 130 1405 1409
f 144 1489 1493
f 146 1501 1505
f 151 1532 1536
f 131 1411 1415
f 136 1441 1445
f 161 1591 1595
f 126 1382 1386
f 47 911 909
f 44 893 891
f 43 888 886
f 45 900 898
f 46 906 904
f 49 924 922
f 72 1062 1060
f 102 1242 1240
f 96 1206 1204
f 79 1104 1102
f 62 1001 999
f 59 983 981
f 58 978 976
f 60 990 988
f 61 996 994
f 66 1026 1024
f 54 954 952
f 73 1068 1066
f 85 1140 1138
f 92 1181 1179
f 101 1235 1233
f 69 1043 1041
f 50 929 927
f 82 1121 1119
f 97 1211 1209
f 71 1055 1053
f 100 1230 1228
f 94 1194 1192
f 80 1110 1108
f 51 935 933
f 90 1169 1167
f 63 1007 1005
f 55 959 957
f 76 1085 1083
f 87 1152 1150
f 91 1176 1174
f 67 1031 1029
f 56 965 963
f 75 1079 1077
f 83 1128 1126
f 68 1038 1036
f 48 917 915
f 78 1097 1095
f 93 1187 1185
f 98 1218 1216
f 88 1157 1155
f 65 1020 1018
f 57 972 970
f 77 1092 1090
f 86 1145 1143
f 64 1014 1012
f 53 947 945
f 74 1073 1071
f 84 1133 1131
f 89 1164 1162
f 70 1049 1047
f 99 1223 1221
f 95 1199 1197
f 81 1116 1114
f 52 942 940
f 109 1283 1284
f 105 1259 1260
f 111 1295 1296
f 114 1313 1314
f 117 1331 1332
f 125 1379 1380
f 152 1541 1542
f 137 1452 1451
f 158 1578 1577
f 123 1368 1367
f 143 1487 1488
f 127 1391 1392
f 135 1440 1439
f 147 1511 1512
f 150 1529 1530
f 153 1547 1548
f 140 1469 1470
f 138 1458 1457
f 159 1584 1583
f 122 1362 1361
f 407 1609 1616
f 403 1605 1608
f 404 1611 1606
f 410 1614 1612
f 413 1617 1615
f 422 1631 1624
f 486 1688 1692
f 573 1775 1782
f 561 1763 1765
f 512 1719 1714
f 452 1654 1661
f 448 1650 1653
f 449 1656 1651
f 455 1659 1657
f 458 1662 1660
f 470 1672 1675
f 437 1646 1639
f 494 1706 1696
f 531 1735 1733
f 539 1741 1751
f 568 1770 1779
f 478 1680 1683
f 419 1621 1626
f 509 1711 1721
f 554 1756 1766
f 482 1684 1689
f 576 1780 1778
f 558 1767 1760
f 516 1722 1718
f 425 1627 1629
f 542 1744 1747
f 463 1668 1665
f 434 1636 1641
f 497 1699 1704
f 528 1730 1737
f 546 1748 1750
f 464 1666 1676
f 440 1642 1644
f 500 1705 1702
f 524 1736 1726
f 479 1691 1681
f 418 1623 1620
f 508 1713 1710
f 553 1764 1755
f 569 1781 1771
f 538 1749 1740
f 471 1677 1673
f 443 1645 1647
f 501 1703 1707
f 523 1725 1734
f 467 1674 1669
f 433 1638 1635
f 493 1695 1698
f 527 1732 1729
f 543 1752 1745
f 485 1690 1687
f 572 1777 1774
f 557 1759 1762
f 515 1717 1720
f 428 1630 1632
f 591 2191 2189
f 587 1885 1883
f 588 1901 1903
f 594 2279 2281
f 597 2315 2317
f 600 2171 2173
f 634 2160 2158
f 619 2016 2012
f 639 2214 2210
f 602 1919 1924
f 624 2137 2135
f 608 1978 1973
f 610 1991 1996
f 627 2225 2227
f 630 2302 2304
f 635 2178 2176
f 615 2153 2155
f 617 2009 2014
f 637 2207 2212
f 604 1926 1922
f 416 1857 1864
f 408 1803 1810
f 406 1786 1795
f 412 1822 1831
f 415 1840 1849
f 424 1876 1887
f 492 2182 2193
f 582 2312 2321
f 565 2276 2285
f 514 1898 1907
f 461 2091 2098
f 453 2037 2044
f 451 1952 1961
f 457 2056 2067
f 460 2074 2083
f 475 2128 2139
f 439 1966 1975
f 496 1988 1997
f 533 2222 2231
f 551 2293 2298
f 579 2185 2190
f 483 1879 1884
f 426 1893 1900
f 521 2271 2278
f 566 2307 2314
f 489 2163 2170
f 578 2150 2159
f 560 2006 2015
f 518 2204 2213
f 429 1911 1918
f 547 2131 2136
f 465 1969 1977
f 441 1983 1990
f 504 2217 2224
f 537 2290 2301
f 550 2168 2177
f 476 2145 2152
f 444 2001 2008
f 502 2199 2206
f 526 1916 1925
f 481 1808 1817
f 420 1789 1797
f 510 1825 1833
f 555 1843 1851
f 571 1862 1871
f 540 1933 1941
f 473 2110 2119
f 447 2020 2029
f 507 2236 2247
f 534 2257 2262
f 469 2042 2051
f 435 1947 1954
f 498 2059 2064
f 529 2077 2085
f 545 2096 2105
f 487 2113 2121
f 574 2023 2031
f 562 2239 2244
f 520 2254 2265
f 432 1930 1939
f 589 1818 1814
f 583 1798 1793
f 586 1834 1829
f 593 1852 1847
f 596 1872 1868
f 599 1942 1937
f 633 2120 2124
f 620 2030 2034
f 640 2248 2250
f 603 2263 2261
f 622 2052 2050
f 607 1955 1960
f 612 2065 2063
f 626 2086 2081
f 629 2106 2102
f 631 2122 2117
f 614 2032 2027
f 618 2245 2243
f 641 2266 2268
f 605 1940 1944
f 409 1813 1804
f 405 1792 1785
f 411 1828 1821
f 414 1846 1839
f 417 1867 1858
f 431 1936 1929
f 488 2123 2114
f 575 2033 2024
f 563 2249 2240
f 519 2260 2253
f 454 2049 2038
f 450 1959 1951
f 456 2062 2055
f 459 2080 2073
f 462 2101 2092
f 472 2116 2109
f 446 2026 2019
f 506 2242 2235
f 535 2267 2258
f 541 1943 1934
f 570 1869 1861
f 480 1815 1807
f 421 1799 1790
f 511 1835 1826
f 556 1853 1844
f 484 1889 1880
f 580 2195 2186
f 567 2319 2308
f 522 2283 2272
f 427 1905 1894
f 544 2103 2095
f 468 2046 2041
f 436 1957 1948
f 499 2069 2060
f 530 2087 2078
f 548 2141 2132
f 466 1979 1970
f 442 1993 1984
f 505 2229 2218
f 536 2296 2289
f 491 2188 2181
f 423 1882 1875
f 513 1902 1897
f 564 2280 2275
f 581 2316 2311
f 549 2172 2167
f 477 2157 2146
f 445 2011 2002
f 503 2209 2200
f 525 1923 1915
f 474 2134 2127
f 438 1972 1965
f 495 1995 1987
f 532 2226 2221
f 552 2303 2294
f 490 2175 2164
f 577 2154 2149
f 559 2013 2005
f 517 2211 2203
f 430 1921 1912
f 590 1865 1870
f 584 1811 1816
f 585 1796 1800
f 592 1832 1836
f 595 1850 1854
f 598 1888 1890
f 636 2194 2196
f 621 2322 2320
f 642 2286 2284
f 601 1908 1906
f 623 2099 2104
f 611 2045 2047
f 609 1962 1958
f 625 2068 2070
f 628 2084 2088
f 632 2140 2142
f 613 1976 1980
f 616 1998 1994
f 638 2232 2230
f 606 2299 2297
f 407 2330 2329
f 403 2324 2323
f 404 2325 2326
f 410 2332 2333
f 413 2335 2336
f 422 2344 2345
f 486 2410 2409
f 573 2497 2496
f 561 2486 2485
f 512 2434 2435
f 452 2375 2374
f 448 2369 2368
f 449 2370 2371
f 455 2377 2378
f 458 2380 2381
f 470 2393 2392
f 437 2359 2360
f 494 2415 2416
f 531 2455 2456
f 539 2461 2460
f 568 2489 2488
f 478 2399 2398
f 419 2341 2340
f 509 2431 2430
f 554 2476 2475
f 482 2405 2404
f 576 2500 2501
f 558 2481 2482
f 516 2439 2440
f 425 2348 2347
f 542 2465 2464
f 463 2383 2384
f 434 2356 2355
f 497 2420 2419
f 528 2452 2451
f 546 2471 2470
f 464 2386 2385
f 440 2363 2362
f 500 2422 2423
f 524 2445 2446
f 479 2400 2401
f 418 2338 2339
f 508 2428 2429
f 553 2473 2474
f 569 2490 2491
f 538 2458 2459
f 471 2394 2395
f 443 2366 2365
f 501 2425 2424
f 523 2444 2443
f 467 2389 2390
f 433 2353 2354
f 493 2414 2413
f 527 2449 2450
f 543 2466 2467
f 485 2407 2408
f 572 2494 2495
f 557 2480 2479
f 515 2438 2437
f 428 2351 2350
f 591 2510 2511
f 587 2504 2505
f 588 2508 2507
f 594 2514 2513
f 597 2517 2516
f 600 2520 2519
f 634 2554 2556
f 619 2539 2540
f 639 2560 2561
f 602 2523 2521
f 624 2543 2544
f 608 2527 2529
f 610 2532 2530
f 627 2547 2546
f 630 2550 2549
f 635 2552 2553
f 615 2535 2534
f 617 2538 2536
f 637 2558 2557
f 604 2524 2525
f 167 1607 647
f 164 1603 644
f 163 1604 643
f 165 1610 645
f 166 1613 646
f 169 1622 649
f 192 1686 672
f 222 1773 702
f 216 1761 696
f 199 1712 679
f 182 1652 662
f 179 1648 659
f 178 1649 658
f 180 1655 660
f 181 1658 661
f 186 1670 666
f 174 1637 654
f 193 1694 673
f 205 1731 685
f 212 1739 692
f 221 1768 701
f 189 1678 669
f 170 1619 650
f 202 1709 682
f 217 1754 697
f 191 1682 671
f 220 1776 700
f 214 1758 694
f 200 1716 680
f 171 1625 651
f 210 1742 690
f 183 1663 663
f 175 1634 655
f 196 1697 676
f 207 1728 687
f 211 1746 691
f 187 1664 667
f 176 1640 656
f 195 1700 675
f 203 1724 683
f 188 1679 668
f 168 1618 648
f 198 1708 678
f 213 1753 693
f 218 1769 698
f 208 1738 688
f 185 1671 665
f 177 1643 657
f 197 1701 677
f 206 1723 686
f 184 1667 664
f 173 1633 653
f 194 1693 674
f 204 1727 684
f 209 1743 689
f 190 1685 670
f 219 1772 699
f 215 1757 695
f 201 1715 681
f 172 1628 652
f 357 2187 837
f 255 1881 735
f 262 1899 742
f 388 2277 868
f 400 2313 880
f 352 2169 832
f 347 2156 827
f 298 2010 778
f 364 2208 844
f 269 1917 749
f 339 2133 819
f 285 1971 765
f 293 1989 773
f 370 2223 850
f 396 2300 876
f 353 2174 833
f 346 2151 826
f 299 2007 779
f 365 2205 845
f 268 1920 748
f 249 1855 729
f 231 1801 711
f 226 1784 706
f 238 1820 718
f 244 1838 724
f 257 1874 737
f 359 2180 839
f 402 2310 882
f 390 2274 870
f 264 1896 744
f 327 2089 807
f 309 2035 789
f 282 1950 762
f 317 2054 797
f 322 2072 802
f 341 2126 821
f 286 1964 766
f 294 1986 774
f 372 2220 852
f 394 2291 874
f 358 2183 838
f 256 1877 736
f 261 1891 741
f 387 2269 867
f 399 2305 879
f 351 2161 831
f 348 2148 828
f 300 2004 780
f 366 2202 846
f 267 1909 747
f 340 2129 820
f 287 1967 767
f 291 1981 771
f 369 2215 849
f 395 2288 875
f 354 2166 834
f 345 2143 825
f 297 1999 777
f 363 2197 843
f 270 1914 750
f 234 1806 714
f 227 1787 707
f 239 1823 719
f 245 1841 725
f 252 1860 732
f 275 1931 755
f 334 2108 814
f 304 2018 784
f 377 2234 857
f 382 2255 862
f 312 2040 792
f 279 1945 759
f 316 2057 796
f 323 2075 803
f 330 2094 810
f 335 2111 815
f 305 2021 785
f 376 2237 856
f 383 2252 863
f 274 1928 754
f 232 1812 712
f 225 1791 705
f 237 1827 717
f 243 1845 723
f 250 1866 730
f 273 1935 753
f 336 2118 816
f 306 2028 786
f 378 2246 858
f 381 2259 861
f 311 2048 791
f 281 1953 761
f 315 2061 795
f 321 2079 801
f 328 2100 808
f 333 2115 813
f 303 2025 783
f 375 2241 855
f 384 2264 864
f 276 1938 756
f 229 1802 709
f 223 1783 703
f 235 1819 715
f 241 1837 721
f 247 1856 727
f 271 1927 751
f 332 2112 812
f 302 2022 782
f 374 2238 854
f 379 2251 859
f 307 2036 787
f 278 1949 758
f 313 2053 793
f 319 2071 799
f 325 2090 805
f 331 2107 811
f 301 2017 781
f 373 2233 853
f 380 2256 860
f 272 1932 752
f 248 1859 728
f 230 1805 710
f 224 1788 704
f 236 1824 716
f 242 1842 722
f 254 1878 734
f 356 2184 836
f 397 2306 877
f 385 2270 865
f 259 1892 739
f 326 2093 806
f 308 2039 788
f 277 1946 757
f 314 2058 794
f 320 2076 800
f 338 2130 818
f 284 1968 764
f 289 1982 769
f 367 2216 847
f 391 2287 871
f 355 2179 835
f 253 1873 733
f 260 1895 740
f 386 2273 866
f 398 2309 878
f 350 2165 830
f 343 2144 823
f 295 2000 775
f 361 2198 841
f 266 1913 746
f 337 2125 817
f 283 1963 763
f 290 1985 770
f 368 2219 848
f 392 2292 872
f 349 2162 829
f 344 2147 824
f 296 2003 776
f 362 2201 842
f 265 1910 745
f 251 1863 731
f 233 1809 713
f 228 1794 708
f 240 1830 720
f 246 1848 726
f 258 1886 738
f 360 2192 840
f 401 2318 881
f 389 2282 869
f 263 1904 743
f 329 2097 809
f 310 2043 790
f 280 1956 760
f 318 2066 798
f 324 2082 804
f 342 2138 822
f 288 1974 768
f 292 1992 772
f 371 2228 851
f 393 2295 873
f 409 2331 1269
f 405 2327 1245
f 411 2328 1252
f 414 2334 1288
f 417 2337 1306
f 431 2346 1336
f 488 2412 1551
f 575 2499 1473
f 563 2487 1599
f 519 2436 1354
f 454 2376 1479
f 450 2372 1401
f 456 2373 1408
f 459 2379 1492
f 462 2382 1504
f 472 2396 1533
f 446 2361 1414
f 506 2418 1444
f 535 2457 1594
f 541 2463 1383
f 570 2492 1323
f 480 2402 1275
f 421 2343 1263
f 511 2433 1299
f 556 2478 1317
f 484 2406 1341
f 580 2502 1564
f 567 2484 1462
f 522 2442 1588
f 427 2349 1347
f 544 2468 1521
f 468 2387 1420
f 436 2358 1395
f 499 2421 1497
f 530 2454 1515
f 548 2472 1557
f 466 2388 1425
f 442 2364 1431
f 505 2426 1570
f 536 2448 1372
f 491 2403 1282
f 423 2342 1258
f 513 2432 1294
f 564 2477 1312
f 581 2493 1330
f 549 2462 1378
f 477 2397 1540
f 445 2367 1449
f 503 2427 1575
f 525 2447 1365
f 474 2391 1486
f 438 2357 1390
f 495 2417 1437
f 532 2453 1510
f 552 2469 1528
f 490 2411 1546
f 577 2498 1468
f 559 2483 1455
f 517 2441 1581
f 430 2352 1359
f 590 2509 1272
f 584 2503 1248
f 585 2506 1253
f 592 2512 1289
f 595 2515 1307
f 598 2518 1337
f 636 2555 1554
f 621 2541 1476
f 642 2562 1602
f 601 2522 1355
f 623 2542 1482
f 611 2528 1404
f 609 2531 1409
f 625 2545 1493
f 628 2548 1505
f 632 2551 1536
f 613 2533 1415
f 616 2537 1445
f 638 2559 1595
f 606 2526 1386
f 407 1616 909
f 403 1608 891
f 404 1606 886
f 410 1612 898
f 413 1615 904
f 422 1624 922
f 486 1692 1060
f 573 1782 1240
f 561 1765 1204
f 512 1714 1102
f 452 1661 999
f 448 1653 981
f 449 1651 976
f 455 1657 988
f 458 1660 994
f 470 1675 1024
f 437 1639 952
f 494 1696 1066
f 531 1733 1138
f 539 1751 1179
f 568 1779 1233
f 478 1683 1041
f 419 1626 927
f 509 1721 1119
f 554 1766 1209
f 482 1689 1053
f 576 1778 1228
f 558 1760 1192
f 516 1718 1108
f 425 1629 933
f 542 1747 1167
f 463 1665 1005
f 434 1641 957
f 497 1704 1083
f 528 1737 1150
f 546 1750 1174
f 464 1676 1029
f 440 1644 963
f 500 1702 1077
f 524 1726 1126
f 479 1681 1036
f 418 1620 915
f 508 1710 1095
f 553 1755 1185
f 569 1771 1216
f 538 1740 1155
f 471 1673 1018
f 443 1647 970
f 501 1707 1090
f 523 1734 1143
f 467 1669 1012
f 433 1635 945
f 493 1698 1071
f 527 1729 1131
f 543 1745 1162
f 485 1687 1047
f 572 1774 1221
f 557 1762 1197
f 515 1720 1114
f 428 1632 940
f 591 2189 1284
f 587 1883 1260
f 588 1903 1296
f 594 2281 1314
f 597 2317 1332
f 600 2173 1380
f 634 2158 1542
f 619 2012 1451
f 639 2210 1577
f 602 1924 1367
f 624 2135 1488
f 608 1973 1392
f 610 1996 1439
f 627 2227 1512
f 630 2304 1530
f 635 2176 1548
f 615 2155 1470
f 617 2014 1457
f 637 2212 1583
f 604 1922 1361
f 416 1864 1270
f 408 1810 1246
f 406 1795 1251
f 412 1831 1287
f 415 1849 1305
f 424 1887 1335
f 492 2193 1552
f 582 2321 1474
f 565 2285 1600
f 514 1907 1353
f 461 2098 1480
f 453 2044 1402
f 451 1961 1407
f 457 2067 1491
f 460 2083 1503
f 475 2139 1534
f 439 1975 1413
f 496 1997 1443
f 533 2231 1593
f 551 2298 1384
f 579 2190 1324
f 483 1884 1276
f 426 1900 1264
f 521 2278 1300
f 566 2314 1318
f 489 2170 1342
f 578 2159 1563
f 560 2015 1461
f 518 2213 1587
f 429 1918 1348
f 547 2136 1522
f 465 1977 1419
f 441 1990 1396
f 504 2224 1498
f 537 2301 1516
f 550 2177 1558
f 476 2152 1426
f 444 2008 1432
f 502 2206 1569
f 526 1925 1371
f 481 1817 1281
f 420 1797 1257
f 510 1833 1293
f 555 1851 1311
f 571 1871 1329
f 540 1941 1377
f 473 2119 1539
f 447 2029 1450
f 507 2247 1576
f 534 2262 1366
f 469 2051 1485
f 435 1954 1389
f 498 2064 1438
f 529 2085 1509
f 545 2105 1527
f 487 2121 1545
f 574 2031 1467
f 562 2244 1456
f 520 2265 1582
f 432 1939 1360
f 589 1814 1271
f 583 1793 1247
f 586 1829 1254
f 593 1847 1290
f 596 1868 1308
f 599 1937 1338
f 633 2124 1553
f 620 2034 1475
f 640 2250 1601
f 603 2261 1356
f 622 2050 1481
f 607 1960 1403
f 612 2063 1410
f 626 2081 1494
f 629 2102 1506
f 631 2117 1535
f 614 2027 1416
f 618 2243 1446
f 641 2268 1596
f 605 1944 1385
f 409 1804 894
f 405 1785 887
f 411 1821 899
f 414 1839 905
f 417 1858 912
f 431 1929 941
f 488 2114 1050
f 575 2024 1224
f 563 2240 1200
f 519 2253 1115
f 454 2038 984
f 450 1951 977
f 456 2055 989
f 459 2073 995
f 462 2092 1002
f 472 2109 1019
f 446 2019 971
f 506 2235 1091
f 535 2258 1146
f 541 1934 1158
f 570 1861 1217
f 480 1807 1037
f 421 1790 918
f 511 1826 1098
f 556 1844 1188
f 484 1880 1044
f 580 2186 1236
f 567 2308 1212
f 522 2272 1122
f 427 1894 930
f 544 2095 1163
f 468 2041 1013
f 436 1948 948
f 499 2060 1074
f 530 2078 1134
f 548 2132 1170
f 466 1970 1008
f 442 1984 960
f 505 2218 1086
f 536 2289 1151
f 491 2181 1061
f 423 1875 923
f 513 1897 1103
f 564 2275 1205
f 581 2311 1241
f 549 2167 1175
f 477 2146 1032
f 445 2002 966
f 503 2200 1080
f 525 1915 1127
f 474 2127 1025
f 438 1965 953
f 495 1987 1067
f 532 2221 1139
f 552 2294 1182
f 490 2164 1056
f 577 2149 1229
f 559 2005 1193
f 517 2203 1109
f 430 1912 936
f 590 1870 1325
f 584 1816 1277
f 585 1800 1265
f 592 1836 1301
f 595 1854 1319
f 598 1890 1343
f 636 2196 1566
f 621 2320 1464
f 642 2284 1590
f 601 1906 1349
f 623 2104 1523
f 611 2047 1422
f 609 1958 1397
f 625 2070 1499
f 628 2088 1517
f 632 2142 1559
f 613 1980 1427
f 616 1994 1433
f 638 2230 1572
f 606 2297 1374
f 407 2329 892
f 403 2323 885
f 404 2326 897
f 410 2333 903
f 413 2336 910
f 422 2345 939
f 486 2409 1048
f 573 2496 1222
f 561 2485 1198
f 512 2435 1113
f 452 2374 982
f 448 2368 975
f 449 2371 987
f 455 2378 993
f 458 2381 1000
f 470 2392 1017
f 437 2360 969
f 494 2416 1089
f 531 2456 1144
f 539 2460 1156
f 568 2488 1215
f 478 2398 1035
f 419 2340 916
f 509 2430 1096
f 554 2475 1186
f 482 2404 1042
f 576 2501 1234
f 558 2482 1210
f 516 2440 1120
f 425 2347 928
f 542 2464 1161
f 463 2384 1011
f 434 2355 946
f 497 2419 1072
f 528 2451 1132
f 546 2470 1168
f 464 2385 1006
f 440 2362 958
f 500 2423 1084
f 524 2446 1149
f 479 2401 1059
f 418 2339 921
f 508 2429 1101
f 553 2474 1203
f 569 2491 1239
f 538 2459 1173
f 471 2395 1030
f 443 2365 964
f 501 2424 1078
f 523 2443 1125
f 467 2390 1023
f 433 2354 951
f 493 2413 1065
f 527 2450 1137
f 543 2467 1180
f 485 2408 1054
f 572 2495 1227
f 557 2479 1191
f 515 2437 1107
f 428 2350 934
f 591 2511 1326
f 587 2505 1278
f 588 2507 1266
f 594 2513 1302
f 597 2516 1320
f 600 2519 1344
f 634 2556 1565
f 619 2540 1463
f 639 2561 1589
f 602 2521 1350
f 624 2544 1524
f 608 2529 1421
f 610 2530 1398
f 627 2546 1500
f 630 2549 1518
f 635 2553 1560
f 615 2534 1428
f 617 2536 1434
f 637 2557 1571
f 604 2525 1373
f 164 1609 889
f 163 1605 883
f 165 1611 895
f 166 1614 901
f 167 1617 907
f 172 1631 937
f 190 1688 1045
f 219 1775 1219
f 215 1763 1195
f 201 1719 1111
f 179 1654 979
f 178 1650 973
f 180 1656 985
f 181 1659 991
f 182 1662 997
f 185 1672 1015
f 177 1646 967
f 197 1706 1087
f 206 1735 1141
f 208 1741 1153
f 218 1770 1213
f 188 1680 1033
f 168 1621 913
f 198 1711 1093
f 213 1756 1183
f 189 1684 1039
f 221 1780 1231
f 217 1767 1207
f 202 1722 1117
f 170 1627 925
f 209 1744 1159
f 184 1668 1009
f 173 1636 943
f 194 1699 1069
f 204 1730 1129
f 210 1748 1165
f 183 1666 1003
f 175 1642 955
f 196 1705 1081
f 207 1736 1147
f 192 1691 1057
f 169 1623 919
f 199 1713 1099
f 216 1764 1201
f 222 1781 1237
f 211 1749 1171
f 187 1677 1027
f 176 1645 961
f 195 1703 1075
f 203 1725 1123
f 186 1674 1021
f 174 1638 949
f 193 1695 1063
f 205 1732 1135
f 212 1752 1177
f 191 1690 1051
f 220 1777 1225
f 214 1759 1189
f 200 1717 1105
f 171 1630 931
f 358 2191 1322
f 256 1885 1274
f 261 1901 1262
f 387 2279 1298
f 399 2315 1316
f 351 2171 1340
f 348 2160 1561
f 300 2016 1459
f 366 2214 1585
f 267 1919 1346
f 340 2137 1520
f 287 1978 1417
f 291 1991 1394
f 369 2225 1496
f 395 2302 1514
f 354 2178 1556
f 345 2153 1424
f 297 2009 1430
f 363 2207 1567
f 270 1926 1369
f 247 1857 908
f 229 1803 890
f 223 1786 884
f 235 1822 896
f 241 1840 902
f 253 1876 920
f 355 2182 1058
f 398 2312 1238
f 386 2276 1202
f 260 1898 1100
f 325 2091 998
f 307 2037 980
f 278 1952 974
f 313 2056 986
f 319 2074 992
f 337 2128 1022
f 283 1966 950
f 290 1988 1064
f 368 2222 1136
f 392 2293 1178
f 356 2185 1232
f 254 1879 1040
f 259 1893 926
f 385 2271 1118
f 397 2307 1208
f 349 2163 1052
f 344 2150 1226
f 296 2006 1190
f 362 2204 1106
f 265 1911 932
f 338 2131 1166
f 284 1969 1004
f 289 1983 956
f 367 2217 1082
f 391 2290 1148
f 350 2168 1172
f 343 2145 1028
f 295 2001 962
f 361 2199 1076
f 266 1916 1124
f 230 1808 1034
f 224 1789 914
f 236 1825 1094
f 242 1843 1184
f 248 1862 1214
f 272 1933 1154
f 331 2110 1016
f 301 2020 968
f 373 2236 1088
f 380 2257 1142
f 308 2042 1010
f 277 1947 944
f 314 2059 1070
f 320 2077 1130
f 326 2096 1160
f 332 2113 1046
f 302 2023 1220
f 374 2239 1196
f 379 2254 1112
f 271 1930 938
f 234 1818 1279
f 227 1798 1255
f 239 1834 1291
f 245 1852 1309
f 252 1872 1327
f 275 1942 1375
f 334 2120 1537
f 304 2030 1448
f 377 2248 1574
f 382 2263 1364
f 312 2052 1483
f 279 1955 1387
f 316 2065 1436
f 323 2086 1507
f 330 2106 1525
f 335 2122 1543
f 305 2032 1465
f 376 2245 1454
f 383 2266 1580
f 274 1940 1358
f 232 1813 1267
f 225 1792 1243
f 237 1828 1250
f 243 1846 1286
f 250 1867 1304
f 273 1936 1334
f 336 2123 1549
f 306 2033 1471
f 378 2249 1597
f 381 2260 1352
f 311 2049 1477
f 281 1959 1399
f 315 2062 1406
f 321 2080 1490
f 328 2101 1502
f 333 2116 1531
f 303 2026 1412
f 375 2242 1442
f 384 2267 1592
f 276 1943 1381
f 251 1869 1321
f 233 1815 1273
f 228 1799 1261
f 240 1835 1297
f 246 1853 1315
f 258 1889 1339
f 360 2195 1562
f 401 2319 1460
f 389 2283 1586
f 263 1905 1345
f 329 2103 1519
f 310 2046 1418
f 280 1957 1393
f 318 2069 1495
f 324 2087 1513
f 342 2141 1555
f 288 1979 1423
f 292 1993 1429
f 371 2229 1568
f 393 2296 1370
f 357 2188 1280
f 255 1882 1256
f 262 1902 1292
f 388 2280 1310
f 400 2316 1328
f 352 2172 1376
f 347 2157 1538
f 298 2011 1447
f 364 2209 1573
f 269 1923 1363
f 339 2134 1484
f 285 1972 1388
f 293 1995 1435
f 370 2226 1508
f 396 2303 1526
f 353 2175 1544
f 346 2154 1466
f 299 2013 1453
f 365 2211 1579
f 268 1921 1357
f 249 1865 1268
f 231 1811 1244
f 226 1796 1249
f 238 1832 1285
f 244 1850 1303
f 257 1888 1333
f 359 2194 1550
f 402 2322 1472
f 390 2286 1598
f 264 1908 1351
f 327 2099 1478
f 309 2045 1400
f 282 1962 1405
f 317 2068 1489
f 322 2084 1501
f 341 2140 1532
f 286 1976 1411
f 294 1998 1441
f 372 2232 1591
f 394 2299 1382
f 416 2330 911
f 408 2324 893
f 406 2325 888
f 412 2332 900
f 415 2335 906
f 424 2344 924
f 492 2410 1062
f 582 2497 1242
f 565 2486 1206
f 514 2434 1104
f 461 2375 1001
f 453 2369 983
f 451 2370 978
f 457 2377 990
f 460 2380 996
f 475 2393 1026
f 439 2359 954
f 496 2415 1068
f 533 2455 1140
f 551 2461 1181
f 579 2489 1235
f 483 2399 1043
f 426 2341 929
f 521 2431 1121
f 566 2476 1211
f 489 2405 1055
f 578 2500 1230
f 560 2481 1194
f 518 2439 1110
f 429 2348 935
f 547 2465 1169
f 465 2383 1007
f 441 2356 959
f 504 2420 1085
f 537 2452 1152
f 550 2471 1176
f 476 2386 1031
f 444 2363 965
f 502 2422 1079
f 526 2445 1128
f 481 2400 1038
f 420 2338 917
f 510 2428 1097
f 555 2473 1187
f 571 2490 1218
f 540 2458 1157
f 473 2394 1020
f 447 2366 972
f 507 2425 1092
f 534 2444 1145
f 469 2389 1014
f 435 2353 947
f 498 2414 1073
f 529 2449 1133
f 545 2466 1164
f 487 2407 1049
f 574 2494 1223
f 562 2480 1199
f 520 2438 1116
f 432 2351 942
f 589 2510 1283
f 583 2504 1259
f 586 2508 1295
f 593 2514 1313
f 596 2517 1331
f 599 2520 1379
f 633 2554 1541
f 620 2539 1452
f 640 2560 1578
f 603 2523 1368
f 622 2543 1487
f 607 2527 1391
f 612 2532 1440
f 626 2547 1511
f 629 2550 1529
f 631 2552 1547
f 614 2535 1469
f 618 2538 1458
f 641 2558 1584
f 605 2524 1362
f 164 1607 1609
f 163 1603 1605
f 165 1604 1611
f 166 1610 1614
f 167 1613 1617
f 172 1622 1631
f 190 1686 1688
f 219 1773 1775
f 215 1761 1763
f 201 1712 1719
f 179 1652 1654
f 178 1648 1650
f 180 1649 1656
f 181 1655 1659
f 182 1658 1662
f 185 1670 1672
f 177 1637 1646
f 197 1694 1706
f 206 1731 1735
f 208 1739 1741
f 218 1768 1770
f 188 1678 1680
f 168 1619 1621
f 198 1709 1711
f 213 1754 1756
f 189 1682 1684
f 221 1776 1780
f 217 1758 1767
f 202 1716 1722
f 170 1625 1627
f 209 1742 1744
f 184 1663 1668
f 173 1634 1636
f 194 1697 1699
f 204 1728 1730
f 210 1746 1748
f 183 1664 1666
f 175 1640 1642
f 196 1700 1705
f 207 1724 1736
f 192 1679 1691
f 169 1618 1623
f 199 1708 1713
f 216 1753 1764
f 222 1769 1781
f 211 1738 1749
f 187 1671 1677
f 176 1643 1645
f 195 1701 1703
f 203 1723 1725
f 186 1667 1674
f 174 1633 1638
f 193 1693 1695
f 205 1727 1732
f 212 1743 1752
f 191 1685 1690
f 220 1772 1777
f 214 1757 1759
f 200 1715 1717
f 171 1628 1630
f 358 2187 2191
f 256 1881 1885
f 261 1899 1901
f 387 2277 2279
f 399 2313 2315
f 351 2169 2171
f 348 2156 2160
f 300 2010 2016
f 366 2208 2214
f 267 1917 1919
f 340 2133 2137
f 287 1971 1978
f 291 1989 1991
f 369 2223 2225
f 395 2300 2302
f 354 2174 2178
f 345 2151 2153
f 297 2007 2009
f 363 2205 2207
f 270 1920 1926
f 247 1855 1857
f 229 1801 1803
f 223 1784 1786
f 235 1820 1822
f 241 1838 1840
f 253 1874 1876
f 355 2180 2182
f 398 2310 2312
f 386 2274 2276
f 260 1896 1898
f 325 2089 2091
f 307 2035 2037
f 278 1950 1952
f 313 2054 2056
f 319 2072 2074
f 337 2126 2128
f 283 1964 1966
f 290 1986 1988
f 368 2220 2222
f 392 2291 2293
f 356 2183 2185
f 254 1877 1879
f 259 1891 1893
f 385 2269 2271
f 397 2305 2307
f 349 2161 2163
f 344 2148 2150
f 296 2004 2006
f 362 2202 2204
f 265 1909 1911
f 338 2129 2131
f 284 1967 1969
f 289 1981 1983
f 367 2215 2217
f 391 2288 2290
f 350 2166 2168
f 343 2143 2145
f 295 1999 2001
f 361 2197 2199
f 266 1914 1916
f 230 1806 1808
f 224 1787 1789
f 236 1823 1825
f 242 1841 1843
f 248 1860 1862
f 272 1931 1933
f 331 2108 2110
f 301 2018 2020
f 373 2234 2236
f 380 2255 2257
f 308 2040 2042
f 277 1945 1947
f 314 2057 2059
f 320 2075 2077
f 326 2094 2096
f 332 2111 2113
f 302 2021 2023
f 374 2237 2239
f 379 2252 2254
f 271 1928 1930
f 234 1812 1818
f 227 1791 1798
f 239 1827 1834
f 245 1845 1852
f 252 1866 1872
f 275 1935 1942
f 334 2118 2120
f 304 2028 2030
f 377 2246 2248
f 382 2259 2263
f 312 2048 2052
f 279 1953 1955
f 316 2061 2065
f 323 2079 2086
f 330 2100 2106
f 335 2115 2122
f 305 2025 2032
f 376 2241 2245
f 383 2264 2266
f 274 1938 1940
f 232 1802 1813
f 225 1783 1792
f 237 1819 1828
f 243 1837 1846
f 250 1856 1867
f 273 1927 1936
f 336 2112 2123
f 306 2022 2033
f 378 2238 2249
f 381 2251 2260
f 311 2036 2049
f 281 1949 1959
f 315 2053 2062
f 321 2071 2080
f 328 2090 2101
f 333 2107 2116
f 303 2017 2026
f 375 2233 2242
f 384 2256 2267
f 276 1932 1943
f 251 1859 1869
f 233 1805 1815
f 228 1788 1799
f 240 1824 1835
f 246 1842 1853
f 258 1878 1889
f 360 2184 2195
f 401 2306 2319
f 389 2270 2283
f 263 1892 1905
f 329 2093 2103
f 310 2039 2046
f 280 1946 1957
f 318 2058 2069
f 324 2076 2087
f 342 2130 2141
f 288 1968 1979
f 292 1982 1993
f 371 2216 2229
f 393 2287 2296
f 357 2179 2188
f 255 1873 1882
f 262 1895 1902
f 388 2273 2280
f 400 2309 2316
f 352 2165 2172
f 347 2144 2157
f 298 2000 2011
f 364 2198 2209
f 269 1913 1923
f 339 2125 2134
f 285 1963 1972
f 293 1985 1995
f 370 2219 2226
f 396 2292 2303
f 353 2162 2175
f 346 2147 2154
f 299 2003 2013
f 365 2201 2211
f 268 1910 1921
f 249 1863 1865
f 231 1809 1811
f 226 1794 1796
f 238 1830 1832
f 244 1848 1850
f 257 1886 1888
f 359 2192 2194
f 402 2318 2322
f 390 2282 2286
f 264 1904 1908
f 327 2097 2099
f 309 2043 2045
f 282 1956 1962
f 317 2066 2068
f 322 2082 2084
f 341 2138 2140
f 286 1974 1976
f 294 1992 1998
f 372 2228 2232
f 394 2295 2299
f 416 2331 2330
f 408 2327 2324
f 406 2328 2325
f 412 2334 2332
f 415 2337 2335
f 424 2346 2344
f 492 2412 2410
f 582 2499 2497
f 565 2487 2486
f 514 2436 2434
f 461 2376 2375
f 453 2372 2369
f 451 2373 2370
f 457 2379 2377
f 460 2382 2380
f 475 2396 2393
f 439 2361 2359
f 496 2418 2415
f 533 2457 2455
f 551 2463 2461
f 579 2492 2489
f 483 2402 2399
f 426 2343 2341
f 521 2433 2431
f 566 2478 2476
f 489 2406 2405
f 578 2502 2500
f 560 2484 2481
f 518 2442 2439
f 429 2349 2348
f 547 2468 2465
f 465 2387 2383
f 441 2358 2356
f 504 2421 2420
f 537 2454 2452
f 550 2472 2471
f 476 2388 2386
f 444 2364 2363
f 502 2426 2422
f 526 2448 2445
f 481 2403 2400
f 420 2342 2338
f 510 2432 2428
f 555 2477 2473
f 571 2493 2490
f 540 2462 2458
f 473 2397 2394
f 447 2367 2366
f 507 2427 2425
f 534 2447 2444
f 469 2391 2389
f 435 2357 2353
f 498 2417 2414
f 529 2453 2449
f 545 2469 2466
f 487 2411 2407
f 574 2498 2494
f 562 2483 2480
f 520 2441 2438
f 432 2352 2351
f 589 2509 2510
f 583 2503 2504
f 586 2506 2508
f 593 2512 2514
f 596 2515 2517
f 599 2518 2520
f 633 2555 2554
f 620 2541 2539
f 640 2562 2560
f 603 2522 2523
f 622 2542 2543
f 607 2528 2527
f 612 2531 2532
f 626 2545 2547
f 629 2548 2550
f 631 2551 2552
f 614 2533 2535
f 618 2537 2538
f 641 2559 2558
f 605 2526 2524
f 164 644 1607
f 163 643 1603
f 165 645 1604
f 166 646 1610
f 167 647 1613
f 172 652 1622
f 190 670 1686
f 219 699 1773
f 215 695 1761
f 201 681 1712
f 179 659 1652
f 178 658 1648
f 180 660 1649
f 181 661 1655
f 182 662 1658
f 185 665 1670
f 177 657 1637
f 197 677 1694
f 206 686 1731
f 208 688 1739
f 218 698 1768
f 188 668 1678
f 168 648 1619
f 198 678 1709
f 213 693 1754
f 189 669 1682
f 221 701 1776
f 217 697 1758
f 202 682 1716
f 170 650 1625
f 209 689 1742
f 184 664 1663
f 173 653 1634
f 194 674 1697
f 204 684 1728
f 210 690 1746
f 183 663 1664
f 175 655 1640
f 196 676 1700
f 207 687 1724
f 192 672 1679
f 169 649 1618
f 199 679 1708
f 216 696 1753
f 222 702 1769
f 211 691 1738
f 187 667 1671
f 176 656 1643
f 195 675 1701
f 203 683 1723
f 186 666 1667
f 174 654 1633
f 193 673 1693
f 205 685 1727
f 212 692 1743
f 191 671 1685
f 220 700 1772
f 214 694 1757
f 200 680 1715
f 171 651 1628
f 358 838 2187
f 256 736 1881
f 261 741 1899
f 387 867 2277
f 399 879 2313
f 351 831 2169
f 348 828 2156
f 300 780 2010
f 366 846 2208
f 267 747 1917
f 340 820 2133
f 287 767 1971
f 291 771 1989
f 369 849 2223
f 395 875 2300
f 354 834 2174
f 345 825 2151
f 297 777 2007
f 363 843 2205
f 270 750 1920
f 247 727 1855
f 229 709 1801
f 223 703 1784
f 235 715 1820
f 241 721 1838
f 253 733 1874
f 355 835 2180
f 398 878 2310
f 386 866 2274
f 260 740 1896
f 325 805 2089
f 307 787 2035
f 278 758 1950
f 313 793 2054
f 319 799 2072
f 337 817 2126
f 283 763 1964
f 290 770 1986
f 368 848 2220
f 392 872 2291
f 356 836 2183
f 254 734 1877
f 259 739 1891
f 385 865 2269
f 397 877 2305
f 349 829 2161
f 344 824 2148
f 296 776 2004
f 362 842 2202
f 265 745 1909
f 338 818 2129
f 284 764 1967
f 289 769 1981
f 367 847 2215
f 391 871 2288
f 350 830 2166
f 343 823 2143
f 295 775 1999
f 361 841 2197
f 266 746 1914
f 230 710 1806
f 224 704 1787
f 236 716 1823
f 242 722 1841
f 248 728 1860
f 272 752 1931
f 331 811 2108
f 301 781 2018
f 373 853 2234
f 380 860 2255
f 308 788 2040
f 277 757 1945
f 314 794 2057
f 320 800 2075
f 326 806 2094
f 332 812 2111
f 302 782 2021
f 374 854 2237
f 379 859 2252
f 271 751 1928
f 234 714 1812
f 227 707 1791
f 239 719 1827
f 245 725 1845
f 252 732 1866
f 275 755 1935
f 334 814 2118
f 304 784 2028
f 377 857 2246
f 382 862 2259
f 312 792 2048
f 279 759 1953
f 316 796 2061
f 323 803 2079
f 330 810 2100
f 335 815 2115
f 305 785 2025
f 376 856 2241
f 383 863 2264
f 274 754 1938
f 232 712 1802
f 225 705 1783
f 237 717 1819
f 243 723 1837
f 250 730 1856
f 273 753 1927
f 336 816 2112
f 306 786 2022
f 378 858 2238
f 381 861 2251
f 311 791 2036
f 281 761 1949
f 315 795 2053
f 321 801 2071
f 328 808 2090
f 333 813 2107
f 303 783 2017
f 375 855 2233
f 384 864 2256
f 276 756 1932
f 251 731 1859
f 233 713 1805
f 228 708 1788
f 240 720 1824
f 246 726 1842
f 258 738 1878
f 360 840 2184
f 401 881 2306
f 389 869 2270
f 263 743 1892
f 329 809 2093
f 310 790 2039
f 280 760 1946
f 318 798 2058
f 324 804 2076
f 342 822 2130
f 288 768 1968
f 292 772 1982
f 371 851 2216
f 393 873 2287
f 357 837 2179
f 255 735 1873
f 262 742 1895
f 388 868 2273
f 400 880 2309
f 352 832 2165
f 347 827 2144
f 298 778 2000
f 364 844 2198
f 269 749 1913
f 339 819 2125
f 285 765 1963
f 293 773 1985
f 370 850 2219
f 396 876 2292
f 353 833 2162
f 346 826 2147
f 299 779 2003
f 365 845 2201
f 268 748 1910
f 249 729 1863
f 231 711 1809
f 226 706 1794
f 238 718 1830
f 244 724 1848
f 257 737 1886
f 359 839 2192
f 402 882 2318
f 390 870 2282
f 264 744 1904
f 327 807 2097
f 309 789 2043
f 282 762 1956
f 317 797 2066
f 322 802 2082
f 341 821 2138
f 286 766 1974
f 294 774 1992
f 372 852 2228
f 394 874 2295
f 416 1270 2331
f 408 1246 2327
f 406 1251 2328
f 412 1287 2334
f 415 1305 2337
f 424 1335 2346
f 492 1552 2412
f 582 1474 2499
f 565 1600 2487
f 514 1353 2436
f 461 1480 2376
f 453 1402 2372
f 451 1407 2373
f 457 1491 2379
f 460 1503 2382
f 475 1534 2396
f 439 1413 2361
f 496 1443 2418
f 533 1593 2457
f 551 1384 2463
f 579 1324 2492
f 483 1276 2402
f 426 1264 2343
f 521 1300 2433
f 566 1318 2478
f 489 1342 2406
f 578 1563 2502
f 560 1461 2484
f 518 1587 2442
f 429 1348 2349
f 547 1522 2468
f 465 1419 2387
f 441 1396 2358
f 504 1498 2421
f 537 1516 2454
f 550 1558 2472
f 476 1426 2388
f 444 1432 2364
f 502 1569 2426
f 526 1371 2448
f 481 1281 2403
f 420 1257 2342
f 510 1293 2432
f 555 1311 2477
f 571 1329 2493
f 540 1377 2462
f 473 1539 2397
f 447 1450 2367
f 507 1576 2427
f 534 1366 2447
f 469 1485 2391
f 435 1389 2357
f 498 1438 2417
f 529 1509 2453
f 545 1527 2469
f 487 1545 2411
f 574 1467 2498
f 562 1456 2483
f 520 1582 2441
f 432 1360 2352
f 589 1271 2509
f 583 1247 2503
f 586 1254 2506
f 593 1290 2512
f 596 1308 2515
f 599 1338 2518
f 633 1553 2555
f 620 1475 2541
f 640 1601 2562
f 603 1356 2522
f 622 1481 2542
f 607 1403 2528
f 612 1410 2531
f 626 1494 2545
f 629 1506 2548
f 631 1535 2551
f 614 1416 2533
f 618 1446 2537
f 641 1596 2559
f 605 1385 2526
f 167 907 1616
f 164 889 1608
f 163 883 1606
f 165 895 1612
f 166 901 1615
f 169 919 1624
f 192 1057 1692
f 222 1237 1782
f 216 1201 1765
f 199 1099 1714
f 182 997 1661
f 179 979 1653
f 178 973 1651
f 180 985 1657
f 181 991 1660
f 186 1021 1675
f 174 949 1639
f 193 1063 1696
f 205 1135 1733
f 212 1177 1751
f 221 1231 1779
f 189 1039 1683
f 170 925 1626
f 202 1117 1721
f 217 1207 1766
f 191 1051 1689
f 220 1225 1778
f 214 1189 1760
f 200 1105 1718
f 171 931 1629
f 210 1165 1747
f 183 1003 1665
f 175 955 1641
f 196 1081 1704
f 207 1147 1737
f 211 1171 1750
f 187 1027 1676
f 176 961 1644
f 195 1075 1702
f 203 1123 1726
f 188 1033 1681
f 168 913 1620
f 198 1093 1710
f 213 1183 1755
f 218 1213 1771
f 208 1153 1740
f 185 1015 1673
f 177 967 1647
f 197 1087 1707
f 206 1141 1734
f 184 1009 1669
f 173 943 1635
f 194 1069 1698
f 204 1129 1729
f 209 1159 1745
f 190 1045 1687
f 219 1219 1774
f 215 1195 1762
f 201 1111 1720
f 172 937 1632
f 357 1280 2189
f 255 1256 1883
f 262 1292 1903
f 388 1310 2281
f 400 1328 2317
f 352 1376 2173
f 347 1538 2158
f 298 1447 2012
f 364 1573 2210
f 269 1363 1924
f 339 1484 2135
f 285 1388 1973
f 293 1435 1996
f 370 1508 2227
f 396 1526 2304
f 353 1544 2176
f 346 1466 2155
f 299 1453 2014
f 365 1579 2212
f 268 1357 1922
f 249 1268 1864
f 231 1244 1810
f 226 1249 1795
f 238 1285 1831
f 244 1303 1849
f 257 1333 1887
f 359 1550 2193
f 402 1472 2321
f 390 1598 2285
f 264 1351 1907
f 327 1478 2098
f 309 1400 2044
f 282 1405 1961
f 317 1489 2067
f 322 1501 2083
f 341 1532 2139
f 286 1411 1975
f 294 1441 1997
f 372 1591 2231
f 394 1382 2298
f 358 1322 2190
f 256 1274 1884
f 261 1262 1900
f 387 1298 2278
f 399 1316 2314
f 351 1340 2170
f 348 1561 2159
f 300 1459 2015
f 366 1585 2213
f 267 1346 1918
f 340 1520 2136
f 287 1417 1977
f 291 1394 1990
f 369 1496 2224
f 395 1514 2301
f 354 1556 2177
f 345 1424 2152
f 297 1430 2008
f 363 1567 2206
f 270 1369 1925
f 234 1279 1817
f 227 1255 1797
f 239 1291 1833
f 245 1309 1851
f 252 1327 1871
f 275 1375 1941
f 334 1537 2119
f 304 1448 2029
f 377 1574 2247
f 382 1364 2262
f 312 1483 2051
f 279 1387 1954
f 316 1436 2064
f 323 1507 2085
f 330 1525 2105
f 335 1543 2121
f 305 1465 2031
f 376 1454 2244
f 383 1580 2265
f 274 1358 1939
f 232 1267 1814
f 225 1243 1793
f 237 1250 1829
f 243 1286 1847
f 250 1304 1868
f 273 1334 1937
f 336 1549 2124
f 306 1471 2034
f 378 1597 2250
f 381 1352 2261
f 311 1477 2050
f 281 1399 1960
f 315 1406 2063
f 321 1490 2081
f 328 1502 2102
f 333 1531 2117
f 303 1412 2027
f 375 1442 2243
f 384 1592 2268
f 276 1381 1944
f 229 890 1804
f 223 884 1785
f 235 896 1821
f 241 902 1839
f 247 908 1858
f 271 938 1929
f 332 1046 2114
f 302 1220 2024
f 374 1196 2240
f 379 1112 2253
f 307 980 2038
f 278 974 1951
f 313 986 2055
f 319 992 2073
f 325 998 2092
f 331 1016 2109
f 301 968 2019
f 373 1088 2235
f 380 1142 2258
f 272 1154 1934
f 248 1214 1861
f 230 1034 1807
f 224 914 1790
f 236 1094 1826
f 242 1184 1844
f 254 1040 1880
f 356 1232 2186
f 397 1208 2308
f 385 1118 2272
f 259 926 1894
f 326 1160 2095
f 308 1010 2041
f 277 944 1948
f 314 1070 2060
f 320 1130 2078
f 338 1166 2132
f 284 1004 1970
f 289 956 1984
f 367 1082 2218
f 391 1148 2289
f 355 1058 2181
f 253 920 1875
f 260 1100 1897
f 386 1202 2275
f 398 1238 2311
f 350 1172 2167
f 343 1028 2146
f 295 962 2002
f 361 1076 2200
f 266 1124 1915
f 337 1022 2127
f 283 950 1965
f 290 1064 1987
f 368 1136 2221
f 392 1178 2294
f 349 1052 2164
f 344 1226 2149
f 296 1190 2005
f 362 1106 2203
f 265 932 1912
f 251 1321 1870
f 233 1273 1816
f 228 1261 1800
f 240 1297 1836
f 246 1315 1854
f 258 1339 1890
f 360 1562 2196
f 401 1460 2320
f 389 1586 2284
f 263 1345 1906
f 329 1519 2104
f 310 1418 2047
f 280 1393 1958
f 318 1495 2070
f 324 1513 2088
f 342 1555 2142
f 288 1423 1980
f 292 1429 1994
f 371 1568 2230
f 393 1370 2297
f 409 894 2329
f 405 887 2323
f 411 899 2326
f 414 905 2333
f 417 912 2336
f 431 941 2345
f 488 1050 2409
f 575 1224 2496
f 563 1200 2485
f 519 1115 2435
f 454 984 2374
f 450 977 2368
f 456 989 2371
f 459 995 2378
f 462 1002 2381
f 472 1019 2392
f 446 971 2360
f 506 1091 2416
f 535 1146 2456
f 541 1158 2460
f 570 1217 2488
f 480 1037 2398
f 421 918 2340
f 511 1098 2430
f 556 1188 2475
f 484 1044 2404
f 580 1236 2501
f 567 1212 2482
f 522 1122 2440
f 427 930 2347
f 544 1163 2464
f 468 1013 2384
f 436 948 2355
f 499 1074 2419
f 530 1134 2451
f 548 1170 2470
f 466 1008 2385
f 442 960 2362
f 505 1086 2423
f 536 1151 2446
f 491 1061 2401
f 423 923 2339
f 513 1103 2429
f 564 1205 2474
f 581 1241 2491
f 549 1175 2459
f 477 1032 2395
f 445 966 2365
f 503 1080 2424
f 525 1127 2443
f 474 1025 2390
f 438 953 2354
f 495 1067 2413
f 532 1139 2450
f 552 1182 2467
f 490 1056 2408
f 577 1229 2495
f 559 1193 2479
f 517 1109 2437
f 430 936 2350
f 590 1325 2511
f 584 1277 2505
f 585 1265 2507
f 592 1301 2513
f 595 1319 2516
f 598 1343 2519
f 636 1566 2556
f 621 1464 2540
f 642 1590 2561
f 601 1349 2521
f 623 1523 2544
f 611 1422 2529
f 609 1397 2530
f 625 1499 2546
f 628 1517 2549
f 632 1559 2553
f 613 1427 2534
f 616 1433 2536
f 638 1572 2557
f 606 1374 2525
f 407 892 1609
f 403 885 1605
f 404 897 1611
f 410 903 1614
f 413 910 1617
f 422 939 1631
f 486 1048 1688
f 573 1222 1775
f 561 1198 1763
f 512 1113 1719
f 452 982 1654
f 448 975 1650
f 449 987 1656
f 455 993 1659
f 458 1000 1662
f 470 1017 1672
f 437 969 1646
f 494 1089 1706
f 531 1144 1735
f 539 1156 1741
f 568 1215 1770
f 478 1035 1680
f 419 916 1621
f 509 1096 1711
f 554 1186 1756
f 482 1042 1684
f 576 1234 1780
f 558 1210 1767
f 516 1120 1722
f 425 928 1627
f 542 1161 1744
f 463 1011 1668
f 434 946 1636
f 497 1072 1699
f 528 1132 1730
f 546 1168 1748
f 464 1006 1666
f 440 958 1642
f 500 1084 1705
f 524 1149 1736
f 479 1059 1691
f 418 921 1623
f 508 1101 1713
f 553 1203 1764
f 569 1239 1781
f 538 1173 1749
f 471 1030 1677
f 443 964 1645
f 501 1078 1703
f 523 1125 1725
f 467 1023 1674
f 433 951 1638
f 493 1065 1695
f 527 1137 1732
f 543 1180 1752
f 485 1054 1690
f 572 1227 1777
f 557 1191 1759
f 515 1107 1717
f 428 934 1630
f 591 1326 2191
f 587 1278 1885
f 588 1266 1901
f 594 1302 2279
f 597 1320 2315
f 600 1344 2171
f 634 1565 2160
f 619 1463 2016
f 639 1589 2214
f 602 1350 1919
f 624 1524 2137
f 608 1421 1978
f 610 1398 1991
f 627 1500 2225
f 630 1518 2302
f 635 1560 2178
f 615 1428 2153
f 617 1434 2009
f 637 1571 2207
f 604 1373 1926
f 416 911 1857
f 408 893 1803
f 406 888 1786
f 412 900 1822
f 415 906 1840
f 424 924 1876
f 492 1062 2182
f 582 1242 2312
f 565 1206 2276
f 514 1104 1898
f 461 1001 2091
f 453 983 2037
f 451 978 1952
f 457 990 2056
f 460 996 2074
f 475 1026 2128
f 439 954 1966
f 496 1068 1988
f 533 1140 2222
f 551 1181 2293
f 579 1235 2185
f 483 1043 1879
f 426 929 1893
f 521 1121 2271
f 566 1211 2307
f 489 1055 2163
f 578 1230 2150
f 560 1194 2006
f 518 1110 2204
f 429 935 1911
f 547 1169 2131
f 465 1007 1969
f 441 959 1983
f 504 1085 2217
f 537 1152 2290
f 550 1176 2168
f 476 1031 2145
f 444 965 2001
f 502 1079 2199
f 526 1128 1916
f 481 1038 1808
f 420 917 1789
f 510 1097 1825
f 555 1187 1843
f 571 1218 1862
f 540 1157 1933
f 473 1020 2110
f 447 972 2020
f 507 1092 2236
f 534 1145 2257
f 469 1014 2042
f 435 947 1947
f 498 1073 2059
f 529 1133 2077
f 545 1164 2096
f 487 1049 2113
f 574 1223 2023
f 562 1199 2239
f 520 1116 2254
f 432 942 1930
f 589 1283 1818
f 583 1259 1798
f 586 1295 1834
f 593 1313 1852
f 596 1331 1872
f 599 1379 1942
f 633 1541 2120
f 620 1452 2030
f 640 1578 2248
f 603 1368 2263
f 622 1487 2052
f 607 1391 1955
f 612 1440 2065
f 626 1511 2086
f 629 1529 2106
f 631 1547 2122
f 614 1469 2032
f 618 1458 2245
f 641 1584 2266
f 605 1362 1940
f 409 1269 1813
f 405 1245 1792
f 411 1252 1828
f 414 1288 1846
f 417 1306 1867
f 431 1336 1936
f 488 1551 2123
f 575 1473 2033
f 563 1599 2249
f 519 1354 2260
f 454 1479 2049
f 450 1401 1959
f 456 1408 2062
f 459 1492 2080
f 462 1504 2101
f 472 1533 2116
f 446 1414 2026
f 506 1444 2242
f 535 1594 2267
f 541 1383 1943
f 570 1323 1869
f 480 1275 1815
f 421 1263 1799
f 511 1299 1835
f 556 1317 1853
f 484 1341 1889
f 580 1564 2195
f 567 1462 2319
f 522 1588 2283
f 427 1347 1905
f 544 1521 2103
f 468 1420 2046
f 436 1395 1957
f 499 1497 2069
f 530 1515 2087
f 548 1557 2141
f 466 1425 1979
f 442 1431 1993
f 505 1570 2229
f 536 1372 2296
f 491 1282 2188
f 423 1258 1882
f 513 1294 1902
f 564 1312 2280
f 581 1330 2316
f 549 1378 2172
f 477 1540 2157
f 445 1449 2011
f 503 1575 2209
f 525 1365 1923
f 474 1486 2134
f 438 1390 1972
f 495 1437 1995
f 532 1510 2226
f 552 1528 2303
f 490 1546 2175
f 577 1468 2154
f 559 1455 2013
f 517 1581 2211
f 430 1359 1921
f 590 1272 1865
f 584 1248 1811
f 585 1253 1796
f 592 1289 1832
f 595 1307 1850
f 598 1337 1888
f 636 1554 2194
f 621 1476 2322
f 642 1602 2286
f 601 1355 1908
f 623 1482 2099
f 611 1404 2045
f 609 1409 1962
f 625 1493 2068
f 628 1505 2084
f 632 1536 2140
f 613 1415 1976
f 616 1445 1998
f 638 1595 2232
f 606 1386 2299
f 407 909 2330
f 403 891 2324
f 404 886 2325
f 410 898 2332
f 413 904 2335
f 422 922 2344
f 486 1060 2410
f 573 1240 2497
f 561 1204 2486
f 512 1102 2434
f 452 999 2375
f 448 981 2369
f 449 976 2370
f 455 988 2377
f 458 994 2380
f 470 1024 2393
f 437 952 2359
f 494 1066 2415
f 531 1138 2455
f 539 1179 2461
f 568 1233 2489
f 478 1041 2399
f 419 927 2341
f 509 1119 2431
f 554 1209 2476
f 482 1053 2405
f 576 1228 2500
f 558 1192 2481
f 516 1108 2439
f 425 933 2348
f 542 1167 2465
f 463 1005 2383
f 434 957 2356
f 497 1083 2420
f 528 1150 2452
f 546 1174 2471
f 464 1029 2386
f 440 963 2363
f 500 1077 2422
f 524 1126 2445
f 479 1036 2400
f 418 915 2338
f 508 1095 2428
f 553 1185 2473
f 569 1216 2490
f 538 1155 2458
f 471 1018 2394
f 443 970 2366
f 501 1090 2425
f 523 1143 2444
f 467 1012 2389
f 433 945 2353
f 493 1071 2414
f 527 1131 2449
f 543 1162 2466
f 485 1047 2407
f 572 1221 2494
f 557 1197 2480
f 515 1114 2438
f 428 940 2351
f 591 1284 2510
f 587 1260 2504
f 588 1296 2508
f 594 1314 2514
f 597 1332 2517
f 600 1380 2520
f 634 1542 2554
f 619 1451 2539
f 639 1577 2560
f 602 1367 2523
f 624 1488 2543
f 608 1392 2527
f 610 1439 2532
f 627 1512 2547
f 630 1530 2550
f 635 1548 2552
f 615 1470 2535
f 617 1457 2538
f 637 1583 2558
f 604 1361 2524
f 167 1616 1607
f 164 1608 1603
f 163 1606 1604
f 165 1612 1610
f 166 1615 1613
f 169 1624 1622
f 192 1692 1686
f 222 1782 1773
f 216 1765 1761
f 199 1714 1712
f 182 1661 1652
f 179 1653 1648
f 178 1651 1649
f 180 1657 1655
f 181 1660 1658
f 186 1675 1670
f 174 1639 1637
f 193 1696 1694
f 205 1733 1731
f 212 1751 1739
f 221 1779 1768
f 189 1683 1678
f 170 1626 1619
f 202 1721 1709
f 217 1766 1754
f 191 1689 1682
f 220 1778 1776
f 214 1760 1758
f 200 1718 1716
f 171 1629 1625
f 210 1747 1742
f 183 1665 1663
f 175 1641 1634
f 196 1704 1697
f 207 1737 1728
f 211 1750 1746
f 187 1676 1664
f 176 1644 1640
f 195 1702 1700
f 203 1726 1724
f 188 1681 1679
f 168 1620 1618
f 198 1710 1708
f 213 1755 1753
f 218 1771 1769
f 208 1740 1738
f 185 1673 1671
f 177 1647 1643
f 197 1707 1701
f 206 1734 1723
f 184 1669 1667
f 173 1635 1633
f 194 1698 1693
f 204 1729 1727
f 209 1745 1743
f 190 1687 1685
f 219 1774 1772
f 215 1762 1757
f 201 1720 1715
f 172 1632 1628
f 357 2189 2187
f 255 1883 1881
f 262 1903 1899
f 388 2281 2277
f 400 2317 2313
f 352 2173 2169
f 347 2158 2156
f 298 2012 2010
f 364 2210 2208
f 269 1924 1917
f 339 2135 2133
f 285 1973 1971
f 293 1996 1989
f 370 2227 2223
f 396 2304 2300
f 353 2176 2174
f 346 2155 2151
f 299 2014 2007
f 365 2212 2205
f 268 1922 1920
f 249 1864 1855
f 231 1810 1801
f 226 1795 1784
f 238 1831 1820
f 244 1849 1838
f 257 1887 1874
f 359 2193 2180
f 402 2321 2310
f 390 2285 2274
f 264 1907 1896
f 327 2098 2089
f 309 2044 2035
f 282 1961 1950
f 317 2067 2054
f 322 2083 2072
f 341 2139 2126
f 286 1975 1964
f 294 1997 1986
f 372 2231 2220
f 394 2298 2291
f 358 2190 2183
f 256 1884 1877
f 261 1900 1891
f 387 2278 2269
f 399 2314 2305
f 351 2170 2161
f 348 2159 2148
f 300 2015 2004
f 366 2213 2202
f 267 1918 1909
f 340 2136 2129
f 287 1977 1967
f 291 1990 1981
f 369 2224 2215
f 395 2301 2288
f 354 2177 2166
f 345 2152 2143
f 297 2008 1999
f 363 2206 2197
f 270 1925 1914
f 234 1817 1806
f 227 1797 1787
f 239 1833 1823
f 245 1851 1841
f 252 1871 1860
f 275 1941 1931
f 334 2119 2108
f 304 2029 2018
f 377 2247 2234
f 382 2262 2255
f 312 2051 2040
f 279 1954 1945
f 316 2064 2057
f 323 2085 2075
f 330 2105 2094
f 335 2121 2111
f 305 2031 2021
f 376 2244 2237
f 383 2265 2252
f 274 1939 1928
f 232 1814 1812
f 225 1793 1791
f 237 1829 1827
f 243 1847 1845
f 250 1868 1866
f 273 1937 1935
f 336 2124 2118
f 306 2034 2028
f 378 2250 2246
f 381 2261 2259
f 311 2050 2048
f 281 1960 1953
f 315 2063 2061
f 321 2081 2079
f 328 2102 2100
f 333 2117 2115
f 303 2027 2025
f 375 2243 2241
f 384 2268 2264
f 276 1944 1938
f 229 1804 1802
f 223 1785 1783
f 235 1821 1819
f 241 1839 1837
f 247 1858 1856
f 271 1929 1927
f 332 2114 2112
f 302 2024 2022
f 374 2240 2238
f 379 2253 2251
f 307 2038 2036
f 278 1951 1949
f 313 2055 2053
f 319 2073 2071
f 325 2092 2090
f 331 2109 2107
f 301 2019 2017
f 373 2235 2233
f 380 2258 2256
f 272 1934 1932
f 248 1861 1859
f 230 1807 1805
f 224 1790 1788
f 236 1826 1824
f 242 1844 1842
f 254 1880 1878
f 356 2186 2184
f 397 2308 2306
f 385 2272 2270
f 259 1894 1892
f 326 2095 2093
f 308 2041 2039
f 277 1948 1946
f 314 2060 2058
f 320 2078 2076
f 338 2132 2130
f 284 1970 1968
f 289 1984 1982
f 367 2218 2216
f 391 2289 2287
f 355 2181 2179
f 253 1875 1873
f 260 1897 1895
f 386 2275 2273
f 398 2311 2309
f 350 2167 2165
f 343 2146 2144
f 295 2002 2000
f 361 2200 2198
f 266 1915 1913
f 337 2127 2125
f 283 1965 1963
f 290 1987 1985
f 368 2221 2219
f 392 2294 2292
f 349 2164 2162
f 344 2149 2147
f 296 2005 2003
f 362 2203 2201
f 265 1912 1910
f 251 1870 1863
f 233 1816 1809
f 228 1800 1794
f 240 1836 1830
f 246 1854 1848
f 258 1890 1886
f 360 2196 2192
f 401 2320 2318
f 389 2284 2282
f 263 1906 1904
f 329 2104 2097
f 310 2047 2043
f 280 1958 1956
f 318 2070 2066
f 324 2088 2082
f 342 2142 2138
f 288 1980 1974
f 292 1994 1992
f 371 2230 2228
f 393 2297 2295
f 409 2329 2331
f 405 2323 2327
f 411 2326 2328
f 414 2333 2334
f 417 2336 2337
f 431 2345 2346
f 488 2409 2412
f 575 2496 2499
f 563 2485 2487
f 519 2435 2436
f 454 2374 2376
f 450 2368 2372
f 456 2371 2373
f 459 2378 2379
f 462 2381 2382
f 472 2392 2396
f 446 2360 2361
f 506 2416 2418
f 535 2456 2457
f 541 2460 2463
f 570 2488 2492
f 480 2398 2402
f 421 2340 2343
f 511 2430 2433
f 556 2475 2478
f 484 2404 2406
f 580 2501 2502
f 567 2482 2484
f 522 2440 2442
f 427 2347 2349
f 544 2464 2468
f 468 2384 2387
f 436 2355 2358
f 499 2419 2421
f 530 2451 2454
f 548 2470 2472
f 466 2385 2388
f 442 2362 2364
f 505 2423 2426
f 536 2446 2448
f 491 2401 2403
f 423 2339 2342
f 513 2429 2432
f 564 2474 2477
f 581 2491 2493
f 549 2459 2462
f 477 2395 2397
f 445 2365 2367
f 503 2424 2427
f 525 2443 2447
f 474 2390 2391
f 438 2354 2357
f 495 2413 2417
f 532 2450 2453
f 552 2467 2469
f 490 2408 2411
f 577 2495 2498
f 559 2479 2483
f 517 2437 2441
f 430 2350 2352
f 590 2511 2509
f 584 2505 2503
f 585 2507 2506
f 592 2513 2512
f 595 2516 2515
f 598 2519 2518
f 636 2556 2555
f 621 2540 2541
f 642 2561 2562
f 601 2521 2522
f 623 2544 2542
f 611 2529 2528
f 609 2530 2531
f 625 2546 2545
f 628 2549 2548
f 632 2553 2551
f 613 2534 2533
f 616 2536 2537
f 638 2557 2559
f 606 2525 2526
f 1607 644 647
f 1603 643 644
f 1604 645 643
f 1610 646 645
f 1613 647 646
f 1622 652 649
f 1686 670 672
f 1773 699 702
f 1761 695 696
f 1712 681 679
f 1652 659 662
f 1648 658 659
f 1649 660 658
f 1655 661 660
f 1658 662 661
f 1670 665 666
f 1637 657 654
f 1694 677 673
f 1731 686 685
f 1739 688 692
f 1768 698 701
f 1678 668 669
f 1619 648 650
f 1709 678 682
f 1754 693 697
f 1682 669 671
f 1776 701 700
f 1758 697 694
f 1716 682 680
f 1625 650 651
f 1742 689 690
f 1663 664 663
f 1634 653 655
f 1697 674 676
f 1728 684 687
f 1746 690 691
f 1664 663 667
f 1640 655 656
f 1700 676 675
f 1724 687 683
f 1679 672 668
f 1618 649 648
f 1708 679 678
f 1753 696 693
f 1769 702 698
f 1738 691 688
f 1671 667 665
f 1643 656 657
f 1701 675 677
f 1723 683 686
f 1667 666 664
f 1633 654 653
f 1693 673 674
f 1727 685 684
f 1743 692 689
f 1685 671 670
f 1772 700 699
f 1757 694 695
f 1715 680 681
f 1628 651 652
f 2187 838 837
f 1881 736 735
f 1899 741 742
f 2277 867 868
f 2313 879 880
f 2169 831 832
f 2156 828 827
f 2010 780 778
f 2208 846 844
f 1917 747 749
f 2133 820 819
f 1971 767 765
f 1989 771 773
f 2223 849 850
f 2300 875 876
f 2174 834 833
f 2151 825 826
f 2007 777 779
f 2205 843 845
f 1920 750 748
f 1855 727 729
f 1801 709 711
f 1784 703 706
f 1820 715 718
f 1838 721 724
f 1874 733 737
f 2180 835 839
f 2310 878 882
f 2274 866 870
f 1896 740 744
f 2089 805 807
f 2035 787 789
f 1950 758 762
f 2054 793 797
f 2072 799 802
f 2126 817 821
f 1964 763 766
f 1986 770 774
f 2220 848 852
f 2291 872 874
f 2183 836 838
f 1877 734 736
f 1891 739 741
f 2269 865 867
f 2305 877 879
f 2161 829 831
f 2148 824 828
f 2004 776 780
f 2202 842 846
f 1909 745 747
f 2129 818 820
f 1967 764 767
f 1981 769 771
f 2215 847 849
f 2288 871 875
f 2166 830 834
f 2143 823 825
f 1999 775 777
f 2197 841 843
f 1914 746 750
f 1806 710 714
f 1787 704 707
f 1823 716 719
f 1841 722 725
f 1860 728 732
f 1931 752 755
f 2108 811 814
f 2018 781 784
f 2234 853 857
f 2255 860 862
f 2040 788 792
f 1945 757 759
f 2057 794 796
f 2075 800 803
f 2094 806 810
f 2111 812 815
f 2021 782 785
f 2237 854 856
f 2252 859 863
f 1928 751 754
f 1812 714 712
f 1791 707 705
f 1827 719 717
f 1845 725 723
f 1866 732 730
f 1935 755 753
f 2118 814 816
f 2028 784 786
f 2246 857 858
f 2259 862 861
f 2048 792 791
f 1953 759 761
f 2061 796 795
f 2079 803 801
f 2100 810 808
f 2115 815 813
f 2025 785 783
f 2241 856 855
f 2264 863 864
f 1938 754 756
f 1802 712 709
f 1783 705 703
f 1819 717 715
f 1837 723 721
f 1856 730 727
f 1927 753 751
f 2112 816 812
f 2022 786 782
f 2238 858 854
f 2251 861 859
f 2036 791 787
f 1949 761 758
f 2053 795 793
f 2071 801 799
f 2090 808 805
f 2107 813 811
f 2017 783 781
f 2233 855 853
f 2256 864 860
f 1932 756 752
f 1859 731 728
f 1805 713 710
f 1788 708 704
f 1824 720 716
f 1842 726 722
f 1878 738 734
f 2184 840 836
f 2306 881 877
f 2270 869 865
f 1892 743 739
f 2093 809 806
f 2039 790 788
f 1946 760 757
f 2058 798 794
f 2076 804 800
f 2130 822 818
f 1968 768 764
f 1982 772 769
f 2216 851 847
f 2287 873 871
f 2179 837 835
f 1873 735 733
f 1895 742 740
f 2273 868 866
f 2309 880 878
f 2165 832 830
f 2144 827 823
f 2000 778 775
f 2198 844 841
f 1913 749 746
f 2125 819 817
f 1963 765 763
f 1985 773 770
f 2219 850 848
f 2292 876 872
f 2162 833 829
f 2147 826 824
f 2003 779 776
f 2201 845 842
f 1910 748 745
f 1863 729 731
f 1809 711 713
f 1794 706 708
f 1830 718 720
f 1848 724 726
f 1886 737 738
f 2192 839 840
f 2318 882 881
f 2282 870 869
f 1904 744 743
f 2097 807 809
f 2043 789 790
f 1956 762 760
f 2066 797 798
f 2082 802 804
f 2138 821 822
f 1974 766 768
f 1992 774 772
f 2228 852 851
f 2295 874 873
f 2331 1270 1269
f 2327 1246 1245
f 2328 1251 1252
f 2334 1287 1288
f 2337 1305 1306
f 2346 1335 1336
f 2412 1552 1551
f 2499 1474 1473
f 2487 1600 1599
f 2436 1353 1354
f 2376 1480 1479
f 2372 1402 1401
f 2373 1407 1408
f 2379 1491 1492
f 2382 1503 1504
f 2396 1534 1533
f 2361 1413 1414
f 2418 1443 1444
f 2457 1593 1594
f 2463 1384 1383
f 2492 1324 1323
f 2402 1276 1275
f 2343 1264 1263
f 2433 1300 1299
f 2478 1318 1317
f 2406 1342 1341
f 2502 1563 1564
f 2484 1461 1462
f 2442 1587 1588
f 2349 1348 1347
f 2468 1522 1521
f 2387 1419 1420
f 2358 1396 1395
f 2421 1498 1497
f 2454 1516 1515
f 2472 1558 1557
f 2388 1426 1425
f 2364 1432 1431
f 2426 1569 1570
f 2448 1371 1372
f 2403 1281 1282
f 2342 1257 1258
f 2432 1293 1294
f 2477 1311 1312
f 2493 1329 1330
f 2462 1377 1378
f 2397 1539 1540
f 2367 1450 1449
f 2427 1576 1575
f 2447 1366 1365
f 2391 1485 1486
f 2357 1389 1390
f 2417 1438 1437
f 2453 1509 1510
f 2469 1527 1528
f 2411 1545 1546
f 2498 1467 1468
f 2483 1456 1455
f 2441 1582 1581
f 2352 1360 1359
f 2509 1271 1272
f 2503 1247 1248
f 2506 1254 1253
f 2512 1290 1289
f 2515 1308 1307
f 2518 1338 1337
f 2555 1553 1554
f 2541 1475 1476
f 2562 1601 1602
f 2522 1356 1355
f 2542 1481 1482
f 2528 1403 1404
f 2531 1410 1409
f 2545 1494 1493
f 2548 1506 1505
f 2551 1535 1536
f 2533 1416 1415
f 2537 1446 1445
f 2559 1596 1595
f 2526 1385 1386
f 1616 907 909
f 1608 889 891
f 1606 883 886
f 1612 895 898
f 1615 901 904
f 1624 919 922
f 1692 1057 1060
f 1782 1237 1240
f 1765 1201 1204
f 1714 1099 1102
f 1661 997 999
f 1653 979 981
f 1651 973 976
f 1657 985 988
f 1660 991 994
f 1675 1021 1024
f 1639 949 952
f 1696 1063 1066
f 1733 1135 1138
f 1751 1177 1179
f 1779 1231 1233
f 1683 1039 1041
f 1626 925 927
f 1721 1117 1119
f 1766 1207 1209
f 1689 1051 1053
f 1778 1225 1228
f 1760 1189 1192
f 1718 1105 1108
f 1629 931 933
f 1747 1165 1167
f 1665 1003 1005
f 1641 955 957
f 1704 1081 1083
f 1737 1147 1150
f 1750 1171 1174
f 1676 1027 1029
f 1644 961 963
f 1702 1075 1077
f 1726 1123 1126
f 1681 1033 1036
f 1620 913 915
f 1710 1093 1095
f 1755 1183 1185
f 1771 1213 1216
f 1740 1153 1155
f 1673 1015 1018
f 1647 967 970
f 1707 1087 1090
f 1734 1141 1143
f 1669 1009 1012
f 1635 943 945
f 1698 1069 1071
f 1729 1129 1131
f 1745 1159 1162
f 1687 1045 1047
f 1774 1219 1221
f 1762 1195 1197
f 1720 1111 1114
f 1632 937 940
f 2189 1280 1284
f 1883 1256 1260
f 1903 1292 1296
f 2281 1310 1314
f 2317 1328 1332
f 2173 1376 1380
f 2158 1538 1542
f 2012 1447 1451
f 2210 1573 1577
f 1924 1363 1367
f 2135 1484 1488
f 1973 1388 1392
f 1996 1435 1439
f 2227 1508 1512
f 2304 1526 1530
f 2176 1544 1548
f 2155 1466 1470
f 2014 1453 1457
f 2212 1579 1583
f 1922 1357 1361
f 1864 1268 1270
f 1810 1244 1246
f 1795 1249 1251
f 1831 1285 1287
f 1849 1303 1305
f 1887 1333 1335
f 2193 1550 1552
f 2321 1472 1474
f 2285 1598 1600
f 1907 1351 1353
f 2098 1478 1480
f 2044 1400 1402
f 1961 1405 1407
f 2067 1489 1491
f 2083 1501 1503
f 2139 1532 1534
f 1975 1411 1413
f 1997 1441 1443
f 2231 1591 1593
f 2298 1382 1384
f 2190 1322 1324
f 1884 1274 1276
f 1900 1262 1264
f 2278 1298 1300
f 2314 1316 1318
f 2170 1340 1342
f 2159 1561 1563
f 2015 1459 1461
f 2213 1585 1587
f 1918 1346 1348
f 2136 1520 1522
f 1977 1417 1419
f 1990 1394 1396
f 2224 1496 1498
f 2301 1514 1516
f 2177 1556 1558
f 2152 1424 1426
f 2008 1430 1432
f 2206 1567 1569
f 1925 1369 1371
f 1817 1279 1281
f 1797 1255 1257
f 1833 1291 1293
f 1851 1309 1311
f 1871 1327 1329
f 1941 1375 1377
f 2119 1537 1539
f 2029 1448 1450
f 2247 1574 1576
f 2262 1364 1366
f 2051 1483 1485
f 1954 1387 1389
f 2064 1436 1438
f 2085 1507 1509
f 2105 1525 1527
f 2121 1543 1545
f 2031 1465 1467
f 2244 1454 1456
f 2265 1580 1582
f 1939 1358 1360
f 1814 1267 1271
f 1793 1243 1247
f 1829 1250 1254
f 1847 1286 1290
f 1868 1304 1308
f 1937 1334 1338
f 2124 1549 1553
f 2034 1471 1475
f 2250 1597 1601
f 2261 1352 1356
f 2050 1477 1481
f 1960 1399 1403
f 2063 1406 1410
f 2081 1490 1494
f 2102 1502 1506
f 2117 1531 1535
f 2027 1412 1416
f 2243 1442 1446
f 2268 1592 1596
f 1944 1381 1385
f 1804 890 894
f 1785 884 887
f 1821 896 899
f 1839 902 905
f 1858 908 912
f 1929 938 941
f 2114 1046 1050
f 2024 1220 1224
f 2240 1196 1200
f 2253 1112 1115
f 2038 980 984
f 1951 974 977
f 2055 986 989
f 2073 992 995
f 2092 998 1002
f 2109 1016 1019
f 2019 968 971
f 2235 1088 1091
f 2258 1142 1146
f 1934 1154 1158
f 1861 1214 1217
f 1807 1034 1037
f 1790 914 918
f 1826 1094 1098
f 1844 1184 1188
f 1880 1040 1044
f 2186 1232 1236
f 2308 1208 1212
f 2272 1118 1122
f 1894 926 930
f 2095 1160 1163
f 2041 1010 1013
f 1948 944 948
f 2060 1070 1074
f 2078 1130 1134
f 2132 1166 1170
f 1970 1004 1008
f 1984 956 960
f 2218 1082 1086
f 2289 1148 1151
f 2181 1058 1061
f 1875 920 923
f 1897 1100 1103
f 2275 1202 1205
f 2311 1238 1241
f 2167 1172 1175
f 2146 1028 1032
f 2002 962 966
f 2200 1076 1080
f 1915 1124 1127
f 2127 1022 1025
f 1965 950 953
f 1987 1064 1067
f 2221 1136 1139
f 2294 1178 1182
f 2164 1052 1056
f 2149 1226 1229
f 2005 1190 1193
f 2203 1106 1109
f 1912 932 936
f 1870 1321 1325
f 1816 1273 1277
f 1800 1261 1265
f 1836 1297 1301
f 1854 1315 1319
f 1890 1339 1343
f 2196 1562 1566
f 2320 1460 1464
f 2284 1586 1590
f 1906 1345 1349
f 2104 1519 1523
f 2047 1418 1422
f 1958 1393 1397
f 2070 1495 1499
f 2088 1513 1517
f 2142 1555 1559
f 1980 1423 1427
f 1994 1429 1433
f 2230 1568 1572
f 2297 1370 1374
f 2329 894 892
f 2323 887 885
f 2326 899 897
f 2333 905 903
f 2336 912 910
f 2345 941 939
f 2409 1050 1048
f 2496 1224 1222
f 2485 1200 1198
f 2435 1115 1113
f 2374 984 982
f 2368 977 975
f 2371 989 987
f 2378 995 993
f 2381 1002 1000
f 2392 1019 1017
f 2360 971 969
f 2416 1091 1089
f 2456 1146 1144
f 2460 1158 1156
f 2488 1217 1215
f 2398 1037 1035
f 2340 918 916
f 2430 1098 1096
f 2475 1188 1186
f 2404 1044 1042
f 2501 1236 1234
f 2482 1212 1210
f 2440 1122 1120
f 2347 930 928
f 2464 1163 1161
f 2384 1013 1011
f 2355 948 946
f 2419 1074 1072
f 2451 1134 1132
f 2470 1170 1168
f 2385 1008 1006
f 2362 960 958
f 2423 1086 1084
f 2446 1151 1149
f 2401 1061 1059
f 2339 923 921
f 2429 1103 1101
f 2474 1205 1203
f 2491 1241 1239
f 2459 1175 1173
f 2395 1032 1030
f 2365 966 964
f 2424 1080 1078
f 2443 1127 1125
f 2390 1025 1023
f 2354 953 951
f 2413 1067 1065
f 2450 1139 1137
f 2467 1182 1180
f 2408 1056 1054
f 2495 1229 1227
f 2479 1193 1191
f 2437 1109 1107
f 2350 936 934
f 2511 1325 1326
f 2505 1277 1278
f 2507 1265 1266
f 2513 1301 1302
f 2516 1319 1320
f 2519 1343 1344
f 2556 1566 1565
f 2540 1464 1463
f 2561 1590 1589
f 2521 1349 1350
f 2544 1523 1524
f 2529 1422 1421
f 2530 1397 1398
f 2546 1499 1500
f 2549 1517 1518
f 2553 1559 1560
f 2534 1427 1428
f 2536 1433 1434
f 2557 1572 1571
f 2525 1374 1373
f 1609 892 889
f 1605 885 883
f 1611 897 895
f 1614 903 901
f 1617 910 907
f 1631 939 937
f 1688 1048 1045
f 1775 1222 1219
f 1763 1198 1195
f 1719 1113 1111
f 1654 982 979
f 1650 975 973
f 1656 987 985
f 1659 993 991
f 1662 1000 997
f 1672 1017 1015
f 1646 969 967
f 1706 1089 1087
f 1735 1144 1141
f 1741 1156 1153
f 1770 1215 1213
f 1680 1035 1033
f 1621 916 913
f 1711 1096 1093
f 1756 1186 1183
f 1684 1042 1039
f 1780 1234 1231
f 1767 1210 1207
f 1722 1120 1117
f 1627 928 925
f 1744 1161 1159
f 1668 1011 1009
f 1636 946 943
f 1699 1072 1069
f 1730 1132 1129
f 1748 1168 1165
f 1666 1006 1003
f 1642 958 955
f 1705 1084 1081
f 1736 1149 1147
f 1691 1059 1057
f 1623 921 919
f 1713 1101 1099
f 1764 1203 1201
f 1781 1239 1237
f 1749 1173 1171
f 1677 1030 1027
f 1645 964 961
f 1703 1078 1075
f 1725 1125 1123
f 1674 1023 1021
f 1638 951 949
f 1695 1065 1063
f 1732 1137 1135
f 1752 1180 1177
f 1690 1054 1051
f 1777 1227 1225
f 1759 1191 1189
f 1717 1107 1105
f 1630 934 931
f 2191 1326 1322
f 1885 1278 1274
f 1901 1266 1262
f 2279 1302 1298
f 2315 1320 1316
f 2171 1344 1340
f 2160 1565 1561
f 2016 1463 1459
f 2214 1589 1585
f 1919 1350 1346
f 2137 1524 1520
f 1978 1421 1417
f 1991 1398 1394
f 2225 1500 1496
f 2302 1518 1514
f 2178 1560 1556
f 2153 1428 1424
f 2009 1434 1430
f 2207 1571 1567
f 1926 1373 1369
f 1857 911 908
f 1803 893 890
f 1786 888 884
f 1822 900 896
f 1840 906 902
f 1876 924 920
f 2182 1062 1058
f 2312 1242 1238
f 2276 1206 1202
f 1898 1104 1100
f 2091 1001 998
f 2037 983 980
f 1952 978 974
f 2056 990 986
f 2074 996 992
f 2128 1026 1022
f 1966 954 950
f 1988 1068 1064
f 2222 1140 1136
f 2293 1181 1178
f 2185 1235 1232
f 1879 1043 1040
f 1893 929 926
f 2271 1121 1118
f 2307 1211 1208
f 2163 1055 1052
f 2150 1230 1226
f 2006 1194 1190
f 2204 1110 1106
f 1911 935 932
f 2131 1169 1166
f 1969 1007 1004
f 1983 959 956
f 2217 1085 1082
f 2290 1152 1148
f 2168 1176 1172
f 2145 1031 1028
f 2001 965 962
f 2199 1079 1076
f 1916 1128 1124
f 1808 1038 1034
f 1789 917 914
f 1825 1097 1094
f 1843 1187 1184
f 1862 1218 1214
f 1933 1157 1154
f 2110 1020 1016
f 2020 972 968
f 2236 1092 1088
f 2257 1145 1142
f 2042 1014 1010
f 1947 947 944
f 2059 1073 1070
f 2077 1133 1130
f 2096 1164 1160
f 2113 1049 1046
f 2023 1223 1220
f 2239 1199 1196
f 2254 1116 1112
f 1930 942 938
f 1818 1283 1279
f 1798 1259 1255
f 1834 1295 1291
f 1852 1313 1309
f 1872 1331 1327
f 1942 1379 1375
f 2120 1541 1537
f 2030 1452 1448
f 2248 1578 1574
f 2263 1368 1364
f 2052 1487 1483
f 1955 1391 1387
f 2065 1440 1436
f 2086 1511 1507
f 2106 1529 1525
f 2122 1547 1543
f 2032 1469 1465
f 2245 1458 1454
f 2266 1584 1580
f 1940 1362 1358
f 1813 1269 1267
f 1792 1245 1243
f 1828 1252 1250
f 1846 1288 1286
f 1867 1306 1304
f 1936 1336 1334
f 2123 1551 1549
f 2033 1473 1471
f 2249 1599 1597
f 2260 1354 1352
f 2049 1479 1477
f 1959 1401 1399
f 2062 1408 1406
f 2080 1492 1490
f 2101 1504 1502
f 2116 1533 1531
f 2026 1414 1412
f 2242 1444 1442
f 2267 1594 1592
f 1943 1383 1381
f 1869 1323 1321
f 1815 1275 1273
f 1799 1263 1261
f 1835 1299 1297
f 1853 1317 1315
f 1889 1341 1339
f 2195 1564 1562
f 2319 1462 1460
f 2283 1588 1586
f 1905 1347 1345
f 2103 1521 1519
f 2046 1420 1418
f 1957 1395 1393
f 2069 1497 1495
f 2087 1515 1513
f 2141 1557 1555
f 1979 1425 1423
f 1993 1431 1429
f 2229 1570 1568
f 2296 1372 1370
f 2188 1282 1280
f 1882 1258 1256
f 1902 1294 1292
f 2280 1312 1310
f 2316 1330 1328
f 2172 1378 1376
f 2157 1540 1538
f 2011 1449 1447
f 2209 1575 1573
f 1923 1365 1363
f 2134 1486 1484
f 1972 1390 1388
f 1995 1437 1435
f 2226 1510 1508
f 2303 1528 1526
f 2175 1546 1544
f 2154 1468 1466
f 2013 1455 1453
f 2211 1581 1579
f 1921 1359 1357
f 1865 1272 1268
f 1811 1248 1244
f 1796 1253 1249
f 1832 1289 1285
f 1850 1307 1303
f 1888 1337 1333
f 2194 1554 1550
f 2322 1476 1472
f 2286 1602 1598
f 1908 1355 1351
f 2099 1482 1478
f 2045 1404 1400
f 1962 1409 1405
f 2068 1493 1489
f 2084 1505 1501
f 2140 1536 1532
f 1976 1415 1411
f 1998 1445 1441
f 2232 1595 1591
f 2299 1386 1382
f 2330 909 911
f 2324 891 893
f 2325 886 888
f 2332 898 900
f 2335 904 906
f 2344 922 924
f 2410 1060 1062
f 2497 1240 1242
f 2486 1204 1206
f 2434 1102 1104
f 2375 999 1001
f 2369 981 983
f 2370 976 978
f 2377 988 990
f 2380 994 996
f 2393 1024 1026
f 2359 952 954
f 2415 1066 1068
f 2455 1138 1140
f 2461 1179 1181
f 2489 1233 1235
f 2399 1041 1043
f 2341 927 929
f 2431 1119 1121
f 2476 1209 1211
f 2405 1053 1055
f 2500 1228 1230
f 2481 1192 1194
f 2439 1108 1110
f 2348 933 935
f 2465 1167 1169
f 2383 1005 1007
f 2356 957 959
f 2420 1083 1085
f 2452 1150 1152
f 2471 1174 1176
f 2386 1029 1031
f 2363 963 965
f 2422 1077 1079
f 2445 1126 1128
f 2400 1036 1038
f 2338 915 917
f 2428 1095 1097
f 2473 1185 1187
f 2490 1216 1218
f 2458 1155 1157
f 2394 1018 1020
f 2366 970 972
f 2425 1090 1092
f 2444 1143 1145
f 2389 1012 1014
f 2353 945 947
f 2414 1071 1073
f 2449 1131 1133
f 2466 1162 1164
f 2407 1047 1049
f 2494 1221 1223
f 2480 1197 1199
f 2438 1114 1116
f 2351 940 942
f 2510 1284 1283
f 2504 1260 1259
f 2508 1296 1295
f 2514 1314 1313
f 2517 1332 1331
f 2520 1380 1379
f 2554 1542 1541
f 2539 1451 1452
f 2560 1577 1578
f 2523 1367 1368
f 2543 1488 1487
f 2527 1392 1391
f 2532 1439 1440
f 2547 1512 1511
f 2550 1530 1529
f 2552 1548 1547
f 2535 1470 1469
f 2538 1457 1458
f 2558 1583 1584
f 2524 1361 1362
f 1607 1616 1609
f 1603 1608 1605
f 1604 1606 1611
f 1610 1612 1614
f 1613 1615 1617
f 1622 1624 1631
f 1686 1692 1688
f 1773 1782 1775
f 1761 1765 1763
f 1712 1714 1719
f 1652 1661 1654
f 1648 1653 1650
f 1649 1651 1656
f 1655 1657 1659
f 1658 1660 1662
f 1670 1675 1672
f 1637 1639 1646
f 1694 1696 1706
f 1731 1733 1735
f 1739 1751 1741
f 1768 1779 1770
f 1678 1683 1680
f 1619 1626 1621
f 1709 1721 1711
f 1754 1766 1756
f 1682 1689 1684
f 1776 1778 1780
f 1758 1760 1767
f 1716 1718 1722
f 1625 1629 1627
f 1742 1747 1744
f 1663 1665 1668
f 1634 1641 1636
f 1697 1704 1699
f 1728 1737 1730
f 1746 1750 1748
f 1664 1676 1666
f 1640 1644 1642
f 1700 1702 1705
f 1724 1726 1736
f 1679 1681 1691
f 1618 1620 1623
f 1708 1710 1713
f 1753 1755 1764
f 1769 1771 1781
f 1738 1740 1749
f 1671 1673 1677
f 1643 1647 1645
f 1701 1707 1703
f 1723 1734 1725
f 1667 1669 1674
f 1633 1635 1638
f 1693 1698 1695
f 1727 1729 1732
f 1743 1745 1752
f 1685 1687 1690
f 1772 1774 1777
f 1757 1762 1759
f 1715 1720 1717
f 1628 1632 1630
f 2187 2189 2191
f 1881 1883 1885
f 1899 1903 1901
f 2277 2281 2279
f 2313 2317 2315
f 2169 2173 2171
f 2156 2158 2160
f 2010 2012 2016
f 2208 2210 2214
f 1917 1924 1919
f 2133 2135 2137
f 1971 1973 1978
f 1989 1996 1991
f 2223 2227 2225
f 2300 2304 2302
f 2174 2176 2178
f 2151 2155 2153
f 2007 2014 2009
f 2205 2212 2207
f 1920 1922 1926
f 1855 1864 1857
f 1801 1810 1803
f 1784 1795 1786
f 1820 1831 1822
f 1838 1849 1840
f 1874 1887 1876
f 2180 2193 2182
f 2310 2321 2312
f 2274 2285 2276
f 1896 1907 1898
f 2089 2098 2091
f 2035 2044 2037
f 1950 1961 1952
f 2054 2067 2056
f 2072 2083 2074
f 2126 2139 2128
f 1964 1975 1966
f 1986 1997 1988
f 2220 2231 2222
f 2291 2298 2293
f 2183 2190 2185
f 1877 1884 1879
f 1891 1900 1893
f 2269 2278 2271
f 2305 2314 2307
f 2161 2170 2163
f 2148 2159 2150
f 2004 2015 2006
f 2202 2213 2204
f 1909 1918 1911
f 2129 2136 2131
f 1967 1977 1969
f 1981 1990 1983
f 2215 2224 2217
f 2288 2301 2290
f 2166 2177 2168
f 2143 2152 2145
f 1999 2008 2001
f 2197 2206 2199
f 1914 1925 1916
f 1806 1817 1808
f 1787 1797 1789
f 1823 1833 1825
f 1841 1851 1843
f 1860 1871 1862
f 1931 1941 1933
f 2108 2119 2110
f 2018 2029 2020
f 2234 2247 2236
f 2255 2262 2257
f 2040 2051 2042
f 1945 1954 1947
f 2057 2064 2059
f 2075 2085 2077
f 2094 2105 2096
f 2111 2121 2113
f 2021 2031 2023
f 2237 2244 2239
f 2252 2265 2254
f 1928 1939 1930
f 1812 1814 1818
f 1791 1793 1798
f 1827 1829 1834
f 1845 1847 1852
f 1866 1868 1872
f 1935 1937 1942
f 2118 2124 2120
f 2028 2034 2030
f 2246 2250 2248
f 2259 2261 2263
f 2048 2050 2052
f 1953 1960 1955
f 2061 2063 2065
f 2079 2081 2086
f 2100 2102 2106
f 2115 2117 2122
f 2025 2027 2032
f 2241 2243 2245
f 2264 2268 2266
f 1938 1944 1940
f 1802 1804 1813
f 1783 1785 1792
f 1819 1821 1828
f 1837 1839 1846
f 1856 1858 1867
f 1927 1929 1936
f 2112 2114 2123
f 2022 2024 2033
f 2238 2240 2249
f 2251 2253 2260
f 2036 2038 2049
f 1949 1951 1959
f 2053 2055 2062
f 2071 2073 2080
f 2090 2092 2101
f 2107 2109 2116
f 2017 2019 2026
f 2233 2235 2242
f 2256 2258 2267
f 1932 1934 1943
f 1859 1861 1869
f 1805 1807 1815
f 1788 1790 1799
f 1824 1826 1835
f 1842 1844 1853
f 1878 1880 1889
f 2184 2186 2195
f 2306 2308 2319
f 2270 2272 2283
f 1892 1894 1905
f 2093 2095 2103
f 2039 2041 2046
f 1946 1948 1957
f 2058 2060 2069
f 2076 2078 2087
f 2130 2132 2141
f 1968 1970 1979
f 1982 1984 1993
f 2216 2218 2229
f 2287 2289 2296
f 2179 2181 2188
f 1873 1875 1882
f 1895 1897 1902
f 2273 2275 2280
f 2309 2311 2316
f 2165 2167 2172
f 2144 2146 2157
f 2000 2002 2011
f 2198 2200 2209
f 1913 1915 1923
f 2125 2127 2134
f 1963 1965 1972
f 1985 1987 1995
f 2219 2221 2226
f 2292 2294 2303
f 2162 2164 2175
f 2147 2149 2154
f 2003 2005 2013
f 2201 2203 2211
f 1910 1912 1921
f 1863 1870 1865
f 1809 1816 1811
f 1794 1800 1796
f 1830 1836 1832
f 1848 1854 1850
f 1886 1890 1888
f 2192 2196 2194
f 2318 2320 2322
f 2282 2284 2286
f 1904 1906 1908
f 2097 2104 2099
f 2043 2047 2045
f 1956 1958 1962
f 2066 2070 2068
f 2082 2088 2084
f 2138 2142 2140
f 1974 1980 1976
f 1992 1994 1998
f 2228 2230 2232
f 2295 2297 2299
f 2331 2329 2330
f 2327 2323 2324
f 2328 2326 2325
f 2334 2333 2332
f 2337 2336 2335
f 2346 2345 2344
f 2412 2409 2410
f 2499 2496 2497
f 2487 2485 2486
f 2436 2435 2434
f 2376 2374 2375
f 2372 2368 2369
f 2373 2371 2370
f 2379 2378 2377
f 2382 2381 2380
f 2396 2392 2393
f 2361 2360 2359
f 2418 2416 2415
f 2457 2456 2455
f 2463 2460 2461
f 2492 2488 2489
f 2402 2398 2399
f 2343 2340 2341
f 2433 2430 2431
f 2478 2475 2476
f 2406 2404 2405
f 2502 2501 2500
f 2484 2482 2481
f 2442 2440 2439
f 2349 2347 2348
f 2468 2464 2465
f 2387 2384 2383
f 2358 2355 2356
f 2421 2419 2420
f 2454 2451 2452
f 2472 2470 2471
f 2388 2385 2386
f 2364 2362 2363
f 2426 2423 2422
f 2448 2446 2445
f 2403 2401 2400
f 2342 2339 2338
f 2432 2429 2428
f 2477 2474 2473
f 2493 2491 2490
f 2462 2459 2458
f 2397 2395 2394
f 2367 2365 2366
f 2427 2424 2425
f 2447 2443 2444
f 2391 2390 2389
f 2357 2354 2353
f 2417 2413 2414
f 2453 2450 2449
f 2469 2467 2466
f 2411 2408 2407
f 2498 2495 2494
f 2483 2479 2480
f 2441 2437 2438
f 2352 2350 2351
f 2509 2511 2510
f 2503 2505 2504
f 2506 2507 2508
f 2512 2513 2514
f 2515 2516 2517
f 2518 2519 2520
f 2555 2556 2554
f 2541 2540 2539
f 2562 2561 2560
f 2522 2521 2523
f 2542 2544 2543
f 2528 2529 2527
f 2531 2530 2532
f 2545 2546 2547
f 2548 2549 2550
f 2551 2553 2552
f 2533 2534 2535
f 2537 2536 2538
f 2559 2557 2558
f 2526 2525 2524