v -0.320657 0.598858 -0.028954
v 0.322847 0.598332 -0.027987
v -0.397137 -0.689389 -0.005472
v 0.398093 -0.689901 -0.007087
v 0.001867 -0.586899 0.854746
v -0.001098 0.326126 0.620517
v -0.001827 -0.308960 -0.610231
v 0.000205 0.535165 -0.850818
v 0.618866 0.010257 -0.385433
v 0.639874 0.003494 0.378706
v -0.618037 0.008199 -0.385112
v -0.637969 0.003412 0.379413
v 0.003447 0.760696 -0.096047
v -0.178689 0.485162 0.288847
v -0.247983 0.791475 -0.533947
v -0.541928 0.342763 -0.213280
v -0.553899 0.308142 0.203353
v 0.175164 0.485617 0.288059
v 0.248193 0.791473 -0.534389
v 0.543754 0.342016 -0.210852
v 0.549966 0.308604 0.203595
v -0.000421 -0.781533 0.007065
v -0.371239 -0.868654 0.627451
v -0.243414 -0.626962 -0.371010
v -0.532124 -0.305852 -0.189195
v -0.560239 -0.354983 0.224763
v 0.371950 -0.869168 0.629148
v 0.243413 -0.627846 -0.370409
v 0.532454 -0.307426 -0.188453
v 0.559878 -0.355495 0.224294
v 0.000879 0.001070 0.844430
v 0.401322 -0.265623 0.676817
v -0.398616 -0.268482 0.675043
v 0.360642 0.195439 0.568360
v -0.361034 0.195381 0.568966
v -0.001912 0.030374 -0.823539
v 0.342352 -0.211288 -0.555351
v -0.343782 -0.208929 -0.556625
v 0.425359 0.272379 -0.724573
v -0.426653 0.274260 -0.724883
v 0.731190 0.005153 0.011987
v -0.731292 0.004846 0.012170
v -0.109560 0.688355 -0.055850
v -0.241739 0.564459 0.108426
v -0.296272 0.658524 -0.233028
v -0.447250 0.516719 -0.120553
v -0.428023 0.470176 0.076481
v 0.113177 0.688701 -0.057132
v 0.239881 0.564291 0.108203
v 0.296934 0.659555 -0.232293
v 0.447013 0.515661 -0.119924
v 0.426965 0.470707 0.078601
v -0.225814 -0.828318 -0.019108
v -0.314257 -0.654477 0.209018
v -0.431534 -0.823474 -0.232220
v -0.463960 -0.526235 -0.080644
v -0.472516 -0.539486 0.130144
v 0.223972 -0.826165 -0.018633
v 0.314716 -0.655691 0.208620
v 0.431722 -0.823629 -0.232052
v 0.464043 -0.524650 -0.081124
v 0.473695 -0.537612 0.131305
v -0.190272 -0.832998 0.837813
v 0.196983 -0.834931 0.844422
v 0.000163 -0.274707 0.930418
v 0.241033 -0.458605 0.843133
v -0.242457 -0.458630 0.845787
v -0.092089 0.389218 0.490302
v 0.093196 0.390609 0.487327
v -0.000428 0.207712 0.667199
v 0.165902 0.289301 0.614995
v -0.165319 0.288854 0.618365
v -0.097342 -0.415008 -0.481677
v 0.096466 -0.415335 -0.482683
v -0.002349 -0.203130 -0.684605
v 0.156623 -0.272941 -0.625992
v -0.159527 -0.275048 -0.622844
v -0.171080 0.738966 -0.745045
v 0.170640 0.738897 -0.743793
v -0.000406 0.289179 -0.958301
v 0.244506 0.433763 -0.867878
v -0.245588 0.434642 -0.868059
v 0.616246 0.148910 -0.326972
v 0.598975 -0.144331 -0.306573
v 0.507359 -0.089223 -0.477989
v 0.547183 0.121167 -0.532835
v 0.676579 0.003566 -0.208575
v 0.632295 0.142566 0.302037
v 0.626589 -0.154421 0.308098
v 0.541664 -0.099306 0.493131
v 0.529638 0.093316 0.482434
v 0.708598 0.004827 0.211130
v -0.613945 0.148406 -0.326615
v -0.596579 -0.142510 -0.307542
v -0.508393 -0.089194 -0.479370
v -0.548024 0.118523 -0.535468
v -0.676222 0.004180 -0.209925
v -0.631260 0.141981 0.303186
v -0.625885 -0.154584 0.309090
v -0.540062 -0.099043 0.493438
v -0.530210 0.092412 0.480364
v -0.708865 0.004316 0.211941
v -0.045782 0.653057 0.043229
v -0.082697 0.738534 -0.291335
v 0.044615 0.650587 0.044342
v 0.080925 0.742403 -0.289805
v -0.379637 0.409616 0.280980
v -0.001031 0.522641 0.262963
v -0.297800 0.341961 0.473556
v -0.471544 0.614448 -0.387041
v -0.000395 0.856880 -0.567455
v -0.363312 0.554348 -0.642079
v -0.577832 0.319977 0.010003
v -0.473879 0.331612 -0.465562
v -0.673766 0.153581 -0.091844
v -0.486364 0.268141 0.399458
v -0.685341 0.152926 0.107988
v 0.375135 0.410268 0.279841
v 0.295936 0.343819 0.471926
v 0.471301 0.614162 -0.388471
v 0.362127 0.555647 -0.642694
v 0.578056 0.322387 0.009087
v 0.474605 0.333245 -0.465003
v 0.675497 0.155663 -0.092609
v 0.484703 0.267578 0.400853
v 0.685362 0.151664 0.107805
v -0.042924 -0.724520 0.286522
v -0.144989 -0.855300 -0.211596
v 0.042410 -0.724352 0.288430
v 0.145772 -0.858541 -0.213091
v -0.429938 -0.567076 0.390296
v -0.000520 -0.805410 0.659664
v -0.398281 -0.633817 0.689718
v -0.406002 -0.475674 -0.300206
v -0.000312 -0.625296 -0.349143
v -0.287431 -0.355061 -0.455042
v -0.575092 -0.330022 0.029379
v -0.452128 -0.273117 -0.392341
v -0.656959 -0.156251 -0.089452
v -0.496802 -0.350412 0.449927
v -0.671801 -0.158296 0.112665
v 0.431952 -0.568562 0.391377
v 0.397499 -0.633601 0.690265
v 0.406037 -0.474285 -0.298338
v 0.288389 -0.351809 -0.456116
v 0.576352 -0.330621 0.029694
v 0.454174 -0.272030 -0.393028
v 0.659065 -0.156036 -0.087994
v 0.496964 -0.349459 0.450311
v 0.671656 -0.159847 0.111580
v 0.224063 -0.129431 0.824116
v -0.227416 -0.127510 0.825069
v 0.194743 0.095112 0.688800
v -0.193857 0.095206 0.689929
v 0.381749 -0.003610 0.643030
v -0.381948 -0.003246 0.639960
v 0.174635 -0.089108 -0.675484
v -0.174899 -0.088363 -0.677354
v 0.269232 0.138982 -0.946282
v -0.269799 0.135915 -0.946053
v 0.393265 0.026761 -0.662597
v -0.388338 0.026645 -0.662672
v -0.233176 0.637013 -0.032171
v -0.282527 0.588793 0.031834
v -0.310104 0.622122 -0.106537
v -0.385054 0.569319 -0.070089
v -0.370138 0.552573 0.014195
v 0.235311 0.636882 -0.034453
v 0.284539 0.588991 0.034418
v 0.310963 0.622070 -0.106228
v 0.386393 0.569478 -0.070426
v 0.371202 0.550309 0.013916
v -0.335551 -0.764046 -0.015826
v -0.359416 -0.671235 0.071696
v -0.415084 -0.757376 -0.090918
v -0.438983 -0.633265 -0.038811
v -0.435460 -0.623691 0.060348
v 0.335357 -0.766091 -0.016522
v 0.361012 -0.673849 0.071376
v 0.413620 -0.758812 -0.090244
v 0.441751 -0.632883 -0.039896
v 0.437429 -0.623461 0.060730
v -0.080236 -0.686483 0.837826
v 0.084007 -0.688539 0.838191
v 0.000867 -0.443928 0.878380
v 0.116170 -0.539418 0.860384
v -0.117512 -0.533384 0.859431
v -0.042327 0.351215 0.573990
v 0.042221 0.352559 0.572154
v -0.001884 0.294149 0.651727
v 0.069970 0.315513 0.626184
v -0.069691 0.313003 0.627974
v -0.044029 -0.348017 -0.554904
v 0.042634 -0.349157 -0.555586
v -0.001280 -0.269114 -0.664046
v 0.066659 -0.293307 -0.623647
v -0.070307 -0.294725 -0.624145
v -0.072177 0.627893 -0.807238
v 0.073232 0.628743 -0.805429
v -0.001328 0.423845 -0.906254
v 0.113418 0.496464 -0.863278
v -0.115190 0.497002 -0.861864
v 0.626356 0.069736 -0.367157
v 0.615619 -0.057485 -0.352142
v 0.576070 -0.031578 -0.429754
v 0.587053 0.053852 -0.447076
v 0.649917 0.007445 -0.313744
v 0.645674 0.062174 0.349478
v 0.639302 -0.063811 0.350834
v 0.598223 -0.037826 0.428905
v 0.598467 0.041280 0.427127
v 0.673021 0.003435 0.304966
v -0.627857 0.070587 -0.366870
v -0.614734 -0.056374 -0.352005
v -0.573134 -0.031939 -0.431247
v -0.585826 0.054222 -0.446407
v -0.648574 0.006710 -0.314138
v -0.646123 0.062719 0.350391
v -0.637444 -0.065157 0.349803
v -0.598086 -0.038237 0.428202
v -0.597366 0.041830 0.426807
v -0.672835 0.004187 0.306432
v -0.026361 0.741964 -0.082550
v 0.021156 0.744536 -0.086026
v -0.008464 0.739885 -0.068792
v -0.019248 0.747959 -0.138349
v 0.007519 0.739268 -0.066311
v 0.016297 0.749994 -0.140081
v -0.209006 0.529122 0.193028
v -0.139881 0.436258 0.390481
v -0.108396 0.569394 0.168601
v -0.280398 0.446675 0.294081
v -0.082605 0.511881 0.275025
v -0.241637 0.406603 0.392082
v -0.296980 0.729241 -0.386543
v -0.226083 0.783672 -0.646603
v -0.198320 0.823955 -0.437487
v -0.482050 0.769143 -0.494775
v -0.224315 0.977199 -0.582035
v -0.340272 0.700712 -0.606414
v -0.498874 0.441104 -0.162027
v -0.584305 0.240507 -0.269388
v -0.458974 0.470197 -0.285189
v -0.572807 0.329886 -0.095173
v -0.503682 0.346913 -0.339877
v -0.616090 0.238525 -0.146689
v -0.492046 0.388702 0.145652
v -0.603895 0.230642 0.251822
v -0.469185 0.364943 0.245519
v -0.571636 0.315176 0.108357
v -0.525207 0.292640 0.303589
v -0.627431 0.233818 0.156328
v 0.206176 0.530293 0.194088
v 0.139914 0.436988 0.389569
v 0.109000 0.567541 0.170078
v 0.082000 0.511255 0.273743
v 0.276846 0.448452 0.292842
v 0.241398 0.409352 0.393601
v 0.297256 0.728618 -0.384841
v 0.227006 0.784008 -0.645002
v 0.200992 0.823024 -0.438176
v 0.222250 0.978049 -0.581685
v 0.479560 0.769566 -0.495995
v 0.342215 0.702263 -0.607175
v 0.498197 0.437388 -0.162103
v 0.583590 0.241232 -0.268807
v 0.460105 0.469261 -0.285567
v 0.572394 0.329217 -0.093628
v 0.505883 0.345064 -0.338446
v 0.615906 0.239932 -0.148107
v 0.492504 0.389396 0.147670
v 0.602106 0.230498 0.252424
v 0.470110 0.363788 0.249179
v 0.567540 0.318833 0.108130
v 0.522838 0.293007 0.303316
v 0.623898 0.236052 0.156945
v -0.110480 -0.800971 -0.015267
v 0.109180 -0.801604 -0.013142
v -0.012207 -0.762695 0.095664
v -0.087437 -0.782992 -0.070698
v 0.016394 -0.763422 0.098016
v 0.088089 -0.784369 -0.070467
v -0.280142 -0.662570 0.412762
v -0.298469 -0.936048 0.761883
v -0.169423 -0.765028 0.493656
v -0.353438 -0.659118 0.503869
v -0.185476 -0.981764 0.694881
v -0.334764 -0.773266 0.686541
v -0.355314 -0.767645 -0.353587
v -0.160515 -0.506446 -0.412365
v -0.216731 -0.795715 -0.335567
v -0.343765 -0.566130 -0.352369
v -0.127449 -0.633247 -0.361643
v -0.255439 -0.468691 -0.393951
v -0.487727 -0.403691 -0.130096
v -0.572639 -0.225019 -0.251676
v -0.455977 -0.388278 -0.239546
v -0.565807 -0.308355 -0.074954
v -0.494857 -0.293444 -0.297670
v -0.600299 -0.230908 -0.138922
v -0.514674 -0.449439 0.186362
v -0.600442 -0.256102 0.264666
v -0.494657 -0.461530 0.303064
v -0.574537 -0.344578 0.126319
v -0.540621 -0.360647 0.333878
v -0.620705 -0.256931 0.164683
v 0.280425 -0.663434 0.413926
v 0.298174 -0.937011 0.760675
v 0.169959 -0.765240 0.493638
v 0.190360 -0.983390 0.696697
v 0.353627 -0.658893 0.503783
v 0.333740 -0.773565 0.686925
v 0.354528 -0.766384 -0.354081
v 0.159556 -0.506017 -0.412453
v 0.217392 -0.798017 -0.338108
v 0.126351 -0.635375 -0.362365
v 0.343484 -0.566055 -0.353529
v 0.256633 -0.468392 -0.395168
v 0.488387 -0.404218 -0.130166
v 0.572069 -0.225803 -0.251141
v 0.457791 -0.387936 -0.238790
v 0.565851 -0.308755 -0.076042
v 0.494359 -0.292562 -0.295039
v 0.599889 -0.231960 -0.139850
v 0.514530 -0.448079 0.186394
v 0.598611 -0.256690 0.265016
v 0.495063 -0.460433 0.302048
v 0.574031 -0.345913 0.128691
v 0.540247 -0.362012 0.332913
v 0.617780 -0.256171 0.165001
v 0.000761 -0.130524 0.938502
v 0.000729 0.100213 0.723420
v 0.121476 -0.059136 0.863614
v -0.121967 -0.060352 0.861147
v 0.102523 0.047350 0.762513
v -0.104080 0.045733 0.761240
v 0.334137 -0.363828 0.778677
v 0.470510 -0.177144 0.575242
v 0.397500 -0.437085 0.678472
v 0.452388 -0.321253 0.561430
v 0.331109 -0.196604 0.773798
v 0.394420 -0.123919 0.665394
v -0.335539 -0.362852 0.779310
v -0.469934 -0.178512 0.574527
v -0.396311 -0.436406 0.678921
v -0.453808 -0.319556 0.565292
v -0.331315 -0.196206 0.775187
v -0.393242 -0.124612 0.664664
v 0.263049 0.246857 0.600761
v 0.449086 0.145729 0.530457
v 0.339705 0.279296 0.531279
v 0.433251 0.233739 0.494815
v 0.277934 0.148991 0.629582
v 0.371221 0.098390 0.604261
v -0.260533 0.245952 0.602782
v -0.450406 0.145177 0.529270
v -0.341084 0.277209 0.534698
v -0.434386 0.233741 0.493372
v -0.276599 0.149578 0.630484
v -0.373165 0.097241 0.604797
v -0.002833 -0.085426 -0.716532
v -0.000344 0.152502 -0.936845
v 0.092550 -0.023455 -0.748031
v -0.099013 -0.022120 -0.750174
v 0.122835 0.078797 -0.892661
v -0.124429 0.078903 -0.892110
v 0.251745 -0.250987 -0.594627
v 0.426734 -0.151898 -0.518478
v 0.324338 -0.281762 -0.519284
v 0.406495 -0.245996 -0.480313
v 0.262966 -0.156270 -0.620000
v 0.357980 -0.094027 -0.594503
v -0.254260 -0.250162 -0.595325
v -0.427553 -0.153623 -0.518209
v -0.326572 -0.280481 -0.517917
v -0.407651 -0.246490 -0.480302
v -0.262494 -0.156479 -0.622191
v -0.356479 -0.094570 -0.597835
v 0.345343 0.357748 -0.819457
v 0.488103 0.192126 -0.625115
v 0.383793 0.405120 -0.683461
v 0.450642 0.308821 -0.592669
v 0.379975 0.219001 -0.869515
v 0.422127 0.146457 -0.721860
v -0.347080 0.359481 -0.817991
v -0.490037 0.194350 -0.624617
v -0.384398 0.404578 -0.682125
v -0.451125 0.308699 -0.591946
v -0.380265 0.219110 -0.869343
v -0.420470 0.146369 -0.721800
v 0.704728 0.001885 -0.094559
v 0.729688 0.005200 0.109916
v 0.712160 0.076148 -0.038789
v 0.725812 0.072468 0.059809
v 0.702859 -0.073996 -0.039416
v 0.717020 -0.068982 0.059923
v -0.704972 0.003865 -0.095632
v -0.728989 0.005248 0.110355
v -0.712122 0.076125 -0.038607
v -0.726254 0.073166 0.060209
v -0.699549 -0.072104 -0.039630
v -0.717176 -0.069395 0.060879
v -0.173433 0.629568 0.023156
v -0.201769 0.673416 -0.132461
v -0.063815 0.683488 -0.016216
v -0.078595 0.723799 -0.132310
v -0.341612 0.525222 0.100994
v -0.136397 0.606576 0.086910
v -0.310367 0.488567 0.196551
v -0.381554 0.592610 -0.182180
v -0.180042 0.710700 -0.271605
v -0.398071 0.651319 -0.324336
v -0.446103 0.493208 -0.016887
v -0.435852 0.549636 -0.244689
v -0.511679 0.420560 -0.052686
v -0.405719 0.442745 0.176018
v -0.508150 0.403491 0.047830
v 0.171176 0.631265 0.024596
v 0.201473 0.675295 -0.129222
v 0.064246 0.683107 -0.016536
v 0.077124 0.725418 -0.133600
v 0.339742 0.524628 0.103145
v 0.134159 0.606696 0.086422
v 0.306391 0.488929 0.194724
v 0.381834 0.593893 -0.181889
v 0.178710 0.712295 -0.269752
v 0.399169 0.651371 -0.327055
v 0.444525 0.492945 -0.017148
v 0.437247 0.549293 -0.245179
v 0.511369 0.420882 -0.051851
v 0.401890 0.441436 0.177253
v 0.507265 0.403999 0.048449
v -0.251854 -0.709526 0.069615
v -0.350200 -0.927192 -0.108980
v -0.116893 -0.744322 0.075846
v -0.195987 -0.910913 -0.114466
v -0.416433 -0.617130 0.167158
v -0.178555 -0.690938 0.256608
v -0.379083 -0.620829 0.319996
v -0.444602 -0.650829 -0.154813
v -0.309404 -0.945459 -0.274098
v -0.434440 -0.636812 -0.289252
v -0.476396 -0.534809 0.026793
v -0.447704 -0.514517 -0.198281
v -0.510058 -0.419728 -0.018354
v -0.453251 -0.546674 0.246137
v -0.521588 -0.436320 0.082752
v 0.253177 -0.710656 0.070152
v 0.349081 -0.927475 -0.107698
v 0.117128 -0.744625 0.076366
v 0.198851 -0.912019 -0.114871
v 0.414843 -0.616412 0.167558
v 0.177449 -0.689539 0.254680
v 0.380738 -0.619365 0.320164
v 0.444716 -0.651715 -0.154953
v 0.315918 -0.943000 -0.273011
v 0.431820 -0.635734 -0.290625
v 0.477780 -0.535106 0.025457
v 0.447591 -0.513489 -0.198822
v 0.510027 -0.416470 -0.017526
v 0.455015 -0.544976 0.248220
v 0.521449 -0.436285 0.083383
v 0.001182 -0.767657 0.774120
v -0.238650 -0.661505 0.851864
v -0.125145 -0.864599 0.748875
v -0.349947 -0.842688 0.797279
v 0.237896 -0.662373 0.849893
v 0.123542 -0.865296 0.748803
v 0.349284 -0.837947 0.799924
v 0.123571 -0.357580 0.887344
v -0.123990 -0.358635 0.884358
v 0.129061 -0.196729 0.912927
v -0.129084 -0.196469 0.912637
v 0.360414 -0.570804 0.801181
v 0.243208 -0.272181 0.851755
v -0.359859 -0.571552 0.801337
v -0.242495 -0.273186 0.852065
v 0.000228 0.396193 0.491342
v -0.135066 0.338350 0.567738
v -0.044704 0.450644 0.384208
v -0.192371 0.369925 0.487218
v 0.135887 0.340538 0.566095
v 0.043960 0.451354 0.384457
v 0.193271 0.372903 0.484049
v 0.084386 0.252317 0.649292
v -0.083850 0.252023 0.649939
v 0.094545 0.147807 0.675090
v -0.092911 0.148859 0.679868
v 0.235710 0.317135 0.556797
v 0.183584 0.202912 0.642348
v -0.235840 0.313685 0.559073
v -0.180942 0.203614 0.645721
v -0.001167 -0.424624 -0.483635
v -0.134774 -0.331877 -0.555000
v -0.054904 -0.520066 -0.417382
v -0.194396 -0.387038 -0.471934
v 0.132286 -0.329709 -0.555976
v 0.053496 -0.519652 -0.416717
v 0.192470 -0.386775 -0.473692
v 0.072813 -0.248621 -0.666041
v -0.078291 -0.248843 -0.665330
v 0.079740 -0.152508 -0.683677
v -0.085149 -0.149865 -0.685457
v 0.231971 -0.303659 -0.547642
v 0.163485 -0.209866 -0.643498
v -0.234474 -0.304483 -0.547759
v -0.165692 -0.213095 -0.644408
v 0.001142 0.762572 -0.751394
v -0.217977 0.588791 -0.808708
v -0.093662 0.821406 -0.655469
v -0.281991 0.653323 -0.711421
v 0.217950 0.591026 -0.809120
v 0.091499 0.821586 -0.656895
v 0.280945 0.653780 -0.712250
v 0.134877 0.360024 -0.943197
v -0.134584 0.360171 -0.940528
v 0.142987 0.219043 -0.986149
v -0.145345 0.217936 -0.987513
v 0.313877 0.503299 -0.762559
v 0.277089 0.295600 -0.957841
v -0.314466 0.503712 -0.760350
v -0.278734 0.294890 -0.959529
v 0.585944 0.140650 -0.436811
v 0.656546 0.075014 -0.266024
v 0.552056 0.233030 -0.394203
v 0.643786 0.154435 -0.209584
v 0.556384 -0.124370 -0.396699
v 0.647795 -0.070109 -0.256376
v 0.530212 -0.214689 -0.353738
v 0.630062 -0.153415 -0.201566
v 0.528999 0.015918 -0.513879
v 0.483031 -0.193696 -0.440281
v 0.450982 -0.035216 -0.562041
v 0.524706 0.218898 -0.512339
v 0.476300 0.077394 -0.606711
v 0.685928 0.077470 -0.152045
v 0.674474 -0.073545 -0.148433
v 0.588340 0.122766 0.395896
v 0.683292 0.072220 0.256513
v 0.564392 0.213613 0.350462
v 0.661866 0.152423 0.204884
v 0.589450 -0.133161 0.402058
v 0.673266 -0.073406 0.258750
v 0.565197 -0.244098 0.366995
v 0.656920 -0.161294 0.208992
v 0.537815 0.003772 0.501054
v 0.528413 -0.216748 0.468207
v 0.466153 -0.053733 0.575462
v 0.513782 0.182234 0.442654
v 0.462539 0.051032 0.564437
v 0.712363 0.076549 0.157301
v 0.701298 -0.072733 0.160739
v -0.583982 0.138700 -0.436518
v -0.658372 0.074149 -0.265570
v -0.550755 0.233854 -0.394890
v -0.644703 0.153945 -0.208856
v -0.556285 -0.125675 -0.397136
v -0.647881 -0.069256 -0.259191
v -0.528940 -0.212207 -0.352851
v -0.630744 -0.153089 -0.202157
v -0.527801 0.016896 -0.514623
v -0.484363 -0.191212 -0.439049
v -0.450491 -0.035680 -0.563697
v -0.524257 0.217069 -0.513460
v -0.475180 0.078630 -0.607222
v -0.688210 0.077364 -0.151966
v -0.674359 -0.073793 -0.151598
v -0.588565 0.124061 0.396864
v -0.685767 0.071339 0.256547
v -0.564777 0.214353 0.350876
v -0.665792 0.152068 0.204235
v -0.588950 -0.135566 0.402437
v -0.674043 -0.072338 0.259057
v -0.565069 -0.245264 0.367475
v -0.657240 -0.160321 0.210310
v -0.536207 0.005584 0.500115
v -0.529028 -0.218571 0.465667
v -0.464859 -0.055199 0.574145
v -0.515677 0.183128 0.443062
v -0.461353 0.051289 0.563837
v -0.713558 0.076466 0.157294
v -0.701665 -0.071639 0.160051
v -0.000897 0.664917 0.029452
v -0.028944 0.597264 0.136581
v -0.001857 0.751637 -0.287849
v -0.089886 0.833219 -0.458981
v 0.030995 0.594080 0.141291
v 0.091476 0.832521 -0.455869
v -0.342185 0.374406 0.376834
v -0.437136 0.338951 0.346336
v -0.398830 0.309293 0.446415
v -0.443787 0.614451 -0.534513
v -0.420595 0.480047 -0.416553
v -0.403290 0.444636 -0.551822
v -0.639658 0.232111 -0.036161
v -0.638855 0.234238 0.062287
v -0.691457 0.152019 0.013132
v 0.343564 0.373919 0.377802
v 0.437683 0.340499 0.348799
v 0.396297 0.308896 0.443122
v 0.445207 0.614856 -0.534446
v 0.421846 0.478764 -0.415341
v 0.401903 0.445542 -0.550575
v 0.639977 0.233141 -0.037077
v 0.635624 0.235232 0.061991
v 0.689264 0.152655 0.013714
v 0.000858 -0.738415 0.302881
v -0.052981 -0.797786 0.514845
v 0.000106 -0.732787 -0.131173
v -0.081013 -0.716791 -0.272570
v 0.052918 -0.798899 0.516088
v 0.078895 -0.719377 -0.272415
v -0.399866 -0.600229 0.545986
v -0.469188 -0.474219 0.429356
v -0.436260 -0.472361 0.558360
v -0.337185 -0.413268 -0.369735
v -0.411326 -0.355475 -0.335523
v -0.371429 -0.317544 -0.430447
v -0.623293 -0.239417 -0.029805
v -0.631447 -0.246486 0.069839
v -0.675049 -0.158786 0.014373
v 0.400506 -0.599684 0.546909
v 0.470910 -0.472963 0.428642
v 0.435529 -0.472900 0.558533
v 0.339820 -0.410233 -0.370034
v 0.416809 -0.356085 -0.335309
v 0.374642 -0.316464 -0.427416
v 0.623488 -0.238560 -0.029794
v 0.628984 -0.245320 0.069867
v 0.674394 -0.157808 0.015339
v 0.210091 -0.010839 0.760289
v 0.306257 -0.066170 0.731003
v -0.209062 -0.008429 0.765047
v -0.305781 -0.066020 0.731844
v 0.292319 0.044100 0.677809
v -0.286539 0.043498 0.678866
v 0.213017 0.023929 -0.797050
v 0.286696 -0.029759 -0.681575
v -0.214272 0.025058 -0.798911
v -0.284717 -0.029860 -0.683191
v 0.336218 0.085906 -0.794430
v -0.331852 0.085595 -0.794251
v -0.284280 0.615904 -0.030066
v -0.304731 0.596442 -0.001584
v -0.316786 0.609366 -0.055822
v -0.350177 0.587204 -0.046449
v -0.343938 0.580052 -0.010610
v 0.284853 0.616823 -0.029504
v 0.306077 0.597372 0.000865
v 0.318219 0.608637 -0.059609
v 0.353451 0.585665 -0.046162
v 0.345800 0.580391 -0.010364
v -0.371763 -0.721519 -0.013464
v -0.378697 -0.682465 0.025432
v -0.401409 -0.715237 -0.042170
v -0.418692 -0.668933 -0.021128
v -0.413965 -0.658631 0.024004
v 0.373074 -0.721608 -0.012998
v 0.380746 -0.681632 0.025672
v 0.400807 -0.716378 -0.040564
v 0.419649 -0.668505 -0.020272
v 0.414624 -0.658417 0.022998
v -0.035955 -0.633271 0.846831
v 0.035581 -0.636341 0.848906
v 0.000776 -0.524044 0.865077
v 0.054766 -0.566927 0.857773
v -0.053699 -0.565124 0.857345
v -0.019517 0.337220 0.603208
v 0.017843 0.337356 0.604064
v -0.000396 0.312638 0.636147
v 0.030507 0.321593 0.624467
v -0.031645 0.320211 0.622517
v -0.020037 -0.325005 -0.586908
v 0.016838 -0.325139 -0.586862
v -0.002983 -0.291052 -0.635728
v 0.028535 -0.302611 -0.616950
v -0.032091 -0.303274 -0.616834
v -0.031686 0.578419 -0.832125
v 0.030917 0.577305 -0.832267
v 0.000572 0.485879 -0.872759
v 0.050582 0.520380 -0.855996
v -0.049650 0.521240 -0.856259
v 0.624495 0.037242 -0.379809
v 0.617997 -0.019507 -0.370589
v 0.600391 -0.008558 -0.405073
v 0.605401 0.028592 -0.412152
v 0.635713 0.009432 -0.355591
v 0.645804 0.028935 0.367485
v 0.641327 -0.023099 0.369283
v 0.625081 -0.012300 0.404282
v 0.624472 0.019926 0.401089
v 0.655556 0.003119 0.349060
v -0.625573 0.036765 -0.379008
v -0.619955 -0.019698 -0.370634
v -0.600075 -0.009021 -0.405215
v -0.604159 0.028574 -0.412251
v -0.635283 0.008430 -0.355380
v -0.644799 0.031313 0.367979
v -0.638540 -0.024031 0.368595
v -0.621872 -0.014596 0.401441
v -0.624591 0.020840 0.402009
v -0.652688 0.002931 0.348634
v -0.013119 0.755544 -0.093282
v 0.006648 0.758056 -0.095710
v 0.002197 0.754298 -0.083709
v -0.008459 0.755270 -0.110573
v 0.005958 0.746712 -0.075169
v 0.003921 0.755128 -0.117269
v -0.194370 0.508744 0.240415
v -0.159857 0.462028 0.338196
v -0.142375 0.527079 0.229602
v -0.230644 0.467072 0.295823
v -0.126052 0.500603 0.280781
v -0.211555 0.446214 0.343707
v -0.286177 0.769173 -0.464061
v -0.237317 0.803843 -0.599638
v -0.244187 0.836362 -0.497054
v -0.345411 0.763945 -0.512146
v -0.262193 0.918601 -0.581645
v -0.294599 0.747492 -0.575615
v -0.519655 0.393822 -0.184137
v -0.563377 0.290586 -0.241063
v -0.500060 0.403358 -0.248003
v -0.560971 0.335267 -0.150614
v -0.522242 0.345142 -0.275998
v -0.581013 0.288083 -0.178873
v -0.523926 0.347279 0.176933
v -0.579306 0.268774 0.227945
v -0.512642 0.339095 0.226157
v -0.563464 0.312678 0.154977
v -0.541035 0.300762 0.253007
v -0.594757 0.274928 0.178743
v 0.190129 0.510325 0.240001
v 0.159979 0.461479 0.339701
v 0.141169 0.527323 0.230661
v 0.126706 0.500102 0.281255
v 0.226592 0.468110 0.292576
v 0.209393 0.445756 0.342590
v 0.287206 0.770031 -0.462801
v 0.239254 0.802889 -0.598685
v 0.244658 0.836226 -0.496583
v 0.261922 0.919576 -0.581981
v 0.345786 0.763214 -0.511577
v 0.294631 0.747140 -0.575895
v 0.521194 0.392262 -0.184913
v 0.564550 0.290832 -0.239042
v 0.501895 0.400838 -0.246904
v 0.561980 0.335479 -0.148074
v 0.523934 0.346808 -0.272699
v 0.582243 0.287594 -0.178236
v 0.521203 0.347197 0.177505
v 0.577676 0.270472 0.228216
v 0.509513 0.339547 0.227077
v 0.561029 0.314306 0.156487
v 0.538191 0.303362 0.253811
v 0.588281 0.274658 0.181094
v -0.055121 -0.784800 -0.001434
v 0.053837 -0.786691 -0.001066
v -0.016137 -0.773720 0.047893
v -0.036120 -0.780421 -0.032779
v 0.018838 -0.775404 0.049141
v 0.035753 -0.779683 -0.031063
v -0.307416 -0.724704 0.517818
v -0.318869 -0.910361 0.701415
v -0.271774 -0.835592 0.543553
v -0.342922 -0.737832 0.565305
v -0.296728 -0.961805 0.662625
v -0.334580 -0.813450 0.661731
v -0.298207 -0.697827 -0.363270
v -0.197635 -0.563487 -0.387310
v -0.236937 -0.712878 -0.359319
v -0.297178 -0.603110 -0.364982
v -0.186388 -0.636822 -0.368928
v -0.248692 -0.544857 -0.381177
v -0.511210 -0.352989 -0.158227
v -0.553265 -0.265303 -0.220713
v -0.493626 -0.346993 -0.213824
v -0.549586 -0.308624 -0.131964
v -0.514789 -0.301143 -0.243863
v -0.568314 -0.268021 -0.164761
v -0.536355 -0.403934 0.207650
v -0.582252 -0.305982 0.243385
v -0.528169 -0.408249 0.260535
v -0.567559 -0.351794 0.175234
v -0.550360 -0.358990 0.279316
v -0.591647 -0.305317 0.193416
v 0.307509 -0.725512 0.518296
v 0.316179 -0.906881 0.699566
v 0.270882 -0.836042 0.544100
v 0.299138 -0.960140 0.665820
v 0.342772 -0.739062 0.566031
v 0.334753 -0.812264 0.660656
v 0.297983 -0.700975 -0.363028
v 0.197462 -0.564113 -0.385950
v 0.236187 -0.716236 -0.359671
v 0.186984 -0.637077 -0.368855
v 0.296369 -0.605182 -0.366105
v 0.249675 -0.546374 -0.382070
v 0.510702 -0.352344 -0.157004
v 0.554018 -0.266029 -0.220068
v 0.493862 -0.346812 -0.214627
v 0.548995 -0.309344 -0.133359
v 0.514233 -0.301672 -0.243541
v 0.568319 -0.269390 -0.164031
v 0.537805 -0.403311 0.207597
v 0.580051 -0.306924 0.245219
v 0.528223 -0.407096 0.262382
v 0.567658 -0.352948 0.175825
v 0.549116 -0.359356 0.278868
v 0.589325 -0.305673 0.194083
v -0.000162 -0.056619 0.888631
v 0.001018 0.055450 0.780720
v 0.060986 -0.027689 0.860355
v -0.061211 -0.028110 0.856709
v 0.054621 0.026273 0.807243
v -0.054465 0.026301 0.803695
v 0.365681 -0.314861 0.728284
v 0.432778 -0.219491 0.625780
v 0.395271 -0.348970 0.676572
v 0.426598 -0.295204 0.622500
v 0.365859 -0.234728 0.725835
v 0.397854 -0.191493 0.673544
v -0.366183 -0.314812 0.729194
v -0.434302 -0.219418 0.621616
v -0.395447 -0.348658 0.678474
v -0.426886 -0.296730 0.622001
v -0.365493 -0.236412 0.724189
v -0.397170 -0.192824 0.670915
v 0.311067 0.221121 0.586485
v 0.406203 0.170232 0.549522
v 0.352159 0.240417 0.552248
v 0.401115 0.216629 0.533766
v 0.320014 0.173981 0.600130
v 0.366480 0.148245 0.586097
v -0.310946 0.221302 0.586790
v -0.408518 0.172469 0.548961
v -0.352119 0.239594 0.553651
v -0.403251 0.217777 0.532910
v -0.319562 0.173497 0.600906
v -0.367681 0.148340 0.586115
v -0.002085 -0.025723 -0.762032
v -0.001733 0.089790 -0.882717
v 0.049326 0.002374 -0.789610
v -0.052364 0.003249 -0.788222
v 0.055578 0.056679 -0.855250
v -0.059332 0.058315 -0.856626
v 0.299744 -0.238662 -0.574251
v 0.383616 -0.180126 -0.536662
v 0.334432 -0.253189 -0.539233
v 0.376311 -0.230252 -0.519283
v 0.304204 -0.191305 -0.587759
v 0.349709 -0.155533 -0.572047
v -0.300809 -0.234385 -0.575446
v -0.385904 -0.180842 -0.538494
v -0.336419 -0.250500 -0.539863
v -0.377063 -0.229510 -0.520475
v -0.305485 -0.188758 -0.590650
v -0.348381 -0.154805 -0.575400
v 0.388916 0.314993 -0.774969
v 0.455281 0.231997 -0.672572
v 0.404180 0.337085 -0.705573
v 0.437573 0.293137 -0.657882
v 0.402845 0.247969 -0.794069
v 0.427523 0.209611 -0.729373
v -0.387229 0.314991 -0.772513
v -0.458057 0.232932 -0.674019
v -0.404649 0.336227 -0.704318
v -0.439363 0.292317 -0.656378
v -0.400593 0.247737 -0.791635
v -0.427345 0.209766 -0.731356
v 0.720096 0.004713 -0.039751
v 0.732453 0.005954 0.059775
v 0.725652 0.039132 -0.013517
v 0.732282 0.039291 0.034299
v 0.718068 -0.033330 -0.013778
v 0.728210 -0.029073 0.036918
v -0.719913 0.004820 -0.040342
v -0.732110 0.005103 0.060247
v -0.726329 0.039794 -0.013990
v -0.732515 0.038816 0.034291
v -0.718008 -0.033367 -0.013053
v -0.728316 -0.029296 0.037162
v -0.173105 0.659834 -0.042496
v -0.050512 0.723903 -0.068454
v -0.139511 0.660265 -0.016944
v -0.153575 0.682843 -0.088505
v -0.076967 0.690003 -0.033877
v -0.093176 0.712437 -0.093103
v -0.261097 0.578376 0.069025
v -0.224821 0.547580 0.149478
v -0.207940 0.599376 0.065691
v -0.292233 0.543737 0.107261
v -0.190225 0.585286 0.101098
v -0.276271 0.527697 0.151045
v -0.299494 0.637130 -0.165678
v -0.294421 0.687897 -0.309285
v -0.247974 0.662969 -0.181285
v -0.342774 0.626507 -0.209691
v -0.241317 0.688249 -0.254631
v -0.345029 0.655282 -0.280453
v -0.421630 0.546980 -0.095383
v -0.474298 0.482294 -0.142710
v -0.417478 0.557863 -0.151636
v -0.449280 0.503304 -0.065812
v -0.442060 0.529913 -0.180101
v -0.479583 0.470886 -0.085338
v -0.400018 0.512939 0.045744
v -0.460217 0.429608 0.111278
v -0.386537 0.499059 0.091219
v -0.438532 0.482769 0.030550
v -0.417347 0.458551 0.126176
v -0.468537 0.439437 0.061431
v 0.173909 0.660103 -0.044539
v 0.050798 0.723842 -0.072890
v 0.135324 0.661303 -0.015678
v 0.154424 0.683717 -0.086994
v 0.082388 0.688932 -0.036171
v 0.090948 0.712005 -0.094432
v 0.260823 0.579007 0.070094
v 0.222293 0.547660 0.149028
v 0.206312 0.600060 0.065918
v 0.291638 0.543913 0.108577
v 0.186241 0.586566 0.102233
v 0.272750 0.527137 0.151510
v 0.303834 0.638046 -0.165312
v 0.295486 0.687935 -0.307178
v 0.250455 0.664094 -0.180111
v 0.346634 0.626062 -0.210012
v 0.241491 0.689081 -0.253589
v 0.347216 0.655289 -0.280744
v 0.418847 0.547759 -0.096138
v 0.475277 0.481062 -0.140565
v 0.415392 0.558643 -0.153083
v 0.449060 0.503972 -0.067403
v 0.442574 0.531995 -0.178055
v 0.477746 0.467890 -0.086103
v 0.398097 0.512886 0.045707
v 0.458959 0.429385 0.113504
v 0.384758 0.498419 0.092644
v 0.436924 0.481716 0.031149
v 0.415085 0.458951 0.128890
v 0.468472 0.438370 0.063921
v -0.286782 -0.806891 -0.017652
v -0.165888 -0.819238 -0.022542
v -0.234412 -0.759108 0.014129
v -0.285672 -0.915362 -0.043712
v -0.172055 -0.771684 0.011097
v -0.213940 -0.890678 -0.059794
v -0.337399 -0.662385 0.132565
v -0.290561 -0.654485 0.303785
v -0.278469 -0.679720 0.143043
v -0.368444 -0.637243 0.186349
v -0.248713 -0.672990 0.231758
v -0.345201 -0.638932 0.268893
v -0.427756 -0.799039 -0.154130
v -0.403126 -0.810205 -0.309630
v -0.400460 -0.898108 -0.175094
v -0.441730 -0.728829 -0.194126
v -0.383839 -0.898024 -0.260178
v -0.437557 -0.729843 -0.271002
v -0.454804 -0.584402 -0.062272
v -0.469781 -0.462400 -0.102181
v -0.452568 -0.585594 -0.118161
v -0.470352 -0.529819 -0.026141
v -0.457257 -0.522246 -0.139842
v -0.482201 -0.470699 -0.047146
v -0.453082 -0.583407 0.097029
v -0.493241 -0.493774 0.160866
v -0.446851 -0.581757 0.151349
v -0.476101 -0.538091 0.078343
v -0.464968 -0.541217 0.186378
v -0.498331 -0.490163 0.107437
v 0.284635 -0.807005 -0.014457
v 0.166443 -0.817253 -0.021623
v 0.234970 -0.758444 0.015187
v 0.278778 -0.915864 -0.040856
v 0.172260 -0.772177 0.012057
v 0.216799 -0.881047 -0.062799
v 0.339157 -0.662049 0.129469
v 0.290804 -0.656447 0.304651
v 0.280260 -0.678136 0.139778
v 0.369896 -0.638342 0.185671
v 0.249080 -0.672839 0.230785
v 0.345580 -0.638651 0.269635
v 0.426850 -0.799374 -0.153149
v 0.402888 -0.809264 -0.309986
v 0.401008 -0.897549 -0.175178
v 0.443115 -0.730028 -0.194508
v 0.385219 -0.897271 -0.258583
v 0.437500 -0.730148 -0.270853
v 0.454681 -0.583440 -0.059931
v 0.469641 -0.461996 -0.102438
v 0.452675 -0.584881 -0.118444
v 0.472648 -0.530261 -0.028094
v 0.457159 -0.520593 -0.139439
v 0.482448 -0.469603 -0.047965
v 0.453662 -0.582010 0.096826
v 0.492981 -0.491938 0.159227
v 0.447365 -0.582579 0.151145
v 0.478536 -0.537484 0.080110
v 0.465987 -0.540161 0.185274
v 0.498121 -0.488666 0.107491
v -0.138583 -0.747264 0.837257
v -0.245589 -0.922114 0.816643
v -0.104029 -0.791966 0.801863
v -0.219779 -0.759023 0.851930
v -0.163085 -0.910078 0.807509
v -0.269331 -0.850835 0.841819
v 0.134803 -0.748841 0.837068
v 0.243168 -0.921143 0.816579
v 0.108009 -0.790300 0.798895
v 0.222772 -0.759558 0.855567
v 0.165634 -0.903469 0.809191
v 0.272492 -0.848996 0.842150
v -0.000101 -0.358751 0.899547
v -0.000913 -0.203681 1.005277
v 0.063264 -0.315036 0.906302
v -0.063584 -0.317871 0.907483
v 0.064876 -0.236142 0.937475
v -0.064449 -0.237277 0.935692
v 0.181749 -0.500695 0.855302
v 0.296520 -0.411045 0.821086
v 0.244236 -0.558197 0.845340
v 0.183290 -0.407007 0.865567
v 0.303774 -0.513813 0.825721
v 0.243074 -0.361739 0.849681
v -0.181559 -0.500680 0.856591
v -0.296446 -0.410633 0.819851
v -0.242221 -0.559790 0.846324
v -0.185669 -0.407341 0.864854
v -0.305390 -0.511780 0.827049
v -0.243449 -0.362583 0.848542
v -0.067588 0.369391 0.533889
v -0.116591 0.411703 0.440462
v -0.044131 0.393355 0.491891
v -0.115248 0.362057 0.534410
v -0.067928 0.418619 0.438620
v -0.140510 0.380875 0.490017
v 0.068333 0.369174 0.534716
v 0.115619 0.413438 0.440196
v 0.045499 0.394901 0.487709
v 0.116475 0.364486 0.531250
v 0.068941 0.420382 0.437508
v 0.141339 0.383656 0.488227
v 0.001554 0.263935 0.658039
v -0.000781 0.152913 0.686521
v 0.041691 0.231509 0.659729
v -0.042409 0.231535 0.661668
v 0.044497 0.177459 0.674200
v -0.044510 0.178153 0.672685
v 0.115359 0.304019 0.621823
v 0.214226 0.271101 0.609247
v 0.152472 0.316257 0.595185
v 0.126553 0.273296 0.634937
v 0.201857 0.302694 0.588581
v 0.177364 0.252924 0.629811
v -0.116580 0.302814 0.624412
v -0.212322 0.268975 0.611392
v -0.152307 0.315202 0.596823
v -0.126258 0.273235 0.636957
v -0.201579 0.302151 0.592231
v -0.174605 0.253267 0.632608
v -0.069071 -0.378920 -0.520303
v -0.126406 -0.455702 -0.444367
v -0.048771 -0.421974 -0.482882
v -0.117126 -0.370103 -0.518676
v -0.077709 -0.465336 -0.447537
v -0.146113 -0.402923 -0.478309
v 0.069281 -0.378161 -0.519129
v 0.126698 -0.456720 -0.445444
v 0.047364 -0.422729 -0.485446
v 0.114352 -0.368359 -0.519133
v 0.075914 -0.467689 -0.448123
v 0.142537 -0.401520 -0.478037
v -0.003511 -0.245995 -0.681251
v -0.004500 -0.151718 -0.692664
v 0.035712 -0.227851 -0.680005
v -0.040860 -0.228038 -0.679915
v 0.037099 -0.178954 -0.686296
v -0.041279 -0.181424 -0.685757
v 0.109281 -0.286493 -0.624905
v 0.204266 -0.263174 -0.611473
v 0.147631 -0.298891 -0.593314
v 0.113942 -0.261690 -0.645097
v 0.195828 -0.286691 -0.590121
v 0.160980 -0.247076 -0.636245
v -0.113290 -0.286817 -0.621737
v -0.206881 -0.263808 -0.610922
v -0.149648 -0.301114 -0.589579
v -0.118345 -0.262873 -0.644750
v -0.199869 -0.287428 -0.588453
v -0.164480 -0.248553 -0.635570
v -0.120994 0.684174 -0.781065
v -0.201499 0.766699 -0.698790
v -0.092766 0.754796 -0.750743
v -0.196020 0.664279 -0.779741
v -0.129116 0.782137 -0.701270
v -0.236189 0.706631 -0.743288
v 0.123144 0.685850 -0.779731
v 0.201627 0.766042 -0.699268
v 0.089830 0.756938 -0.748653
v 0.196469 0.663182 -0.779534
v 0.128326 0.782668 -0.701744
v 0.236418 0.704831 -0.743988
v -0.000137 0.358433 -0.938435
v -0.000623 0.220695 -0.966519
v 0.069107 0.325834 -0.953879
v -0.069147 0.323837 -0.952489
v 0.070312 0.256212 -0.969465
v -0.072518 0.256384 -0.968088
v 0.180727 0.468816 -0.867182
v 0.301585 0.398501 -0.852612
v 0.230290 0.509746 -0.833979
v 0.191676 0.397818 -0.908788
v 0.285754 0.472210 -0.819079
v 0.259848 0.365387 -0.911932
v -0.183576 0.465836 -0.867123
v -0.300682 0.399223 -0.851554
v -0.230166 0.509277 -0.833209
v -0.192633 0.397532 -0.907739
v -0.286614 0.472805 -0.818294
v -0.261667 0.364840 -0.912525
v 0.625501 0.109094 -0.349789
v 0.600490 0.195179 -0.298737
v 0.599739 0.143385 -0.382530
v 0.641263 0.110233 -0.295528
v 0.587094 0.190553 -0.360887
v 0.631910 0.152773 -0.268181
v 0.606704 -0.100174 -0.329897
v 0.586366 -0.186298 -0.280084
v 0.578289 -0.135276 -0.353916
v 0.623845 -0.108051 -0.281064
v 0.565240 -0.179305 -0.328282
v 0.615243 -0.150249 -0.255281
v 0.543118 -0.059313 -0.454175
v 0.467564 -0.120001 -0.499274
v 0.534563 -0.109773 -0.438259
v 0.518763 -0.035545 -0.498019
v 0.494662 -0.141350 -0.459858
v 0.481114 -0.064299 -0.518626
v 0.565577 0.085116 -0.487346
v 0.522379 0.155946 -0.580420
v 0.573453 0.132011 -0.489239
v 0.537523 0.069076 -0.523850
v 0.549225 0.166831 -0.534105
v 0.512163 0.100994 -0.570189
v 0.662595 0.004238 -0.263087
v 0.690389 0.003962 -0.151713
v 0.668593 0.039493 -0.236767
v 0.663478 -0.033950 -0.234084
v 0.682417 0.039897 -0.181615
v 0.680937 -0.032852 -0.177144
v 0.639881 0.100541 0.326166
v 0.618605 0.185486 0.278133
v 0.612687 0.134681 0.350395
v 0.658383 0.107300 0.278974
v 0.598213 0.179138 0.327105
v 0.648847 0.148053 0.254282
v 0.633210 -0.107929 0.332102
v 0.613306 -0.204556 0.285563
v 0.608152 -0.146132 0.354639
v 0.651835 -0.114912 0.281263
v 0.596090 -0.198144 0.336213
v 0.645169 -0.160819 0.257689
v 0.572349 -0.064558 0.458810
v 0.506349 -0.136848 0.531677
v 0.569513 -0.118059 0.449815
v 0.539137 -0.044507 0.498706
v 0.540160 -0.157094 0.481989
v 0.504330 -0.076489 0.535632
v 0.567919 0.066658 0.455617
v 0.490846 0.119478 0.506922
v 0.561136 0.108319 0.440227
v 0.535508 0.049815 0.496111
v 0.522361 0.136234 0.462508
v 0.496401 0.073404 0.524426
v 0.690749 0.003778 0.258907
v 0.719010 0.005362 0.160834
v 0.699757 0.038769 0.233633
v 0.694198 -0.033428 0.234953
v 0.716012 0.040339 0.184125
v 0.709755 -0.032520 0.186250
v -0.626535 0.106856 -0.349752
v -0.601586 0.193525 -0.298502
v -0.601140 0.143337 -0.384010
v -0.640003 0.110995 -0.296188
v -0.584755 0.189240 -0.360753
v -0.629839 0.151809 -0.268273
v -0.606228 -0.100090 -0.331531
v -0.586699 -0.185424 -0.281836
v -0.577550 -0.135371 -0.354975
v -0.625012 -0.107516 -0.283337
v -0.565262 -0.179098 -0.331339
v -0.614481 -0.149884 -0.257355
v -0.543174 -0.058593 -0.455819
v -0.467252 -0.118945 -0.500780
v -0.533252 -0.109528 -0.438324
v -0.521035 -0.036004 -0.499778
v -0.496285 -0.141665 -0.459922
v -0.481468 -0.064469 -0.522003
v -0.566784 0.085539 -0.487257
v -0.520913 0.153744 -0.579744
v -0.572175 0.129760 -0.489400
v -0.537916 0.068608 -0.524412
v -0.549289 0.166660 -0.534131
v -0.513213 0.100999 -0.571927
v -0.662627 0.004080 -0.264747
v -0.690823 0.004419 -0.153635
v -0.669005 0.040367 -0.238041
v -0.662663 -0.033107 -0.235025
v -0.686901 0.041068 -0.182068
v -0.676598 -0.033778 -0.179706
v -0.640479 0.101515 0.328675
v -0.618449 0.186240 0.277713
v -0.610161 0.135178 0.351196
v -0.659630 0.106317 0.279181
v -0.597861 0.180157 0.326617
v -0.648953 0.147351 0.254662
v -0.632796 -0.107796 0.329708
v -0.614176 -0.205141 0.286264
v -0.607993 -0.145345 0.355337
v -0.653934 -0.113664 0.282602
v -0.595906 -0.197939 0.335926
v -0.645961 -0.161779 0.259112
v -0.572646 -0.065140 0.458085
v -0.505551 -0.138541 0.531437
v -0.568120 -0.119252 0.447726
v -0.538419 -0.045090 0.498724
v -0.539605 -0.158762 0.481491
v -0.502842 -0.076895 0.534932
v -0.566506 0.067298 0.455390
v -0.491159 0.120206 0.505446
v -0.561770 0.109529 0.439190
v -0.534435 0.049286 0.495257
v -0.523420 0.139026 0.462290
v -0.496625 0.073259 0.524169
v -0.690315 0.003875 0.260541
v -0.719008 0.004343 0.161235
v -0.698945 0.038680 0.234240
v -0.693130 -0.031837 0.235804
v -0.715580 0.040277 0.185479
v -0.709361 -0.033324 0.186148
v -0.018920 0.697525 -0.022507
v -0.074069 0.609856 0.103717
v -0.054049 0.670663 0.008866
v -0.084523 0.630352 0.064765
v -0.020075 0.661766 0.031965
v -0.041135 0.622447 0.091574
v -0.047022 0.736119 -0.201941
v -0.126054 0.768315 -0.371003
v -0.071561 0.726634 -0.198673
v -0.118344 0.726390 -0.282926
v -0.051327 0.742833 -0.291445
v -0.087490 0.777817 -0.379555
v 0.013937 0.698786 -0.023938
v 0.076225 0.609380 0.105836
v 0.052664 0.669724 0.009010
v 0.087358 0.629616 0.066247
v 0.019640 0.661158 0.032750
v 0.041357 0.621498 0.093358
v 0.043083 0.740647 -0.201074
v 0.129291 0.767132 -0.370417
v 0.072168 0.732547 -0.201501
v 0.119776 0.729747 -0.281449
v 0.048931 0.747778 -0.291291
v 0.086754 0.776249 -0.377441
v -0.330377 0.428709 0.286551
v -0.425427 0.387914 0.263531
v -0.343796 0.448832 0.237907
v -0.393743 0.427012 0.229298
v -0.361682 0.390754 0.328061
v -0.408612 0.373131 0.313509
v -0.039536 0.520271 0.265731
v 0.038620 0.517976 0.265367
v -0.021934 0.485532 0.323971
v 0.020624 0.485256 0.324045
v -0.018084 0.558997 0.200015
v 0.017500 0.561027 0.196951
v -0.269857 0.373950 0.434694
v -0.319279 0.311191 0.506827
v -0.245042 0.358489 0.483159
v -0.268363 0.328535 0.518809
v -0.321604 0.357223 0.426519
v -0.350268 0.324783 0.463088
v -0.552475 0.718278 -0.438577
v -0.433445 0.544999 -0.333273
v -0.450929 0.644098 -0.361370
v -0.437917 0.579988 -0.314748
v -0.518475 0.635249 -0.479198
v -0.434183 0.561498 -0.405908
v -0.120997 0.882401 -0.566474
v 0.122127 0.880102 -0.567847
v -0.053693 0.854778 -0.612248
v 0.052137 0.850780 -0.610970
v -0.072980 0.845182 -0.527864
v 0.072687 0.843517 -0.525948
v -0.357307 0.631730 -0.624204
v -0.369792 0.476909 -0.660642
v -0.322715 0.603791 -0.679024
v -0.337129 0.528019 -0.701343
v -0.393945 0.583673 -0.586663
v -0.385007 0.501076 -0.599175
v -0.577532 0.324629 -0.040753
v -0.577512 0.317159 0.060875
v -0.546415 0.368081 -0.019692
v -0.544981 0.363720 0.030301
v -0.610967 0.276175 -0.011645
v -0.609887 0.276250 0.037327
v -0.487685 0.342256 -0.402119
v -0.463014 0.320980 -0.527331
v -0.512536 0.282272 -0.429112
v -0.500640 0.271781 -0.489672
v -0.448534 0.401808 -0.440775
v -0.435268 0.386939 -0.506000
v -0.645960 0.195963 -0.119867
v -0.696260 0.114140 -0.064211
v -0.662145 0.155919 -0.148982
v -0.682732 0.115388 -0.121976
v -0.660452 0.192948 -0.061515
v -0.687927 0.151782 -0.035932
v -0.507023 0.281810 0.352551
v -0.460877 0.250651 0.447437
v -0.527144 0.243508 0.375419
v -0.503115 0.227778 0.422997
v -0.464186 0.305140 0.376215
v -0.442682 0.288998 0.423085
v -0.660099 0.193917 0.132694
v -0.710406 0.111544 0.082836
v -0.678261 0.152208 0.155100
v -0.704043 0.112575 0.131398
v -0.665725 0.192458 0.085804
v -0.690906 0.151234 0.061921
v 0.327201 0.428787 0.289595
v 0.421552 0.388037 0.264950
v 0.340551 0.449286 0.237947
v 0.389241 0.427697 0.227764
v 0.362195 0.390765 0.332018
v 0.407309 0.372906 0.316230
v 0.271635 0.373848 0.435110
v 0.319212 0.312446 0.503817
v 0.245226 0.359912 0.479476
v 0.267477 0.329515 0.514974
v 0.322956 0.358547 0.425503
v 0.346516 0.326612 0.459294
v 0.552406 0.719058 -0.438498
v 0.435227 0.544411 -0.331768
v 0.453086 0.644915 -0.359263
v 0.438765 0.579430 -0.315752
v 0.518131 0.636398 -0.477650
v 0.433705 0.560861 -0.404541
v 0.356969 0.632344 -0.625689
v 0.369650 0.477756 -0.661970
v 0.324186 0.603658 -0.679999
v 0.338501 0.528677 -0.701821
v 0.393860 0.585503 -0.585278
v 0.385617 0.502230 -0.601197
v 0.577491 0.325129 -0.041735
v 0.574867 0.320649 0.057308
v 0.545026 0.369687 -0.021837
v 0.543477 0.364136 0.027865
v 0.609317 0.277472 -0.011899
v 0.607854 0.277634 0.036869
v 0.488132 0.341177 -0.401869
v 0.462976 0.321172 -0.528635
v 0.515218 0.282598 -0.427681
v 0.501361 0.271609 -0.489497
v 0.448249 0.401678 -0.441080
v 0.436825 0.386698 -0.504800
v 0.647524 0.194818 -0.118285
v 0.695063 0.114111 -0.064933
v 0.661130 0.155331 -0.148264
v 0.683359 0.115634 -0.121676
v 0.662220 0.193196 -0.061171
v 0.686434 0.152661 -0.037446
v 0.507718 0.284385 0.352570
v 0.460426 0.250968 0.447769
v 0.527107 0.243547 0.375833
v 0.502462 0.226794 0.423242
v 0.463140 0.304937 0.375596
v 0.441925 0.289583 0.423220
v 0.655798 0.195441 0.132279
v 0.710490 0.111094 0.083688
v 0.676909 0.155444 0.155574
v 0.701564 0.112974 0.132511
v 0.662283 0.194038 0.085799
v 0.690831 0.151801 0.061271
v -0.024222 -0.748253 0.169632
v -0.081974 -0.717633 0.407926
v -0.068308 -0.731697 0.165683
v -0.106602 -0.709128 0.276168
v -0.016932 -0.734489 0.295834
v -0.037766 -0.736085 0.419632
v -0.117382 -0.820395 -0.129356
v -0.175590 -0.871714 -0.307722
v -0.153814 -0.933001 -0.165022
v -0.208191 -0.945626 -0.266785
v -0.091247 -0.768118 -0.158791
v -0.115772 -0.782094 -0.242241
v 0.026382 -0.745100 0.169498
v 0.082972 -0.718213 0.409290
v 0.069119 -0.731777 0.166565
v 0.107989 -0.709385 0.277163
v 0.019967 -0.734730 0.297638
v 0.039230 -0.736990 0.419883
v 0.116045 -0.826444 -0.132921
v 0.178495 -0.877426 -0.308891
v 0.159173 -0.940072 -0.163609
v 0.218931 -0.946816 -0.269741
v 0.091010 -0.770851 -0.160209
v 0.119064 -0.784203 -0.242011
v -0.390670 -0.613636 0.445000
v -0.462137 -0.513907 0.345083
v -0.404682 -0.596126 0.360949
v -0.443155 -0.553442 0.317105
v -0.413020 -0.581318 0.469060
v -0.449795 -0.523577 0.414197
v -0.100693 -0.880690 0.669175
v 0.101686 -0.879320 0.672259
v -0.071385 -0.812982 0.696210
v 0.071381 -0.815803 0.696433
v -0.043511 -0.834090 0.606757
v 0.040183 -0.834365 0.600383
v -0.371337 -0.721112 0.695187
v -0.399697 -0.531062 0.683026
v -0.387220 -0.747031 0.757847
v -0.392624 -0.616414 0.751936
v -0.394513 -0.619821 0.620517
v -0.410991 -0.544052 0.621481
v -0.381065 -0.520633 -0.331427
v -0.423517 -0.429366 -0.265894
v -0.419856 -0.551643 -0.298513
v -0.430809 -0.497131 -0.254994
v -0.371841 -0.447354 -0.336293
v -0.400806 -0.408805 -0.310786
v -0.064764 -0.628148 -0.353271
v 0.064328 -0.629996 -0.353116
v -0.030625 -0.574054 -0.385464
v 0.031029 -0.575158 -0.384340
v -0.036017 -0.672575 -0.311771
v 0.035289 -0.673548 -0.310821
v -0.268318 -0.403908 -0.421800
v -0.309669 -0.312083 -0.489637
v -0.242364 -0.371256 -0.465084
v -0.263570 -0.326161 -0.500531
v -0.311070 -0.382378 -0.410742
v -0.331402 -0.336651 -0.441831
v -0.567945 -0.321587 -0.023656
v -0.575947 -0.338496 0.078123
v -0.542435 -0.372883 0.006653
v -0.548594 -0.383298 0.057091
v -0.600910 -0.282445 0.000169
v -0.605223 -0.288004 0.049417
v -0.474162 -0.283538 -0.346529
v -0.429516 -0.260164 -0.437159
v -0.492350 -0.244905 -0.372894
v -0.470017 -0.232687 -0.416028
v -0.431858 -0.312507 -0.364935
v -0.410807 -0.297116 -0.412080
v -0.629672 -0.194554 -0.115055
v -0.680237 -0.113478 -0.064855
v -0.643977 -0.154141 -0.146522
v -0.666519 -0.113755 -0.120631
v -0.640829 -0.196773 -0.060090
v -0.667865 -0.156033 -0.035607
v -0.517948 -0.356913 0.391898
v -0.476423 -0.338877 0.504848
v -0.531434 -0.296030 0.404276
v -0.510273 -0.285211 0.455897
v -0.484363 -0.413813 0.440968
v -0.466389 -0.408687 0.500943
v -0.648967 -0.205776 0.137966
v -0.695414 -0.111549 0.085857
v -0.667116 -0.159496 0.161867
v -0.689449 -0.114735 0.134980
v -0.652372 -0.203775 0.090935
v -0.675613 -0.158117 0.063021
v 0.389265 -0.614225 0.444276
v 0.462540 -0.513575 0.344423
v 0.406271 -0.597447 0.359703
v 0.442543 -0.553541 0.317286
v 0.414465 -0.581235 0.468826
v 0.450171 -0.523338 0.414407
v 0.371637 -0.720215 0.695269
v 0.400296 -0.532659 0.684943
v 0.387079 -0.746257 0.758823
v 0.391684 -0.615673 0.754090
v 0.394308 -0.621617 0.621051
v 0.411081 -0.544696 0.620876
v 0.380435 -0.519151 -0.331034
v 0.426843 -0.429036 -0.266184
v 0.418382 -0.551430 -0.297499
v 0.430758 -0.497254 -0.253113
v 0.372164 -0.444780 -0.335224
v 0.400838 -0.406968 -0.310323
v 0.269507 -0.400827 -0.421942
v 0.309138 -0.310502 -0.490662
v 0.242426 -0.367259 -0.464905
v 0.264258 -0.323008 -0.503402
v 0.313197 -0.380147 -0.411043
v 0.332109 -0.335785 -0.444938
v 0.570803 -0.321428 -0.021360
v 0.576300 -0.337843 0.077618
v 0.542767 -0.372554 0.006708
v 0.547585 -0.382318 0.057376
v 0.601247 -0.282527 -0.000916
v 0.606265 -0.285956 0.049682
v 0.473710 -0.284374 -0.345362
v 0.430295 -0.258547 -0.438001
v 0.492855 -0.243864 -0.373469
v 0.469023 -0.232770 -0.418411
v 0.434689 -0.310157 -0.366283
v 0.414600 -0.296485 -0.412199
v 0.629421 -0.196886 -0.115222
v 0.682842 -0.114381 -0.063100
v 0.643607 -0.155851 -0.143771
v 0.666633 -0.115238 -0.119764
v 0.642518 -0.196376 -0.059299
v 0.668650 -0.157222 -0.035068
v 0.518743 -0.358203 0.391508
v 0.475642 -0.338237 0.506189
v 0.533187 -0.296489 0.403092
v 0.510322 -0.283744 0.457752
v 0.485002 -0.413453 0.441545
v 0.464807 -0.407930 0.502374
v 0.646081 -0.205700 0.138594
v 0.694807 -0.114236 0.085093
v 0.666100 -0.160236 0.160289
v 0.688649 -0.115069 0.133936
v 0.651525 -0.202324 0.090067
v 0.674670 -0.158032 0.062469
v 0.175320 -0.095394 0.848828
v 0.276566 -0.163762 0.798775
v 0.179347 -0.161868 0.870366
v 0.233472 -0.197666 0.842862
v 0.216512 -0.066586 0.797198
v 0.266216 -0.098555 0.775980
v -0.174575 -0.092885 0.846681
v -0.280091 -0.161389 0.801542
v -0.179366 -0.160401 0.869493
v -0.234558 -0.197113 0.842909
v -0.217928 -0.065221 0.800208
v -0.267253 -0.098708 0.778365
v 0.149697 0.070007 0.721356
v 0.236640 0.123201 0.658467
v 0.145284 0.120841 0.683200
v 0.187778 0.150863 0.661417
v 0.201978 0.042783 0.724211
v 0.244392 0.069254 0.686841
v -0.148664 0.067941 0.722857
v -0.234962 0.122866 0.661824
v -0.144247 0.120890 0.686194
v -0.186585 0.148766 0.662399
v -0.199948 0.043194 0.724331
v -0.242508 0.068711 0.688260
v 0.386736 -0.060639 0.654279
v 0.376138 0.049490 0.627073
v 0.423871 -0.028207 0.611557
v 0.420691 0.025971 0.602864
v 0.342995 -0.034247 0.683544
v 0.337002 0.020044 0.663532
v -0.386806 -0.060911 0.653500
v -0.377999 0.048811 0.623766
v -0.423915 -0.029437 0.610831
v -0.420542 0.025443 0.603249
v -0.343067 -0.034456 0.682971
v -0.336861 0.018635 0.661826
v 0.130960 -0.053570 -0.708067
v 0.220319 -0.122485 -0.647753
v 0.125471 -0.122146 -0.679969
v 0.168621 -0.154468 -0.655147
v 0.187561 -0.023380 -0.720504
v 0.228071 -0.056071 -0.675607
v -0.133932 -0.054319 -0.711959
v -0.219274 -0.121000 -0.650668
v -0.127768 -0.118225 -0.682662
v -0.170322 -0.152425 -0.658747
v -0.188055 -0.023666 -0.719782
v -0.230432 -0.056866 -0.681391
v 0.196736 0.097916 -0.937962
v 0.337077 0.178033 -0.926673
v 0.211060 0.179826 -0.981881
v 0.282367 0.217267 -0.974389
v 0.242251 0.067096 -0.885770
v 0.313071 0.105762 -0.885474
v -0.197175 0.097545 -0.937881
v -0.336155 0.178926 -0.927591
v -0.209661 0.180715 -0.982659
v -0.283228 0.216464 -0.972967
v -0.245493 0.066325 -0.881664
v -0.314020 0.104194 -0.882991
v 0.372133 -0.034297 -0.624271
v 0.408221 0.086589 -0.696812
v 0.421115 -0.005184 -0.608608
v 0.435438 0.053770 -0.638939
v 0.338736 -0.000784 -0.675559
v 0.360464 0.057243 -0.722496
v -0.371821 -0.034563 -0.627748
v -0.408597 0.086223 -0.697558
v -0.420609 -0.004908 -0.610767
v -0.435254 0.054045 -0.639836
v -0.337218 -0.001066 -0.678059
v -0.361636 0.056117 -0.721301
v -0.255185 0.614100 -0.000355
v -0.270875 0.631578 -0.069085
v -0.200775 0.635232 -0.005505
v -0.213412 0.655528 -0.079613
v -0.330310 0.572476 0.026287
v -0.229588 0.608547 0.032634
v -0.311673 0.559560 0.064926
v -0.348612 0.597026 -0.090574
v -0.257908 0.646882 -0.120484
v -0.347031 0.609494 -0.147391
v -0.382191 0.560628 -0.025784
v -0.383843 0.580079 -0.121309
v -0.419368 0.535499 -0.046742
v -0.357097 0.540172 0.056082
v -0.411845 0.526158 -0.001740
v 0.257610 0.614437 0.000749
v 0.271851 0.630180 -0.068482
v 0.199723 0.636284 -0.004259
v 0.217209 0.654972 -0.078488
v 0.329808 0.570507 0.027033
v 0.229301 0.608638 0.032388
v 0.310238 0.557376 0.067214
v 0.351677 0.596267 -0.089887
v 0.260057 0.646480 -0.120870
v 0.348409 0.609920 -0.145796
v 0.381855 0.561383 -0.027144
v 0.384021 0.580604 -0.123343
v 0.415602 0.535024 -0.046221
v 0.357936 0.539810 0.059096
v 0.409623 0.525664 -0.003654
v -0.341802 -0.707609 0.021145
v -0.380485 -0.775693 -0.053105
v -0.293779 -0.737104 0.017312
v -0.342349 -0.840868 -0.054724
v -0.399871 -0.650485 0.067123
v -0.311943 -0.691317 0.070815
v -0.385545 -0.644117 0.120860
v -0.425373 -0.688640 -0.066881
v -0.401639 -0.845981 -0.101185
v -0.433650 -0.711949 -0.127082
v -0.438234 -0.628035 0.012432
v -0.442398 -0.643575 -0.093224
v -0.457220 -0.585393 -0.006023
v -0.425058 -0.619140 0.111409
v -0.456974 -0.584895 0.047675
v 0.340568 -0.708989 0.021194
v 0.378822 -0.775421 -0.052270
v 0.292928 -0.737375 0.017870
v 0.339673 -0.841863 -0.054901
v 0.401912 -0.650913 0.067174
v 0.313500 -0.692120 0.070028
v 0.389108 -0.646040 0.122807
v 0.425981 -0.688836 -0.067768
v 0.402091 -0.846596 -0.101091
v 0.433912 -0.711016 -0.125707
v 0.438585 -0.628195 0.010730
v 0.442652 -0.642041 -0.093816
v 0.458219 -0.583385 -0.005173
v 0.424366 -0.619086 0.110873
v 0.459816 -0.584787 0.045084
v 0.001109 -0.700052 0.829479
v -0.103771 -0.614488 0.848612
v -0.045385 -0.739807 0.814455
v -0.158721 -0.677846 0.846751
v 0.105970 -0.620168 0.850903
v 0.047521 -0.738471 0.814841
v 0.159129 -0.679533 0.846969
v 0.060517 -0.486889 0.868867
v -0.061100 -0.487150 0.868884
v 0.061349 -0.400946 0.887326
v -0.062533 -0.401442 0.883875
v 0.174895 -0.592457 0.850629
v 0.121488 -0.447895 0.870005
v -0.174497 -0.592218 0.851803
v -0.121380 -0.448345 0.868683
v -0.000747 0.352772 0.575486
v -0.058631 0.331134 0.605566
v -0.022747 0.372687 0.535024
v -0.086908 0.345958 0.570452
v 0.058068 0.333683 0.600234
v 0.022233 0.372919 0.532893
v 0.086516 0.347157 0.570316
v 0.035695 0.304085 0.641828
v -0.036222 0.303727 0.640979
v 0.039210 0.276093 0.651768
v -0.040218 0.276085 0.652134
v 0.102750 0.327411 0.600013
v 0.077744 0.290902 0.640003
v -0.104289 0.325112 0.602103
v -0.078338 0.290509 0.641492
v -0.001219 -0.350289 -0.555262
v -0.060569 -0.319246 -0.591398
v -0.024427 -0.383597 -0.520575
v -0.088344 -0.341380 -0.555439
v 0.056527 -0.319521 -0.588999
v 0.023231 -0.382353 -0.520081
v 0.085050 -0.340666 -0.556733
v 0.033512 -0.281515 -0.644509
v -0.035441 -0.281833 -0.643648
v 0.034222 -0.259361 -0.667639
v -0.039399 -0.259598 -0.666844
v 0.100063 -0.310942 -0.592754
v 0.071565 -0.273056 -0.647153
v -0.102373 -0.312365 -0.590535
v -0.076154 -0.273802 -0.645849
v 0.000507 0.634473 -0.807510
v -0.096671 0.564074 -0.834717
v -0.042338 0.697687 -0.780730
v -0.146814 0.609992 -0.808336
v 0.095009 0.562509 -0.833156
v 0.041338 0.696418 -0.780129
v 0.146568 0.614243 -0.805845
v 0.058076 0.457223 -0.886417
v -0.059338 0.457454 -0.885780
v 0.064286 0.392239 -0.921869
v -0.065492 0.392402 -0.920731
v 0.165488 0.540804 -0.835754
v 0.124357 0.428390 -0.898096
v -0.165115 0.540837 -0.835715
v -0.125199 0.428658 -0.896823
v 0.608736 0.065766 -0.408457
v 0.641630 0.039121 -0.340368
v 0.609205 0.102263 -0.400088
v 0.644197 0.073481 -0.318777
v 0.594575 -0.047253 -0.391341
v 0.634718 -0.026176 -0.331874
v 0.586666 -0.090229 -0.372371
v 0.630135 -0.065841 -0.308120
v 0.582804 0.011029 -0.442559
v 0.565675 -0.076523 -0.413516
v 0.552532 -0.010868 -0.470834
v 0.589330 0.096402 -0.445087
v 0.560418 0.037181 -0.481688
v 0.656411 0.039389 -0.290428
v 0.649492 -0.030568 -0.284771
v 0.624753 0.054196 0.390087
v 0.661916 0.033690 0.326940
v 0.619290 0.091714 0.371830
v 0.664265 0.068027 0.304210
v 0.620741 -0.053020 0.391595
v 0.657572 -0.029513 0.326823
v 0.615496 -0.098318 0.376075
v 0.656543 -0.071163 0.305398
v 0.599960 0.004018 0.431937
v 0.596200 -0.084267 0.418209
v 0.569691 -0.018576 0.464860
v 0.595517 0.080958 0.413649
v 0.568305 0.024606 0.464121
v 0.681609 0.036154 0.281703
v 0.676332 -0.032141 0.282737
v -0.608191 0.064773 -0.409750
v -0.643965 0.040721 -0.339745
v -0.609017 0.102902 -0.400352
v -0.643198 0.072895 -0.320463
v -0.594439 -0.047230 -0.391871
v -0.634033 -0.025491 -0.332861
v -0.585879 -0.090884 -0.374507
v -0.629806 -0.065572 -0.309230
v -0.581397 0.011624 -0.442867
v -0.566750 -0.076775 -0.413860
v -0.551160 -0.010099 -0.470579
v -0.588881 0.096494 -0.446419
v -0.557635 0.037767 -0.481500
v -0.657424 0.040257 -0.291425
v -0.649438 -0.030818 -0.285203
v -0.624042 0.054613 0.390445
v -0.661873 0.034402 0.328331
v -0.619175 0.091936 0.372747
v -0.664267 0.068918 0.305979
v -0.619611 -0.054455 0.390436
v -0.656952 -0.029513 0.329162
v -0.613812 -0.098987 0.375471
v -0.655414 -0.070106 0.306887
v -0.600218 0.004049 0.432333
v -0.595840 -0.084808 0.417599
v -0.569593 -0.018264 0.464002
v -0.595590 0.081850 0.414065
v -0.568425 0.025359 0.464566
v -0.681176 0.036786 0.283471
v -0.675136 -0.032141 0.283705
v -0.019964 0.744324 -0.079634
v -0.020179 0.750385 -0.102017
v -0.033948 0.725966 -0.058782
v -0.033436 0.744653 -0.090344
v 0.011830 0.745339 -0.073685
v 0.017651 0.752716 -0.107187
v 0.033356 0.721375 -0.059544
v 0.028909 0.741615 -0.092111
v -0.000016 0.743342 -0.068997
v -0.029660 0.712339 -0.043206
v -0.006248 0.703083 -0.026901
v -0.001705 0.752037 -0.142559
v -0.031166 0.741335 -0.116733
v -0.026490 0.748030 -0.194592
v 0.029049 0.709170 -0.040509
v 0.005550 0.700987 -0.023151
v 0.030197 0.748507 -0.118944
v 0.026384 0.746279 -0.197662
v -0.158045 0.550338 0.182955
v -0.246030 0.488499 0.248160
v -0.172165 0.567879 0.139512
v -0.261149 0.509195 0.197561
v -0.111504 0.472232 0.333632
v -0.191050 0.423630 0.392480
v -0.089554 0.445584 0.387164
v -0.166290 0.402143 0.440211
v -0.096087 0.542216 0.217602
v -0.121536 0.588665 0.124048
v -0.066953 0.582498 0.153258
v -0.262781 0.426341 0.342728
v -0.297476 0.468533 0.245358
v -0.312390 0.408933 0.336724
v -0.065622 0.481893 0.327890
v -0.054293 0.553378 0.209257
v -0.217011 0.388774 0.440164
v -0.293008 0.391094 0.385753
v -0.239229 0.769870 -0.412773
v -0.368102 0.738872 -0.436353
v -0.237204 0.720116 -0.334366
v -0.356137 0.694620 -0.357810
v -0.214703 0.862427 -0.614613
v -0.275925 0.737920 -0.627297
v -0.171923 0.812296 -0.655782
v -0.253952 0.720092 -0.681235
v -0.255714 0.971957 -0.518505
v -0.178514 0.748834 -0.354386
v -0.158374 0.860738 -0.446445
v -0.403259 0.748574 -0.562467
v -0.434357 0.703688 -0.402225
v -0.515634 0.720084 -0.546799
v -0.150275 0.859203 -0.612325
v -0.181541 0.986586 -0.518601
v -0.305272 0.675415 -0.655152
v -0.410239 0.668316 -0.579612
v -0.482910 0.454355 -0.224284
v -0.535485 0.385362 -0.127175
v -0.464397 0.496793 -0.202788
v -0.508282 0.431677 -0.106157
v -0.544778 0.289789 -0.303162
v -0.600690 0.241049 -0.207759
v -0.568685 0.237509 -0.331545
v -0.616998 0.195836 -0.238004
v -0.480851 0.409356 -0.311891
v -0.450607 0.517897 -0.268169
v -0.437736 0.481939 -0.350521
v -0.598271 0.282672 -0.117591
v -0.542490 0.376162 -0.072223
v -0.608877 0.278444 -0.063789
v -0.527953 0.286655 -0.365993
v -0.461651 0.409215 -0.376742
v -0.631341 0.197038 -0.177971
v -0.629624 0.235134 -0.088899
v -0.481156 0.376606 0.194739
v -0.533528 0.353093 0.129464
v -0.450110 0.418289 0.162039
v -0.500755 0.395079 0.095540
v -0.564009 0.262819 0.277495
v -0.616418 0.232244 0.203815
v -0.582754 0.224282 0.301722
v -0.633223 0.190643 0.229007
v -0.498927 0.329927 0.276678
v -0.437671 0.402729 0.211668
v -0.454735 0.351712 0.296490
v -0.602608 0.274162 0.133539
v -0.541261 0.358661 0.079298
v -0.606313 0.276014 0.085196
v -0.546589 0.254743 0.326769
v -0.484105 0.318933 0.328935
v -0.647889 0.192687 0.181180
v -0.633714 0.233656 0.109974
v 0.155745 0.549989 0.183120
v 0.241683 0.490123 0.247089
v 0.171094 0.569805 0.141601
v 0.256805 0.509487 0.197008
v 0.109840 0.473321 0.333050
v 0.190409 0.424035 0.394138
v 0.090475 0.447059 0.385817
v 0.166437 0.403191 0.441268
v 0.096179 0.540325 0.219504
v 0.120888 0.589985 0.126043
v 0.064539 0.583446 0.154884
v 0.065007 0.482465 0.328767
v 0.055360 0.551897 0.207201
v 0.260240 0.427731 0.342302
v 0.291270 0.469441 0.244627
v 0.313148 0.408403 0.338952
v 0.219681 0.390184 0.441851
v 0.293117 0.390451 0.388255
v 0.240238 0.768821 -0.411604
v 0.367385 0.739329 -0.435761
v 0.237419 0.718307 -0.333423
v 0.355147 0.693308 -0.357509
v 0.214887 0.861220 -0.615066
v 0.276580 0.737887 -0.628929
v 0.169810 0.813016 -0.655123
v 0.255083 0.720261 -0.682568
v 0.255820 0.971978 -0.518534
v 0.180957 0.747197 -0.353688
v 0.155865 0.860380 -0.444947
v 0.148424 0.861230 -0.612378
v 0.180782 0.986501 -0.518008
v 0.402295 0.749042 -0.562817
v 0.434162 0.703822 -0.404271
v 0.514795 0.720875 -0.547118
v 0.305317 0.674952 -0.655049
v 0.410563 0.667227 -0.578674
v 0.481857 0.452400 -0.221861
v 0.535417 0.384413 -0.127485
v 0.463871 0.495141 -0.202143
v 0.510043 0.428548 -0.104462
v 0.545507 0.289480 -0.301312
v 0.600643 0.241462 -0.206512
v 0.567035 0.239369 -0.331582
v 0.616378 0.195946 -0.237726
v 0.482347 0.408093 -0.311499
v 0.450605 0.514970 -0.265581
v 0.439382 0.481201 -0.348319
v 0.598253 0.285192 -0.118550
v 0.542096 0.375983 -0.072018
v 0.606083 0.280108 -0.064473
v 0.528960 0.288702 -0.365082
v 0.464307 0.409380 -0.374925
v 0.630738 0.196112 -0.177347
v 0.628372 0.237174 -0.089839
v 0.480871 0.377711 0.197022
v 0.530335 0.354793 0.128346
v 0.446496 0.417740 0.164524
v 0.500443 0.396734 0.096621
v 0.562041 0.263794 0.277803
v 0.615110 0.234149 0.204000
v 0.583099 0.223683 0.302206
v 0.633915 0.190535 0.229994
v 0.497707 0.328152 0.278018
v 0.434749 0.404156 0.213374
v 0.452700 0.352871 0.298914
v 0.598066 0.276205 0.133918
v 0.537282 0.361161 0.078687
v 0.603677 0.276127 0.086105
v 0.544427 0.253041 0.327341
v 0.482057 0.318704 0.328209
v 0.645951 0.194370 0.181680
v 0.630013 0.234980 0.108876
v -0.059508 -0.777149 0.035569
v -0.104205 -0.801369 -0.048161
v -0.112751 -0.778231 0.020802
v -0.156536 -0.844042 -0.060685
v 0.059533 -0.776525 0.037439
v 0.104480 -0.802533 -0.046080
v 0.111624 -0.778616 0.021359
v 0.156229 -0.843591 -0.060898
v 0.002660 -0.761838 0.110792
v -0.051703 -0.762124 0.074533
v -0.000954 -0.748700 0.187773
v -0.000542 -0.763577 -0.059557
v -0.137632 -0.847493 -0.095568
v -0.054430 -0.757028 -0.089837
v 0.049350 -0.763949 0.071001
v 0.007209 -0.749183 0.190701
v 0.139087 -0.852524 -0.098454
v 0.054010 -0.758158 -0.089615
v -0.220897 -0.695987 0.458105
v -0.326606 -0.665149 0.469400
v -0.225870 -0.674557 0.339883
v -0.332071 -0.644252 0.364192
v -0.290231 -0.959516 0.733997
v -0.308093 -0.871928 0.746791
v -0.226885 -0.933569 0.766384
v -0.312689 -0.903925 0.790290
v -0.224346 -0.936402 0.569983
v -0.147476 -0.688979 0.380089
v -0.108377 -0.799693 0.516782
v -0.344847 -0.716016 0.594019
v -0.364525 -0.632885 0.409499
v -0.374234 -0.642749 0.529591
v -0.215218 -0.965818 0.751435
v -0.115247 -0.879590 0.608809
v -0.346475 -0.819898 0.750012
v -0.366621 -0.681609 0.617182
v -0.299726 -0.812297 -0.365308
v -0.352745 -0.660980 -0.354124
v -0.347441 -0.871485 -0.328733
v -0.407607 -0.711662 -0.331982
v -0.144948 -0.572653 -0.389393
v -0.209379 -0.490478 -0.404806
v -0.108010 -0.514838 -0.416870
v -0.174114 -0.442438 -0.438270
v -0.172385 -0.705349 -0.344000
v -0.267653 -0.904485 -0.333579
v -0.145400 -0.760213 -0.305397
v -0.295878 -0.518609 -0.370098
v -0.397213 -0.610294 -0.336229
v -0.338187 -0.484100 -0.357840
v -0.086801 -0.574204 -0.387321
v -0.105144 -0.686691 -0.325686
v -0.223818 -0.425294 -0.430991
v -0.297229 -0.441870 -0.383564
v -0.474282 -0.397838 -0.186713
v -0.524963 -0.355076 -0.102757
v -0.458179 -0.455223 -0.160812
v -0.499346 -0.411261 -0.071722
v -0.533537 -0.259936 -0.274267
v -0.587033 -0.228845 -0.196701
v -0.550555 -0.220258 -0.305780
v -0.603359 -0.188609 -0.229251
v -0.474147 -0.337467 -0.265061
v -0.445797 -0.445948 -0.216174
v -0.434824 -0.371867 -0.289747
v -0.583537 -0.270884 -0.107029
v -0.534964 -0.363562 -0.047931
v -0.593498 -0.275337 -0.051960
v -0.513261 -0.253755 -0.326302
v -0.452638 -0.325428 -0.315429
v -0.616886 -0.191704 -0.171466
v -0.614462 -0.233437 -0.082825
v -0.505239 -0.453543 0.241455
v -0.545230 -0.399292 0.154592
v -0.483527 -0.496641 0.216966
v -0.520759 -0.443937 0.132291
v -0.569547 -0.306568 0.297893
v -0.610995 -0.255892 0.214525
v -0.583292 -0.251880 0.316435
v -0.629341 -0.207631 0.235669
v -0.516638 -0.413511 0.318394
v -0.473413 -0.504915 0.277097
v -0.484609 -0.470435 0.364051
v -0.596883 -0.301545 0.146719
v -0.547790 -0.391609 0.107159
v -0.602172 -0.294492 0.097988
v -0.551063 -0.303737 0.350402
v -0.501807 -0.416971 0.379596
v -0.639960 -0.206509 0.186558
v -0.626212 -0.250903 0.117775
v 0.220389 -0.695736 0.457008
v 0.326541 -0.666104 0.469559
v 0.225502 -0.674004 0.338868
v 0.331550 -0.642851 0.365214
v 0.289890 -0.959799 0.734315
v 0.307037 -0.871584 0.746304
v 0.228670 -0.938078 0.767733
v 0.316424 -0.903595 0.789843
v 0.225261 -0.936637 0.569149
v 0.147089 -0.690046 0.378752
v 0.109717 -0.801510 0.515217
v 0.215408 -0.966344 0.752823
v 0.115116 -0.882526 0.611209
v 0.344604 -0.716892 0.594119
v 0.364166 -0.631815 0.410299
v 0.374476 -0.642583 0.530227
v 0.346651 -0.819454 0.752599
v 0.366651 -0.680774 0.616039
v 0.299814 -0.810517 -0.365201
v 0.350361 -0.660561 -0.353304
v 0.349151 -0.869800 -0.328391
v 0.406738 -0.709374 -0.333722
v 0.144646 -0.573346 -0.388399
v 0.208866 -0.491599 -0.404872
v 0.108389 -0.515330 -0.415639
v 0.174937 -0.440957 -0.438774
v 0.169836 -0.706210 -0.343133
v 0.272872 -0.905228 -0.333388
v 0.144325 -0.762443 -0.304578
v 0.087906 -0.576593 -0.386711
v 0.104212 -0.685969 -0.325354
v 0.295856 -0.517876 -0.370716
v 0.397313 -0.608472 -0.336963
v 0.339220 -0.484511 -0.358844
v 0.222874 -0.424448 -0.432287
v 0.298982 -0.438925 -0.383589
v 0.474605 -0.397564 -0.185056
v 0.525630 -0.355460 -0.102378
v 0.458178 -0.454920 -0.160318
v 0.500606 -0.410656 -0.073114
v 0.534069 -0.260262 -0.274316
v 0.587292 -0.229188 -0.195046
v 0.551877 -0.220427 -0.303663
v 0.603229 -0.189962 -0.226995
v 0.475665 -0.338381 -0.265768
v 0.447566 -0.446041 -0.216028
v 0.436640 -0.372229 -0.287811
v 0.584619 -0.269407 -0.106912
v 0.535759 -0.364125 -0.046781
v 0.595153 -0.274681 -0.052134
v 0.513672 -0.253562 -0.325234
v 0.456913 -0.326666 -0.315846
v 0.617089 -0.193637 -0.171028
v 0.612816 -0.236569 -0.084230
v 0.505195 -0.454144 0.241142
v 0.545939 -0.398815 0.155357
v 0.485341 -0.496561 0.217175
v 0.520382 -0.444276 0.132295
v 0.568865 -0.305871 0.296379
v 0.609705 -0.257496 0.215586
v 0.584359 -0.252065 0.315357
v 0.628647 -0.207390 0.235109
v 0.516812 -0.412363 0.319041
v 0.473340 -0.507885 0.276875
v 0.484569 -0.467837 0.364078
v 0.597785 -0.300223 0.146373
v 0.547953 -0.389515 0.106085
v 0.602847 -0.293548 0.097354
v 0.552696 -0.303787 0.349436
v 0.503614 -0.414968 0.379985
v 0.636993 -0.208523 0.187348
v 0.625047 -0.250340 0.117108
v 0.065709 -0.092002 0.902778
v -0.064274 -0.094138 0.899281
v 0.072445 -0.166372 0.958420
v -0.074056 -0.165508 0.951691
v 0.050321 0.075275 0.748361
v -0.050475 0.073271 0.747786
v 0.047152 0.122611 0.699659
v -0.046655 0.123740 0.699930
v 0.110756 -0.004266 0.812206
v 0.126408 -0.126790 0.900909
v 0.166100 -0.036486 0.810032
v -0.111320 -0.000957 0.813059
v -0.128858 -0.125479 0.900189
v -0.167269 -0.033252 0.813280
v 0.099731 0.096010 0.715221
v 0.156777 0.018068 0.764764
v -0.097139 0.094476 0.714185
v -0.156807 0.018077 0.765411
v 0.370190 -0.404495 0.732662
v 0.330430 -0.276782 0.774102
v 0.345393 -0.456880 0.791115
v 0.291296 -0.318285 0.817583
v 0.463360 -0.248789 0.569950
v 0.433047 -0.151122 0.624425
v 0.500367 -0.200987 0.522487
v 0.468527 -0.113000 0.577453
v 0.422415 -0.376400 0.618989
v 0.378660 -0.503673 0.741532
v 0.417570 -0.460830 0.619902
v 0.489551 -0.267326 0.511770
v 0.445153 -0.396646 0.560743
v 0.360329 -0.160497 0.719747
v 0.288733 -0.233924 0.813847
v 0.314946 -0.129147 0.750427
v 0.428360 -0.086828 0.618583
v 0.350722 -0.094587 0.700344
v -0.369780 -0.403097 0.734330
v -0.330657 -0.276517 0.773871
v -0.345314 -0.457195 0.788991
v -0.292461 -0.318909 0.819484
v -0.463743 -0.248318 0.568974
v -0.434345 -0.149992 0.623036
v -0.502293 -0.201073 0.522209
v -0.468813 -0.113112 0.574911
v -0.421795 -0.375902 0.620832
v -0.380088 -0.502790 0.742650
v -0.417715 -0.460364 0.619481
v -0.490423 -0.267980 0.512352
v -0.445582 -0.395414 0.561732
v -0.358321 -0.161627 0.717111
v -0.288909 -0.234060 0.816666
v -0.316507 -0.129125 0.753048
v -0.428485 -0.087813 0.616031
v -0.350210 -0.094474 0.701824
v 0.301327 0.262720 0.567730
v 0.270529 0.200778 0.613403
v 0.251873 0.283911 0.581573
v 0.223524 0.228572 0.623977
v 0.444826 0.192499 0.513625
v 0.413720 0.122591 0.569202
v 0.484585 0.164780 0.487533
v 0.456444 0.099146 0.550047
v 0.387495 0.256532 0.514628
v 0.289590 0.298805 0.547690
v 0.368461 0.293455 0.488167
v 0.477426 0.210153 0.468414
v 0.416366 0.272894 0.471094
v 0.325925 0.122483 0.618594
v 0.229835 0.178057 0.639765
v 0.283883 0.096272 0.651141
v 0.417160 0.075592 0.588466
v 0.332432 0.071385 0.640741
v -0.301847 0.261598 0.570616
v -0.268616 0.200754 0.615012
v -0.251045 0.281598 0.582620
v -0.220754 0.229139 0.624857
v -0.444978 0.191366 0.510908
v -0.414491 0.126203 0.568823
v -0.485119 0.167881 0.487208
v -0.457210 0.097963 0.547400
v -0.388480 0.255449 0.515471
v -0.287965 0.296317 0.549070
v -0.369938 0.291812 0.492226
v -0.478925 0.210144 0.467422
v -0.416607 0.272342 0.471552
v -0.325219 0.122415 0.619293
v -0.229045 0.175500 0.639621
v -0.282488 0.097958 0.652224
v -0.418317 0.076638 0.586244
v -0.330757 0.072718 0.639883
v 0.042312 -0.053059 -0.729667
v -0.046396 -0.051993 -0.732422
v 0.038301 -0.118867 -0.700826
v -0.044087 -0.117454 -0.702459
v 0.064819 0.116925 -0.915215
v -0.065075 0.117759 -0.916166
v 0.069336 0.185460 -0.957411
v -0.071262 0.184965 -0.959855
v 0.107747 0.025907 -0.819474
v 0.085225 -0.087335 -0.707441
v 0.150862 -0.001418 -0.772271
v -0.109241 0.023537 -0.818716
v -0.087545 -0.082842 -0.707535
v -0.150750 -0.000138 -0.775361
v 0.134128 0.144996 -0.948735
v 0.172715 0.040098 -0.860129
v -0.139341 0.145881 -0.957418
v -0.174497 0.039961 -0.861220
v 0.291842 -0.265547 -0.558166
v 0.258361 -0.216787 -0.605864
v 0.245676 -0.275898 -0.576748
v 0.209687 -0.232092 -0.622756
v 0.417919 -0.206925 -0.499386
v 0.393589 -0.123272 -0.554901
v 0.456117 -0.175928 -0.480452
v 0.437167 -0.092379 -0.538651
v 0.365996 -0.265952 -0.501355
v 0.281839 -0.290495 -0.535756
v 0.351410 -0.297499 -0.474609
v 0.444455 -0.221697 -0.461337
v 0.392920 -0.280454 -0.458678
v 0.312209 -0.126030 -0.607618
v 0.213632 -0.183433 -0.631513
v 0.270605 -0.091878 -0.641458
v 0.405653 -0.064059 -0.580323
v 0.322272 -0.062143 -0.635978
v -0.294687 -0.264077 -0.558379
v -0.259853 -0.217582 -0.607840
v -0.247903 -0.276427 -0.576077
v -0.210786 -0.231615 -0.623091
v -0.418538 -0.204454 -0.498960
v -0.392752 -0.124108 -0.558128
v -0.458157 -0.175456 -0.479544
v -0.437656 -0.094015 -0.540870
v -0.366433 -0.265614 -0.499898
v -0.283642 -0.290332 -0.535126
v -0.350745 -0.298023 -0.473852
v -0.445774 -0.221541 -0.461912
v -0.390195 -0.281742 -0.456366
v -0.310997 -0.125029 -0.610890
v -0.214787 -0.185200 -0.633574
v -0.270264 -0.092080 -0.644705
v -0.404365 -0.064358 -0.583046
v -0.322685 -0.062870 -0.637821
v 0.368592 0.382092 -0.750180
v 0.369118 0.290960 -0.852399
v 0.328407 0.428311 -0.789058
v 0.318905 0.330612 -0.891154
v 0.473969 0.249551 -0.611518
v 0.454843 0.171904 -0.672165
v 0.515751 0.206988 -0.571949
v 0.484812 0.135361 -0.620477
v 0.417021 0.356909 -0.638740
v 0.351671 0.452969 -0.725606
v 0.395205 0.424715 -0.616055
v 0.490053 0.262398 -0.549106
v 0.426208 0.374481 -0.571591
v 0.400399 0.181882 -0.793141
v 0.335101 0.258387 -0.927258
v 0.360595 0.146721 -0.844456
v 0.449823 0.111230 -0.663011
v 0.383048 0.117898 -0.763491
v -0.369389 0.382747 -0.748478
v -0.366963 0.289303 -0.850689
v -0.330070 0.427294 -0.787799
v -0.319945 0.329766 -0.892097
v -0.478763 0.249559 -0.612214
v -0.455011 0.172124 -0.673998
v -0.515068 0.204789 -0.572631
v -0.483795 0.134668 -0.621642
v -0.417219 0.355447 -0.637333
v -0.352422 0.454939 -0.724310
v -0.394737 0.424674 -0.616074
v -0.490211 0.261210 -0.549851
v -0.427433 0.371797 -0.571186
v -0.396913 0.180618 -0.787911
v -0.335328 0.258477 -0.926673
v -0.358792 0.147179 -0.840248
v -0.446958 0.110632 -0.661600
v -0.380078 0.118489 -0.762433
v 0.712641 0.040480 -0.066449
v 0.705686 -0.034618 -0.067051
v 0.698894 0.039845 -0.123835
v 0.695282 -0.033716 -0.122893
v 0.729871 0.040106 0.084357
v 0.725206 -0.030565 0.085887
v 0.723625 0.040644 0.134075
v 0.718230 -0.032316 0.136017
v 0.722786 0.074710 0.011251
v 0.698283 0.077622 -0.095107
v 0.711239 0.110800 -0.011614
v 0.720307 0.074457 0.108324
v 0.712402 0.110844 0.036024
v 0.711957 -0.071092 0.012258
v 0.689249 -0.072173 -0.091724
v 0.692378 -0.113904 -0.011968
v 0.709689 -0.071642 0.110834
v 0.696403 -0.114428 0.037104
v -0.712680 0.041540 -0.067336
v -0.704543 -0.032312 -0.067425
v -0.703953 0.039835 -0.123984
v -0.690695 -0.032413 -0.122971
v -0.729594 0.039444 0.084288
v -0.724328 -0.030227 0.086071
v -0.723593 0.040169 0.134759
v -0.718542 -0.031909 0.135878
v -0.722829 0.074445 0.011932
v -0.699826 0.077706 -0.094925
v -0.710209 0.110790 -0.011708
v -0.720771 0.073986 0.106733
v -0.713070 0.111424 0.037209
v -0.711919 -0.071307 0.012421
v -0.686927 -0.072984 -0.093030
v -0.692391 -0.113914 -0.012833
v -0.709998 -0.070281 0.109971
v -0.696954 -0.113328 0.035713
v -0.114130 0.655781 0.007144
v -0.151361 0.620944 0.054265
v -0.140218 0.699870 -0.138593
v -0.189634 0.691336 -0.195758
v -0.096219 0.646629 0.032511
v -0.129090 0.712774 -0.201873
v -0.325307 0.505944 0.148176
v -0.374640 0.483348 0.138803
v -0.359147 0.465533 0.187461
v -0.383022 0.616047 -0.251298
v -0.413782 0.574679 -0.215266
v -0.418669 0.601360 -0.285844
v -0.480306 0.457929 -0.034195
v -0.476822 0.447865 0.014142
v -0.512849 0.410926 -0.000420
v 0.115111 0.655072 0.008137
v 0.152821 0.621093 0.054432
v 0.138479 0.703444 -0.136044
v 0.191700 0.692912 -0.194913
v 0.100677 0.644726 0.035244
v 0.127977 0.715979 -0.202122
v 0.323023 0.506042 0.150038
v 0.370401 0.483834 0.140854
v 0.356023 0.468324 0.189840
v 0.385807 0.615749 -0.250550
v 0.414744 0.573265 -0.215139
v 0.419340 0.601024 -0.287715
v 0.478239 0.457407 -0.034451
v 0.475303 0.448368 0.014893
v 0.510918 0.410565 -0.002882
v -0.183056 -0.727086 0.073529
v -0.210980 -0.696361 0.153725
v -0.266648 -0.963477 -0.116927
v -0.334205 -0.954121 -0.189734
v -0.141101 -0.714344 0.165123
v -0.247581 -0.977871 -0.190498
v -0.395742 -0.614016 0.238112
v -0.436535 -0.584754 0.210881
v -0.419288 -0.587700 0.282426
v -0.442211 -0.649273 -0.222146
v -0.447029 -0.581105 -0.180193
v -0.437173 -0.572054 -0.241354
v -0.492720 -0.478473 0.006290
v -0.497462 -0.484573 0.057994
v -0.518029 -0.430401 0.033758
v 0.184826 -0.727422 0.072718
v 0.211740 -0.696334 0.150249
v 0.268429 -0.963201 -0.116973
v 0.336706 -0.952777 -0.189067
v 0.142724 -0.714209 0.164847
v 0.255168 -0.978537 -0.192797
v 0.396754 -0.613542 0.238584
v 0.437900 -0.584368 0.210292
v 0.420010 -0.586324 0.281991
v 0.444622 -0.650319 -0.223038
v 0.447519 -0.582321 -0.180211
v 0.438194 -0.572391 -0.240893
v 0.490723 -0.477355 0.006742
v 0.496678 -0.483433 0.056031
v 0.518363 -0.428422 0.034522
v -0.060342 -0.791095 0.752624
v 0.063047 -0.790382 0.754588
v -0.296624 -0.751682 0.845624
v -0.305626 -0.627388 0.836146
v 0.000980 -0.777566 0.712463
v -0.364199 -0.696936 0.808877
v 0.299062 -0.747860 0.844258
v 0.305613 -0.625395 0.836701
v 0.362657 -0.696124 0.809499
v 0.127697 -0.269167 0.904787
v 0.185309 -0.314218 0.875100
v -0.126546 -0.271891 0.906037
v -0.187894 -0.316404 0.875394
v 0.184814 -0.232227 0.879896
v -0.184834 -0.231927 0.878963
v -0.023876 0.421575 0.438201
v 0.022298 0.423191 0.437109
v -0.164793 0.353817 0.531552
v -0.185276 0.327742 0.565565
v -0.000039 0.452733 0.382263
v -0.216120 0.342318 0.526499
v 0.167702 0.356012 0.527797
v 0.186393 0.330520 0.562993
v 0.216174 0.345194 0.524400
v 0.089451 0.203999 0.660466
v 0.132922 0.228710 0.645616
v -0.089686 0.203891 0.662087
v -0.133521 0.230093 0.646989
v 0.138135 0.176616 0.660035
v -0.137734 0.176421 0.663594
v -0.027821 -0.469930 -0.449092
v 0.023951 -0.470690 -0.450299
v -0.165300 -0.354783 -0.514693
v -0.183512 -0.315585 -0.553455
v -0.000740 -0.522561 -0.416304
v -0.213785 -0.339834 -0.510076
v 0.162021 -0.354726 -0.516715
v 0.180950 -0.316614 -0.555056
v 0.212619 -0.339309 -0.510977
v 0.074851 -0.208717 -0.672546
v 0.116453 -0.231485 -0.655425
v -0.079129 -0.207948 -0.673181
v -0.120811 -0.231275 -0.656032
v 0.117988 -0.186301 -0.664055
v -0.123881 -0.183467 -0.665617
v -0.044761 0.793245 -0.700775
v 0.043950 0.791571 -0.703521
v -0.260751 0.628456 -0.771215
v -0.276700 0.550754 -0.794748
v 0.000231 0.826685 -0.656750
v -0.299886 0.579964 -0.735774
v 0.260635 0.628698 -0.771009
v 0.274953 0.548992 -0.794425
v 0.299659 0.579248 -0.738039
v 0.141117 0.293175 -0.977044
v 0.208500 0.330484 -0.959105
v -0.143444 0.293382 -0.976028
v -0.209552 0.329305 -0.960190
v 0.214036 0.260508 -0.991594
v -0.216036 0.257886 -0.990419
v 0.572317 0.182998 -0.418087
v 0.556062 0.178198 -0.475052
v 0.654474 0.112166 -0.239905
v 0.669307 0.076078 -0.210069
v 0.536945 0.226198 -0.453758
v 0.667822 0.115639 -0.180577
v 0.543482 -0.170314 -0.376672
v 0.520758 -0.157324 -0.418090
v 0.639686 -0.114744 -0.231330
v 0.660665 -0.073349 -0.203461
v 0.507847 -0.203178 -0.398837
v 0.654642 -0.114811 -0.175243
v 0.492302 -0.008813 -0.542385
v 0.503665 0.045552 -0.557606
v 0.464801 0.022281 -0.587006
v 0.578738 0.169366 0.374457
v 0.553238 0.153547 0.419737
v 0.677271 0.111709 0.229651
v 0.699727 0.075102 0.206773
v 0.543234 0.200976 0.398031
v 0.690926 0.113701 0.180799
v 0.579489 -0.188205 0.384995
v 0.562617 -0.173963 0.434002
v 0.668479 -0.117233 0.233337
v 0.690877 -0.074044 0.209079
v 0.547608 -0.233429 0.418174
v 0.683387 -0.116424 0.183732
v 0.501155 -0.022766 0.536383
v 0.500726 0.027155 0.533415
v 0.464137 0.003973 0.571811
v -0.568469 0.184126 -0.416978
v -0.555329 0.176317 -0.474792
v -0.654413 0.113276 -0.239472
v -0.670403 0.077269 -0.210824
v -0.536141 0.227287 -0.453544
v -0.668216 0.114802 -0.181616
v -0.544278 -0.170912 -0.378199
v -0.520675 -0.157892 -0.419164
v -0.639820 -0.111197 -0.231350
v -0.659739 -0.071959 -0.205691
v -0.506472 -0.202607 -0.398128
v -0.654811 -0.112612 -0.176155
v -0.491833 -0.009760 -0.542815
v -0.501882 0.045158 -0.558682
v -0.464739 0.022012 -0.587579
v -0.578718 0.170285 0.373881
v -0.553891 0.154975 0.418614
v -0.677230 0.110597 0.230654
v -0.699511 0.076030 0.207215
v -0.543776 0.201527 0.397038
v -0.694422 0.113412 0.179571
v -0.579267 -0.188380 0.383998
v -0.562171 -0.174526 0.432302
v -0.669632 -0.115897 0.234595
v -0.692102 -0.073069 0.209800
v -0.546796 -0.234202 0.417178
v -0.681527 -0.116887 0.184587
v -0.500962 -0.022522 0.536866
v -0.500314 0.027823 0.533182
v -0.462287 0.001871 0.572257
v -0.012788 0.630404 0.082387
v 0.011673 0.630595 0.083148
v -0.000642 0.598772 0.134073
v -0.034218 0.775077 -0.375799
v 0.032326 0.778525 -0.375018
v -0.001378 0.810894 -0.458884
v -0.392163 0.356732 0.364597
v -0.372756 0.341151 0.414361
v -0.420696 0.324380 0.396519
v -0.423874 0.551091 -0.474535
v -0.406088 0.527622 -0.537599
v -0.410129 0.464907 -0.481930
v -0.640152 0.233429 0.013343
v -0.665163 0.192282 -0.010947
v -0.668313 0.191262 0.039736
v 0.391336 0.357399 0.365018
v 0.371899 0.341542 0.413154
v 0.418588 0.324191 0.396627
v 0.425744 0.551392 -0.473845
v 0.406045 0.528868 -0.537348
v 0.411003 0.465497 -0.483186
v 0.638034 0.235068 0.014008
v 0.663921 0.193763 -0.011271
v 0.665637 0.192574 0.037902
v -0.011497 -0.743340 0.422590
v 0.013665 -0.743717 0.421900
v -0.000724 -0.792530 0.514478
v -0.047930 -0.725820 -0.202377
v 0.047365 -0.725330 -0.203323
v 0.001058 -0.704728 -0.260571
v -0.434888 -0.534240 0.484914
v -0.421938 -0.543050 0.555540
v -0.452457 -0.475395 0.495006
v -0.375033 -0.386548 -0.353023
v -0.353315 -0.360740 -0.397992
v -0.393448 -0.337389 -0.383127
v -0.632346 -0.243139 0.021654
v -0.650650 -0.200535 -0.007281
v -0.657895 -0.201116 0.042441
v 0.434120 -0.534729 0.484766
v 0.420161 -0.544446 0.554860
v 0.452565 -0.476273 0.494642
v 0.378299 -0.383016 -0.354995
v 0.354891 -0.357979 -0.398021
v 0.394911 -0.335206 -0.382141
v 0.630907 -0.242032 0.021142
v 0.651164 -0.198998 -0.007891
v 0.654134 -0.201082 0.041952
v 0.259711 -0.038548 0.748834
v 0.251597 0.016160 0.719673
v 0.298966 -0.010430 0.704234
v -0.258819 -0.038814 0.752904
v -0.250792 0.015276 0.718530
v -0.296658 -0.009952 0.705418
v 0.248588 0.000101 -0.732691
v 0.278237 0.051478 -0.804662
v 0.307232 0.026798 -0.735538
v -0.249958 0.000772 -0.735515
v -0.277578 0.051666 -0.804990
v -0.307898 0.029089 -0.734825
f 1 647 644
f 1 644 643
f 1 643 645
f 1 645 646
f 1 646 647
f 2 649 652
f 6 672 670
f 12 702 699
f 11 696 695
f 8 679 681
f 4 662 659
f 4 659 658
f 4 658 660
f 4 660 661
f 4 661 662
f 5 666 665
f 3 654 657
f 7 673 677
f 9 685 686
f 10 692 688
f 12 701 698
f 6 669 668
f 2 650 648
f 8 682 678
f 11 697 693
f 6 671 669
f 12 700 701
f 11 694 697
f 8 680 682
f 2 651 650
f 10 690 689
f 5 663 664
f 3 655 653
f 7 676 674
f 9 687 684
f 10 691 690
f 5 667 663
f 3 656 655
f 7 675 676
f 9 683 687
f 6 668 672
f 2 648 649
f 8 678 679
f 11 693 696
f 12 698 702
f 10 688 691
f 5 665 667
f 3 657 656
f 7 677 675
f 9 686 683
f 5 664 666
f 3 653 654
f 7 674 673
f 9 684 685
f 10 689 692
f 6 670 671
f 12 699 700
f 11 695 694
f 8 681 680
f 2 652 651
f 35 837 838
f 18 735 736
f 19 742 741
f 40 868 867
f 42 880 879
f 34 832 831
f 33 827 828
f 25 778 780
f 36 844 846
f 20 749 747
f 32 819 820
f 23 765 767
f 24 773 771
f 37 850 849
f 41 876 875
f 34 833 834
f 33 826 825
f 25 779 777
f 36 845 843
f 20 748 750
f 17 729 727
f 14 711 709
f 13 706 703
f 15 718 715
f 16 724 721
f 18 737 733
f 35 839 835
f 42 882 878
f 40 870 866
f 19 744 740
f 30 807 805
f 27 789 787
f 22 762 758
f 28 797 793
f 29 802 799
f 32 821 817
f 23 766 763
f 24 774 770
f 37 852 848
f 41 874 872
f 35 838 836
f 18 736 734
f 19 741 739
f 40 867 865
f 42 879 877
f 34 831 829
f 33 828 824
f 25 780 776
f 36 846 842
f 20 747 745
f 32 820 818
f 23 767 764
f 24 771 769
f 37 849 847
f 41 875 871
f 34 834 830
f 33 825 823
f 25 777 775
f 36 843 841
f 20 750 746
f 14 714 710
f 13 707 704
f 15 719 716
f 16 725 722
f 17 732 728
f 21 755 752
f 31 814 811
f 26 784 781
f 38 857 853
f 39 862 860
f 27 792 788
f 22 759 757
f 28 796 794
f 29 803 800
f 30 810 806
f 31 815 812
f 26 785 782
f 38 856 854
f 39 863 859
f 21 754 751
f 14 712 714
f 13 705 707
f 15 717 719
f 16 723 725
f 17 730 732
f 21 753 755
f 31 816 814
f 26 786 784
f 38 858 857
f 39 861 862
f 27 791 792
f 22 761 759
f 28 795 796
f 29 801 803
f 30 808 810
f 31 813 815
f 26 783 785
f 38 855 856
f 39 864 863
f 21 756 754
f 14 709 712
f 13 703 705
f 15 715 717
f 16 721 723
f 17 727 730
f 21 751 753
f 31 812 816
f 26 782 786
f 38 854 858
f 39 859 861
f 27 787 791
f 22 758 761
f 28 793 795
f 29 799 801
f 30 805 808
f 31 811 813
f 26 781 783
f 38 853 855
f 39 860 864
f 21 752 756
f 17 728 731
f 14 710 713
f 13 704 708
f 15 716 720
f 16 722 726
f 18 734 738
f 35 836 840
f 42 877 881
f 40 865 869
f 19 739 743
f 30 806 809
f 27 788 790
f 22 757 760
f 28 794 798
f 29 800 804
f 32 818 822
f 23 764 768
f 24 769 772
f 37 847 851
f 41 871 873
f 35 835 837
f 18 733 735
f 19 740 742
f 40 866 868
f 42 878 880
f 34 830 832
f 33 823 827
f 25 775 778
f 36 841 844
f 20 746 749
f 32 817 819
f 23 763 765
f 24 770 773
f 37 848 850
f 41 872 876
f 34 829 833
f 33 824 826
f 25 776 779
f 36 842 845
f 20 745 748
f 17 731 729
f 14 713 711
f 13 708 706
f 15 720 718
f 16 726 724
f 18 738 737
f 35 840 839
f 42 881 882
f 40 869 870
f 19 743 744
f 30 809 807
f 27 790 789
f 22 760 762
f 28 798 797
f 29 804 802
f 32 822 821
f 23 768 766
f 24 772 774
f 37 851 852
f 41 873 874
f 107 1269 1270
f 103 1245 1246
f 104 1252 1251
f 110 1288 1287
f 113 1306 1305
f 118 1336 1335
f 154 1551 1552
f 141 1473 1474
f 162 1599 1600
f 121 1354 1353
f 142 1479 1480
f 129 1401 1402
f 130 1408 1407
f 144 1492 1491
f 146 1504 1503
f 151 1533 1534
f 131 1414 1413
f 136 1444 1443
f 161 1594 1593
f 126 1383 1384
f 116 1323 1324
f 108 1275 1276
f 106 1263 1264
f 112 1299 1300
f 115 1317 1318
f 119 1341 1342
f 156 1564 1563
f 139 1462 1461
f 160 1588 1587
f 120 1347 1348
f 149 1521 1522
f 132 1420 1419
f 128 1395 1396
f 145 1497 1498
f 148 1515 1516
f 155 1557 1558
f 133 1425 1426
f 134 1431 1432
f 157 1570 1569
f 124 1372 1371
f 109 1282 1281
f 105 1258 1257
f 111 1294 1293
f 114 1312 1311
f 117 1330 1329
f 125 1378 1377
f 152 1540 1539
f 137 1449 1450
f 158 1575 1576
f 123 1365 1366
f 143 1486 1485
f 127 1390 1389
f 135 1437 1438
f 147 1510 1509
f 150 1528 1527
f 153 1546 1545
f 140 1468 1467
f 138 1455 1456
f 159 1581 1582
f 122 1359 1360
f 107 1272 1271
f 103 1248 1247
f 104 1253 1254
f 110 1289 1290
f 113 1307 1308
f 118 1337 1338
f 154 1554 1553
f 141 1476 1475
f 162 1602 1601
f 121 1355 1356
f 142 1482 1481
f 129 1404 1403
f 130 1409 1410
f 144 1493 1494
f 146 1505 1506
f 151 1536 1535
f 131 1415 1416
f 136 1445 1446
f 161 1595 1596
f 126 1386 1385
f 47 909 907
f 44 891 889
f 43 886 883
f 45 898 895
f 46 904 901
f 49 922 919
f 72 1060 1057
f 102 1240 1237
f 96 1204 1201
f 79 1102 1099
f 62 999 997
f 59 981 979
f 58 976 973
f 60 988 985
f 61 994 991
f 66 1024 1021
f 54 952 949
f 73 1066 1063
f 85 1138 1135
f 92 1179 1177
f 101 1233 1231
f 69 1041 1039
f 50 927 925
f 82 1119 1117
f 97 1209 1207
f 71 1053 1051
f 100 1228 1225
f 94 1192 1189
f 80 1108 1105
f 51 933 931
f 90 1167 1165
f 63 1005 1003
f 55 957 955
f 76 1083 1081
f 87 1150 1147
f 91 1174 1171
f 67 1029 1027
f 56 963 961
f 75 1077 1075
f 83 1126 1123
f 68 1036 1033
f 48 915 913
f 78 1095 1093
f 93 1185 1183
f 98 1216 1213
f 88 1155 1153
f 65 1018 1015
f 57 970 967
f 77 1090 1087
f 86 1143 1141
f 64 1012 1009
f 53 945 943
f 74 1071 1069
f 84 1131 1129
f 89 1162 1159
f 70 1047 1045
f 99 1221 1219
f 95 1197 1195
f 81 1114 1111
f 52 940 937
f 109 1284 1280
f 105 1260 1256
f 111 1296 1292
f 114 1314 1310
f 117 1332 1328
f 125 1380 1376
f 152 1542 1538
f 137 1451 1447
f 158 1577 1573
f 123 1367 1363
f 143 1488 1484
f 127 1392 1388
f 135 1439 1435
f 147 1512 1508
f 150 1530 1526
f 153 1548 1544
f 140 1470 1466
f 138 1457 1453
f 159 1583 1579
f 122 1361 1357
f 107 1270 1268
f 103 1246 1244
f 104 1251 1249
f 110 1287 1285
f 113 1305 1303
f 118 1335 1333
f 154 1552 1550
f 141 1474 1472
f 162 1600 1598
f 121 1353 1351
f 142 1480 1478
f 129 1402 1400
f 130 1407 1405
f 144 1491 1489
f 146 1503 1501
f 151 1534 1532
f 131 1413 1411
f 136 1443 1441
f 161 1593 1591
f 126 1384 1382
f 116 1324 1322
f 108 1276 1274
f 106 1264 1262
f 112 1300 1298
f 115 1318 1316
f 119 1342 1340
f 156 1563 1561
f 139 1461 1459
f 160 1587 1585
f 120 1348 1346
f 149 1522 1520
f 132 1419 1417
f 128 1396 1394
f 145 1498 1496
f 148 1516 1514
f 155 1558 1556
f 133 1426 1424
f 134 1432 1430
f 157 1569 1567
f 124 1371 1369
f 109 1281 1279
f 105 1257 1255
f 111 1293 1291
f 114 1311 1309
f 117 1329 1327
f 125 1377 1375
f 152 1539 1537
f 137 1450 1448
f 158 1576 1574
f 123 1366 1364
f 143 1485 1483
f 127 1389 1387
f 135 1438 1436
f 147 1509 1507
f 150 1527 1525
f 153 1545 1543
f 140 1467 1465
f 138 1456 1454
f 159 1582 1580
f 122 1360 1358
f 107 1271 1267
f 103 1247 1243
f 104 1254 1250
f 110 1290 1286
f 113 1308 1304
f 118 1338 1334
f 154 1553 1549
f 141 1475 1471
f 162 1601 1597
f 121 1356 1352
f 142 1481 1477
f 129 1403 1399
f 130 1410 1406
f 144 1494 1490
f 146 1506 1502
f 151 1535 1531
f 131 1416 1412
f 136 1446 1442
f 161 1596 1592
f 126 1385 1381
f 44 894 890
f 43 887 884
f 45 899 896
f 46 905 902
f 47 912 908
f 52 941 938
f 70 1050 1046
f 99 1224 1220
f 95 1200 1196
f 81 1115 1112
f 59 984 980
f 58 977 974
f 60 989 986
f 61 995 992
f 62 1002 998
f 65 1019 1016
f 57 971 968
f 77 1091 1088
f 86 1146 1142
f 88 1158 1154
f 98 1217 1214
f 68 1037 1034
f 48 918 914
f 78 1098 1094
f 93 1188 1184
f 69 1044 1040
f 101 1236 1232
f 97 1212 1208
f 82 1122 1118
f 50 930 926
f 89 1163 1160
f 64 1013 1010
f 53 948 944
f 74 1074 1070
f 84 1134 1130
f 90 1170 1166
f 63 1008 1004
f 55 960 956
f 76 1086 1082
f 87 1151 1148
f 72 1061 1058
f 49 923 920
f 79 1103 1100
f 96 1205 1202
f 102 1241 1238
f 91 1175 1172
f 67 1032 1028
f 56 966 962
f 75 1080 1076
f 83 1127 1124
f 66 1025 1022
f 54 953 950
f 73 1067 1064
f 85 1139 1136
f 92 1182 1178
f 71 1056 1052
f 100 1229 1226
f 94 1193 1190
f 80 1109 1106
f 51 936 932
f 116 1325 1321
f 108 1277 1273
f 106 1265 1261
f 112 1301 1297
f 115 1319 1315
f 119 1343 1339
f 156 1566 1562
f 139 1464 1460
f 160 1590 1586
f 120 1349 1345
f 149 1523 1519
f 132 1422 1418
f 128 1397 1393
f 145 1499 1495
f 148 1517 1513
f 155 1559 1555
f 133 1427 1423
f 134 1433 1429
f 157 1572 1568
f 124 1374 1370
f 44 892 894
f 43 885 887
f 45 897 899
f 46 903 905
f 47 910 912
f 52 939 941
f 70 1048 1050
f 99 1222 1224
f 95 1198 1200
f 81 1113 1115
f 59 982 984
f 58 975 977
f 60 987 989
f 61 993 995
f 62 1000 1002
f 65 1017 1019
f 57 969 971
f 77 1089 1091
f 86 1144 1146
f 88 1156 1158
f 98 1215 1217
f 68 1035 1037
f 48 916 918
f 78 1096 1098
f 93 1186 1188
f 69 1042 1044
f 101 1234 1236
f 97 1210 1212
f 82 1120 1122
f 50 928 930
f 89 1161 1163
f 64 1011 1013
f 53 946 948
f 74 1072 1074
f 84 1132 1134
f 90 1168 1170
f 63 1006 1008
f 55 958 960
f 76 1084 1086
f 87 1149 1151
f 72 1059 1061
f 49 921 923
f 79 1101 1103
f 96 1203 1205
f 102 1239 1241
f 91 1173 1175
f 67 1030 1032
f 56 964 966
f 75 1078 1080
f 83 1125 1127
f 66 1023 1025
f 54 951 953
f 73 1065 1067
f 85 1137 1139
f 92 1180 1182
f 71 1054 1056
f 100 1227 1229
f 94 1191 1193
f 80 1107 1109
f 51 934 936
f 116 1326 1325
f 108 1278 1277
f 106 1266 1265
f 112 1302 1301
f 115 1320 1319
f 119 1344 1343
f 156 1565 1566
f 139 1463 1464
f 160 1589 1590
f 120 1350 1349
f 149 1524 1523
f 132 1421 1422
f 128 1398 1397
f 145 1500 1499
f 148 1518 1517
f 155 1560 1559
f 133 1428 1427
f 134 1434 1433
f 157 1571 1572
f 124 1373 1374
f 44 889 892
f 43 883 885
f 45 895 897
f 46 901 903
f 47 907 910
f 52 937 939
f 70 1045 1048
f 99 1219 1222
f 95 1195 1198
f 81 1111 1113
f 59 979 982
f 58 973 975
f 60 985 987
f 61 991 993
f 62 997 1000
f 65 1015 1017
f 57 967 969
f 77 1087 1089
f 86 1141 1144
f 88 1153 1156
f 98 1213 1215
f 68 1033 1035
f 48 913 916
f 78 1093 1096
f 93 1183 1186
f 69 1039 1042
f 101 1231 1234
f 97 1207 1210
f 82 1117 1120
f 50 925 928
f 89 1159 1161
f 64 1009 1011
f 53 943 946
f 74 1069 1072
f 84 1129 1132
f 90 1165 1168
f 63 1003 1006
f 55 955 958
f 76 1081 1084
f 87 1147 1149
f 72 1057 1059
f 49 919 921
f 79 1099 1101
f 96 1201 1203
f 102 1237 1239
f 91 1171 1173
f 67 1027 1030
f 56 961 964
f 75 1075 1078
f 83 1123 1125
f 66 1021 1023
f 54 949 951
f 73 1063 1065
f 85 1135 1137
f 92 1177 1180
f 71 1051 1054
f 100 1225 1227
f 94 1189 1191
f 80 1105 1107
f 51 931 934
f 116 1322 1326
f 108 1274 1278
f 106 1262 1266
f 112 1298 1302
f 115 1316 1320
f 119 1340 1344
f 156 1561 1565
f 139 1459 1463
f 160 1585 1589
f 120 1346 1350
f 149 1520 1524
f 132 1417 1421
f 128 1394 1398
f 145 1496 1500
f 148 1514 1518
f 155 1556 1560
f 133 1424 1428
f 134 1430 1434
f 157 1567 1571
f 124 1369 1373
f 47 908 911
f 44 890 893
f 43 884 888
f 45 896 900
f 46 902 906
f 49 920 924
f 72 1058 1062
f 102 1238 1242
f 96 1202 1206
f 79 1100 1104
f 62 998 1001
f 59 980 983
f 58 974 978
f 60 986 990
f 61 992 996
f 66 1022 1026
f 54 950 954
f 73 1064 1068
f 85 1136 1140
f 92 1178 1181
f 101 1232 1235
f 69 1040 1043
f 50 926 929
f 82 1118 1121
f 97 1208 1211
f 71 1052 1055
f 100 1226 1230
f 94 1190 1194
f 80 1106 1110
f 51 932 935
f 90 1166 1169
f 63 1004 1007
f 55 956 959
f 76 1082 1085
f 87 1148 1152
f 91 1172 1176
f 67 1028 1031
f 56 962 965
f 75 1076 1079
f 83 1124 1128
f 68 1034 1038
f 48 914 917
f 78 1094 1097
f 93 1184 1187
f 98 1214 1218
f 88 1154 1157
f 65 1016 1020
f 57 968 972
f 77 1088 1092
f 86 1142 1145
f 64 1010 1014
f 53 944 947
f 74 1070 1073
f 84 1130 1133
f 89 1160 1164
f 70 1046 1049
f 99 1220 1223
f 95 1196 1199
f 81 1112 1116
f 52 938 942
f 109 1279 1283
f 105 1255 1259
f 111 1291 1295
f 114 1309 1313
f 117 1327 1331
f 125 1375 1379
f 152 1537 1541
f 137 1448 1452
f 158 1574 1578
f 123 1364 1368
f 143 1483 1487
f 127 1387 1391
f 135 1436 1440
f 147 1507 1511
f 150 1525 1529
f 153 1543 1547
f 140 1465 1469
f 138 1454 1458
f 159 1580 1584
f 122 1358 1362
f 107 1267 1269
f 103 1243 1245
f 104 1250 1252
f 110 1286 1288
f 113 1304 1306
f 118 1334 1336
f 154 1549 1551
f 141 1471 1473
f 162 1597 1599
f 121 1352 1354
f 142 1477 1479
f 129 1399 1401
f 130 1406 1408
f 144 1490 1492
f 146 1502 1504
f 151 1531 1533
f 131 1412 1414
f 136 1442 1444
f 161 1592 1594
f 126 1381 1383
f 116 1321 1323
f 108 1273 1275
f 106 1261 1263
f 112 1297 1299
f 115 1315 1317
f 119 1339 1341
f 156 1562 1564
f 139 1460 1462
f 160 1586 1588
f 120 1345 1347
f 149 1519 1521
f 132 1418 1420
f 128 1393 1395
f 145 1495 1497
f 148 1513 1515
f 155 1555 1557
f 133 1423 1425
f 134 1429 1431
f 157 1568 1570
f 124 1370 1372
f 109 1280 1282
f 105 1256 1258
f 111 1292 1294
f 114 1310 1312
f 117 1328 1330
f 125 1376 1378
f 152 1538 1540
f 137 1447 1449
f 158 1573 1575
f 123 1363 1365
f 143 1484 1486
f 127 1388 1390
f 135 1435 1437
f 147 1508 1510
f 150 1526 1528
f 153 1544 1546
f 140 1466 1468
f 138 1453 1455
f 159 1579 1581
f 122 1357 1359
f 107 1268 1272
f 103 1244 1248
f 104 1249 1253
f 110 1285 1289
f 113 1303 1307
f 118 1333 1337
f 154 1550 1554
f 141 1472 1476
f 162 1598 1602
f 121 1351 1355
f 142 1478 1482
f 129 1400 1404
f 130 1405 1409
f 144 1489 1493
f 146 1501 1505
f 151 1532 1536
f 131 1411 1415
f 136 1441 1445
f 161 1591 1595
f 126 1382 1386
f 47 911 909
f 44 893 891
f 43 888 886
f 45 900 898
f 46 906 904
f 49 924 922
f 72 1062 1060
f 102 1242 1240
f 96 1206 1204
f 79 1104 1102
f 62 1001 999
f 59 983 981
f 58 978 976
f 60 990 988
f 61 996 994
f 66 1026 1024
f 54 954 952
f 73 1068 1066
f 85 1140 1138
f 92 1181 1179
f 101 1235 1233
f 69 1043 1041
f 50 929 927
f 82 1121 1119
f 97 1211 1209
f 71 1055 1053
f 100 1230 1228
f 94 1194 1192
f 80 1110 1108
f 51 935 933
f 90 1169 1167
f 63 1007 1005
f 55 959 957
f 76 1085 1083
f 87 1152 1150
f 91 1176 1174
f 67 1031 1029
f 56 965 963
f 75 1079 1077
f 83 1128 1126
f 68 1038 1036
f 48 917 915
f 78 1097 1095
f 93 1187 1185
f 98 1218 1216
f 88 1157 1155
f 65 1020 1018
f 57 972 970
f 77 1092 1090
f 86 1145 1143
f 64 1014 1012
f 53 947 945
f 74 1073 1071
f 84 1133 1131
f 89 1164 1162
f 70 1049 1047
f 99 1223 1221
f 95 1199 1197
f 81 1116 1114
f 52 942 940
f 109 1283 1284
f 105 1259 1260
f 111 1295 1296
f 114 1313 1314
f 117 1331 1332
f 125 1379 1380
f 152 1541 1542
f 137 1452 1451
f 158 1578 1577
f 123 1368 1367
f 143 1487 1488
f 127 1391 1392
f 135 1440 1439
f 147 1511 1512
f 150 1529 1530
f 153 1547 1548
f 140 1469 1470
f 138 1458 1457
f 159 1584 1583
f 122 1362 1361
f 407 1609 1616
f 403 1605 1608
f 404 1611 1606
f 410 1614 1612
f 413 1617 1615
f 422 1631 1624
f 486 1688 1692
f 573 1775 1782
f 561 1763 1765
f 512 1719 1714
f 452 1654 1661
f 448 1650 1653
f 449 1656 1651
f 455 1659 1657
f 458 1662 1660
f 470 1672 1675
f 437 1646 1639
f 494 1706 1696
f 531 1735 1733
f 539 1741 1751
f 568 1770 1779
f 478 1680 1683
f 419 1621 1626
f 509 1711 1721
f 554 1756 1766
f 482 1684 1689
f 576 1780 1778
f 558 1767 1760
f 516 1722 1718
f 425 1627 1629
f 542 1744 1747
f 463 1668 1665
f 434 1636 1641
f 497 1699 1704
f 528 1730 1737
f 546 1748 1750
f 464 1666 1676
f 440 1642 1644
f 500 1705 1702
f 524 1736 1726
f 479 1691 1681
f 418 1623 1620
f 508 1713 1710
f 553 1764 1755
f 569 1781 1771
f 538 1749 1740
f 471 1677 1673
f 443 1645 1647
f 501 1703 1707
f 523 1725 1734
f 467 1674 1669
f 433 1638 1635
f 493 1695 1698
f 527 1732 1729
f 543 1752 1745
f 485 1690 1687
f 572 1777 1774
f 557 1759 1762
f 515 1717 1720
f 428 1630 1632
f 591 2191 2189
f 587 1885 1883
f 588 1901 1903
f 594 2279 2281
f 597 2315 2317
f 600 2171 2173
f 634 2160 2158
f 619 2016 2012
f 639 2214 2210
f 602 1919 1924
f 624 2137 2135
f 608 1978 1973
f 610 1991 1996
f 627 2225 2227
f 630 2302 2304
f 635 2178 2176
f 615 2153 2155
f 617 2009 2014
f 637 2207 2212
f 604 1926 1922
f 416 1857 1864
f 408 1803 1810
f 406 1786 1795
f 412 1822 1831
f 415 1840 1849
f 424 1876 1887
f 492 2182 2193
f 582 2312 2321
f 565 2276 2285
f 514 1898 1907
f 461 2091 2098
f 453 2037 2044
f 451 1952 1961
f 457 2056 2067
f 460 2074 2083
f 475 2128 2139
f 439 1966 1975
f 496 1988 1997
f 533 2222 2231
f 551 2293 2298
f 579 2185 2190
f 483 1879 1884
f 426 1893 1900
f 521 2271 2278
f 566 2307 2314
f 489 2163 2170
f 578 2150 2159
f 560 2006 2015
f 518 2204 2213
f 429 1911 1918
f 547 2131 2136
f 465 1969 1977
f 441 1983 1990
f 504 2217 2224
f 537 2290 2301
f 550 2168 2177
f 476 2145 2152
f 444 2001 2008
f 502 2199 2206
f 526 1916 1925
f 481 1808 1817
f 420 1789 1797
f 510 1825 1833
f 555 1843 1851
f 571 1862 1871
f 540 1933 1941
f 473 2110 2119
f 447 2020 2029
f 507 2236 2247
f 534 2257 2262
f 469 2042 2051
f 435 1947 1954
f 498 2059 2064
f 529 2077 2085
f 545 2096 2105
f 487 2113 2121
f 574 2023 2031
f 562 2239 2244
f 520 2254 2265
f 432 1930 1939
f 589 1818 1814
f 583 1798 1793
f 586 1834 1829
f 593 1852 1847
f 596 1872 1868
f 599 1942 1937
f 633 2120 2124
f 620 2030 2034
f 640 2248 2250
f 603 2263 2261
f 622 2052 2050
f 607 1955 1960
f 612 2065 2063
f 626 2086 2081
f 629 2106 2102
f 631 2122 2117
f 614 2032 2027
f 618 2245 2243
f 641 2266 2268
f 605 1940 1944
f 409 1813 1804
f 405 1792 1785
f 411 1828 1821
f 414 1846 1839
f 417 1867 1858
f 431 1936 1929
f 488 2123 2114
f 575 2033 2024
f 563 2249 2240
f 519 2260 2253
f 454 2049 2038
f 450 1959 1951
f 456 2062 2055
f 459 2080 2073
f 462 2101 2092
f 472 2116 2109
f 446 2026 2019
f 506 2242 2235
f 535 2267 2258
f 541 1943 1934
f 570 1869 1861
f 480 1815 1807
f 421 1799 1790
f 511 1835 1826
f 556 1853 1844
f 484 1889 1880
f 580 2195 2186
f 567 2319 2308
f 522 2283 2272
f 427 1905 1894
f 544 2103 2095
f 468 2046 2041
f 436 1957 1948
f 499 2069 2060
f 530 2087 2078
f 548 2141 2132
f 466 1979 1970
f 442 1993 1984
f 505 2229 2218
f 536 2296 2289
f 491 2188 2181
f 423 1882 1875
f 513 1902 1897
f 564 2280 2275
f 581 2316 2311
f 549 2172 2167
f 477 2157 2146
f 445 2011 2002
f 503 2209 2200
f 525 1923 1915
f 474 2134 2127
f 438 1972 1965
f 495 1995 1987
f 532 2226 2221
f 552 2303 2294
f 490 2175 2164
f 577 2154 2149
f 559 2013 2005
f 517 2211 2203
f 430 1921 1912
f 590 1865 1870
f 584 1811 1816
f 585 1796 1800
f 592 1832 1836
f 595 1850 1854
f 598 1888 1890
f 636 2194 2196
f 621 2322 2320
f 642 2286 2284
f 601 1908 1906
f 623 2099 2104
f 611 2045 2047
f 609 1962 1958
f 625 2068 2070
f 628 2084 2088
f 632 2140 2142
f 613 1976 1980
f 616 1998 1994
f 638 2232 2230
f 606 2299 2297
f 407 2330 2329
f 403 2324 2323
f 404 2325 2326
f 410 2332 2333
f 413 2335 2336
f 422 2344 2345
f 486 2410 2409
f 573 2497 2496
f 561 2486 2485
f 512 2434 2435
f 452 2375 2374
f 448 2369 2368
f 449 2370 2371
f 455 2377 2378
f 458 2380 2381
f 470 2393 2392
f 437 2359 2360
f 494 2415 2416
f 531 2455 2456
f 539 2461 2460
f 568 2489 2488
f 478 2399 2398
f 419 2341 2340
f 509 2431 2430
f 554 2476 2475
f 482 2405 2404
f 576 2500 2501
f 558 2481 2482
f 516 2439 2440
f 425 2348 2347
f 542 2465 2464
f 463 2383 2384
f 434 2356 2355
f 497 2420 2419
f 528 2452 2451
f 546 2471 2470
f 464 2386 2385
f 440 2363 2362
f 500 2422 2423
f 524 2445 2446
f 479 2400 2401
f 418 2338 2339
f 508 2428 2429
f 553 2473 2474
f 569 2490 2491
f 538 2458 2459
f 471 2394 2395
f 443 2366 2365
f 501 2425 2424
f 523 2444 2443
f 467 2389 2390
f 433 2353 2354
f 493 2414 2413
f 527 2449 2450
f 543 2466 2467
f 485 2407 2408
f 572 2494 2495
f 557 2480 2479
f 515 2438 2437
f 428 2351 2350
f 591 2510 2511
f 587 2504 2505
f 588 2508 2507
f 594 2514 2513
f 597 2517 2516
f 600 2520 2519
f 634 2554 2556
f 619 2539 2540
f 639 2560 2561
f 602 2523 2521
f 624 2543 2544
f 608 2527 2529
f 610 2532 2530
f 627 2547 2546
f 630 2550 2549
f 635 2552 2553
f 615 2535 2534
f 617 2538 2536
f 637 2558 2557
f 604 2524 2525
f 167 1607 647
f 164 1603 644
f 163 1604 643
f 165 1610 645
f 166 1613 646
f 169 1622 649
f 192 1686 672
f 222 1773 702
f 216 1761 696
f 199 1712 679
f 182 1652 662
f 179 1648 659
f 178 1649 658
f 180 1655 660
f 181 1658 661
f 186 1670 666
f 174 1637 654
f 193 1694 673
f 205 1731 685
f 212 1739 692
f 221 1768 701
f 189 1678 669
f 170 1619 650
f 202 1709 682
f 217 1754 697
f 191 1682 671
f 220 1776 700
f 214 1758 694
f 200 1716 680
f 171 1625 651
f 210 1742 690
f 183 1663 663
f 175 1634 655
f 196 1697 676
f 207 1728 687
f 211 1746 691
f 187 1664 667
f 176 1640 656
f 195 1700 675
f 203 1724 683
f 188 1679 668
f 168 1618 648
f 198 1708 678
f 213 1753 693
f 218 1769 698
f 208 1738 688
f 185 1671 665
f 177 1643 657
f 197 1701 677
f 206 1723 686
f 184 1667 664
f 173 1633 653
f 194 1693 674
f 204 1727 684
f 209 1743 689
f 190 1685 670
f 219 1772 699
f 215 1757 695
f 201 1715 681
f 172 1628 652
f 357 2187 837
f 255 1881 735
f 262 1899 742
f 388 2277 868
f 400 2313 880
f 352 2169 832
f 347 2156 827
f 298 2010 778
f 364 2208 844
f 269 1917 749
f 339 2133 819
f 285 1971 765
f 293 1989 773
f 370 2223 850
f 396 2300 876
f 353 2174 833
f 346 2151 826
f 299 2007 779
f 365 2205 845
f 268 1920 748
f 249 1855 729
f 231 1801 711
f 226 1784 706
f 238 1820 718
f 244 1838 724
f 257 1874 737
f 359 2180 839
f 402 2310 882
f 390 2274 870
f 264 1896 744
f 327 2089 807
f 309 2035 789
f 282 1950 762
f 317 2054 797
f 322 2072 802
f 341 2126 821
f 286 1964 766
f 294 1986 774
f 372 2220 852
f 394 2291 874
f 358 2183 838
f 256 1877 736
f 261 1891 741
f 387 2269 867
f 399 2305 879
f 351 2161 831
f 348 2148 828
f 300 2004 780
f 366 2202 846
f 267 1909 747
f 340 2129 820
f 287 1967 767
f 291 1981 771
f 369 2215 849
f 395 2288 875
f 354 2166 834
f 345 2143 825
f 297 1999 777
f 363 2197 843
f 270 1914 750
f 234 1806 714
f 227 1787 707
f 239 1823 719
f 245 1841 725
f 252 1860 732
f 275 1931 755
f 334 2108 814
f 304 2018 784
f 377 2234 857
f 382 2255 862
f 312 2040 792
f 279 1945 759
f 316 2057 796
f 323 2075 803
f 330 2094 810
f 335 2111 815
f 305 2021 785
f 376 2237 856
f 383 2252 863
f 274 1928 754
f 232 1812 712
f 225 1791 705
f 237 1827 717
f 243 1845 723
f 250 1866 730
f 273 1935 753
f 336 2118 816
f 306 2028 786
f 378 2246 858
f 381 2259 861
f 311 2048 791
f 281 1953 761
f 315 2061 795
f 321 2079 801
f 328 2100 808
f 333 2115 813
f 303 2025 783
f 375 2241 855
f 384 2264 864
f 276 1938 756
f 229 1802 709
f 223 1783 703
f 235 1819 715
f 241 1837 721
f 247 1856 727
f 271 1927 751
f 332 2112 812
f 302 2022 782
f 374 2238 854
f 379 2251 859
f 307 2036 787
f 278 1949 758
f 313 2053 793
f 319 2071 799
f 325 2090 805
f 331 2107 811
f 301 2017 781
f 373 2233 853
f 380 2256 860
f 272 1932 752
f 248 1859 728
f 230 1805 710
f 224 1788 704
f 236 1824 716
f 242 1842 722
f 254 1878 734
f 356 2184 836
f 397 2306 877
f 385 2270 865
f 259 1892 739
f 326 2093 806
f 308 2039 788
f 277 1946 757
f 314 2058 794
f 320 2076 800
f 338 2130 818
f 284 1968 764
f 289 1982 769
f 367 2216 847
f 391 2287 871
f 355 2179 835
f 253 1873 733
f 260 1895 740
f 386 2273 866
f 398 2309 878
f 350 2165 830
f 343 2144 823
f 295 2000 775
f 361 2198 841
f 266 1913 746
f 337 2125 817
f 283 1963 763
f 290 1985 770
f 368 2219 848
f 392 2292 872
f 349 2162 829
f 344 2147 824
f 296 2003 776
f 362 2201 842
f 265 1910 745
f 251 1863 731
f 233 1809 713
f 228 1794 708
f 240 1830 720
f 246 1848 726
f 258 1886 738
f 360 2192 840
f 401 2318 881
f 389 2282 869
f 263 1904 743
f 329 2097 809
f 310 2043 790
f 280 1956 760
f 318 2066 798
f 324 2082 804
f 342 2138 822
f 288 1974 768
f 292 1992 772
f 371 2228 851
f 393 2295 873
f 409 2331 1269
f 405 2327 1245
f 411 2328 1252
f 414 2334 1288
f 417 2337 1306
f 431 2346 1336
f 488 2412 1551
f 575 2499 1473
f 563 2487 1599
f 519 2436 1354
f 454 2376 1479
f 450 2372 1401
f 456 2373 1408
f 459 2379 1492
f 462 2382 1504
f 472 2396 1533
f 446 2361 1414
f 506 2418 1444
f 535 2457 1594
f 541 2463 1383
f 570 2492 1323
f 480 2402 1275
f 421 2343 1263
f 511 2433 1299
f 556 2478 1317
f 484 2406 1341
f 580 2502 1564
f 567 2484 1462
f 522 2442 1588
f 427 2349 1347
f 544 2468 1521
f 468 2387 1420
f 436 2358 1395
f 499 2421 1497
f 530 2454 1515
f 548 2472 1557
f 466 2388 1425
f 442 2364 1431
f 505 2426 1570
f 536 2448 1372
f 491 2403 1282
f 423 2342 1258
f 513 2432 1294
f 564 2477 1312
f 581 2493 1330
f 549 2462 1378
f 477 2397 1540
f 445 2367 1449
f 503 2427 1575
f 525 2447 1365
f 474 2391 1486
f 438 2357 1390
f 495 2417 1437
f 532 2453 1510
f 552 2469 1528
f 490 2411 1546
f 577 2498 1468
f 559 2483 1455
f 517 2441 1581
f 430 2352 1359
f 590 2509 1272
f 584 2503 1248
f 585 2506 1253
f 592 2512 1289
f 595 2515 1307
f 598 2518 1337
f 636 2555 1554
f 621 2541 1476
f 642 2562 1602
f 601 2522 1355
f 623 2542 1482
f 611 2528 1404
f 609 2531 1409
f 625 2545 1493
f 628 2548 1505
f 632 2551 1536
f 613 2533 1415
f 616 2537 1445
f 638 2559 1595
f 606 2526 1386
f 407 1616 909
f 403 1608 891
f 404 1606 886
f 410 1612 898
f 413 1615 904
f 422 1624 922
f 486 1692 1060
f 573 1782 1240
f 561 1765 1204
f 512 1714 1102
f 452 1661 999
f 448 1653 981
f 449 1651 976
f 455 1657 988
f 458 1660 994
f 470 1675 1024
f 437 1639 952
f 494 1696 1066
f 531 1733 1138
f 539 1751 1179
f 568 1779 1233
f 478 1683 1041
f 419 1626 927
f 509 1721 1119
f 554 1766 1209
f 482 1689 1053
f 576 1778 1228
f 558 1760 1192
f 516 1718 1108
f 425 1629 933
f 542 1747 1167
f 463 1665 1005
f 434 1641 957
f 497 1704 1083
f 528 1737 1150
f 546 1750 1174
f 464 1676 1029
f 440 1644 963
f 500 1702 1077
f 524 1726 1126
f 479 1681 1036
f 418 1620 915
f 508 1710 1095
f 553 1755 1185
f 569 1771 1216
f 538 1740 1155
f 471 1673 1018
f 443 1647 970
f 501 1707 1090
f 523 1734 1143
f 467 1669 1012
f 433 1635 945
f 493 1698 1071
f 527 1729 1131
f 543 1745 1162
f 485 1687 1047
f 572 1774 1221
f 557 1762 1197
f 515 1720 1114
f 428 1632 940
f 591 2189 1284
f 587 1883 1260
f 588 1903 1296
f 594 2281 1314
f 597 2317 1332
f 600 2173 1380
f 634 2158 1542
f 619 2012 1451
f 639 2210 1577
f 602 1924 1367
f 624 2135 1488
f 608 1973 1392
f 610 1996 1439
f 627 2227 1512
f 630 2304 1530
f 635 2176 1548
f 615 2155 1470
f 617 2014 1457
f 637 2212 1583
f 604 1922 1361
f 416 1864 1270
f 408 1810 1246
f 406 1795 1251
f 412 1831 1287
f 415 1849 1305
f 424 1887 1335
f 492 2193 1552
f 582 2321 1474
f 565 2285 1600
f 514 1907 1353
f 461 2098 1480
f 453 2044 1402
f 451 1961 1407
f 457 2067 1491
f 460 2083 1503
f 475 2139 1534
f 439 1975 1413
f 496 1997 1443
f 533 2231 1593
f 551 2298 1384
f 579 2190 1324
f 483 1884 1276
f 426 1900 1264
f 521 2278 1300
f 566 2314 1318
f 489 2170 1342
f 578 2159 1563
f 560 2015 1461
f 518 2213 1587
f 429 1918 1348
f 547 2136 1522
f 465 1977 1419
f 441 1990 1396
f 504 2224 1498
f 537 2301 1516
f 550 2177 1558
f 476 2152 1426
f 444 2008 1432
f 502 2206 1569
f 526 1925 1371
f 481 1817 1281
f 420 1797 1257
f 510 1833 1293
f 555 1851 1311
f 571 1871 1329
f 540 1941 1377
f 473 2119 1539
f 447 2029 1450
f 507 2247 1576
f 534 2262 1366
f 469 2051 1485
f 435 1954 1389
f 498 2064 1438
f 529 2085 1509
f 545 2105 1527
f 487 2121 1545
f 574 2031 1467
f 562 2244 1456
f 520 2265 1582
f 432 1939 1360
f 589 1814 1271
f 583 1793 1247
f 586 1829 1254
f 593 1847 1290
f 596 1868 1308
f 599 1937 1338
f 633 2124 1553
f 620 2034 1475
f 640 2250 1601
f 603 2261 1356
f 622 2050 1481
f 607 1960 1403
f 612 2063 1410
f 626 2081 1494
f 629 2102 1506
f 631 2117 1535
f 614 2027 1416
f 618 2243 1446
f 641 2268 1596
f 605 1944 1385
f 409 1804 894
f 405 1785 887
f 411 1821 899
f 414 1839 905
f 417 1858 912
f 431 1929 941
f 488 2114 1050
f 575 2024 1224
f 563 2240 1200
f 519 2253 1115
f 454 2038 984
f 450 1951 977
f 456 2055 989
f 459 2073 995
f 462 2092 1002
f 472 2109 1019
f 446 2019 971
f 506 2235 1091
f 535 2258 1146
f 541 1934 1158
f 570 1861 1217
f 480 1807 1037
f 421 1790 918
f 511 1826 1098
f 556 1844 1188
f 484 1880 1044
f 580 2186 1236
f 567 2308 1212
f 522 2272 1122
f 427 1894 930
f 544 2095 1163
f 468 2041 1013
f 436 1948 948
f 499 2060 1074
f 530 2078 1134
f 548 2132 1170
f 466 1970 1008
f 442 1984 960
f 505 2218 1086
f 536 2289 1151
f 491 2181 1061
f 423 1875 923
f 513 1897 1103
f 564 2275 1205
f 581 2311 1241
f 549 2167 1175
f 477 2146 1032
f 445 2002 966
f 503 2200 1080
f 525 1915 1127
f 474 2127 1025
f 438 1965 953
f 495 1987 1067
f 532 2221 1139
f 552 2294 1182
f 490 2164 1056
f 577 2149 1229
f 559 2005 1193
f 517 2203 1109
f 430 1912 936
f 590 1870 1325
f 584 1816 1277
f 585 1800 1265
f 592 1836 1301
f 595 1854 1319
f 598 1890 1343
f 636 2196 1566
f 621 2320 1464
f 642 2284 1590
f 601 1906 1349
f 623 2104 1523
f 611 2047 1422
f 609 1958 1397
f 625 2070 1499
f 628 2088 1517
f 632 2142 1559
f 613 1980 1427
f 616 1994 1433
f 638 2230 1572
f 606 2297 1374
f 407 2329 892
f 403 2323 885
f 404 2326 897
f 410 2333 903
f 413 2336 910
f 422 2345 939
f 486 2409 1048
f 573 2496 1222
f 561 2485 1198
f 512 2435 1113
f 452 2374 982
f 448 2368 975
f 449 2371 987
f 455 2378 993
f 458 2381 1000
f 470 2392 1017
f 437 2360 969
f 494 2416 1089
f 531 2456 1144
f 539 2460 1156
f 568 2488 1215
f 478 2398 1035
f 419 2340 916
f 509 2430 1096
f 554 2475 1186
f 482 2404 1042
f 576 2501 1234
f 558 2482 1210
f 516 2440 1120
f 425 2347 928
f 542 2464 1161
f 463 2384 1011
f 434 2355 946
f 497 2419 1072
f 528 2451 1132
f 546 2470 1168
f 464 2385 1006
f 440 2362 958
f 500 2423 1084
f 524 2446 1149
f 479 2401 1059
f 418 2339 921
f 508 2429 1101
f 553 2474 1203
f 569 2491 1239
f 538 2459 1173
f 471 2395 1030
f 443 2365 964
f 501 2424 1078
f 523 2443 1125
f 467 2390 1023
f 433 2354 951
f 493 2413 1065
f 527 2450 1137
f 543 2467 1180
f 485 2408 1054
f 572 2495 1227
f 557 2479 1191
f 515 2437 1107
f 428 2350 934
f 591 2511 1326
f 587 2505 1278
f 588 2507 1266
f 594 2513 1302
f 597 2516 1320
f 600 2519 1344
f 634 2556 1565
f 619 2540 1463
f 639 2561 1589
f 602 2521 1350
f 624 2544 1524
f 608 2529 1421
f 610 2530 1398
f 627 2546 1500
f 630 2549 1518
f 635 2553 1560
f 615 2534 1428
f 617 2536 1434
f 637 2557 1571
f 604 2525 1373
f 164 1609 889
f 163 1605 883
f 165 1611 895
f 166 1614 901
f 167 1617 907
f 172 1631 937
f 190 1688 1045
f 219 1775 1219
f 215 1763 1195
f 201 1719 1111
f 179 1654 979
f 178 1650 973
f 180 1656 985
f 181 1659 991
f 182 1662 997
f 185 1672 1015
f 177 1646 967
f 197 1706 1087
f 206 1735 1141
f 208 1741 1153
f 218 1770 1213
f 188 1680 1033
f 168 1621 913
f 198 1711 1093
f 213 1756 1183
f 189 1684 1039
f 221 1780 1231
f 217 1767 1207
f 202 1722 1117
f 170 1627 925
f 209 1744 1159
f 184 1668 1009
f 173 1636 943
f 194 1699 1069
f 204 1730 1129
f 210 1748 1165
f 183 1666 1003
f 175 1642 955
f 196 1705 1081
f 207 1736 1147
f 192 1691 1057
f 169 1623 919
f 199 1713 1099
f 216 1764 1201
f 222 1781 1237
f 211 1749 1171
f 187 1677 1027
f 176 1645 961
f 195 1703 1075
f 203 1725 1123
f 186 1674 1021
f 174 1638 949
f 193 1695 1063
f 205 1732 1135
f 212 1752 1177
f 191 1690 1051
f 220 1777 1225
f 214 1759 1189
f 200 1717 1105
f 171 1630 931
f 358 2191 1322
f 256 1885 1274
f 261 1901 1262
f 387 2279 1298
f 399 2315 1316
f 351 2171 1340
f 348 2160 1561
f 300 2016 1459
f 366 2214 1585
f 267 1919 1346
f 340 2137 1520
f 287 1978 1417
f 291 1991 1394
f 369 2225 1496
f 395 2302 1514
f 354 2178 1556
f 345 2153 1424
f 297 2009 1430
f 363 2207 1567
f 270 1926 1369
f 247 1857 908
f 229 1803 890
f 223 1786 884
f 235 1822 896
f 241 1840 902
f 253 1876 920
f 355 2182 1058
f 398 2312 1238
f 386 2276 1202
f 260 1898 1100
f 325 2091 998
f 307 2037 980
f 278 1952 974
f 313 2056 986
f 319 2074 992
f 337 2128 1022
f 283 1966 950
f 290 1988 1064
f 368 2222 1136
f 392 2293 1178
f 356 2185 1232
f 254 1879 1040
f 259 1893 926
f 385 2271 1118
f 397 2307 1208
f 349 2163 1052
f 344 2150 1226
f 296 2006 1190
f 362 2204 1106
f 265 1911 932
f 338 2131 1166
f 284 1969 1004
f 289 1983 956
f 367 2217 1082
f 391 2290 1148
f 350 2168 1172
f 343 2145 1028
f 295 2001 962
f 361 2199 1076
f 266 1916 1124
f 230 1808 1034
f 224 1789 914
f 236 1825 1094
f 242 1843 1184
f 248 1862 1214
f 272 1933 1154
f 331 2110 1016
f 301 2020 968
f 373 2236 1088
f 380 2257 1142
f 308 2042 1010
f 277 1947 944
f 314 2059 1070
f 320 2077 1130
f 326 2096 1160
f 332 2113 1046
f 302 2023 1220
f 374 2239 1196
f 379 2254 1112
f 271 1930 938
f 234 1818 1279
f 227 1798 1255
f 239 1834 1291
f 245 1852 1309
f 252 1872 1327
f 275 1942 1375
f 334 2120 1537
f 304 2030 1448
f 377 2248 1574
f 382 2263 1364
f 312 2052 1483
f 279 1955 1387
f 316 2065 1436
f 323 2086 1507
f 330 2106 1525
f 335 2122 1543
f 305 2032 1465
f 376 2245 1454
f 383 2266 1580
f 274 1940 1358
f 232 1813 1267
f 225 1792 1243
f 237 1828 1250
f 243 1846 1286
f 250 1867 1304
f 273 1936 1334
f 336 2123 1549
f 306 2033 1471
f 378 2249 1597
f 381 2260 1352
f 311 2049 1477
f 281 1959 1399
f 315 2062 1406
f 321 2080 1490
f 328 2101 1502
f 333 2116 1531
f 303 2026 1412
f 375 2242 1442
f 384 2267 1592
f 276 1943 1381
f 251 1869 1321
f 233 1815 1273
f 228 1799 1261
f 240 1835 1297
f 246 1853 1315
f 258 1889 1339
f 360 2195 1562
f 401 2319 1460
f 389 2283 1586
f 263 1905 1345
f 329 2103 1519
f 310 2046 1418
f 280 1957 1393
f 318 2069 1495
f 324 2087 1513
f 342 2141 1555
f 288 1979 1423
f 292 1993 1429
f 371 2229 1568
f 393 2296 1370
f 357 2188 1280
f 255 1882 1256
f 262 1902 1292
f 388 2280 1310
f 400 2316 1328
f 352 2172 1376
f 347 2157 1538
f 298 2011 1447
f 364 2209 1573
f 269 1923 1363
f 339 2134 1484
f 285 1972 1388
f 293 1995 1435
f 370 2226 1508
f 396 2303 1526
f 353 2175 1544
f 346 2154 1466
f 299 2013 1453
f 365 2211 1579
f 268 1921 1357
f 249 1865 1268
f 231 1811 1244
f 226 1796 1249
f 238 1832 1285
f 244 1850 1303
f 257 1888 1333
f 359 2194 1550
f 402 2322 1472
f 390 2286 1598
f 264 1908 1351
f 327 2099 1478
f 309 2045 1400
f 282 1962 1405
f 317 2068 1489
f 322 2084 1501
f 341 2140 1532
f 286 1976 1411
f 294 1998 1441
f 372 2232 1591
f 394 2299 1382
f 416 2330 911
f 408 2324 893
f 406 2325 888
f 412 2332 900
f 415 2335 906
f 424 2344 924
f 492 2410 1062
f 582 2497 1242
f 565 2486 1206
f 514 2434 1104
f 461 2375 1001
f 453 2369 983
f 451 2370 978
f 457 2377 990
f 460 2380 996
f 475 2393 1026
f 439 2359 954
f 496 2415 1068
f 533 2455 1140
f 551 2461 1181
f 579 2489 1235
f 483 2399 1043
f 426 2341 929
f 521 2431 1121
f 566 2476 1211
f 489 2405 1055
f 578 2500 1230
f 560 2481 1194
f 518 2439 1110
f 429 2348 935
f 547 2465 1169
f 465 2383 1007
f 441 2356 959
f 504 2420 1085
f 537 2452 1152
f 550 2471 1176
f 476 2386 1031
f 444 2363 965
f 502 2422 1079
f 526 2445 1128
f 481 2400 1038
f 420 2338 917
f 510 2428 1097
f 555 2473 1187
f 571 2490 1218
f 540 2458 1157
f 473 2394 1020
f 447 2366 972
f 507 2425 1092
f 534 2444 1145
f 469 2389 1014
f 435 2353 947
f 498 2414 1073
f 529 2449 1133
f 545 2466 1164
f 487 2407 1049
f 574 2494 1223
f 562 2480 1199
f 520 2438 1116
f 432 2351 942
f 589 2510 1283
f 583 2504 1259
f 586 2508 1295
f 593 2514 1313
f 596 2517 1331
f 599 2520 1379
f 633 2554 1541
f 620 2539 1452
f 640 2560 1578
f 603 2523 1368
f 622 2543 1487
f 607 2527 1391
f 612 2532 1440
f 626 2547 1511
f 629 2550 1529
f 631 2552 1547
f 614 2535 1469
f 618 2538 1458
f 641 2558 1584
f 605 2524 1362
f 164 1607 1609
f 163 1603 1605
f 165 1604 1611
f 166 1610 1614
f 167 1613 1617
f 172 1622 1631
f 190 1686 1688
f 219 1773 1775
f 215 1761 1763
f 201 1712 1719
f 179 1652 1654
f 178 1648 1650
f 180 1649 1656
f 181 1655 1659
f 182 1658 1662
f 185 1670 1672
f 177 1637 1646
f 197 1694 1706
f 206 1731 1735
f 208 1739 1741
f 218 1768 1770
f 188 1678 1680
f 168 1619 1621
f 198 1709 1711
f 213 1754 1756
f 189 1682 1684
f 221 1776 1780
f 217 1758 1767
f 202 1716 1722
f 170 1625 1627
f 209 1742 1744
f 184 1663 1668
f 173 1634 1636
f 194 1697 1699
f 204 1728 1730
f 210 1746 1748
f 183 1664 1666
f 175 1640 1642
f 196 1700 1705
f 207 1724 1736
f 192 1679 1691
f 169 1618 1623
f 199 1708 1713
f 216 1753 1764
f 222 1769 1781
f 211 1738 1749
f 187 1671 1677
f 176 1643 1645
f 195 1701 1703
f 203 1723 1725
f 186 1667 1674
f 174 1633 1638
f 193 1693 1695
f 205 1727 1732
f 212 1743 1752
f 191 1685 1690
f 220 1772 1777
f 214 1757 1759
f 200 1715 1717
f 171 1628 1630
f 358 2187 2191
f 256 1881 1885
f 261 1899 1901
f 387 2277 2279
f 399 2313 2315
f 351 2169 2171
f 348 2156 2160
f 300 2010 2016
f 366 2208 2214
f 267 1917 1919
f 340 2133 2137
f 287 1971 1978
f 291 1989 1991
f 369 2223 2225
f 395 2300 2302
f 354 2174 2178
f 345 2151 2153
f 297 2007 2009
f 363 2205 2207
f 270 1920 1926
f 247 1855 1857
f 229 1801 1803
f 223 1784 1786
f 235 1820 1822
f 241 1838 1840
f 253 1874 1876
f 355 2180 2182
f 398 2310 2312
f 386 2274 2276
f 260 1896 1898
f 325 2089 2091
f 307 2035 2037
f 278 1950 1952
f 313 2054 2056
f 319 2072 2074
f 337 2126 2128
f 283 1964 1966
f 290 1986 1988
f 368 2220 2222
f 392 2291 2293
f 356 2183 2185
f 254 1877 1879
f 259 1891 1893
f 385 2269 2271
f 397 2305 2307
f 349 2161 2163
f 344 2148 2150
f 296 2004 2006
f 362 2202 2204
f 265 1909 1911
f 338 2129 2131
f 284 1967 1969
f 289 1981 1983
f 367 2215 2217
f 391 2288 2290
f 350 2166 2168
f 343 2143 2145
f 295 1999 2001
f 361 2197 2199
f 266 1914 1916
f 230 1806 1808
f 224 1787 1789
f 236 1823 1825
f 242 1841 1843
f 248 1860 1862
f 272 1931 1933
f 331 2108 2110
f 301 2018 2020
f 373 2234 2236
f 380 2255 2257
f 308 2040 2042
f 277 1945 1947
f 314 2057 2059
f 320 2075 2077
f 326 2094 2096
f 332 2111 2113
f 302 2021 2023
f 374 2237 2239
f 379 2252 2254
f 271 1928 1930
f 234 1812 1818
f 227 1791 1798
f 239 1827 1834
f 245 1845 1852
f 252 1866 1872
f 275 1935 1942
f 334 2118 2120
f 304 2028 2030
f 377 2246 2248
f 382 2259 2263
f 312 2048 2052
f 279 1953 1955
f 316 2061 2065
f 323 2079 2086
f 330 2100 2106
f 335 2115 2122
f 305 2025 2032
f 376 2241 2245
f 383 2264 2266
f 274 1938 1940
f 232 1802 1813
f 225 1783 1792
f 237 1819 1828
f 243 1837 1846
f 250 1856 1867
f 273 1927 1936
f 336 2112 2123
f 306 2022 2033
f 378 2238 2249
f 381 2251 2260
f 311 2036 2049
f 281 1949 1959
f 315 2053 2062
f 321 2071 2080
f 328 2090 2101
f 333 2107 2116
f 303 2017 2026
f 375 2233 2242
f 384 2256 2267
f 276 1932 1943
f 251 1859 1869
f 233 1805 1815
f 228 1788 1799
f 240 1824 1835
f 246 1842 1853
f 258 1878 1889
f 360 2184 2195
f 401 2306 2319
f 389 2270 2283
f 263 1892 1905
f 329 2093 2103
f 310 2039 2046
f 280 1946 1957
f 318 2058 2069
f 324 2076 2087
f 342 2130 2141
f 288 1968 1979
f 292 1982 1993
f 371 2216 2229
f 393 2287 2296
f 357 2179 2188
f 255 1873 1882
f 262 1895 1902
f 388 2273 2280
f 400 2309 2316
f 352 2165 2172
f 347 2144 2157
f 298 2000 2011
f 364 2198 2209
f 269 1913 1923
f 339 2125 2134
f 285 1963 1972
f 293 1985 1995
f 370 2219 2226
f 396 2292 2303
f 353 2162 2175
f 346 2147 2154
f 299 2003 2013
f 365 2201 2211
f 268 1910 1921
f 249 1863 1865
f 231 1809 1811
f 226 1794 1796
f 238 1830 1832
f 244 1848 1850
f 257 1886 1888
f 359 2192 2194
f 402 2318 2322
f 390 2282 2286
f 264 1904 1908
f 327 2097 2099
f 309 2043 2045
f 282 1956 1962
f 317 2066 2068
f 322 2082 2084
f 341 2138 2140
f 286 1974 1976
f 294 1992 1998
f 372 2228 2232
f 394 2295 2299
f 416 2331 2330
f 408 2327 2324
f 406 2328 2325
f 412 2334 2332
f 415 2337 2335
f 424 2346 2344
f 492 2412 2410
f 582 2499 2497
f 565 2487 2486
f 514 2436 2434
f 461 2376 2375
f 453 2372 2369
f 451 2373 2370
f 457 2379 2377
f 460 2382 2380
f 475 2396 2393
f 439 2361 2359
f 496 2418 2415
f 533 2457 2455
f 551 2463 2461
f 579 2492 2489
f 483 2402 2399
f 426 2343 2341
f 521 2433 2431
f 566 2478 2476
f 489 2406 2405
f 578 2502 2500
f 560 2484 2481
f 518 2442 2439
f 429 2349 2348
f 547 2468 2465
f 465 2387 2383
f 441 2358 2356
f 504 2421 2420
f 537 2454 2452
f 550 2472 2471
f 476 2388 2386
f 444 2364 2363
f 502 2426 2422
f 526 2448 2445
f 481 2403 2400
f 420 2342 2338
f 510 2432 2428
f 555 2477 2473
f 571 2493 2490
f 540 2462 2458
f 473 2397 2394
f 447 2367 2366
f 507 2427 2425
f 534 2447 2444
f 469 2391 2389
f 435 2357 2353
f 498 2417 2414
f 529 2453 2449
f 545 2469 2466
f 487 2411 2407
f 574 2498 2494
f 562 2483 2480
f 520 2441 2438
f 432 2352 2351
f 589 2509 2510
f 583 2503 2504
f 586 2506 2508
f 593 2512 2514
f 596 2515 2517
f 599 2518 2520
f 633 2555 2554
f 620 2541 2539
f 640 2562 2560
f 603 2522 2523
f 622 2542 2543
f 607 2528 2527
f 612 2531 2532
f 626 2545 2547
f 629 2548 2550
f 631 2551 2552
f 614 2533 2535
f 618 2537 2538
f 641 2559 2558
f 605 2526 2524
f 164 644 1607
f 163 643 1603
f 165 645 1604
f 166 646 1610
f 167 647 1613
f 172 652 1622
f 190 670 1686
f 219 699 1773
f 215 695 1761
f 201 681 1712
f 179 659 1652
f 178 658 1648
f 180 660 1649
f 181 661 1655
f 182 662 1658
f 185 665 1670
f 177 657 1637
f 197 677 1694
f 206 686 1731
f 208 688 1739
f 218 698 1768
f 188 668 1678
f 168 648 1619
f 198 678 1709
f 213 693 1754
f 189 669 1682
f 221 701 1776
f 217 697 1758
f 202 682 1716
f 170 650 1625
f 209 689 1742
f 184 664 1663
f 173 653 1634
f 194 674 1697
f 204 684 1728
f 210 690 1746
f 183 663 1664
f 175 655 1640
f 196 676 1700
f 207 687 1724
f 192 672 1679
f 169 649 1618
f 199 679 1708
f 216 696 1753
f 222 702 1769
f 211 691 1738
f 187 667 1671
f 176 656 1643
f 195 675 1701
f 203 683 1723
f 186 666 1667
f 174 654 1633
f 193 673 1693
f 205 685 1727
f 212 692 1743
f 191 671 1685
f 220 700 1772
f 214 694 1757
f 200 680 1715
f 171 651 1628
f 358 838 2187
f 256 736 1881
f 261 741 1899
f 387 867 2277
f 399 879 2313
f 351 831 2169
f 348 828 2156
f 300 780 2010
f 366 846 2208
f 267 747 1917
f 340 820 2133
f 287 767 1971
f 291 771 1989
f 369 849 2223
f 395 875 2300
f 354 834 2174
f 345 825 2151
f 297 777 2007
f 363 843 2205
f 270 750 1920
f 247 727 1855
f 229 709 1801
f 223 703 1784
f 235 715 1820
f 241 721 1838
f 253 733 1874
f 355 835 2180
f 398 878 2310
f 386 866 2274
f 260 740 1896
f 325 805 2089
f 307 787 2035
f 278 758 1950
f 313 793 2054
f 319 799 2072
f 337 817 2126
f 283 763 1964
f 290 770 1986
f 368 848 2220
f 392 872 2291
f 356 836 2183
f 254 734 1877
f 259 739 1891
f 385 865 2269
f 397 877 2305
f 349 829 2161
f 344 824 2148
f 296 776 2004
f 362 842 2202
f 265 745 1909
f 338 818 2129
f 284 764 1967
f 289 769 1981
f 367 847 2215
f 391 871 2288
f 350 830 2166
f 343 823 2143
f 295 775 1999
f 361 841 2197
f 266 746 1914
f 230 710 1806
f 224 704 1787
f 236 716 1823
f 242 722 1841
f 248 728 1860
f 272 752 1931
f 331 811 2108
f 301 781 2018
f 373 853 2234
f 380 860 2255
f 308 788 2040
f 277 757 1945
f 314 794 2057
f 320 800 2075
f 326 806 2094
f 332 812 2111
f 302 782 2021
f 374 854 2237
f 379 859 2252
f 271 751 1928
f 234 714 1812
f 227 707 1791
f 239 719 1827
f 245 725 1845
f 252 732 1866
f 275 755 1935
f 334 814 2118
f 304 784 2028
f 377 857 2246
f 382 862 2259
f 312 792 2048
f 279 759 1953
f 316 796 2061
f 323 803 2079
f 330 810 2100
f 335 815 2115
f 305 785 2025
f 376 856 2241
f 383 863 2264
f 274 754 1938
f 232 712 1802
f 225 705 1783
f 237 717 1819
f 243 723 1837
f 250 730 1856
f 273 753 1927
f 336 816 2112
f 306 786 2022
f 378 858 2238
f 381 861 2251
f 311 791 2036
f 281 761 1949
f 315 795 2053
f 321 801 2071
f 328 808 2090
f 333 813 2107
f 303 783 2017
f 375 855 2233
f 384 864 2256
f 276 756 1932
f 251 731 1859
f 233 713 1805
f 228 708 1788
f 240 720 1824
f 246 726 1842
f 258 738 1878
f 360 840 2184
f 401 881 2306
f 389 869 2270
f 263 743 1892
f 329 809 2093
f 310 790 2039
f 280 760 1946
f 318 798 2058
f 324 804 2076
f 342 822 2130
f 288 768 1968
f 292 772 1982
f 371 851 2216
f 393 873 2287
f 357 837 2179
f 255 735 1873
f 262 742 1895
f 388 868 2273
f 400 880 2309
f 352 832 2165
f 347 827 2144
f 298 778 2000
f 364 844 2198
f 269 749 1913
f 339 819 2125
f 285 765 1963
f 293 773 1985
f 370 850 2219
f 396 876 2292
f 353 833 2162
f 346 826 2147
f 299 779 2003
f 365 845 2201
f 268 748 1910
f 249 729 1863
f 231 711 1809
f 226 706 1794
f 238 718 1830
f 244 724 1848
f 257 737 1886
f 359 839 2192
f 402 882 2318
f 390 870 2282
f 264 744 1904
f 327 807 2097
f 309 789 2043
f 282 762 1956
f 317 797 2066
f 322 802 2082
f 341 821 2138
f 286 766 1974
f 294 774 1992
f 372 852 2228
f 394 874 2295
f 416 1270 2331
f 408 1246 2327
f 406 1251 2328
f 412 1287 2334
f 415 1305 2337
f 424 1335 2346
f 492 1552 2412
f 582 1474 2499
f 565 1600 2487
f 514 1353 2436
f 461 1480 2376
f 453 1402 2372
f 451 1407 2373
f 457 1491 2379
f 460 1503 2382
f 475 1534 2396
f 439 1413 2361
f 496 1443 2418
f 533 1593 2457
f 551 1384 2463
f 579 1324 2492
f 483 1276 2402
f 426 1264 2343
f 521 1300 2433
f 566 1318 2478
f 489 1342 2406
f 578 1563 2502
f 560 1461 2484
f 518 1587 2442
f 429 1348 2349
f 547 1522 2468
f 465 1419 2387
f 441 1396 2358
f 504 1498 2421
f 537 1516 2454
f 550 1558 2472
f 476 1426 2388
f 444 1432 2364
f 502 1569 2426
f 526 1371 2448
f 481 1281 2403
f 420 1257 2342
f 510 1293 2432
f 555 1311 2477
f 571 1329 2493
f 540 1377 2462
f 473 1539 2397
f 447 1450 2367
f 507 1576 2427
f 534 1366 2447
f 469 1485 2391
f 435 1389 2357
f 498 1438 2417
f 529 1509 2453
f 545 1527 2469
f 487 1545 2411
f 574 1467 2498
f 562 1456 2483
f 520 1582 2441
f 432 1360 2352
f 589 1271 2509
f 583 1247 2503
f 586 1254 2506
f 593 1290 2512
f 596 1308 2515
f 599 1338 2518
f 633 1553 2555
f 620 1475 2541
f 640 1601 2562
f 603 1356 2522
f 622 1481 2542
f 607 1403 2528
f 612 1410 2531
f 626 1494 2545
f 629 1506 2548
f 631 1535 2551
f 614 1416 2533
f 618 1446 2537
f 641 1596 2559
f 605 1385 2526
f 167 907 1616
f 164 889 1608
f 163 883 1606
f 165 895 1612
f 166 901 1615
f 169 919 1624
f 192 1057 1692
f 222 1237 1782
f 216 1201 1765
f 199 1099 1714
f 182 997 1661
f 179 979 1653
f 178 973 1651
f 180 985 1657
f 181 991 1660
f 186 1021 1675
f 174 949 1639
f 193 1063 1696
f 205 1135 1733
f 212 1177 1751
f 221 1231 1779
f 189 1039 1683
f 170 925 1626
f 202 1117 1721
f 217 1207 1766
f 191 1051 1689
f 220 1225 1778
f 214 1189 1760
f 200 1105 1718
f 171 931 1629
f 210 1165 1747
f 183 1003 1665
f 175 955 1641
f 196 1081 1704
f 207 1147 1737
f 211 1171 1750
f 187 1027 1676
f 176 961 1644
f 195 1075 1702
f 203 1123 1726
f 188 1033 1681
f 168 913 1620
f 198 1093 1710
f 213 1183 1755
f 218 1213 1771
f 208 1153 1740
f 185 1015 1673
f 177 967 1647
f 197 1087 1707
f 206 1141 1734
f 184 1009 1669
f 173 943 1635
f 194 1069 1698
f 204 1129 1729
f 209 1159 1745
f 190 1045 1687
f 219 1219 1774
f 215 1195 1762
f 201 1111 1720
f 172 937 1632
f 357 1280 2189
f 255 1256 1883
f 262 1292 1903
f 388 1310 2281
f 400 1328 2317
f 352 1376 2173
f 347 1538 2158
f 298 1447 2012
f 364 1573 2210
f 269 1363 1924
f 339 1484 2135
f 285 1388 1973
f 293 1435 1996
f 370 1508 2227
f 396 1526 2304
f 353 1544 2176
f 346 1466 2155
f 299 1453 2014
f 365 1579 2212
f 268 1357 1922
f 249 1268 1864
f 231 1244 1810
f 226 1249 1795
f 238 1285 1831
f 244 1303 1849
f 257 1333 1887
f 359 1550 2193
f 402 1472 2321
f 390 1598 2285
f 264 1351 1907
f 327 1478 2098
f 309 1400 2044
f 282 1405 1961
f 317 1489 2067
f 322 1501 2083
f 341 1532 2139
f 286 1411 1975
f 294 1441 1997
f 372 1591 2231
f 394 1382 2298
f 358 1322 2190
f 256 1274 1884
f 261 1262 1900
f 387 1298 2278
f 399 1316 2314
f 351 1340 2170
f 348 1561 2159
f 300 1459 2015
f 366 1585 2213
f 267 1346 1918
f 340 1520 2136
f 287 1417 1977
f 291 1394 1990
f 369 1496 2224
f 395 1514 2301
f 354 1556 2177
f 345 1424 2152
f 297 1430 2008
f 363 1567 2206
f 270 1369 1925
f 234 1279 1817
f 227 1255 1797
f 239 1291 1833
f 245 1309 1851
f 252 1327 1871
f 275 1375 1941
f 334 1537 2119
f 304 1448 2029
f 377 1574 2247
f 382 1364 2262
f 312 1483 2051
f 279 1387 1954
f 316 1436 2064
f 323 1507 2085
f 330 1525 2105
f 335 1543 2121
f 305 1465 2031
f 376 1454 2244
f 383 1580 2265
f 274 1358 1939
f 232 1267 1814
f 225 1243 1793
f 237 1250 1829
f 243 1286 1847
f 250 1304 1868
f 273 1334 1937
f 336 1549 2124
f 306 1471 2034
f 378 1597 2250
f 381 1352 2261
f 311 1477 2050
f 281 1399 1960
f 315 1406 2063
f 321 1490 2081
f 328 1502 2102
f 333 1531 2117
f 303 1412 2027
f 375 1442 2243
f 384 1592 2268
f 276 1381 1944
f 229 890 1804
f 223 884 1785
f 235 896 1821
f 241 902 1839
f 247 908 1858
f 271 938 1929
f 332 1046 2114
f 302 1220 2024
f 374 1196 2240
f 379 1112 2253
f 307 980 2038
f 278 974 1951
f 313 986 2055
f 319 992 2073
f 325 998 2092
f 331 1016 2109
f 301 968 2019
f 373 1088 2235
f 380 1142 2258
f 272 1154 1934
f 248 1214 1861
f 230 1034 1807
f 224 914 1790
f 236 1094 1826
f 242 1184 1844
f 254 1040 1880
f 356 1232 2186
f 397 1208 2308
f 385 1118 2272
f 259 926 1894
f 326 1160 2095
f 308 1010 2041
f 277 944 1948
f 314 1070 2060
f 320 1130 2078
f 338 1166 2132
f 284 1004 1970
f 289 956 1984
f 367 1082 2218
f 391 1148 2289
f 355 1058 2181
f 253 920 1875
f 260 1100 1897
f 386 1202 2275
f 398 1238 2311
f 350 1172 2167
f 343 1028 2146
f 295 962 2002
f 361 1076 2200
f 266 1124 1915
f 337 1022 2127
f 283 950 1965
f 290 1064 1987
f 368 1136 2221
f 392 1178 2294
f 349 1052 2164
f 344 1226 2149
f 296 1190 2005
f 362 1106 2203
f 265 932 1912
f 251 1321 1870
f 233 1273 1816
f 228 1261 1800
f 240 1297 1836
f 246 1315 1854
f 258 1339 1890
f 360 1562 2196
f 401 1460 2320
f 389 1586 2284
f 263 1345 1906
f 329 1519 2104
f 310 1418 2047
f 280 1393 1958
f 318 1495 2070
f 324 1513 2088
f 342 1555 2142
f 288 1423 1980
f 292 1429 1994
f 371 1568 2230
f 393 1370 2297
f 409 894 2329
f 405 887 2323
f 411 899 2326
f 414 905 2333
f 417 912 2336
f 431 941 2345
f 488 1050 2409
f 575 1224 2496
f 563 1200 2485
f 519 1115 2435
f 454 984 2374
f 450 977 2368
f 456 989 2371
f 459 995 2378
f 462 1002 2381
f 472 1019 2392
f 446 971 2360
f 506 1091 2416
f 535 1146 2456
f 541 1158 2460
f 570 1217 2488
f 480 1037 2398
f 421 918 2340
f 511 1098 2430
f 556 1188 2475
f 484 1044 2404
f 580 1236 2501
f 567 1212 2482
f 522 1122 2440
f 427 930 2347
f 544 1163 2464
f 468 1013 2384
f 436 948 2355
f 499 1074 2419
f 530 1134 2451
f 548 1170 2470
f 466 1008 2385
f 442 960 2362
f 505 1086 2423
f 536 1151 2446
f 491 1061 2401
f 423 923 2339
f 513 1103 2429
f 564 1205 2474
f 581 1241 2491
f 549 1175 2459
f 477 1032 2395
f 445 966 2365
f 503 1080 2424
f 525 1127 2443
f 474 1025 2390
f 438 953 2354
f 495 1067 2413
f 532 1139 2450
f 552 1182 2467
f 490 1056 2408
f 577 1229 2495
f 559 1193 2479
f 517 1109 2437
f 430 936 2350
f 590 1325 2511
f 584 1277 2505
f 585 1265 2507
f 592 1301 2513
f 595 1319 2516
f 598 1343 2519
f 636 1566 2556
f 621 1464 2540
f 642 1590 2561
f 601 1349 2521
f 623 1523 2544
f 611 1422 2529
f 609 1397 2530
f 625 1499 2546
f 628 1517 2549
f 632 1559 2553
f 613 1427 2534
f 616 1433 2536
f 638 1572 2557
f 606 1374 2525
f 407 892 1609
f 403 885 1605
f 404 897 1611
f 410 903 1614
f 413 910 1617
f 422 939 1631
f 486 1048 1688
f 573 1222 1775
f 561 1198 1763
f 512 1113 1719
f 452 982 1654
f 448 975 1650
f 449 987 1656
f 455 993 1659
f 458 1000 1662
f 470 1017 1672
f 437 969 1646
f 494 1089 1706
f 531 1144 1735
f 539 1156 1741
f 568 1215 1770
f 478 1035 1680
f 419 916 1621
f 509 1096 1711
f 554 1186 1756
f 482 1042 1684
f 576 1234 1780
f 558 1210 1767
f 516 1120 1722
f 425 928 1627
f 542 1161 1744
f 463 1011 1668
f 434 946 1636
f 497 1072 1699
f 528 1132 1730
f 546 1168 1748
f 464 1006 1666
f 440 958 1642
f 500 1084 1705
f 524 1149 1736
f 479 1059 1691
f 418 921 1623
f 508 1101 1713
f 553 1203 1764
f 569 1239 1781
f 538 1173 1749
f 471 1030 1677
f 443 964 1645
f 501 1078 1703
f 523 1125 1725
f 467 1023 1674
f 433 951 1638
f 493 1065 1695
f 527 1137 1732
f 543 1180 1752
f 485 1054 1690
f 572 1227 1777
f 557 1191 1759
f 515 1107 1717
f 428 934 1630
f 591 1326 2191
f 587 1278 1885
f 588 1266 1901
f 594 1302 2279
f 597 1320 2315
f 600 1344 2171
f 634 1565 2160
f 619 1463 2016
f 639 1589 2214
f 602 1350 1919
f 624 1524 2137
f 608 1421 1978
f 610 1398 1991
f 627 1500 2225
f 630 1518 2302
f 635 1560 2178
f 615 1428 2153
f 617 1434 2009
f 637 1571 2207
f 604 1373 1926
f 416 911 1857
f 408 893 1803
f 406 888 1786
f 412 900 1822
f 415 906 1840
f 424 924 1876
f 492 1062 2182
f 582 1242 2312
f 565 1206 2276
f 514 1104 1898
f 461 1001 2091
f 453 983 2037
f 451 978 1952
f 457 990 2056
f 460 996 2074
f 475 1026 2128
f 439 954 1966
f 496 1068 1988
f 533 1140 2222
f 551 1181 2293
f 579 1235 2185
f 483 1043 1879
f 426 929 1893
f 521 1121 2271
f 566 1211 2307
f 489 1055 2163
f 578 1230 2150
f 560 1194 2006
f 518 1110 2204
f 429 935 1911
f 547 1169 2131
f 465 1007 1969
f 441 959 1983
f 504 1085 2217
f 537 1152 2290
f 550 1176 2168
f 476 1031 2145
f 444 965 2001
f 502 1079 2199
f 526 1128 1916
f 481 1038 1808
f 420 917 1789
f 510 1097 1825
f 555 1187 1843
f 571 1218 1862
f 540 1157 1933
f 473 1020 2110
f 447 972 2020
f 507 1092 2236
f 534 1145 2257
f 469 1014 2042
f 435 947 1947
f 498 1073 2059
f 529 1133 2077
f 545 1164 2096
f 487 1049 2113
f 574 1223 2023
f 562 1199 2239
f 520 1116 2254
f 432 942 1930
f 589 1283 1818
f 583 1259 1798
f 586 1295 1834
f 593 1313 1852
f 596 1331 1872
f 599 1379 1942
f 633 1541 2120
f 620 1452 2030
f 640 1578 2248
f 603 1368 2263
f 622 1487 2052
f 607 1391 1955
f 612 1440 2065
f 626 1511 2086
f 629 1529 2106
f 631 1547 2122
f 614 1469 2032
f 618 1458 2245
f 641 1584 2266
f 605 1362 1940
f 409 1269 1813
f 405 1245 1792
f 411 1252 1828
f 414 1288 1846
f 417 1306 1867
f 431 1336 1936
f 488 1551 2123
f 575 1473 2033
f 563 1599 2249
f 519 1354 2260
f 454 1479 2049
f 450 1401 1959
f 456 1408 2062
f 459 1492 2080
f 462 1504 2101
f 472 1533 2116
f 446 1414 2026
f 506 1444 2242
f 535 1594 2267
f 541 1383 1943
f 570 1323 1869
f 480 1275 1815
f 421 1263 1799
f 511 1299 1835
f 556 1317 1853
f 484 1341 1889
f 580 1564 2195
f 567 1462 2319
f 522 1588 2283
f 427 1347 1905
f 544 1521 2103
f 468 1420 2046
f 436 1395 1957
f 499 1497 2069
f 530 1515 2087
f 548 1557 2141
f 466 1425 1979
f 442 1431 1993
f 505 1570 2229
f 536 1372 2296
f 491 1282 2188
f 423 1258 1882
f 513 1294 1902
f 564 1312 2280
f 581 1330 2316
f 549 1378 2172
f 477 1540 2157
f 445 1449 2011
f 503 1575 2209
f 525 1365 1923
f 474 1486 2134
f 438 1390 1972
f 495 1437 1995
f 532 1510 2226
f 552 1528 2303
f 490 1546 2175
f 577 1468 2154
f 559 1455 2013
f 517 1581 2211
f 430 1359 1921
f 590 1272 1865
f 584 1248 1811
f 585 1253 1796
f 592 1289 1832
f 595 1307 1850
f 598 1337 1888
f 636 1554 2194
f 621 1476 2322
f 642 1602 2286
f 601 1355 1908
f 623 1482 2099
f 611 1404 2045
f 609 1409 1962
f 625 1493 2068
f 628 1505 2084
f 632 1536 2140
f 613 1415 1976
f 616 1445 1998
f 638 1595 2232
f 606 1386 2299
f 407 909 2330
f 403 891 2324
f 404 886 2325
f 410 898 2332
f 413 904 2335
f 422 922 2344
f 486 1060 2410
f 573 1240 2497
f 561 1204 2486
f 512 1102 2434
f 452 999 2375
f 448 981 2369
f 449 976 2370
f 455 988 2377
f 458 994 2380
f 470 1024 2393
f 437 952 2359
f 494 1066 2415
f 531 1138 2455
f 539 1179 2461
f 568 1233 2489
f 478 1041 2399
f 419 927 2341
f 509 1119 2431
f 554 1209 2476
f 482 1053 2405
f 576 1228 2500
f 558 1192 2481
f 516 1108 2439
f 425 933 2348
f 542 1167 2465
f 463 1005 2383
f 434 957 2356
f 497 1083 2420
f 528 1150 2452
f 546 1174 2471
f 464 1029 2386
f 440 963 2363
f 500 1077 2422
f 524 1126 2445
f 479 1036 2400
f 418 915 2338
f 508 1095 2428
f 553 1185 2473
f 569 1216 2490
f 538 1155 2458
f 471 1018 2394
f 443 970 2366
f 501 1090 2425
f 523 1143 2444
f 467 1012 2389
f 433 945 2353
f 493 1071 2414
f 527 1131 2449
f 543 1162 2466
f 485 1047 2407
f 572 1221 2494
f 557 1197 2480
f 515 1114 2438
f 428 940 2351
f 591 1284 2510
f 587 1260 2504
f 588 1296 2508
f 594 1314 2514
f 597 1332 2517
f 600 1380 2520
f 634 1542 2554
f 619 1451 2539
f 639 1577 2560
f 602 1367 2523
f 624 1488 2543
f 608 1392 2527
f 610 1439 2532
f 627 1512 2547
f 630 1530 2550
f 635 1548 2552
f 615 1470 2535
f 617 1457 2538
f 637 1583 2558
f 604 1361 2524
f 167 1616 1607
f 164 1608 1603
f 163 1606 1604
f 165 1612 1610
f 166 1615 1613
f 169 1624 1622
f 192 1692 1686
f 222 1782 1773
f 216 1765 1761
f 199 1714 1712
f 182 1661 1652
f 179 1653 1648
f 178 1651 1649
f 180 1657 1655
f 181 1660 1658
f 186 1675 1670
f 174 1639 1637
f 193 1696 1694
f 205 1733 1731
f 212 1751 1739
f 221 1779 1768
f 189 1683 1678
f 170 1626 1619
f 202 1721 1709
f 217 1766 1754
f 191 1689 1682
f 220 1778 1776
f 214 1760 1758
f 200 1718 1716
f 171 1629 1625
f 210 1747 1742
f 183 1665 1663
f 175 1641 1634
f 196 1704 1697
f 207 1737 1728
f 211 1750 1746
f 187 1676 1664
f 176 1644 1640
f 195 1702 1700
f 203 1726 1724
f 188 1681 1679
f 168 1620 1618
f 198 1710 1708
f 213 1755 1753
f 218 1771 1769
f 208 1740 1738
f 185 1673 1671
f 177 1647 1643
f 197 1707 1701
f 206 1734 1723
f 184 1669 1667
f 173 1635 1633
f 194 1698 1693
f 204 1729 1727
f 209 1745 1743
f 190 1687 1685
f 219 1774 1772
f 215 1762 1757
f 201 1720 1715
f 172 1632 1628
f 357 2189 2187
f 255 1883 1881
f 262 1903 1899
f 388 2281 2277
f 400 2317 2313
f 352 2173 2169
f 347 2158 2156
f 298 2012 2010
f 364 2210 2208
f 269 1924 1917
f 339 2135 2133
f 285 1973 1971
f 293 1996 1989
f 370 2227 2223
f 396 2304 2300
f 353 2176 2174
f 346 2155 2151
f 299 2014 2007
f 365 2212 2205
f 268 1922 1920
f 249 1864 1855
f 231 1810 1801
f 226 1795 1784
f 238 1831 1820
f 244 1849 1838
f 257 1887 1874
f 359 2193 2180
f 402 2321 2310
f 390 2285 2274
f 264 1907 1896
f 327 2098 2089
f 309 2044 2035
f 282 1961 1950
f 317 2067 2054
f 322 2083 2072
f 341 2139 2126
f 286 1975 1964
f 294 1997 1986
f 372 2231 2220
f 394 2298 2291
f 358 2190 2183
f 256 1884 1877
f 261 1900 1891
f 387 2278 2269
f 399 2314 2305
f 351 2170 2161
f 348 2159 2148
f 300 2015 2004
f 366 2213 2202
f 267 1918 1909
f 340 2136 2129
f 287 1977 1967
f 291 1990 1981
f 369 2224 2215
f 395 2301 2288
f 354 2177 2166
f 345 2152 2143
f 297 2008 1999
f 363 2206 2197
f 270 1925 1914
f 234 1817 1806
f 227 1797 1787
f 239 1833 1823
f 245 1851 1841
f 252 1871 1860
f 275 1941 1931
f 334 2119 2108
f 304 2029 2018
f 377 2247 2234
f 382 2262 2255
f 312 2051 2040
f 279 1954 1945
f 316 2064 2057
f 323 2085 2075
f 330 2105 2094
f 335 2121 2111
f 305 2031 2021
f 376 2244 2237
f 383 2265 2252
f 274 1939 1928
f 232 1814 1812
f 225 1793 1791
f 237 1829 1827
f 243 1847 1845
f 250 1868 1866
f 273 1937 1935
f 336 2124 2118
f 306 2034 2028
f 378 2250 2246
f 381 2261 2259
f 311 2050 2048
f 281 1960 1953
f 315 2063 2061
f 321 2081 2079
f 328 2102 2100
f 333 2117 2115
f 303 2027 2025
f 375 2243 2241
f 384 2268 2264
f 276 1944 1938
f 229 1804 1802
f 223 1785 1783
f 235 1821 1819
f 241 1839 1837
f 247 1858 1856
f 271 1929 1927
f 332 2114 2112
f 302 2024 2022
f 374 2240 2238
f 379 2253 2251
f 307 2038 2036
f 278 1951 1949
f 313 2055 2053
f 319 2073 2071
f 325 2092 2090
f 331 2109 2107
f 301 2019 2017
f 373 2235 2233
f 380 2258 2256
f 272 1934 1932
f 248 1861 1859
f 230 1807 1805
f 224 1790 1788
f 236 1826 1824
f 242 1844 1842
f 254 1880 1878
f 356 2186 2184
f 397 2308 2306
f 385 2272 2270
f 259 1894 1892
f 326 2095 2093
f 308 2041 2039
f 277 1948 1946
f 314 2060 2058
f 320 2078 2076
f 338 2132 2130
f 284 1970 1968
f 289 1984 1982
f 367 2218 2216
f 391 2289 2287
f 355 2181 2179
f 253 1875 1873
f 260 1897 1895
f 386 2275 2273
f 398 2311 2309
f 350 2167 2165
f 343 2146 2144
f 295 2002 2000
f 361 2200 2198
f 266 1915 1913
f 337 2127 2125
f 283 1965 1963
f 290 1987 1985
f 368 2221 2219
f 392 2294 2292
f 349 2164 2162
f 344 2149 2147
f 296 2005 2003
f 362 2203 2201
f 265 1912 1910
f 251 1870 1863
f 233 1816 1809
f 228 1800 1794
f 240 1836 1830
f 246 1854 1848
f 258 1890 1886
f 360 2196 2192
f 401 2320 2318
f 389 2284 2282
f 263 1906 1904
f 329 2104 2097
f 310 2047 2043
f 280 1958 1956
f 318 2070 2066
f 324 2088 2082
f 342 2142 2138
f 288 1980 1974
f 292 1994 1992
f 371 2230 2228
f 393 2297 2295
f 409 2329 2331
f 405 2323 2327
f 411 2326 2328
f 414 2333 2334
f 417 2336 2337
f 431 2345 2346
f 488 2409 2412
f 575 2496 2499
f 563 2485 2487
f 519 2435 2436
f 454 2374 2376
f 450 2368 2372
f 456 2371 2373
f 459 2378 2379
f 462 2381 2382
f 472 2392 2396
f 446 2360 2361
f 506 2416 2418
f 535 2456 2457
f 541 2460 2463
f 570 2488 2492
f 480 2398 2402
f 421 2340 2343
f 511 2430 2433
f 556 2475 2478
f 484 2404 2406
f 580 2501 2502
f 567 2482 2484
f 522 2440 2442
f 427 2347 2349
f 544 2464 2468
f 468 2384 2387
f 436 2355 2358
f 499 2419 2421
f 530 2451 2454
f 548 2470 2472
f 466 2385 2388
f 442 2362 2364
f 505 2423 2426
f 536 2446 2448
f 491 2401 2403
f 423 2339 2342
f 513 2429 2432
f 564 2474 2477
f 581 2491 2493
f 549 2459 2462
f 477 2395 2397
f 445 2365 2367
f 503 2424 2427
f 525 2443 2447
f 474 2390 2391
f 438 2354 2357
f 495 2413 2417
f 532 2450 2453
f 552 2467 2469
f 490 2408 2411
f 577 2495 2498
f 559 2479 2483
f 517 2437 2441
f 430 2350 2352
f 590 2511 2509
f 584 2505 2503
f 585 2507 2506
f 592 2513 2512
f 595 2516 2515
f 598 2519 2518
f 636 2556 2555
f 621 2540 2541
f 642 2561 2562
f 601 2521 2522
f 623 2544 2542
f 611 2529 2528
f 609 2530 2531
f 625 2546 2545
f 628 2549 2548
f 632 2553 2551
f 613 2534 2533
f 616 2536 2537
f 638 2557 2559
f 606 2525 2526
f 1607 644 647
f 1603 643 644
f 1604 645 643
f 1610 646 645
f 1613 647 646
f 1622 652 649
f 1686 670 672
f 1773 699 702
f 1761 695 696
f 1712 681 679
f 1652 659 662
f 1648 658 659
f 1649 660 658
f 1655 661 660
f 1658 662 661
f 1670 665 666
f 1637 657 654
f 1694 677 673
f 1731 686 685
f 1739 688 692
f 1768 698 701
f 1678 668 669
f 1619 648 650
f 1709 678 682
f 1754 693 697
f 1682 669 671
f 1776 701 700
f 1758 697 694
f 1716 682 680
f 1625 650 651
f 1742 689 690
f 1663 664 663
f 1634 653 655
f 1697 674 676
f 1728 684 687
f 1746 690 691
f 1664 663 667
f 1640 655 656
f 1700 676 675
f 1724 687 683
f 1679 672 668
f 1618 649 648
f 1708 679 678
f 1753 696 693
f 1769 702 698
f 1738 691 688
f 1671 667 665
f 1643 656 657
f 1701 675 677
f 1723 683 686
f 1667 666 664
f 1633 654 653
f 1693 673 674
f 1727 685 684
f 1743 692 689
f 1685 671 670
f 1772 700 699
f 1757 694 695
f 1715 680 681
f 1628 651 652
f 2187 838 837
f 1881 736 735
f 1899 741 742
f 2277 867 868
f 2313 879 880
f 2169 831 832
f 2156 828 827
f 2010 780 778
f 2208 846 844
f 1917 747 749
f 2133 820 819
f 1971 767 765
f 1989 771 773
f 2223 849 850
f 2300 875 876
f 2174 834 833
f 2151 825 826
f 2007 777 779
f 2205 843 845
f 1920 750 748
f 1855 727 729
f 1801 709 711
f 1784 703 706
f 1820 715 718
f 1838 721 724
f 1874 733 737
f 2180 835 839
f 2310 878 882
f 2274 866 870
f 1896 740 744
f 2089 805 807
f 2035 787 789
f 1950 758 762
f 2054 793 797
f 2072 799 802
f 2126 817 821
f 1964 763 766
f 1986 770 774
f 2220 848 852
f 2291 872 874
f 2183 836 838
f 1877 734 736
f 1891 739 741
f 2269 865 867
f 2305 877 879
f 2161 829 831
f 2148 824 828
f 2004 776 780
f 2202 842 846
f 1909 745 747
f 2129 818 820
f 1967 764 767
f 1981 769 771
f 2215 847 849
f 2288 871 875
f 2166 830 834
f 2143 823 825
f 1999 775 777
f 2197 841 843
f 1914 746 750
f 1806 710 714
f 1787 704 707
f 1823 716 719
f 1841 722 725
f 1860 728 732
f 1931 752 755
f 2108 811 814
f 2018 781 784
f 2234 853 857
f 2255 860 862
f 2040 788 792
f 1945 757 759
f 2057 794 796
f 2075 800 803
f 2094 806 810
f 2111 812 815
f 2021 782 785
f 2237 854 856
f 2252 859 863
f 1928 751 754
f 1812 714 712
f 1791 707 705
f 1827 719 717
f 1845 725 723
f 1866 732 730
f 1935 755 753
f 2118 814 816
f 2028 784 786
f 2246 857 858
f 2259 862 861
f 2048 792 791
f 1953 759 761
f 2061 796 795
f 2079 803 801
f 2100 810 808
f 2115 815 813
f 2025 785 783
f 2241 856 855
f 2264 863 864
f 1938 754 756
f 1802 712 709
f 1783 705 703
f 1819 717 715
f 1837 723 721
f 1856 730 727
f 1927 753 751
f 2112 816 812
f 2022 786 782
f 2238 858 854
f 2251 861 859
f 2036 791 787
f 1949 761 758
f 2053 795 793
f 2071 801 799
f 2090 808 805
f 2107 813 811
f 2017 783 781
f 2233 855 853
f 2256 864 860
f 1932 756 752
f 1859 731 728
f 1805 713 710
f 1788 708 704
f 1824 720 716
f 1842 726 722
f 1878 738 734
f 2184 840 836
f 2306 881 877
f 2270 869 865
f 1892 743 739
f 2093 809 806
f 2039 790 788
f 1946 760 757
f 2058 798 794
f 2076 804 800
f 2130 822 818
f 1968 768 764
f 1982 772 769
f 2216 851 847
f 2287 873 871
f 2179 837 835
f 1873 735 733
f 1895 742 740
f 2273 868 866
f 2309 880 878
f 2165 832 830
f 2144 827 823
f 2000 778 775
f 2198 844 841
f 1913 749 746
f 2125 819 817
f 1963 765 763
f 1985 773 770
f 2219 850 848
f 2292 876 872
f 2162 833 829
f 2147 826 824
f 2003 779 776
f 2201 845 842
f 1910 748 745
f 1863 729 731
f 1809 711 713
f 1794 706 708
f 1830 718 720
f 1848 724 726
f 1886 737 738
f 2192 839 840
f 2318 882 881
f 2282 870 869
f 1904 744 743
f 2097 807 809
f 2043 789 790
f 1956 762 760
f 2066 797 798
f 2082 802 804
f 2138 821 822
f 1974 766 768
f 1992 774 772
f 2228 852 851
f 2295 874 873
f 2331 1270 1269
f 2327 1246 1245
f 2328 1251 1252
f 2334 1287 1288
f 2337 1305 1306
f 2346 1335 1336
f 2412 1552 1551
f 2499 1474 1473
f 2487 1600 1599
f 2436 1353 1354
f 2376 1480 1479
f 2372 1402 1401
f 2373 1407 1408
f 2379 1491 1492
f 2382 1503 1504
f 2396 1534 1533
f 2361 1413 1414
f 2418 1443 1444
f 2457 1593 1594
f 2463 1384 1383
f 2492 1324 1323
f 2402 1276 1275
f 2343 1264 1263
f 2433 1300 1299
f 2478 1318 1317
f 2406 1342 1341
f 2502 1563 1564
f 2484 1461 1462
f 2442 1587 1588
f 2349 1348 1347
f 2468 1522 1521
f 2387 1419 1420
f 2358 1396 1395
f 2421 1498 1497
f 2454 1516 1515
f 2472 1558 1557
f 2388 1426 1425
f 2364 1432 1431
f 2426 1569 1570
f 2448 1371 1372
f 2403 1281 1282
f 2342 1257 1258
f 2432 1293 1294
f 2477 1311 1312
f 2493 1329 1330
f 2462 1377 1378
f 2397 1539 1540
f 2367 1450 1449
f 2427 1576 1575
f 2447 1366 1365
f 2391 1485 1486
f 2357 1389 1390
f 2417 1438 1437
f 2453 1509 1510
f 2469 1527 1528
f 2411 1545 1546
f 2498 1467 1468
f 2483 1456 1455
f 2441 1582 1581
f 2352 1360 1359
f 2509 1271 1272
f 2503 1247 1248
f 2506 1254 1253
f 2512 1290 1289
f 2515 1308 1307
f 2518 1338 1337
f 2555 1553 1554
f 2541 1475 1476
f 2562 1601 1602
f 2522 1356 1355
f 2542 1481 1482
f 2528 1403 1404
f 2531 1410 1409
f 2545 1494 1493
f 2548 1506 1505
f 2551 1535 1536
f 2533 1416 1415
f 2537 1446 1445
f 2559 1596 1595
f 2526 1385 1386
f 1616 907 909
f 1608 889 891
f 1606 883 886
f 1612 895 898
f 1615 901 904
f 1624 919 922
f 1692 1057 1060
f 1782 1237 1240
f 1765 1201 1204
f 1714 1099 1102
f 1661 997 999
f 1653 979 981
f 1651 973 976
f 1657 985 988
f 1660 991 994
f 1675 1021 1024
f 1639 949 952
f 1696 1063 1066
f 1733 1135 1138
f 1751 1177 1179
f 1779 1231 1233
f 1683 1039 1041
f 1626 925 927
f 1721 1117 1119
f 1766 1207 1209
f 1689 1051 1053
f 1778 1225 1228
f 1760 1189 1192
f 1718 1105 1108
f 1629 931 933
f 1747 1165 1167
f 1665 1003 1005
f 1641 955 957
f 1704 1081 1083
f 1737 1147 1150
f 1750 1171 1174
f 1676 1027 1029
f 1644 961 963
f 1702 1075 1077
f 1726 1123 1126
f 1681 1033 1036
f 1620 913 915
f 1710 1093 1095
f 1755 1183 1185
f 1771 1213 1216
f 1740 1153 1155
f 1673 1015 1018
f 1647 967 970
f 1707 1087 1090
f 1734 1141 1143
f 1669 1009 1012
f 1635 943 945
f 1698 1069 1071
f 1729 1129 1131
f 1745 1159 1162
f 1687 1045 1047
f 1774 1219 1221
f 1762 1195 1197
f 1720 1111 1114
f 1632 937 940
f 2189 1280 1284
f 1883 1256 1260
f 1903 1292 1296
f 2281 1310 1314
f 2317 1328 1332
f 2173 1376 1380
f 2158 1538 1542
f 2012 1447 1451
f 2210 1573 1577
f 1924 1363 1367
f 2135 1484 1488
f 1973 1388 1392
f 1996 1435 1439
f 2227 1508 1512
f 2304 1526 1530
f 2176 1544 1548
f 2155 1466 1470
f 2014 1453 1457
f 2212 1579 1583
f 1922 1357 1361
f 1864 1268 1270
f 1810 1244 1246
f 1795 1249 1251
f 1831 1285 1287
f 1849 1303 1305
f 1887 1333 1335
f 2193 1550 1552
f 2321 1472 1474
f 2285 1598 1600
f 1907 1351 1353
f 2098 1478 1480
f 2044 1400 1402
f 1961 1405 1407
f 2067 1489 1491
f 2083 1501 1503
f 2139 1532 1534
f 1975 1411 1413
f 1997 1441 1443
f 2231 1591 1593
f 2298 1382 1384
f 2190 1322 1324
f 1884 1274 1276
f 1900 1262 1264
f 2278 1298 1300
f 2314 1316 1318
f 2170 1340 1342
f 2159 1561 1563
f 2015 1459 1461
f 2213 1585 1587
f 1918 1346 1348
f 2136 1520 1522
f 1977 1417 1419
f 1990 1394 1396
f 2224 1496 1498
f 2301 1514 1516
f 2177 1556 1558
f 2152 1424 1426
f 2008 1430 1432
f 2206 1567 1569
f 1925 1369 1371
f 1817 1279 1281
f 1797 1255 1257
f 1833 1291 1293
f 1851 1309 1311
f 1871 1327 1329
f 1941 1375 1377
f 2119 1537 1539
f 2029 1448 1450
f 2247 1574 1576
f 2262 1364 1366
f 2051 1483 1485
f 1954 1387 1389
f 2064 1436 1438
f 2085 1507 1509
f 2105 1525 1527
f 2121 1543 1545
f 2031 1465 1467
f 2244 1454 1456
f 2265 1580 1582
f 1939 1358 1360
f 1814 1267 1271
f 1793 1243 1247
f 1829 1250 1254
f 1847 1286 1290
f 1868 1304 1308
f 1937 1334 1338
f 2124 1549 1553
f 2034 1471 1475
f 2250 1597 1601
f 2261 1352 1356
f 2050 1477 1481
f 1960 1399 1403
f 2063 1406 1410
f 2081 1490 1494
f 2102 1502 1506
f 2117 1531 1535
f 2027 1412 1416
f 2243 1442 1446
f 2268 1592 1596
f 1944 1381 1385
f 1804 890 894
f 1785 884 887
f 1821 896 899
f 1839 902 905
f 1858 908 912
f 1929 938 941
f 2114 1046 1050
f 2024 1220 1224
f 2240 1196 1200
f 2253 1112 1115
f 2038 980 984
f 1951 974 977
f 2055 986 989
f 2073 992 995
f 2092 998 1002
f 2109 1016 1019
f 2019 968 971
f 2235 1088 1091
f 2258 1142 1146
f 1934 1154 1158
f 1861 1214 1217
f 1807 1034 1037
f 1790 914 918
f 1826 1094 1098
f 1844 1184 1188
f 1880 1040 1044
f 2186 1232 1236
f 2308 1208 1212
f 2272 1118 1122
f 1894 926 930
f 2095 1160 1163
f 2041 1010 1013
f 1948 944 948
f 2060 1070 1074
f 2078 1130 1134
f 2132 1166 1170
f 1970 1004 1008
f 1984 956 960
f 2218 1082 1086
f 2289 1148 1151
f 2181 1058 1061
f 1875 920 923
f 1897 1100 1103
f 2275 1202 1205
f 2311 1238 1241
f 2167 1172 1175
f 2146 1028 1032
f 2002 962 966
f 2200 1076 1080
f 1915 1124 1127
f 2127 1022 1025
f 1965 950 953
f 1987 1064 1067
f 2221 1136 1139
f 2294 1178 1182
f 2164 1052 1056
f 2149 1226 1229
f 2005 1190 1193
f 2203 1106 1109
f 1912 932 936
f 1870 1321 1325
f 1816 1273 1277
f 1800 1261 1265
f 1836 1297 1301
f 1854 1315 1319
f 1890 1339 1343
f 2196 1562 1566
f 2320 1460 1464
f 2284 1586 1590
f 1906 1345 1349
f 2104 1519 1523
f 2047 1418 1422
f 1958 1393 1397
f 2070 1495 1499
f 2088 1513 1517
f 2142 1555 1559
f 1980 1423 1427
f 1994 1429 1433
f 2230 1568 1572
f 2297 1370 1374
f 2329 894 892
f 2323 887 885
f 2326 899 897
f 2333 905 903
f 2336 912 910
f 2345 941 939
f 2409 1050 1048
f 2496 1224 1222
f 2485 1200 1198
f 2435 1115 1113
f 2374 984 982
f 2368 977 975
f 2371 989 987
f 2378 995 993
f 2381 1002 1000
f 2392 1019 1017
f 2360 971 969
f 2416 1091 1089
f 2456 1146 1144
f 2460 1158 1156
f 2488 1217 1215
f 2398 1037 1035
f 2340 918 916
f 2430 1098 1096
f 2475 1188 1186
f 2404 1044 1042
f 2501 1236 1234
f 2482 1212 1210
f 2440 1122 1120
f 2347 930 928
f 2464 1163 1161
f 2384 1013 1011
f 2355 948 946
f 2419 1074 1072
f 2451 1134 1132
f 2470 1170 1168
f 2385 1008 1006
f 2362 960 958
f 2423 1086 1084
f 2446 1151 1149
f 2401 1061 1059
f 2339 923 921
f 2429 1103 1101
f 2474 1205 1203
f 2491 1241 1239
f 2459 1175 1173
f 2395 1032 1030
f 2365 966 964
f 2424 1080 1078
f 2443 1127 1125
f 2390 1025 1023
f 2354 953 951
f 2413 1067 1065
f 2450 1139 1137
f 2467 1182 1180
f 2408 1056 1054
f 2495 1229 1227
f 2479 1193 1191
f 2437 1109 1107
f 2350 936 934
f 2511 1325 1326
f 2505 1277 1278
f 2507 1265 1266
f 2513 1301 1302
f 2516 1319 1320
f 2519 1343 1344
f 2556 1566 1565
f 2540 1464 1463
f 2561 1590 1589
f 2521 1349 1350
f 2544 1523 1524
f 2529 1422 1421
f 2530 1397 1398
f 2546 1499 1500
f 2549 1517 1518
f 2553 1559 1560
f 2534 1427 1428
f 2536 1433 1434
f 2557 1572 1571
f 2525 1374 1373
f 1609 892 889
f 1605 885 883
f 1611 897 895
f 1614 903 901
f 1617 910 907
f 1631 939 937
f 1688 1048 1045
f 1775 1222 1219
f 1763 1198 1195
f 1719 1113 1111
f 1654 982 979
f 1650 975 973
f 1656 987 985
f 1659 993 991
f 1662 1000 997
f 1672 1017 1015
f 1646 969 967
f 1706 1089 1087
f 1735 1144 1141
f 1741 1156 1153
f 1770 1215 1213
f 1680 1035 1033
f 1621 916 913
f 1711 1096 1093
f 1756 1186 1183
f 1684 1042 1039
f 1780 1234 1231
f 1767 1210 1207
f 1722 1120 1117
f 1627 928 925
f 1744 1161 1159
f 1668 1011 1009
f 1636 946 943
f 1699 1072 1069
f 1730 1132 1129
f 1748 1168 1165
f 1666 1006 1003
f 1642 958 955
f 1705 1084 1081
f 1736 1149 1147
f 1691 1059 1057
f 1623 921 919
f 1713 1101 1099
f 1764 1203 1201
f 1781 1239 1237
f 1749 1173 1171
f 1677 1030 1027
f 1645 964 961
f 1703 1078 1075
f 1725 1125 1123
f 1674 1023 1021
f 1638 951 949
f 1695 1065 1063
f 1732 1137 1135
f 1752 1180 1177
f 1690 1054 1051
f 1777 1227 1225
f 1759 1191 1189
f 1717 1107 1105
f 1630 934 931
f 2191 1326 1322
f 1885 1278 1274
f 1901 1266 1262
f 2279 1302 1298
f 2315 1320 1316
f 2171 1344 1340
f 2160 1565 1561
f 2016 1463 1459
f 2214 1589 1585
f 1919 1350 1346
f 2137 1524 1520
f 1978 1421 1417
f 1991 1398 1394
f 2225 1500 1496
f 2302 1518 1514
f 2178 1560 1556
f 2153 1428 1424
f 2009 1434 1430
f 2207 1571 1567
f 1926 1373 1369
f 1857 911 908
f 1803 893 890
f 1786 888 884
f 1822 900 896
f 1840 906 902
f 1876 924 920
f 2182 1062 1058
f 2312 1242 1238
f 2276 1206 1202
f 1898 1104 1100
f 2091 1001 998
f 2037 983 980
f 1952 978 974
f 2056 990 986
f 2074 996 992
f 2128 1026 1022
f 1966 954 950
f 1988 1068 1064
f 2222 1140 1136
f 2293 1181 1178
f 2185 1235 1232
f 1879 1043 1040
f 1893 929 926
f 2271 1121 1118
f 2307 1211 1208
f 2163 1055 1052
f 2150 1230 1226
f 2006 1194 1190
f 2204 1110 1106
f 1911 935 932
f 2131 1169 1166
f 1969 1007 1004
f 1983 959 956
f 2217 1085 1082
f 2290 1152 1148
f 2168 1176 1172
f 2145 1031 1028
f 2001 965 962
f 2199 1079 1076
f 1916 1128 1124
f 1808 1038 1034
f 1789 917 914
f 1825 1097 1094
f 1843 1187 1184
f 1862 1218 1214
f 1933 1157 1154
f 2110 1020 1016
f 2020 972 968
f 2236 1092 1088
f 2257 1145 1142
f 2042 1014 1010
f 1947 947 944
f 2059 1073 1070
f 2077 1133 1130
f 2096 1164 1160
f 2113 1049 1046
f 2023 1223 1220
f 2239 1199 1196
f 2254 1116 1112
f 1930 942 938
f 1818 1283 1279
f 1798 1259 1255
f 1834 1295 1291
f 1852 1313 1309
f 1872 1331 1327
f 1942 1379 1375
f 2120 1541 1537
f 2030 1452 1448
f 2248 1578 1574
f 2263 1368 1364
f 2052 1487 1483
f 1955 1391 1387
f 2065 1440 1436
f 2086 1511 1507
f 2106 1529 1525
f 2122 1547 1543
f 2032 1469 1465
f 2245 1458 1454
f 2266 1584 1580
f 1940 1362 1358
f 1813 1269 1267
f 1792 1245 1243
f 1828 1252 1250
f 1846 1288 1286
f 1867 1306 1304
f 1936 1336 1334
f 2123 1551 1549
f 2033 1473 1471
f 2249 1599 1597
f 2260 1354 1352
f 2049 1479 1477
f 1959 1401 1399
f 2062 1408 1406
f 2080 1492 1490
f 2101 1504 1502
f 2116 1533 1531
f 2026 1414 1412
f 2242 1444 1442
f 2267 1594 1592
f 1943 1383 1381
f 1869 1323 1321
f 1815 1275 1273
f 1799 1263 1261
f 1835 1299 1297
f 1853 1317 1315
f 1889 1341 1339
f 2195 1564 1562
f 2319 1462 1460
f 2283 1588 1586
f 1905 1347 1345
f 2103 1521 1519
f 2046 1420 1418
f 1957 1395 1393
f 2069 1497 1495
f 2087 1515 1513
f 2141 1557 1555
f 1979 1425 1423
f 1993 1431 1429
f 2229 1570 1568
f 2296 1372 1370
f 2188 1282 1280
f 1882 1258 1256
f 1902 1294 1292
f 2280 1312 1310
f 2316 1330 1328
f 2172 1378 1376
f 2157 1540 1538
f 2011 1449 1447
f 2209 1575 1573
f 1923 1365 1363
f 2134 1486 1484
f 1972 1390 1388
f 1995 1437 1435
f 2226 1510 1508
f 2303 1528 1526
f 2175 1546 1544
f 2154 1468 1466
f 2013 1455 1453
f 2211 1581 1579
f 1921 1359 1357
f 1865 1272 1268
f 1811 1248 1244
f 1796 1253 1249
f 1832 1289 1285
f 1850 1307 1303
f 1888 1337 1333
f 2194 1554 1550
f 2322 1476 1472
f 2286 1602 1598
f 1908 1355 1351
f 2099 1482 1478
f 2045 1404 1400
f 1962 1409 1405
f 2068 1493 1489
f 2084 1505 1501
f 2140 1536 1532
f 1976 1415 1411
f 1998 1445 1441
f 2232 1595 1591
f 2299 1386 1382
f 2330 909 911
f 2324 891 893
f 2325 886 888
f 2332 898 900
f 2335 904 906
f 2344 922 924
f 2410 1060 1062
f 2497 1240 1242
f 2486 1204 1206
f 2434 1102 1104
f 2375 999 1001
f 2369 981 983
f 2370 976 978
f 2377 988 990
f 2380 994 996
f 2393 1024 1026
f 2359 952 954
f 2415 1066 1068
f 2455 1138 1140
f 2461 1179 1181
f 2489 1233 1235
f 2399 1041 1043
f 2341 927 929
f 2431 1119 1121
f 2476 1209 1211
f 2405 1053 1055
f 2500 1228 1230
f 2481 1192 1194
f 2439 1108 1110
f 2348 933 935
f 2465 1167 1169
f 2383 1005 1007
f 2356 957 959
f 2420 1083 1085
f 2452 1150 1152
f 2471 1174 1176
f 2386 1029 1031
f 2363 963 965
f 2422 1077 1079
f 2445 1126 1128
f 2400 1036 1038
f 2338 915 917
f 2428 1095 1097
f 2473 1185 1187
f 2490 1216 1218
f 2458 1155 1157
f 2394 1018 1020
f 2366 970 972
f 2425 1090 1092
f 2444 1143 1145
f 2389 1012 1014
f 2353 945 947
f 2414 1071 1073
f 2449 1131 1133
f 2466 1162 1164
f 2407 1047 1049
f 2494 1221 1223
f 2480 1197 1199
f 2438 1114 1116
f 2351 940 942
f 2510 1284 1283
f 2504 1260 1259
f 2508 1296 1295
f 2514 1314 1313
f 2517 1332 1331
f 2520 1380 1379
f 2554 1542 1541
f 2539 1451 1452
f 2560 1577 1578
f 2523 1367 1368
f 2543 1488 1487
f 2527 1392 1391
f 2532 1439 1440
f 2547 1512 1511
f 2550 1530 1529
f 2552 1548 1547
f 2535 1470 1469
f 2538 1457 1458
f 2558 1583 1584
f 2524 1361 1362
f 1607 1616 1609
f 1603 1608 1605
f 1604 1606 1611
f 1610 1612 1614
f 1613 1615 1617
f 1622 1624 1631
f 1686 1692 1688
f 1773 1782 1775
f 1761 1765 1763
f 1712 1714 1719
f 1652 1661 1654
f 1648 1653 1650
f 1649 1651 1656
f 1655 1657 1659
f 1658 1660 1662
f 1670 1675 1672
f 1637 1639 1646
f 1694 1696 1706
f 1731 1733 1735
f 1739 1751 1741
f 1768 1779 1770
f 1678 1683 1680
f 1619 1626 1621
f 1709 1721 1711
f 1754 1766 1756
f 1682 1689 1684
f 1776 1778 1780
f 1758 1760 1767
f 1716 1718 1722
f 1625 1629 1627
f 1742 1747 1744
f 1663 1665 1668
f 1634 1641 1636
f 1697 1704 1699
f 1728 1737 1730
f 1746 1750 1748
f 1664 1676 1666
f 1640 1644 1642
f 1700 1702 1705
f 1724 1726 1736
f 1679 1681 1691
f 1618 1620 1623
f 1708 1710 1713
f 1753 1755 1764
f 1769 1771 1781
f 1738 1740 1749
f 1671 1673 1677
f 1643 1647 1645
f 1701 1707 1703
f 1723 1734 1725
f 1667 1669 1674
f 1633 1635 1638
f 1693 1698 1695
f 1727 1729 1732
f 1743 1745 1752
f 1685 1687 1690
f 1772 1774 1777
f 1757 1762 1759
f 1715 1720 1717
f 1628 1632 1630
f 2187 2189 2191
f 1881 1883 1885
f 1899 1903 1901
f 2277 2281 2279
f 2313 2317 2315
f 2169 2173 2171
f 2156 2158 2160
f 2010 2012 2016
f 2208 2210 2214
f 1917 1924 1919
f 2133 2135 2137
f 1971 1973 1978
f 1989 1996 1991
f 2223 2227 2225
f 2300 2304 2302
f 2174 2176 2178
f 2151 2155 2153
f 2007 2014 2009
f 2205 2212 2207
f 1920 1922 1926
f 1855 1864 1857
f 1801 1810 1803
f 1784 1795 1786
f 1820 1831 1822
f 1838 1849 1840
f 1874 1887 1876
f 2180 2193 2182
f 2310 2321 2312
f 2274 2285 2276
f 1896 1907 1898
f 2089 2098 2091
f 2035 2044 2037
f 1950 1961 1952
f 2054 2067 2056
f 2072 2083 2074
f 2126 2139 2128
f 1964 1975 1966
f 1986 1997 1988
f 2220 2231 2222
f 2291 2298 2293
f 2183 2190 2185
f 1877 1884 1879
f 1891 1900 1893
f 2269 2278 2271
f 2305 2314 2307
f 2161 2170 2163
f 2148 2159 2150
f 2004 2015 2006
f 2202 2213 2204
f 1909 1918 1911
f 2129 2136 2131
f 1967 1977 1969
f 1981 1990 1983
f 2215 2224 2217
f 2288 2301 2290
f 2166 2177 2168
f 2143 2152 2145
f 1999 2008 2001
f 2197 2206 2199
f 1914 1925 1916
f 1806 1817 1808
f 1787 1797 1789
f 1823 1833 1825
f 1841 1851 1843
f 1860 1871 1862
f 1931 1941 1933
f 2108 2119 2110
f 2018 2029 2020
f 2234 2247 2236
f 2255 2262 2257
f 2040 2051 2042
f 1945 1954 1947
f 2057 2064 2059
f 2075 2085 2077
f 2094 2105 2096
f 2111 2121 2113
f 2021 2031 2023
f 2237 2244 2239
f 2252 2265 2254
f 1928 1939 1930
f 1812 1814 1818
f 1791 1793 1798
f 1827 1829 1834
f 1845 1847 1852
f 1866 1868 1872
f 1935 1937 1942
f 2118 2124 2120
f 2028 2034 2030
f 2246 2250 2248
f 2259 2261 2263
f 2048 2050 2052
f 1953 1960 1955
f 2061 2063 2065
f 2079 2081 2086
f 2100 2102 2106
f 2115 2117 2122
f 2025 2027 2032
f 2241 2243 2245
f 2264 2268 2266
f 1938 1944 1940
f 1802 1804 1813
f 1783 1785 1792
f 1819 1821 1828
f 1837 1839 1846
f 1856 1858 1867
f 1927 1929 1936
f 2112 2114 2123
f 2022 2024 2033
f 2238 2240 2249
f 2251 2253 2260
f 2036 2038 2049
f 1949 1951 1959
f 2053 2055 2062
f 2071 2073 2080
f 2090 2092 2101
f 2107 2109 2116
f 2017 2019 2026
f 2233 2235 2242
f 2256 2258 2267
f 1932 1934 1943
f 1859 1861 1869
f 1805 1807 1815
f 1788 1790 1799
f 1824 1826 1835
f 1842 1844 1853
f 1878 1880 1889
f 2184 2186 2195
f 2306 2308 2319
f 2270 2272 2283
f 1892 1894 1905
f 2093 2095 2103
f 2039 2041 2046
f 1946 1948 1957
f 2058 2060 2069
f 2076 2078 2087
f 2130 2132 2141
f 1968 1970 1979
f 1982 1984 1993
f 2216 2218 2229
f 2287 2289 2296
f 2179 2181 2188
f 1873 1875 1882
f 1895 1897 1902
f 2273 2275 2280
f 2309 2311 2316
f 2165 2167 2172
f 2144 2146 2157
f 2000 2002 2011
f 2198 2200 2209
f 1913 1915 1923
f 2125 2127 2134
f 1963 1965 1972
f 1985 1987 1995
f 2219 2221 2226
f 2292 2294 2303
f 2162 2164 2175
f 2147 2149 2154
f 2003 2005 2013
f 2201 2203 2211
f 1910 1912 1921
f 1863 1870 1865
f 1809 1816 1811
f 1794 1800 1796
f 1830 1836 1832
f 1848 1854 1850
f 1886 1890 1888
f 2192 2196 2194
f 2318 2320 2322
f 2282 2284 2286
f 1904 1906 1908
f 2097 2104 2099
f 2043 2047 2045
f 1956 1958 1962
f 2066 2070 2068
f 2082 2088 2084
f 2138 2142 2140
f 1974 1980 1976
f 1992 1994 1998
f 2228 2230 2232
f 2295 2297 2299
f 2331 2329 2330
f 2327 2323 2324
f 2328 2326 2325
f 2334 2333 2332
f 2337 2336 2335
f 2346 2345 2344
f 2412 2409 2410
f 2499 2496 2497
f 2487 2485 2486
f 2436 2435 2434
f 2376 2374 2375
f 2372 2368 2369
f 2373 2371 2370
f 2379 2378 2377
f 2382 2381 2380
f 2396 2392 2393
f 2361 2360 2359
f 2418 2416 2415
f 2457 2456 2455
f 2463 2460 2461
f 2492 2488 2489
f 2402 2398 2399
f 2343 2340 2341
f 2433 2430 2431
f 2478 2475 2476
f 2406 2404 2405
f 2502 2501 2500
f 2484 2482 2481
f 2442 2440 2439
f 2349 2347 2348
f 2468 2464 2465
f 2387 2384 2383
f 2358 2355 2356
f 2421 2419 2420
f 2454 2451 2452
f 2472 2470 2471
f 2388 2385 2386
f 2364 2362 2363
f 2426 2423 2422
f 2448 2446 2445
f 2403 2401 2400
f 2342 2339 2338
f 2432 2429 2428
f 2477 2474 2473
f 2493 2491 2490
f 2462 2459 2458
f 2397 2395 2394
f 2367 2365 2366
f 2427 2424 2425
f 2447 2443 2444
f 2391 2390 2389
f 2357 2354 2353
f 2417 2413 2414
f 2453 2450 2449
f 2469 2467 2466
f 2411 2408 2407
f 2498 2495 2494
f 2483 2479 2480
f 2441 2437 2438
f 2352 2350 2351
f 2509 2511 2510
f 2503 2505 2504
f 2506 2507 2508
f 2512 2513 2514
f 2515 2516 2517
f 2518 2519 2520
f 2555 2556 2554
f 2541 2540 2539
f 2562 2561 2560
f 2522 2521 2523
f 2542 2544 2543
f 2528 2529 2527
f 2531 2530 2532
f 2545 2546 2547
f 2548 2549 2550
f 2551 2553 2552
f 2533 2534 2535
f 2537 2536 2538
f 2559 2557 2558
f 2526 2525 2524