v -0.159720 0.349127 -0.191603
v 0.155393 0.347234 -0.191049
v -0.371805 -0.640598 0.008773
v 0.369577 -0.639764 0.010218
v 0.000533 -0.513002 0.859108
v 0.000368 0.141832 0.427643
v 0.000105 -0.185527 -0.486801
v -0.001308 0.511462 -0.859460
v 0.341020 0.070496 -0.277960
v 0.370715 -0.024947 0.285818
v -0.341745 0.072220 -0.278701
v -0.369170 -0.023671 0.283763
v -0.002040 0.574006 -0.208317
v -0.110916 0.247270 0.061735
v -0.247661 0.790433 -0.528682
v -0.287356 0.236387 -0.266905
v -0.307235 0.103299 0.093705
v 0.107523 0.246481 0.061358
v 0.247579 0.789454 -0.528025
v 0.288241 0.237996 -0.270845
v 0.303233 0.104363 0.091715
v -0.001132 -0.657177 0.017386
v -0.304125 -0.852116 0.552327
v -0.244440 -0.584753 -0.364491
v -0.422205 -0.203985 -0.151769
v -0.411547 -0.275098 0.229072
v 0.304158 -0.851258 0.551077
v 0.245370 -0.584721 -0.365376
v 0.417545 -0.207804 -0.150854
v 0.412789 -0.275020 0.229827
v 0.000318 0.009267 0.833504
v 0.382087 -0.259044 0.665099
v -0.382892 -0.258103 0.666457
v 0.259876 0.068272 0.447813
v -0.259427 0.067793 0.448572
v -0.001333 0.041696 -0.770311
v 0.218324 -0.031553 -0.396559
v -0.218394 -0.030498 -0.399817
v 0.372572 0.249388 -0.724988
v -0.375457 0.249739 -0.726323
v 0.360873 0.014493 0.011114
v -0.363510 0.015450 0.010263
v -0.101687 0.494156 -0.184816
v -0.123182 0.268776 -0.119954
v -0.215282 0.566192 -0.308942
v -0.224432 0.314363 -0.225251
v -0.219468 0.203569 -0.072435
v 0.095197 0.489169 -0.192661
v 0.119853 0.269274 -0.117834
v 0.211237 0.564698 -0.301890
v 0.224121 0.311986 -0.222971
v 0.217453 0.204751 -0.074298
v -0.206724 -0.729560 0.012748
v -0.287778 -0.635924 0.246139
v -0.423992 -0.852233 -0.220662
v -0.442301 -0.470540 -0.090772
v -0.400715 -0.462253 0.128277
v 0.204169 -0.732381 0.011578
v 0.287939 -0.636763 0.247829
v 0.425931 -0.848108 -0.218132
v 0.441161 -0.471476 -0.088791
v 0.399392 -0.461254 0.130273
v -0.182229 -0.745631 0.839115
v 0.181269 -0.755341 0.835069
v 0.000348 -0.271655 0.932421
v 0.245412 -0.431372 0.844836
v -0.243408 -0.430296 0.844609
v -0.061735 0.173494 0.262879
v 0.060182 0.175835 0.263196
v 0.000110 0.133475 0.616764
v 0.124340 0.125990 0.463528
v -0.123863 0.126892 0.464244
v -0.094335 -0.347898 -0.435558
v 0.092955 -0.348140 -0.438038
v 0.000227 -0.001629 -0.531826
v 0.109511 -0.115484 -0.459748
v -0.110592 -0.114043 -0.460191
v -0.158769 0.704808 -0.767224
v 0.158125 0.706481 -0.764301
v -0.002036 0.253224 -0.938326
v 0.235590 0.411772 -0.886758
v -0.236711 0.410471 -0.887915
v 0.339413 0.139127 -0.285515
v 0.348417 -0.026693 -0.198907
v 0.308005 0.025530 -0.350320
v 0.343111 0.138161 -0.450120
v 0.353706 0.046188 -0.142656
v 0.343960 0.036140 0.208548
v 0.398847 -0.114515 0.274670
v 0.385963 -0.110498 0.436284
v 0.341826 0.005002 0.373928
v 0.368200 -0.007573 0.157146
v -0.340182 0.137569 -0.289083
v -0.346434 -0.024061 -0.199866
v -0.308993 0.025384 -0.352866
v -0.344514 0.136090 -0.454091
v -0.351611 0.046441 -0.145107
v -0.342902 0.037164 0.208394
v -0.395728 -0.115047 0.270262
v -0.386004 -0.110083 0.436634
v -0.341549 0.007844 0.374325
v -0.366349 -0.004703 0.156002
v -0.035301 0.328888 -0.153066
v -0.100356 0.737098 -0.350923
v 0.032397 0.329145 -0.150829
v 0.097828 0.736254 -0.350090
v -0.226183 0.176338 0.092830
v -0.000167 0.240872 0.037522
v -0.194215 0.141046 0.275005
v -0.394409 0.575293 -0.403998
v 0.000945 0.853942 -0.570567
v -0.335166 0.548205 -0.661689
v -0.293603 0.144292 -0.078866
v -0.335278 0.313870 -0.476000
v -0.340021 0.095317 -0.112556
v -0.295780 0.084127 0.261481
v -0.341705 0.057317 0.054132
v 0.220686 0.175902 0.092846
v 0.191042 0.145325 0.273336
v 0.393658 0.570204 -0.404580
v 0.336322 0.549726 -0.661586
v 0.292484 0.143451 -0.079713
v 0.334047 0.315023 -0.476788
v 0.339903 0.097453 -0.111535
v 0.292278 0.084597 0.260892
v 0.341596 0.058566 0.055183
v -0.105503 -0.686217 0.305053
v -0.111908 -0.731025 -0.229353
v 0.106305 -0.685407 0.304634
v 0.112401 -0.738132 -0.228602
v -0.372081 -0.509808 0.400482
v 0.000585 -0.701152 0.596058
v -0.394233 -0.581127 0.689142
v -0.410008 -0.425161 -0.292718
v -0.001263 -0.543099 -0.344311
v -0.252727 -0.269120 -0.385396
v -0.436912 -0.243396 0.025573
v -0.333722 -0.136715 -0.293705
v -0.387847 -0.063083 -0.051090
v -0.404654 -0.300295 0.450169
v -0.398770 -0.087954 0.105597
v 0.370860 -0.508272 0.400385
v 0.394991 -0.579528 0.685272
v 0.411746 -0.427798 -0.292479
v 0.254013 -0.270148 -0.388538
v 0.436364 -0.242113 0.028293
v 0.332860 -0.135889 -0.290819
v 0.389667 -0.064602 -0.050124
v 0.405702 -0.303285 0.449420
v 0.401490 -0.089850 0.108607
v 0.245116 -0.125662 0.829070
v -0.244975 -0.124997 0.828615
v 0.185442 0.067027 0.664958
v -0.185158 0.067143 0.663981
v 0.328815 -0.042470 0.582807
v -0.329450 -0.044216 0.584278
v 0.140315 0.008101 -0.594672
v -0.142857 0.009484 -0.596400
v 0.249148 0.082846 -0.900557
v -0.252163 0.084504 -0.902083
v 0.294868 0.065108 -0.580820
v -0.296137 0.064693 -0.584103
v -0.140510 0.415193 -0.189879
v -0.140338 0.307181 -0.161637
v -0.175981 0.439432 -0.234052
v -0.189297 0.336567 -0.207107
v -0.178348 0.269878 -0.151648
v 0.130444 0.409961 -0.199818
v 0.134879 0.307426 -0.162641
v 0.175038 0.438900 -0.230136
v 0.188604 0.335686 -0.201512
v 0.174726 0.270205 -0.148579
v -0.309504 -0.707765 0.013602
v -0.327937 -0.619966 0.100956
v -0.404286 -0.742164 -0.065576
v -0.416646 -0.583375 -0.040372
v -0.385427 -0.554899 0.061584
v 0.308305 -0.708281 0.013939
v 0.325675 -0.621054 0.100009
v 0.403959 -0.740505 -0.063286
v 0.419212 -0.584248 -0.040790
v 0.383016 -0.553261 0.064127
v -0.075804 -0.595163 0.840347
v 0.078595 -0.598672 0.841944
v 0.000611 -0.408306 0.882757
v 0.115464 -0.484192 0.862198
v -0.115229 -0.483271 0.861354
v -0.028909 0.150033 0.355341
v 0.029794 0.148568 0.356765
v 0.000101 0.141718 0.512176
v 0.052974 0.137859 0.449805
v -0.052785 0.139388 0.447258
v -0.038577 -0.258610 -0.473323
v 0.036993 -0.258852 -0.474418
v -0.002242 -0.097347 -0.494556
v 0.050476 -0.155715 -0.481774
v -0.053405 -0.154195 -0.480564
v -0.067500 0.599408 -0.821131
v 0.066954 0.599894 -0.821755
v 0.000908 0.400809 -0.907714
v 0.105710 0.473038 -0.873360
v -0.108724 0.471880 -0.874044
v 0.346940 0.100557 -0.283218
v 0.337368 0.031020 -0.236499
v 0.330033 0.051845 -0.313361
v 0.341178 0.097665 -0.348280
v 0.346090 0.060633 -0.213913
v 0.358889 0.005612 0.252774
v 0.385405 -0.060340 0.281512
v 0.378695 -0.058686 0.349507
v 0.362175 -0.013506 0.323909
v 0.371950 -0.016065 0.227469
v -0.348136 0.099964 -0.285653
v -0.338940 0.032360 -0.239661
v -0.329837 0.052793 -0.315513
v -0.342493 0.097149 -0.351113
v -0.345641 0.058416 -0.217873
v -0.356191 0.007251 0.249148
v -0.382639 -0.057555 0.281064
v -0.376809 -0.055561 0.346849
v -0.358768 -0.011292 0.323900
v -0.368869 -0.013094 0.223493
v -0.053682 0.541002 -0.207838
v 0.047891 0.544354 -0.198150
v -0.022660 0.441734 -0.181123
v -0.036561 0.660759 -0.264481
v 0.016967 0.445633 -0.176359
v 0.033582 0.660958 -0.262833
v -0.117617 0.249475 -0.039812
v -0.088268 0.214565 0.163749
v -0.060992 0.263612 -0.066668
v -0.173191 0.219973 0.079580
v -0.051190 0.241038 0.041803
v -0.156365 0.201974 0.175375
v -0.267812 0.700438 -0.410339
v -0.224463 0.772861 -0.656389
v -0.201881 0.826647 -0.449875
v -0.501304 0.765428 -0.485544
v -0.227811 0.971455 -0.587743
v -0.335751 0.699193 -0.605870
v -0.255465 0.280786 -0.248173
v -0.317621 0.182674 -0.283020
v -0.291709 0.383299 -0.344830
v -0.285030 0.182033 -0.168903
v -0.310165 0.291161 -0.367334
v -0.315503 0.149855 -0.187176
v -0.270907 0.147739 0.014480
v -0.330180 0.066719 0.155471
v -0.270832 0.134827 0.098770
v -0.304419 0.118834 0.008728
v -0.305630 0.091286 0.176079
v -0.327258 0.079206 0.075381
v 0.114099 0.248989 -0.042841
v 0.087354 0.214649 0.164388
v 0.060044 0.262665 -0.067861
v 0.049539 0.242627 0.044859
v 0.170984 0.220046 0.080210
v 0.154220 0.200581 0.178107
v 0.261988 0.701130 -0.408384
v 0.224611 0.773099 -0.655905
v 0.201084 0.825958 -0.449731
v 0.226883 0.970597 -0.587917
v 0.501975 0.766603 -0.484190
v 0.337522 0.699730 -0.606852
v 0.253534 0.281777 -0.252014
v 0.315968 0.184932 -0.282206
v 0.290009 0.384847 -0.348780
v 0.285697 0.184075 -0.173863
v 0.311239 0.292455 -0.371311
v 0.314690 0.151008 -0.186867
v 0.264064 0.149472 0.011519
v 0.329934 0.066789 0.154819
v 0.268686 0.136535 0.097657
v 0.300468 0.118774 0.007428
v 0.301102 0.095347 0.174031
v 0.326256 0.078657 0.074325
v -0.108613 -0.685979 0.013723
v 0.108002 -0.689172 0.012424
v -0.052800 -0.672524 0.154042
v -0.062856 -0.655596 -0.106043
v 0.053389 -0.670884 0.156604
v 0.061911 -0.658959 -0.106240
v -0.259921 -0.662564 0.439987
v -0.283228 -0.951714 0.761232
v -0.165059 -0.708664 0.468547
v -0.337624 -0.647873 0.502807
v -0.146252 -0.856401 0.597086
v -0.388759 -0.763354 0.659057
v -0.355003 -0.772549 -0.356330
v -0.160824 -0.448500 -0.390268
v -0.196054 -0.731511 -0.334320
v -0.354811 -0.534917 -0.347986
v -0.123799 -0.564054 -0.354454
v -0.260769 -0.418382 -0.376691
v -0.440145 -0.336115 -0.127864
v -0.380662 -0.102167 -0.173544
v -0.419812 -0.310290 -0.219786
v -0.437239 -0.227537 -0.065837
v -0.383896 -0.176579 -0.228869
v -0.408183 -0.122453 -0.097180
v -0.410068 -0.367890 0.186148
v -0.405882 -0.188119 0.255851
v -0.399185 -0.386334 0.308832
v -0.423266 -0.260017 0.123771
v -0.404990 -0.291660 0.338276
v -0.411979 -0.168485 0.160852
v 0.258245 -0.665051 0.441876
v 0.281891 -0.953997 0.753676
v 0.166854 -0.708604 0.470836
v 0.146768 -0.856703 0.597923
v 0.336295 -0.646463 0.501936
v 0.388954 -0.760887 0.651222
v 0.356438 -0.772443 -0.355908
v 0.159751 -0.448765 -0.391518
v 0.194159 -0.736224 -0.335231
v 0.123375 -0.563276 -0.353214
v 0.354056 -0.537021 -0.347691
v 0.258263 -0.419572 -0.375401
v 0.440099 -0.335846 -0.126127
v 0.382063 -0.104625 -0.171200
v 0.417587 -0.310681 -0.217906
v 0.439218 -0.226881 -0.064252
v 0.386738 -0.177049 -0.228656
v 0.408265 -0.127521 -0.095091
v 0.408696 -0.367588 0.187408
v 0.406836 -0.189884 0.257088
v 0.397101 -0.386181 0.306284
v 0.423777 -0.258707 0.125687
v 0.405629 -0.293072 0.337161
v 0.412756 -0.174492 0.163166
v 0.000029 -0.125127 0.933008
v 0.000069 0.092647 0.726095
v 0.125337 -0.055157 0.855321
v -0.124061 -0.056693 0.855723
v 0.108942 0.051805 0.763021
v -0.108822 0.050699 0.764488
v 0.335898 -0.349987 0.774802
v 0.393332 -0.178863 0.545623
v 0.383509 -0.406486 0.678978
v 0.403133 -0.292681 0.561066
v 0.337198 -0.197952 0.761263
v 0.366034 -0.134216 0.635357
v -0.335133 -0.350599 0.775317
v -0.393659 -0.177899 0.546316
v -0.383611 -0.408832 0.680181
v -0.402939 -0.293301 0.561458
v -0.336926 -0.195319 0.762522
v -0.364321 -0.136329 0.635750
v 0.195293 0.100589 0.462887
v 0.311462 0.034015 0.417013
v 0.227023 0.105131 0.366456
v 0.279954 0.073880 0.350299
v 0.229505 0.065116 0.553109
v 0.294411 0.021318 0.521047
v -0.196809 0.101137 0.464958
v -0.310508 0.035054 0.417693
v -0.227300 0.104675 0.366976
v -0.281642 0.074282 0.350437
v -0.228466 0.066658 0.554090
v -0.292827 0.022424 0.520748
v -0.001156 0.018256 -0.634755
v -0.001101 0.119650 -0.892445
v 0.081619 0.007509 -0.695537
v -0.082861 0.013120 -0.697017
v 0.110757 0.053685 -0.843533
v -0.112610 0.053956 -0.843868
v 0.165233 -0.071232 -0.428949
v 0.271286 -0.003319 -0.376002
v 0.231514 -0.138241 -0.383332
v 0.271736 -0.084708 -0.341242
v 0.180418 -0.000278 -0.487879
v 0.248473 0.018671 -0.480516
v -0.164597 -0.068191 -0.429643
v -0.269876 -0.005698 -0.379995
v -0.233791 -0.137856 -0.385784
v -0.273075 -0.084707 -0.342973
v -0.180900 0.002482 -0.488875
v -0.248298 0.020089 -0.481239
v 0.345048 0.331409 -0.851485
v 0.354016 0.186903 -0.576672
v 0.347518 0.394004 -0.703923
v 0.352084 0.299947 -0.590588
v 0.367596 0.161194 -0.865975
v 0.349570 0.132920 -0.677415
v -0.345929 0.331014 -0.852846
v -0.354745 0.186385 -0.581496
v -0.349512 0.394995 -0.704571
v -0.353466 0.298228 -0.594230
v -0.367018 0.162016 -0.866825
v -0.351371 0.131769 -0.679922
v 0.358417 0.027569 -0.063272
v 0.364040 0.001617 0.084604
v 0.351507 0.053356 -0.045699
v 0.352167 0.036880 0.032992
v 0.372531 -0.017007 -0.013227
v 0.378762 -0.030941 0.059581
v -0.357281 0.028083 -0.065941
v -0.363128 0.006068 0.083393
v -0.350459 0.055822 -0.045347
v -0.351212 0.037939 0.033068
v -0.373879 -0.016283 -0.015495
v -0.378327 -0.026803 0.058325
v -0.102468 0.364563 -0.166969
v -0.149857 0.536240 -0.244036
v -0.062627 0.412176 -0.174456
v -0.101342 0.613787 -0.257466
v -0.175190 0.236980 -0.089192
v -0.074000 0.303293 -0.143733
v -0.174039 0.221250 -0.013497
v -0.225746 0.447229 -0.273992
v -0.168367 0.664276 -0.336140
v -0.312743 0.590126 -0.361601
v -0.215796 0.240493 -0.151069
v -0.271217 0.439332 -0.309457
v -0.252081 0.213462 -0.157181
v -0.224688 0.184844 0.005931
v -0.260789 0.171454 -0.069397
v 0.097526 0.362774 -0.167025
v 0.140339 0.531259 -0.249445
v 0.059632 0.415519 -0.164498
v 0.092966 0.613535 -0.257764
v 0.171752 0.239019 -0.088032
v 0.069991 0.303969 -0.142615
v 0.171519 0.222849 -0.013432
v 0.231203 0.448306 -0.248001
v 0.166898 0.662118 -0.335784
v 0.310197 0.588535 -0.357160
v 0.213132 0.240786 -0.148242
v 0.266246 0.437049 -0.309973
v 0.250306 0.214523 -0.157824
v 0.222950 0.184235 0.006564
v 0.257406 0.171948 -0.071714
v -0.248160 -0.663621 0.118252
v -0.284645 -0.921527 -0.049286
v -0.155455 -0.677367 0.142248
v -0.143675 -0.806977 -0.105344
v -0.354170 -0.554639 0.187968
v -0.205540 -0.688020 0.288465
v -0.334127 -0.581916 0.342371
v -0.447858 -0.632663 -0.157448
v -0.249433 -0.953542 -0.275330
v -0.435161 -0.626886 -0.282792
v -0.425313 -0.463191 0.014480
v -0.439375 -0.468601 -0.198340
v -0.442872 -0.347156 -0.030248
v -0.380319 -0.477814 0.259289
v -0.428666 -0.354366 0.073529
v 0.246981 -0.664901 0.121405
v 0.278903 -0.922833 -0.049172
v 0.152972 -0.678531 0.142031
v 0.148124 -0.816352 -0.106547
v 0.353315 -0.554674 0.189131
v 0.202880 -0.684092 0.288260
v 0.330588 -0.581768 0.341904
v 0.443118 -0.630431 -0.153415
v 0.258583 -0.955538 -0.271543
v 0.437422 -0.626919 -0.280925
v 0.422218 -0.461037 0.015779
v 0.440174 -0.467236 -0.197572
v 0.442205 -0.346925 -0.029227
v 0.379498 -0.477293 0.258292
v 0.426978 -0.354305 0.075458
v -0.000693 -0.639423 0.800715
v -0.231459 -0.595759 0.846444
v -0.085700 -0.772176 0.741063
v -0.353761 -0.749906 0.816724
v 0.233529 -0.598487 0.847197
v 0.084935 -0.771399 0.739265
v 0.357056 -0.755622 0.812588
v 0.128727 -0.345777 0.887520
v -0.125175 -0.343965 0.885114
v 0.131087 -0.196230 0.906347
v -0.129990 -0.196368 0.905513
v 0.355956 -0.529273 0.798656
v 0.249980 -0.271853 0.847202
v -0.352755 -0.527242 0.800088
v -0.247291 -0.272786 0.847943
v -0.000243 0.176892 0.261751
v -0.092238 0.142861 0.363926
v -0.028689 0.211932 0.154735
v -0.126504 0.165169 0.269673
v 0.093247 0.144152 0.365541
v 0.028223 0.211819 0.154469
v 0.125780 0.165343 0.270060
v 0.071433 0.132541 0.549506
v -0.073026 0.136201 0.552486
v 0.091145 0.111256 0.657540
v -0.089574 0.111013 0.658662
v 0.161863 0.130478 0.369184
v 0.154513 0.107233 0.564392
v -0.162195 0.129832 0.370245
v -0.151297 0.107237 0.563708
v -0.000305 -0.357098 -0.444703
v -0.111146 -0.233159 -0.456096
v -0.054790 -0.453663 -0.393878
v -0.180329 -0.318989 -0.418168
v 0.110810 -0.233104 -0.457464
v 0.054995 -0.453155 -0.392749
v 0.179797 -0.319904 -0.416862
v 0.053482 -0.050965 -0.498041
v -0.053816 -0.050629 -0.497764
v 0.060671 0.011634 -0.562453
v -0.062535 0.013932 -0.567022
v 0.175160 -0.189018 -0.423829
v 0.111281 -0.012877 -0.488708
v -0.176105 -0.189240 -0.423317
v -0.111259 -0.011914 -0.488270
v 0.002323 0.719171 -0.768771
v -0.200392 0.562146 -0.819694
v -0.089384 0.809200 -0.679485
v -0.277915 0.648211 -0.738248
v 0.199994 0.563123 -0.818844
v 0.089259 0.808983 -0.680560
v 0.274302 0.646395 -0.732019
v 0.134395 0.329622 -0.947153
v -0.134657 0.328331 -0.942659
v 0.135767 0.169812 -0.950381
v -0.138470 0.169925 -0.954316
v 0.301020 0.490372 -0.787845
v 0.278914 0.244767 -0.976676
v -0.301093 0.489530 -0.786284
v -0.279105 0.246581 -0.976338
v 0.343819 0.147264 -0.370958
v 0.350309 0.089612 -0.204832
v 0.327033 0.209193 -0.378351
v 0.340161 0.117955 -0.196575
v 0.324060 0.002263 -0.266743
v 0.349173 0.015157 -0.162288
v 0.344782 -0.074824 -0.240022
v 0.370094 -0.048804 -0.125095
v 0.328013 0.077890 -0.407543
v 0.304660 -0.040830 -0.301942
v 0.300499 0.049706 -0.451259
v 0.343121 0.213992 -0.476799
v 0.332024 0.108207 -0.524593
v 0.350779 0.071497 -0.123523
v 0.362001 -0.004148 -0.092730
v 0.342058 0.023017 0.286882
v 0.356681 0.014466 0.181972
v 0.324350 0.055536 0.236024
v 0.342787 0.044007 0.134901
v 0.394195 -0.119041 0.355641
v 0.385422 -0.049903 0.208726
v 0.405071 -0.200498 0.352671
v 0.400694 -0.100361 0.189381
v 0.365203 -0.044458 0.411548
v 0.400802 -0.200696 0.450340
v 0.366794 -0.087621 0.515896
v 0.319919 0.046948 0.322562
v 0.338940 -0.017754 0.471506
v 0.354512 0.025952 0.109183
v 0.383253 -0.036954 0.134811
v -0.344902 0.144281 -0.371769
v -0.348762 0.090026 -0.207919
v -0.328024 0.208773 -0.378933
v -0.336512 0.119188 -0.199734
v -0.324756 0.001438 -0.273197
v -0.348543 0.016177 -0.165979
v -0.342650 -0.075124 -0.242117
v -0.368292 -0.041256 -0.123532
v -0.328036 0.078581 -0.409171
v -0.303327 -0.039281 -0.305838
v -0.298913 0.048380 -0.454146
v -0.342861 0.212216 -0.477629
v -0.331928 0.106032 -0.528555
v -0.351203 0.070810 -0.127131
v -0.361937 -0.001580 -0.091000
v -0.342252 0.026175 0.286329
v -0.354458 0.019235 0.182315
v -0.327506 0.058194 0.239567
v -0.342420 0.047230 0.130464
v -0.393314 -0.116644 0.354222
v -0.383813 -0.048090 0.206352
v -0.404938 -0.198735 0.351714
v -0.397537 -0.100948 0.187714
v -0.364308 -0.043273 0.410825
v -0.402135 -0.197717 0.449970
v -0.367073 -0.085746 0.515254
v -0.320845 0.046057 0.323163
v -0.338829 -0.015458 0.469836
v -0.352250 0.027727 0.108828
v -0.381636 -0.036529 0.132760
v -0.000738 0.337232 -0.156189
v -0.018094 0.267000 -0.082833
v -0.001135 0.767175 -0.346443
v -0.095784 0.848075 -0.466730
v 0.015676 0.265569 -0.079637
v 0.095045 0.848413 -0.467630
v -0.220719 0.163809 0.186849
v -0.264735 0.126227 0.184259
v -0.252416 0.113778 0.274185
v -0.422114 0.601065 -0.542495
v -0.329444 0.447555 -0.457605
v -0.345747 0.439170 -0.575283
v -0.321858 0.117048 -0.092289
v -0.326166 0.095948 -0.008522
v -0.342073 0.074002 -0.023901
v 0.214385 0.166366 0.183370
v 0.261719 0.128759 0.184153
v 0.249596 0.115479 0.272681
v 0.421410 0.601739 -0.540564
v 0.330335 0.447483 -0.458405
v 0.346010 0.437542 -0.575890
v 0.322287 0.117572 -0.092057
v 0.327159 0.092789 -0.006247
v 0.341526 0.074791 -0.025627
v 0.000845 -0.685971 0.306672
v -0.060314 -0.716752 0.459689
v -0.000030 -0.610723 -0.206122
v -0.067107 -0.616266 -0.290922
v 0.061590 -0.717302 0.459582
v 0.065036 -0.619081 -0.289347
v -0.382618 -0.555489 0.542875
v -0.394904 -0.411125 0.434266
v -0.399755 -0.424103 0.561028
v -0.338847 -0.350876 -0.347431
v -0.374395 -0.263885 -0.293304
v -0.306878 -0.203980 -0.346044
v -0.422020 -0.139923 -0.014454
v -0.419455 -0.155047 0.071129
v -0.399345 -0.072271 0.027577
v 0.384014 -0.555256 0.540511
v 0.395310 -0.409530 0.434559
v 0.398743 -0.425772 0.560117
v 0.338703 -0.351478 -0.347370
v 0.376672 -0.263192 -0.292046
v 0.310169 -0.203383 -0.346640
v 0.422896 -0.141088 -0.012999
v 0.422544 -0.156820 0.073511
v 0.400338 -0.078826 0.028256
v 0.218540 -0.007318 0.759284
v 0.306071 -0.075665 0.710359
v -0.218467 -0.008977 0.758387
v -0.306954 -0.077784 0.709855
v 0.266086 0.009669 0.637766
v -0.269231 0.011455 0.638561
v 0.188694 0.011519 -0.743288
v 0.225740 0.025727 -0.605128
v -0.191698 0.010107 -0.749998
v -0.227268 0.026774 -0.607383
v 0.297218 0.057514 -0.744864
v -0.298658 0.057901 -0.745949
v -0.151894 0.377324 -0.193472
v -0.149700 0.328972 -0.178258
v -0.166820 0.388170 -0.206467
v -0.173912 0.343700 -0.197903
v -0.164667 0.309428 -0.178445
v 0.142596 0.376867 -0.195416
v 0.144057 0.328971 -0.178091
v 0.162755 0.387756 -0.206930
v 0.170156 0.343389 -0.195387
v 0.159901 0.308407 -0.176379
v -0.346946 -0.673594 0.011718
v -0.350012 -0.629612 0.046426
v -0.381361 -0.678999 -0.023390
v -0.394433 -0.621404 -0.012653
v -0.378729 -0.598518 0.031497
v 0.346354 -0.673777 0.010668
v 0.349301 -0.627748 0.043690
v 0.381067 -0.678681 -0.022509
v 0.394230 -0.620157 -0.012249
v 0.377218 -0.600126 0.033312
v -0.032909 -0.548854 0.850786
v 0.031970 -0.549828 0.850310
v -0.000904 -0.467420 0.867720
v 0.052275 -0.501042 0.860844
v -0.051041 -0.499437 0.860308
v -0.014047 0.144791 0.395844
v 0.013192 0.143393 0.396858
v -0.000781 0.140239 0.464565
v 0.022747 0.140129 0.435883
v -0.021304 0.140986 0.437861
v -0.015313 -0.217684 -0.482159
v 0.014343 -0.218342 -0.481032
v 0.000091 -0.145335 -0.489299
v 0.022254 -0.171990 -0.484281
v -0.024784 -0.172155 -0.485601
v -0.030358 0.550557 -0.842953
v 0.029555 0.550898 -0.843135
v 0.000439 0.461297 -0.882262
v 0.048555 0.494853 -0.865414
v -0.048225 0.498613 -0.866058
v 0.344440 0.085224 -0.279452
v 0.339649 0.054907 -0.260358
v 0.337352 0.064420 -0.291142
v 0.341266 0.083089 -0.307894
v 0.342197 0.065105 -0.250268
v 0.363972 -0.010284 0.270976
v 0.376788 -0.039016 0.283650
v 0.374999 -0.038458 0.311208
v 0.366336 -0.019342 0.303786
v 0.370948 -0.020316 0.257154
v -0.345157 0.082950 -0.283157
v -0.340253 0.052447 -0.262423
v -0.337003 0.062105 -0.295779
v -0.342086 0.081518 -0.311153
v -0.343786 0.063935 -0.253242
v -0.362287 -0.006237 0.269026
v -0.374736 -0.036591 0.281401
v -0.371754 -0.034722 0.313476
v -0.365280 -0.015766 0.300718
v -0.369025 -0.017778 0.258921
v -0.027351 0.561140 -0.209944
v 0.023175 0.560083 -0.205528
v -0.013681 0.505997 -0.192163
v -0.016487 0.620391 -0.233492
v 0.009356 0.506977 -0.190591
v 0.012922 0.618109 -0.231564
v -0.114224 0.246070 0.008094
v -0.100566 0.231448 0.113123
v -0.085861 0.253420 -0.001347
v -0.141797 0.240234 0.072166
v -0.079783 0.243324 0.050435
v -0.134639 0.234466 0.121893
v -0.275240 0.762234 -0.468117
v -0.239553 0.793623 -0.593284
v -0.240116 0.837352 -0.497088
v -0.341300 0.771727 -0.498999
v -0.264293 0.912724 -0.576992
v -0.297299 0.750253 -0.565032
v -0.271191 0.260335 -0.259874
v -0.303326 0.209765 -0.276342
v -0.286357 0.301793 -0.308985
v -0.282952 0.208982 -0.218316
v -0.296593 0.266786 -0.319246
v -0.299169 0.187994 -0.227974
v -0.289497 0.125054 0.054704
v -0.318726 0.085168 0.123990
v -0.289179 0.118790 0.096232
v -0.304844 0.110016 0.050032
v -0.305141 0.097845 0.133292
v -0.319478 0.091832 0.084811
v 0.111782 0.248909 0.008191
v 0.100085 0.234702 0.114385
v 0.083038 0.252447 -0.002411
v 0.076314 0.245587 0.052129
v 0.140702 0.239411 0.071408
v 0.135704 0.232971 0.122020
v 0.274716 0.763863 -0.466375
v 0.241323 0.795624 -0.592444
v 0.241165 0.837654 -0.497172
v 0.264112 0.912809 -0.576071
v 0.341796 0.771097 -0.498065
v 0.300188 0.751693 -0.565520
v 0.269455 0.262306 -0.262185
v 0.301110 0.210266 -0.279186
v 0.282386 0.302201 -0.310606
v 0.284480 0.210502 -0.220707
v 0.297575 0.267432 -0.317975
v 0.300254 0.187247 -0.230175
v 0.286541 0.126322 0.054051
v 0.315715 0.085391 0.123885
v 0.289227 0.117901 0.098326
v 0.304031 0.111021 0.049348
v 0.304841 0.098556 0.134049
v 0.315985 0.090671 0.082547
v -0.055793 -0.666586 0.016614
v 0.054695 -0.669726 0.017086
v -0.027565 -0.666357 0.085283
v -0.031465 -0.656762 -0.045446
v 0.025399 -0.663325 0.084278
v 0.028223 -0.650986 -0.046787
v -0.269818 -0.727405 0.508795
v -0.311585 -0.947231 0.640579
v -0.224168 -0.782708 0.514933
v -0.322081 -0.736874 0.538372
v -0.224764 -0.932176 0.564637
v -0.361398 -0.834293 0.611820
v -0.295656 -0.672479 -0.360686
v -0.199555 -0.509180 -0.374110
v -0.225536 -0.665942 -0.354818
v -0.302661 -0.570391 -0.360204
v -0.183772 -0.578555 -0.360078
v -0.253973 -0.498943 -0.368842
v -0.430993 -0.269586 -0.140675
v -0.402974 -0.150570 -0.163368
v -0.418829 -0.256965 -0.184282
v -0.432322 -0.216564 -0.110246
v -0.404310 -0.192636 -0.190696
v -0.416044 -0.162749 -0.123397
v -0.414377 -0.320633 0.209894
v -0.410466 -0.231233 0.242992
v -0.405858 -0.330411 0.266938
v -0.419819 -0.267300 0.174503
v -0.409005 -0.285569 0.282382
v -0.414575 -0.222462 0.193061
v 0.268071 -0.729244 0.506834
v 0.311873 -0.945420 0.638282
v 0.223444 -0.783427 0.514751
v 0.225747 -0.932834 0.563601
v 0.322340 -0.737075 0.539183
v 0.359639 -0.830262 0.607707
v 0.296471 -0.673028 -0.362199
v 0.200222 -0.511153 -0.372520
v 0.226859 -0.668719 -0.353989
v 0.183846 -0.579649 -0.360399
v 0.305184 -0.569853 -0.359013
v 0.254640 -0.499651 -0.371600
v 0.429320 -0.270975 -0.137888
v 0.401003 -0.153031 -0.161939
v 0.418701 -0.255558 -0.182683
v 0.430275 -0.220027 -0.108138
v 0.406215 -0.193307 -0.192383
v 0.414883 -0.164895 -0.120729
v 0.412775 -0.321401 0.210063
v 0.409786 -0.231907 0.244846
v 0.404987 -0.329290 0.267697
v 0.415975 -0.267324 0.176594
v 0.409478 -0.282987 0.281953
v 0.413721 -0.223826 0.194487
v -0.000114 -0.053330 0.881271
v 0.000695 0.057418 0.781888
v 0.061992 -0.020995 0.852478
v -0.062019 -0.021816 0.852971
v 0.058121 0.034743 0.803259
v -0.058180 0.033890 0.804485
v 0.363192 -0.302590 0.722383
v 0.391853 -0.215912 0.605781
v 0.381499 -0.330614 0.671433
v 0.393147 -0.278054 0.613292
v 0.365445 -0.229842 0.715614
v 0.380115 -0.191841 0.654478
v -0.363048 -0.303383 0.724056
v -0.393194 -0.216117 0.606736
v -0.382092 -0.331440 0.672886
v -0.394472 -0.279489 0.613960
v -0.363782 -0.229720 0.716018
v -0.380501 -0.193705 0.655724
v 0.228233 0.085078 0.457248
v 0.287322 0.051473 0.434274
v 0.243108 0.085965 0.407014
v 0.268711 0.071370 0.397783
v 0.246285 0.066329 0.500638
v 0.276024 0.046064 0.485818
v -0.228551 0.086321 0.458932
v -0.286885 0.051524 0.434673
v -0.244938 0.087111 0.409198
v -0.272818 0.072371 0.400132
v -0.246159 0.065878 0.499449
v -0.277022 0.046966 0.487242
v -0.001406 0.023358 -0.702017
v -0.001433 0.072899 -0.837237
v 0.044865 0.025729 -0.734121
v -0.044199 0.027821 -0.735583
v 0.051458 0.048622 -0.804750
v -0.053334 0.052147 -0.804645
v 0.191400 -0.048977 -0.409082
v 0.245536 -0.017052 -0.387991
v 0.222191 -0.081081 -0.385559
v 0.244373 -0.058262 -0.365702
v 0.197774 -0.010967 -0.438344
v 0.227652 0.000845 -0.433327
v -0.191486 -0.045943 -0.411298
v -0.245124 -0.017553 -0.389568
v -0.220792 -0.077137 -0.383602
v -0.243568 -0.055579 -0.367233
v -0.199260 -0.011176 -0.442782
v -0.231715 -0.000253 -0.435053
v 0.377218 0.289240 -0.801590
v 0.363910 0.217045 -0.648907
v 0.363449 0.320623 -0.720870
v 0.364042 0.279271 -0.655532
v 0.387072 0.209074 -0.805163
v 0.370050 0.184136 -0.710809
v -0.376948 0.289536 -0.801670
v -0.364553 0.217173 -0.649436
v -0.366398 0.322347 -0.722312
v -0.362707 0.278440 -0.657158
v -0.388245 0.210885 -0.804873
v -0.371684 0.184278 -0.713318
v 0.359224 0.021643 -0.024336
v 0.362103 0.008414 0.047877
v 0.356509 0.036160 -0.014022
v 0.357798 0.025580 0.024517
v 0.366616 0.001181 -0.001046
v 0.370300 -0.006997 0.034544
v -0.357661 0.022303 -0.026502
v -0.362645 0.011405 0.046767
v -0.354283 0.034592 -0.015642
v -0.356076 0.026855 0.023378
v -0.365370 -0.001402 -0.000574
v -0.366637 -0.005475 0.034091
v -0.124827 0.457130 -0.175031
v -0.078314 0.519356 -0.199092
v -0.101934 0.426277 -0.173717
v -0.124776 0.520425 -0.207365
v -0.080809 0.454317 -0.181761
v -0.100372 0.556825 -0.216620
v -0.129885 0.284680 -0.142856
v -0.118668 0.255583 -0.084798
v -0.107253 0.307667 -0.151637
v -0.149084 0.253071 -0.101555
v -0.096556 0.285706 -0.133118
v -0.146475 0.241628 -0.069236
v -0.191836 0.500402 -0.267074
v -0.241809 0.631706 -0.356567
v -0.179375 0.551764 -0.277018
v -0.223467 0.510978 -0.292754
v -0.193019 0.617448 -0.322804
v -0.256757 0.577481 -0.336403
v -0.207253 0.327878 -0.216649
v -0.241452 0.298525 -0.235848
v -0.226525 0.382449 -0.250448
v -0.214251 0.268624 -0.189081
v -0.246110 0.371961 -0.266533
v -0.233175 0.255771 -0.195567
v -0.197281 0.235357 -0.113996
v -0.245419 0.174086 -0.028807
v -0.197909 0.219512 -0.079372
v -0.217542 0.220068 -0.111696
v -0.223280 0.192662 -0.035572
v -0.242735 0.185684 -0.071300
v 0.112911 0.448909 -0.200139
v 0.070337 0.524284 -0.186927
v 0.092946 0.422818 -0.178269
v 0.116469 0.512570 -0.222477
v 0.073907 0.458594 -0.165170
v 0.093335 0.550277 -0.223844
v 0.126881 0.287625 -0.142264
v 0.116107 0.257589 -0.082198
v 0.104284 0.309644 -0.152202
v 0.147514 0.254390 -0.103146
v 0.093049 0.286544 -0.132417
v 0.144492 0.243649 -0.067313
v 0.190504 0.499237 -0.261673
v 0.239590 0.634385 -0.352231
v 0.172097 0.548979 -0.274748
v 0.224440 0.508950 -0.281206
v 0.190798 0.615944 -0.320430
v 0.255234 0.578352 -0.330195
v 0.206787 0.325441 -0.209336
v 0.238902 0.298009 -0.236938
v 0.227748 0.380403 -0.239967
v 0.212541 0.268080 -0.187747
v 0.244797 0.370608 -0.264053
v 0.229530 0.254736 -0.194797
v 0.194955 0.234818 -0.114753
v 0.242206 0.175937 -0.031784
v 0.195823 0.221058 -0.079680
v 0.214779 0.221257 -0.110471
v 0.220472 0.192272 -0.034666
v 0.236769 0.190202 -0.071996
v -0.259988 -0.727875 0.015173
v -0.158457 -0.710881 0.012530
v -0.228769 -0.675109 0.054258
v -0.238392 -0.811090 -0.022186
v -0.181942 -0.681691 0.065619
v -0.178424 -0.783216 -0.036289
v -0.306317 -0.623854 0.166138
v -0.272192 -0.648447 0.335198
v -0.269295 -0.658054 0.184437
v -0.323108 -0.597196 0.216269
v -0.249230 -0.682121 0.272006
v -0.310199 -0.609956 0.299681
v -0.424004 -0.814491 -0.128835
v -0.397091 -0.834645 -0.307338
v -0.372829 -0.929247 -0.140579
v -0.444374 -0.734491 -0.184456
v -0.347763 -0.937801 -0.254815
v -0.438264 -0.739029 -0.263146
v -0.436247 -0.532818 -0.068928
v -0.445972 -0.404271 -0.110838
v -0.441944 -0.544748 -0.122074
v -0.438771 -0.467274 -0.039929
v -0.444203 -0.472626 -0.143413
v -0.443558 -0.406518 -0.061124
v -0.394038 -0.507952 0.096511
v -0.405825 -0.415600 0.160623
v -0.379310 -0.509113 0.158907
v -0.414044 -0.461197 0.069619
v -0.388112 -0.468185 0.192613
v -0.415706 -0.409892 0.099545
v 0.257471 -0.728131 0.013149
v 0.155202 -0.716206 0.010154
v 0.223403 -0.672323 0.054432
v 0.233299 -0.812821 -0.024472
v 0.179734 -0.679403 0.065257
v 0.175857 -0.788485 -0.038879
v 0.305742 -0.623716 0.167210
v 0.271497 -0.649062 0.338237
v 0.265638 -0.656592 0.185940
v 0.323600 -0.595821 0.218437
v 0.247890 -0.685778 0.270537
v 0.309163 -0.608031 0.298782
v 0.422904 -0.812958 -0.126302
v 0.399369 -0.832597 -0.305211
v 0.373056 -0.928091 -0.138135
v 0.443523 -0.732450 -0.183668
v 0.352066 -0.936299 -0.252216
v 0.439245 -0.737038 -0.261823
v 0.435059 -0.532695 -0.066152
v 0.445203 -0.404242 -0.111053
v 0.440294 -0.543282 -0.121128
v 0.434866 -0.465490 -0.037373
v 0.445352 -0.471014 -0.144223
v 0.443146 -0.406000 -0.058919
v 0.391741 -0.506420 0.097284
v 0.404512 -0.413306 0.159799
v 0.378760 -0.509696 0.159681
v 0.410664 -0.459391 0.072286
v 0.388237 -0.466428 0.193006
v 0.416159 -0.408620 0.102605
v -0.127975 -0.654653 0.836011
v -0.237679 -0.884369 0.842772
v -0.096701 -0.683220 0.814779
v -0.212848 -0.674610 0.846340
v -0.135951 -0.792597 0.825958
v -0.278354 -0.779159 0.852373
v 0.128719 -0.657117 0.833934
v 0.231951 -0.912180 0.829119
v 0.095247 -0.682587 0.812017
v 0.214605 -0.682930 0.845707
v 0.133338 -0.796018 0.823643
v 0.280526 -0.799332 0.852523
v 0.001643 -0.340621 0.905002
v 0.001005 -0.206684 1.003599
v 0.064307 -0.306365 0.907958
v -0.063028 -0.306388 0.908121
v 0.068843 -0.235202 0.940654
v -0.065462 -0.235116 0.935101
v 0.181934 -0.461560 0.856933
v 0.297833 -0.393164 0.817936
v 0.240587 -0.513710 0.843450
v 0.187336 -0.386856 0.868368
v 0.301541 -0.480722 0.824555
v 0.248674 -0.350040 0.846191
v -0.178913 -0.458948 0.857259
v -0.297634 -0.393062 0.820241
v -0.239122 -0.511620 0.844580
v -0.185390 -0.386451 0.866113
v -0.300934 -0.479649 0.825798
v -0.246942 -0.350309 0.848089
v -0.046788 0.161105 0.310653
v -0.076869 0.192514 0.213775
v -0.031913 0.175618 0.260361
v -0.077595 0.157095 0.314387
v -0.047454 0.194713 0.210578
v -0.093079 0.171561 0.265964
v 0.045599 0.159498 0.311631
v 0.076295 0.192935 0.215142
v 0.029029 0.174477 0.262965
v 0.076790 0.156548 0.315398
v 0.044000 0.194701 0.211106
v 0.093717 0.172931 0.269693
v 0.000381 0.138896 0.562864
v 0.000314 0.119215 0.670634
v 0.039817 0.136142 0.587784
v -0.038915 0.135093 0.586015
v 0.043346 0.123778 0.639431
v -0.043330 0.122932 0.640386
v 0.088569 0.133578 0.459673
v 0.160880 0.114786 0.467415
v 0.109577 0.134442 0.414119
v 0.099053 0.129011 0.510353
v 0.144380 0.126764 0.417799
v 0.137826 0.116598 0.512276
v -0.086397 0.135138 0.458819
v -0.160210 0.115641 0.465768
v -0.108493 0.136234 0.413706
v -0.100015 0.129959 0.509033
v -0.144503 0.126141 0.416119
v -0.137711 0.119345 0.513062
v -0.064349 -0.302963 -0.456891
v -0.126055 -0.394046 -0.412560
v -0.047816 -0.354496 -0.441924
v -0.106788 -0.292391 -0.452602
v -0.075829 -0.401045 -0.416521
v -0.139103 -0.336586 -0.427497
v 0.064590 -0.302708 -0.459941
v 0.124560 -0.394990 -0.413409
v 0.047798 -0.354266 -0.442736
v 0.104213 -0.291109 -0.452692
v 0.077569 -0.401783 -0.416867
v 0.136079 -0.336264 -0.429172
v -0.000596 -0.047640 -0.509611
v 0.000660 0.016512 -0.575452
v 0.025880 -0.023915 -0.514302
v -0.028022 -0.022973 -0.514862
v 0.029487 0.008791 -0.548929
v -0.030035 0.008525 -0.547935
v 0.081525 -0.135408 -0.472761
v 0.136952 -0.089856 -0.442886
v 0.111614 -0.174120 -0.458980
v 0.080757 -0.080758 -0.477133
v 0.140513 -0.150323 -0.441218
v 0.109764 -0.059898 -0.468195
v -0.082213 -0.136392 -0.472710
v -0.137184 -0.089795 -0.444383
v -0.113007 -0.172965 -0.456110
v -0.081562 -0.080011 -0.479331
v -0.142914 -0.149176 -0.441726
v -0.109856 -0.058442 -0.468892
v -0.111630 0.652600 -0.794350
v -0.199490 0.750848 -0.723904
v -0.079098 0.714048 -0.767444
v -0.182191 0.636490 -0.793374
v -0.125016 0.767312 -0.732594
v -0.230200 0.688460 -0.758791
v 0.111804 0.652061 -0.794696
v 0.199337 0.749655 -0.723333
v 0.081903 0.720386 -0.770345
v 0.182265 0.637883 -0.794108
v 0.126566 0.765445 -0.731326
v 0.230787 0.688935 -0.758920
v 0.000446 0.326683 -0.929207
v -0.001102 0.182058 -0.928216
v 0.068939 0.290312 -0.943663
v -0.069208 0.288007 -0.941166
v 0.067132 0.215345 -0.942351
v -0.070014 0.214989 -0.942865
v 0.170606 0.443626 -0.883659
v 0.297134 0.374795 -0.880901
v 0.215672 0.486826 -0.849063
v 0.191985 0.371182 -0.929935
v 0.272437 0.452949 -0.840123
v 0.259393 0.333312 -0.938571
v -0.172723 0.444264 -0.883202
v -0.298074 0.372841 -0.880329
v -0.218980 0.487625 -0.849118
v -0.193183 0.371482 -0.929888
v -0.273190 0.451590 -0.840205
v -0.264615 0.332586 -0.938119
v 0.345583 0.118270 -0.284691
v 0.328678 0.158935 -0.283964
v 0.341254 0.145824 -0.329756
v 0.346203 0.110783 -0.244204
v 0.332581 0.169913 -0.330481
v 0.340927 0.128424 -0.242264
v 0.339823 0.005377 -0.215812
v 0.363427 -0.060573 -0.182428
v 0.335929 -0.012370 -0.231115
v 0.348776 -0.004549 -0.179838
v 0.348785 -0.049200 -0.218338
v 0.358022 -0.037286 -0.162206
v 0.320970 0.041270 -0.332180
v 0.291786 0.009615 -0.366870
v 0.315240 0.013396 -0.306845
v 0.318449 0.052084 -0.377879
v 0.304107 -0.003745 -0.324417
v 0.302178 0.038747 -0.398723
v 0.341800 0.116919 -0.397043
v 0.345944 0.161103 -0.511229
v 0.343065 0.145418 -0.411756
v 0.336700 0.107327 -0.429990
v 0.345284 0.173523 -0.465974
v 0.339633 0.123595 -0.486942
v 0.348472 0.054488 -0.178451
v 0.355061 0.036261 -0.103770
v 0.350961 0.068417 -0.169197
v 0.352493 0.029924 -0.151077
v 0.351660 0.058857 -0.131327
v 0.356844 0.022797 -0.114582
v 0.351529 0.021253 0.231862
v 0.335393 0.052064 0.183946
v 0.344586 0.029493 0.248231
v 0.350650 0.025851 0.195714
v 0.335864 0.045747 0.223918
v 0.343962 0.042207 0.170627
v 0.392614 -0.085978 0.278980
v 0.404216 -0.149526 0.265489
v 0.398753 -0.118734 0.313868
v 0.393250 -0.081903 0.238872
v 0.400481 -0.154438 0.311178
v 0.398621 -0.108947 0.230793
v 0.383046 -0.082773 0.388855
v 0.391404 -0.144543 0.488918
v 0.392553 -0.116398 0.394997
v 0.375045 -0.077927 0.424918
v 0.396910 -0.152067 0.443066
v 0.378962 -0.101370 0.476054
v 0.354412 -0.005037 0.349482
v 0.328708 0.019653 0.394798
v 0.342811 0.013828 0.328468
v 0.354087 -0.018562 0.394458
v 0.331122 0.027511 0.347715
v 0.342799 -0.005260 0.420007
v 0.371087 -0.013191 0.192815
v 0.367079 -0.001883 0.122328
v 0.363889 0.002648 0.167747
v 0.376829 -0.025501 0.182600
v 0.363384 0.009508 0.133361
v 0.376918 -0.021631 0.144489
v -0.346448 0.118215 -0.288274
v -0.329904 0.158485 -0.285673
v -0.342334 0.144961 -0.330980
v -0.344529 0.112151 -0.246707
v -0.333806 0.171050 -0.331985
v -0.338835 0.129320 -0.243260
v -0.338637 0.006389 -0.216139
v -0.361116 -0.061543 -0.184951
v -0.334191 -0.010558 -0.234822
v -0.346055 -0.002458 -0.180995
v -0.344328 -0.048679 -0.219891
v -0.358617 -0.033984 -0.162691
v -0.322011 0.040118 -0.334431
v -0.291981 0.010581 -0.369202
v -0.315187 0.011109 -0.310028
v -0.317707 0.050851 -0.378720
v -0.303021 -0.004221 -0.326286
v -0.302424 0.036851 -0.401728
v -0.343860 0.113407 -0.400231
v -0.346767 0.160357 -0.513183
v -0.346424 0.142567 -0.413981
v -0.337975 0.105300 -0.433564
v -0.346576 0.172424 -0.469551
v -0.342042 0.124692 -0.491297
v -0.348649 0.053629 -0.182921
v -0.356354 0.036433 -0.103667
v -0.348505 0.068149 -0.175189
v -0.352578 0.029579 -0.154227
v -0.352547 0.059052 -0.135469
v -0.356373 0.021384 -0.116251
v -0.348542 0.024202 0.230527
v -0.335885 0.052089 0.182949
v -0.341909 0.034803 0.246956
v -0.348390 0.028224 0.192295
v -0.335541 0.048215 0.222681
v -0.342683 0.044055 0.170467
v -0.389689 -0.083346 0.277899
v -0.402179 -0.147975 0.265826
v -0.393798 -0.116439 0.314212
v -0.390645 -0.078436 0.236048
v -0.400466 -0.152653 0.310556
v -0.398033 -0.106756 0.229521
v -0.380531 -0.081922 0.389518
v -0.388036 -0.141993 0.490701
v -0.391189 -0.115843 0.396170
v -0.374892 -0.074041 0.425290
v -0.394296 -0.150828 0.446027
v -0.377120 -0.100922 0.475825
v -0.351471 -0.002699 0.349290
v -0.326867 0.019934 0.396298
v -0.340992 0.017509 0.327288
v -0.352646 -0.015581 0.392377
v -0.329895 0.028098 0.349534
v -0.339250 -0.001994 0.421343
v -0.367219 -0.008863 0.190751
v -0.365826 0.000331 0.121522
v -0.360541 0.006958 0.167852
v -0.375546 -0.024224 0.179452
v -0.358684 0.012542 0.132936
v -0.373427 -0.018295 0.144855
v -0.028450 0.382985 -0.169395
v -0.042743 0.282571 -0.127731
v -0.047966 0.372578 -0.166757
v -0.052169 0.318235 -0.150739
v -0.017229 0.335362 -0.155979
v -0.024316 0.287598 -0.132876
v -0.063000 0.699545 -0.304649
v -0.146469 0.781529 -0.401357
v -0.098615 0.675733 -0.300104
v -0.136665 0.707801 -0.343596
v -0.053359 0.753212 -0.353171
v -0.099058 0.797534 -0.404793
v 0.026753 0.383261 -0.166702
v 0.039039 0.283481 -0.124201
v 0.044655 0.372369 -0.162202
v 0.050335 0.317781 -0.146903
v 0.014972 0.335679 -0.153185
v 0.022256 0.286779 -0.130601
v 0.061023 0.698803 -0.302896
v 0.147455 0.777387 -0.399723
v 0.096183 0.674656 -0.301661
v 0.136714 0.704486 -0.345743
v 0.052229 0.755172 -0.349953
v 0.098467 0.798679 -0.404874
v -0.200690 0.199331 0.088316
v -0.250807 0.152883 0.096494
v -0.199423 0.200018 0.040075
v -0.226385 0.178984 0.046455
v -0.222758 0.171922 0.138635
v -0.244796 0.150295 0.139370
v -0.024033 0.241257 0.039219
v 0.023625 0.240757 0.038669
v -0.012871 0.226644 0.097104
v 0.011234 0.227872 0.097282
v -0.010412 0.253070 -0.022092
v 0.009564 0.253064 -0.022636
v -0.175941 0.170785 0.226653
v -0.211557 0.122993 0.321685
v -0.160127 0.156848 0.272853
v -0.180558 0.136824 0.322032
v -0.208438 0.153414 0.229744
v -0.223015 0.130729 0.274824
v -0.550966 0.703221 -0.415086
v -0.301689 0.487491 -0.381836
v -0.374663 0.595356 -0.382716
v -0.304051 0.516067 -0.359790
v -0.498684 0.606038 -0.444272
v -0.344783 0.525807 -0.436550
v -0.116373 0.874077 -0.568978
v 0.116937 0.874326 -0.568134
v -0.051524 0.840235 -0.626278
v 0.051530 0.841628 -0.627098
v -0.066685 0.852762 -0.519239
v 0.067830 0.853510 -0.519220
v -0.340671 0.627294 -0.637721
v -0.338682 0.471072 -0.683941
v -0.311569 0.597828 -0.699543
v -0.319226 0.520832 -0.726419
v -0.366380 0.575986 -0.600829
v -0.347377 0.496934 -0.619956
v -0.290502 0.158914 -0.120897
v -0.298727 0.129959 -0.033832
v -0.272555 0.175648 -0.116843
v -0.279179 0.154757 -0.072869
v -0.308387 0.130963 -0.085401
v -0.311431 0.116818 -0.041788
v -0.321328 0.308735 -0.422480
v -0.343846 0.310927 -0.535480
v -0.327544 0.258323 -0.426068
v -0.337268 0.260160 -0.482536
v -0.330359 0.376649 -0.468548
v -0.338489 0.376136 -0.527470
v -0.327700 0.119943 -0.148018
v -0.345052 0.073774 -0.076789
v -0.339251 0.107921 -0.155306
v -0.345969 0.084506 -0.119044
v -0.331423 0.107416 -0.102007
v -0.339859 0.083745 -0.067994
v -0.300972 0.088750 0.218009
v -0.291323 0.079058 0.305733
v -0.311909 0.071142 0.250686
v -0.309203 0.064848 0.293382
v -0.281248 0.103971 0.224761
v -0.276581 0.098404 0.267723
v -0.334666 0.070036 0.063879
v -0.346012 0.048257 0.042283
v -0.340438 0.054653 0.092863
v -0.347227 0.042085 0.081775
v -0.337671 0.075063 0.026754
v -0.341075 0.066614 0.013439
v 0.199184 0.200491 0.087173
v 0.245929 0.156269 0.095679
v 0.197895 0.200481 0.040164
v 0.223876 0.180725 0.049113
v 0.219887 0.173267 0.139131
v 0.245179 0.151211 0.140825
v 0.172932 0.171022 0.226641
v 0.207837 0.125362 0.321075
v 0.158683 0.158537 0.274223
v 0.177511 0.135441 0.322530
v 0.205166 0.156636 0.229587
v 0.222342 0.128444 0.276261
v 0.551917 0.702287 -0.414313
v 0.300793 0.486679 -0.386855
v 0.371931 0.594864 -0.380780
v 0.301453 0.511056 -0.364277
v 0.500505 0.605974 -0.448088
v 0.344283 0.525298 -0.439172
v 0.341217 0.626374 -0.637074
v 0.336309 0.472497 -0.683855
v 0.311271 0.598758 -0.700015
v 0.317078 0.521654 -0.724691
v 0.367101 0.576837 -0.602657
v 0.346727 0.495424 -0.620826
v 0.287630 0.162733 -0.125132
v 0.296134 0.131282 -0.034724
v 0.270270 0.177711 -0.120346
v 0.274904 0.157799 -0.074853
v 0.305662 0.131992 -0.087372
v 0.310762 0.117156 -0.040993
v 0.325114 0.310045 -0.422621
v 0.341609 0.312520 -0.533008
v 0.328847 0.258970 -0.427922
v 0.339090 0.261118 -0.479369
v 0.331380 0.377672 -0.471388
v 0.341746 0.377004 -0.526961
v 0.327478 0.120799 -0.147622
v 0.346164 0.074286 -0.073929
v 0.338697 0.106304 -0.154318
v 0.344038 0.084746 -0.116725
v 0.329631 0.110726 -0.100192
v 0.341036 0.084386 -0.064669
v 0.297826 0.091953 0.216824
v 0.287150 0.078452 0.304760
v 0.308286 0.070068 0.247624
v 0.305621 0.065532 0.292675
v 0.279059 0.106131 0.224380
v 0.273405 0.099969 0.265775
v 0.335901 0.067418 0.067593
v 0.347795 0.047102 0.045552
v 0.343553 0.052835 0.094229
v 0.349588 0.041349 0.082687
v 0.335571 0.075811 0.025270
v 0.341670 0.066051 0.017332
v -0.079863 -0.674815 0.227474
v -0.134545 -0.696174 0.384497
v -0.130489 -0.679716 0.222740
v -0.157124 -0.688274 0.299181
v -0.053510 -0.686510 0.306295
v -0.084152 -0.694187 0.383523
v -0.091546 -0.683030 -0.165745
v -0.147121 -0.755553 -0.290027
v -0.122089 -0.787539 -0.178591
v -0.137655 -0.854125 -0.267171
v -0.070408 -0.638204 -0.210652
v -0.097029 -0.666624 -0.264631
v 0.079281 -0.675354 0.228915
v 0.136231 -0.693985 0.384421
v 0.129793 -0.677773 0.224550
v 0.156095 -0.685066 0.300376
v 0.053498 -0.682866 0.306989
v 0.084429 -0.698537 0.386121
v 0.093805 -0.688417 -0.168805
v 0.146629 -0.764176 -0.293511
v 0.127845 -0.798908 -0.175739
v 0.140137 -0.882759 -0.261440
v 0.070549 -0.642246 -0.212244
v 0.097339 -0.669070 -0.260697
v -0.355716 -0.575343 0.451056
v -0.386950 -0.445860 0.353383
v -0.353150 -0.547849 0.373398
v -0.374383 -0.489692 0.329214
v -0.374240 -0.531091 0.470856
v -0.385356 -0.462069 0.420083
v -0.083483 -0.761971 0.602196
v 0.085296 -0.763177 0.600896
v -0.055514 -0.706795 0.663325
v 0.055998 -0.705552 0.662656
v -0.035563 -0.730345 0.528043
v 0.034541 -0.729413 0.529823
v -0.395651 -0.673726 0.682406
v -0.393686 -0.490095 0.688091
v -0.390229 -0.671678 0.759002
v -0.386481 -0.567734 0.754902
v -0.394805 -0.575442 0.617142
v -0.395366 -0.497957 0.622381
v -0.393064 -0.486455 -0.325606
v -0.416035 -0.367109 -0.254756
v -0.424772 -0.521849 -0.292013
v -0.430316 -0.451809 -0.249643
v -0.378227 -0.391170 -0.322764
v -0.393315 -0.340796 -0.290907
v -0.061403 -0.547533 -0.348157
v 0.062707 -0.547510 -0.346932
v -0.030002 -0.500174 -0.368802
v 0.029687 -0.499176 -0.370167
v -0.031962 -0.581924 -0.317315
v 0.030293 -0.581629 -0.318774
v -0.259222 -0.341308 -0.382491
v -0.244201 -0.200450 -0.387200
v -0.219697 -0.295904 -0.404192
v -0.215005 -0.227888 -0.404400
v -0.293658 -0.310733 -0.364899
v -0.281947 -0.237306 -0.367084
v -0.440682 -0.234231 -0.019399
v -0.429214 -0.251525 0.074413
v -0.442183 -0.293183 -0.000872
v -0.433987 -0.298513 0.048105
v -0.437144 -0.185174 0.005015
v -0.428779 -0.197597 0.050853
v -0.363507 -0.156350 -0.262152
v -0.304347 -0.111486 -0.318847
v -0.341306 -0.103091 -0.266934
v -0.315957 -0.082380 -0.294573
v -0.358301 -0.192722 -0.293558
v -0.323662 -0.168530 -0.318529
v -0.398850 -0.091840 -0.071471
v -0.378124 -0.037513 -0.034224
v -0.377707 -0.052554 -0.085436
v -0.372311 -0.031245 -0.069855
v -0.405898 -0.099004 -0.032633
v -0.395055 -0.068427 -0.012689
v -0.405931 -0.297931 0.391196
v -0.404423 -0.299754 0.505256
v -0.405828 -0.248983 0.399578
v -0.403931 -0.248958 0.451089
v -0.402353 -0.357006 0.444989
v -0.402627 -0.358909 0.503572
v -0.407223 -0.127188 0.132983
v -0.389145 -0.056730 0.082865
v -0.398318 -0.094908 0.146411
v -0.388283 -0.061742 0.120677
v -0.407979 -0.118472 0.090899
v -0.398287 -0.082463 0.065568
v 0.356200 -0.574919 0.449305
v 0.385674 -0.446436 0.351748
v 0.352588 -0.547899 0.376042
v 0.374585 -0.489831 0.327882
v 0.375116 -0.531186 0.471289
v 0.385636 -0.463800 0.417915
v 0.394816 -0.672775 0.676263
v 0.391051 -0.490435 0.685719
v 0.391524 -0.672514 0.754249
v 0.386248 -0.566435 0.751617
v 0.390648 -0.573392 0.612491
v 0.394637 -0.497557 0.620119
v 0.392699 -0.487571 -0.326380
v 0.417289 -0.366453 -0.256219
v 0.425854 -0.522354 -0.288623
v 0.427839 -0.452872 -0.247135
v 0.377036 -0.392390 -0.324814
v 0.393051 -0.341659 -0.292897
v 0.258536 -0.343534 -0.381521
v 0.246199 -0.202243 -0.384635
v 0.217549 -0.298247 -0.402262
v 0.213800 -0.228390 -0.403166
v 0.294831 -0.311139 -0.366214
v 0.284893 -0.238263 -0.369321
v 0.444523 -0.232122 -0.019397
v 0.429655 -0.250790 0.075413
v 0.440803 -0.290969 0.001190
v 0.433376 -0.299088 0.049933
v 0.434092 -0.188515 0.006878
v 0.429055 -0.199290 0.053703
v 0.364161 -0.157660 -0.262207
v 0.304333 -0.112607 -0.317157
v 0.342376 -0.105038 -0.265635
v 0.316036 -0.085069 -0.293885
v 0.355896 -0.196026 -0.291415
v 0.324424 -0.170830 -0.318920
v 0.399446 -0.093801 -0.071142
v 0.381429 -0.040079 -0.028789
v 0.381892 -0.056642 -0.088210
v 0.373688 -0.030864 -0.068010
v 0.408210 -0.098876 -0.030462
v 0.395093 -0.068761 -0.011826
v 0.404218 -0.296779 0.393714
v 0.404032 -0.301655 0.505985
v 0.406085 -0.247786 0.400169
v 0.404420 -0.250389 0.452630
v 0.402800 -0.357693 0.443208
v 0.401863 -0.360483 0.503272
v 0.406913 -0.129671 0.133580
v 0.390080 -0.058391 0.083367
v 0.399016 -0.094877 0.148597
v 0.392109 -0.061843 0.123347
v 0.410768 -0.122186 0.091611
v 0.400246 -0.085121 0.067336
v 0.187292 -0.089149 0.846764
v 0.295219 -0.162460 0.797620
v 0.192787 -0.160076 0.871644
v 0.250723 -0.194586 0.845927
v 0.233625 -0.062371 0.797449
v 0.283849 -0.097775 0.772285
v -0.186296 -0.089540 0.847746
v -0.293394 -0.161564 0.797670
v -0.191776 -0.160167 0.871952
v -0.250942 -0.196349 0.845971
v -0.232938 -0.061536 0.797764
v -0.281685 -0.097896 0.774871
v 0.152452 0.063865 0.718324
v 0.209752 0.065947 0.610377
v 0.140006 0.092621 0.665751
v 0.170002 0.089906 0.615165
v 0.202498 0.035424 0.714262
v 0.227409 0.037417 0.654541
v -0.151777 0.063925 0.718606
v -0.209033 0.066127 0.607951
v -0.138900 0.092876 0.666314
v -0.167922 0.093200 0.617302
v -0.202276 0.035279 0.713908
v -0.227664 0.038754 0.653921
v 0.348646 -0.085868 0.611597
v 0.310874 -0.009109 0.553081
v 0.351016 -0.066145 0.550465
v 0.336202 -0.029796 0.525000
v 0.321556 -0.058334 0.647668
v 0.300806 -0.018375 0.612501
v -0.351232 -0.085124 0.614448
v -0.309360 -0.008475 0.552379
v -0.349906 -0.067483 0.551308
v -0.335333 -0.028617 0.525044
v -0.321393 -0.058060 0.646318
v -0.302175 -0.016243 0.614138
v 0.114463 0.006333 -0.646816
v 0.163354 0.008185 -0.540310
v 0.099409 0.009679 -0.581105
v 0.122671 0.007742 -0.532134
v 0.161605 0.008108 -0.665336
v 0.185844 0.012437 -0.603469
v -0.114893 0.005290 -0.649657
v -0.164344 0.008514 -0.541002
v -0.099913 0.011337 -0.581826
v -0.124582 0.006924 -0.534147
v -0.163261 0.005880 -0.666067
v -0.186049 0.012374 -0.605466
v 0.176892 0.051824 -0.890008
v 0.319327 0.116864 -0.897729
v 0.201171 0.116114 -0.953419
v 0.273394 0.155488 -0.956252
v 0.220232 0.032672 -0.828280
v 0.286530 0.058969 -0.832594
v -0.181310 0.054767 -0.891935
v -0.319014 0.117976 -0.898649
v -0.202616 0.118319 -0.954781
v -0.274320 0.156466 -0.956595
v -0.221431 0.032506 -0.829491
v -0.288461 0.060218 -0.834505
v 0.271683 0.041002 -0.529941
v 0.321965 0.093866 -0.630659
v 0.296072 0.058182 -0.513716
v 0.317475 0.085760 -0.554434
v 0.264125 0.042241 -0.596843
v 0.295707 0.064864 -0.657275
v -0.271000 0.040386 -0.531925
v -0.321797 0.092807 -0.633692
v -0.296119 0.059523 -0.514146
v -0.316127 0.086133 -0.559504
v -0.264596 0.041891 -0.600519
v -0.296355 0.064083 -0.660723
v -0.137500 0.357155 -0.178650
v -0.156235 0.430720 -0.212082
v -0.120817 0.391099 -0.175452
v -0.142604 0.474631 -0.210677
v -0.158760 0.285540 -0.157320
v -0.121000 0.333944 -0.164220
v -0.154180 0.266269 -0.130466
v -0.183433 0.388231 -0.222438
v -0.165192 0.489644 -0.240354
v -0.199377 0.444150 -0.254045
v -0.181373 0.296660 -0.180805
v -0.205047 0.387298 -0.237412
v -0.197339 0.282110 -0.183350
v -0.176148 0.251936 -0.121623
v -0.195385 0.253978 -0.148943
v 0.130344 0.356914 -0.179892
v 0.151639 0.428406 -0.217078
v 0.113620 0.389367 -0.182869
v 0.134711 0.469448 -0.220201
v 0.153768 0.286165 -0.154965
v 0.115524 0.334142 -0.166395
v 0.149586 0.267652 -0.131680
v 0.181062 0.390387 -0.214868
v 0.160671 0.485881 -0.239546
v 0.200690 0.445331 -0.243311
v 0.177287 0.294687 -0.177431
v 0.206731 0.385646 -0.222451
v 0.195449 0.281970 -0.181228
v 0.172425 0.251648 -0.121127
v 0.194271 0.254802 -0.147316
v -0.314997 -0.650707 0.048666
v -0.355317 -0.737520 -0.020990
v -0.274995 -0.662980 0.049524
v -0.304514 -0.792945 -0.014092
v -0.357306 -0.591552 0.084056
v -0.289285 -0.644544 0.109587
v -0.340494 -0.589169 0.144523
v -0.411268 -0.655941 -0.058939
v -0.372714 -0.840124 -0.053092
v -0.429053 -0.698649 -0.114964
v -0.402210 -0.566252 0.010981
v -0.430200 -0.608595 -0.095115
v -0.424644 -0.520600 -0.015234
v -0.368695 -0.550928 0.120773
v -0.407219 -0.512148 0.039632
v 0.316705 -0.649051 0.045750
v 0.353597 -0.738843 -0.019501
v 0.271994 -0.664692 0.049754
v 0.303982 -0.794907 -0.013628
v 0.357929 -0.588220 0.082717
v 0.288382 -0.644724 0.109354
v 0.341085 -0.587730 0.146043
v 0.412130 -0.655630 -0.058055
v 0.370562 -0.841829 -0.051680
v 0.433188 -0.697567 -0.114195
v 0.402499 -0.563592 0.008274
v 0.432319 -0.607814 -0.092870
v 0.421897 -0.519482 -0.014144
v 0.366458 -0.550372 0.121867
v 0.407435 -0.510281 0.039710
v 0.000250 -0.591942 0.839500
v -0.099172 -0.543110 0.852411
v -0.043402 -0.633710 0.827356
v -0.153801 -0.600812 0.847003
v 0.100679 -0.543489 0.851489
v 0.041292 -0.632207 0.824773
v 0.154761 -0.603356 0.845032
v 0.059348 -0.442691 0.874193
v -0.057874 -0.441740 0.871461
v 0.063823 -0.378031 0.888491
v -0.061273 -0.376499 0.890015
v 0.171453 -0.533151 0.851241
v 0.122407 -0.416094 0.873043
v -0.169804 -0.532323 0.851303
v -0.120472 -0.416328 0.873067
v -0.000287 0.150231 0.355316
v -0.042155 0.142224 0.402102
v -0.014931 0.160919 0.310000
v -0.059626 0.145384 0.361470
v 0.043109 0.141572 0.401847
v 0.014485 0.159331 0.310630
v 0.060969 0.147717 0.360925
v 0.029074 0.141714 0.483924
v -0.028696 0.140249 0.483652
v 0.034692 0.140952 0.536984
v -0.033784 0.137650 0.533237
v 0.074485 0.138638 0.409399
v 0.063606 0.136981 0.499414
v -0.072992 0.139461 0.408778
v -0.063276 0.139554 0.499621
v -0.001115 -0.262509 -0.472584
v -0.048597 -0.206456 -0.478149
v -0.022868 -0.308699 -0.461232
v -0.076157 -0.247648 -0.467009
v 0.046415 -0.207577 -0.475897
v 0.021426 -0.309782 -0.464506
v 0.074551 -0.247225 -0.466692
v 0.024119 -0.124061 -0.488831
v -0.025191 -0.123628 -0.489078
v 0.025757 -0.072839 -0.499407
v -0.027847 -0.071990 -0.497889
v 0.079867 -0.192899 -0.470218
v 0.051526 -0.102775 -0.486110
v -0.080258 -0.190298 -0.468796
v -0.055548 -0.102017 -0.485541
v 0.001356 0.605718 -0.821413
v -0.090838 0.537992 -0.845654
v -0.036405 0.663002 -0.799117
v -0.134840 0.583475 -0.820770
v 0.090763 0.536788 -0.845574
v 0.037023 0.659875 -0.796649
v 0.133648 0.583962 -0.819898
v 0.055906 0.432646 -0.895042
v -0.056936 0.432519 -0.891993
v 0.063125 0.365775 -0.922428
v -0.064838 0.363908 -0.919168
v 0.153283 0.516019 -0.847592
v 0.120150 0.402966 -0.909414
v -0.153803 0.516288 -0.847064
v -0.122461 0.403092 -0.907032
v 0.345557 0.101575 -0.317766
v 0.346461 0.080521 -0.246075
v 0.345049 0.122376 -0.323480
v 0.349456 0.097156 -0.245275
v 0.332730 0.041434 -0.273001
v 0.342974 0.047635 -0.220769
v 0.331796 0.017281 -0.251362
v 0.342946 0.023616 -0.199406
v 0.335389 0.076417 -0.330589
v 0.324654 0.027405 -0.288568
v 0.330037 0.063782 -0.356975
v 0.346279 0.120166 -0.360183
v 0.336791 0.090064 -0.376895
v 0.348534 0.075717 -0.210142
v 0.346660 0.039210 -0.186215
v 0.358870 -0.002410 0.288454
v 0.365633 -0.004375 0.237181
v 0.351974 0.013017 0.270025
v 0.357355 0.009856 0.216466
v 0.382031 -0.059199 0.316420
v 0.378201 -0.034850 0.251908
v 0.390928 -0.089129 0.316066
v 0.385490 -0.054122 0.245618
v 0.369335 -0.033862 0.338018
v 0.387222 -0.086920 0.351258
v 0.372809 -0.052199 0.379951
v 0.353240 0.003848 0.308176
v 0.363084 -0.027727 0.365727
v 0.364237 -0.001043 0.204913
v 0.376919 -0.031351 0.217350
v -0.345701 0.098989 -0.321066
v -0.348247 0.079897 -0.250394
v -0.346931 0.121624 -0.325933
v -0.347370 0.096745 -0.248590
v -0.333707 0.041872 -0.276706
v -0.341921 0.045638 -0.227561
v -0.330440 0.017539 -0.255013
v -0.341662 0.025780 -0.203049
v -0.337566 0.073579 -0.334502
v -0.324534 0.029174 -0.291780
v -0.328527 0.064616 -0.359167
v -0.345521 0.120457 -0.364243
v -0.337569 0.089458 -0.380722
v -0.348443 0.074189 -0.213589
v -0.346978 0.038052 -0.191174
v -0.357436 0.001738 0.286156
v -0.362735 -0.002050 0.236415
v -0.350500 0.017673 0.267432
v -0.354940 0.014448 0.215217
v -0.381126 -0.056838 0.314786
v -0.376444 -0.033148 0.250978
v -0.388726 -0.086117 0.315919
v -0.382414 -0.054527 0.244050
v -0.367663 -0.031030 0.338043
v -0.384899 -0.085439 0.351079
v -0.372235 -0.050879 0.379316
v -0.349708 0.008068 0.306962
v -0.364015 -0.024119 0.365913
v -0.361741 0.003468 0.202665
v -0.374548 -0.027505 0.214144
v -0.036360 0.495052 -0.192196
v -0.046085 0.606222 -0.231925
v -0.057076 0.478767 -0.186945
v -0.074606 0.582437 -0.228740
v 0.031891 0.497007 -0.184451
v 0.041894 0.604216 -0.227821
v 0.053543 0.480357 -0.174347
v 0.070000 0.583887 -0.223054
v 0.001260 0.446478 -0.181201
v -0.042300 0.431376 -0.179768
v -0.010725 0.389938 -0.168835
v -0.001461 0.671219 -0.263384
v -0.069391 0.641439 -0.263832
v -0.022736 0.717481 -0.301593
v 0.039677 0.433868 -0.170521
v 0.005290 0.389244 -0.168363
v 0.065824 0.640633 -0.262922
v 0.020534 0.718849 -0.297824
v -0.088721 0.258753 -0.054976
v -0.145383 0.235605 0.022213
v -0.088986 0.265809 -0.104047
v -0.145967 0.238387 -0.025331
v -0.070469 0.229940 0.104154
v -0.121545 0.211943 0.170651
v -0.057353 0.212640 0.157656
v -0.108324 0.192066 0.218900
v -0.057350 0.253498 -0.012399
v -0.063028 0.276832 -0.118344
v -0.038519 0.266374 -0.076940
v -0.169456 0.219629 0.130005
v -0.172336 0.217556 0.030475
v -0.197807 0.194038 0.135626
v -0.042701 0.227922 0.098895
v -0.033756 0.253591 -0.018345
v -0.141464 0.182529 0.224449
v -0.189316 0.186020 0.182185
v -0.228747 0.758802 -0.432052
v -0.347615 0.721846 -0.443835
v -0.213301 0.686236 -0.373906
v -0.304366 0.651532 -0.385776
v -0.211746 0.850990 -0.619474
v -0.275167 0.731144 -0.630181
v -0.167844 0.798773 -0.672074
v -0.251946 0.709700 -0.697045
v -0.256206 0.975213 -0.516074
v -0.180234 0.738983 -0.389958
v -0.163370 0.871739 -0.458959
v -0.407660 0.754822 -0.553617
v -0.399347 0.672012 -0.411685
v -0.528832 0.710180 -0.538075
v -0.146352 0.847051 -0.619401
v -0.180355 0.988611 -0.517956
v -0.298920 0.670417 -0.668802
v -0.401188 0.662853 -0.581272
v -0.274032 0.332962 -0.293243
v -0.267675 0.225829 -0.212459
v -0.259896 0.356625 -0.280083
v -0.250333 0.240951 -0.202708
v -0.309306 0.231241 -0.325417
v -0.313909 0.166460 -0.232291
v -0.322805 0.199792 -0.330370
v -0.328107 0.148059 -0.241050
v -0.301963 0.340602 -0.358026
v -0.282366 0.418860 -0.329579
v -0.311150 0.425219 -0.399540
v -0.301516 0.166461 -0.175972
v -0.269319 0.198275 -0.163855
v -0.304871 0.147608 -0.131319
v -0.321167 0.248441 -0.376150
v -0.319805 0.365048 -0.410050
v -0.326929 0.135125 -0.193483
v -0.318337 0.133948 -0.139124
v -0.270955 0.140853 0.055292
v -0.287305 0.134048 0.012193
v -0.248188 0.166214 0.010048
v -0.264040 0.158418 -0.027522
v -0.319753 0.078415 0.166513
v -0.330159 0.075039 0.114749
v -0.327094 0.063562 0.195020
v -0.336654 0.058207 0.143353
v -0.289992 0.114460 0.137093
v -0.249512 0.159523 0.051514
v -0.270745 0.131791 0.141845
v -0.317367 0.097909 0.045076
v -0.282714 0.143253 -0.030679
v -0.315252 0.106154 0.002115
v -0.316204 0.076761 0.210221
v -0.286657 0.109115 0.181144
v -0.336886 0.061571 0.102751
v -0.326524 0.087500 0.033847
v 0.084598 0.258730 -0.055575
v 0.141630 0.237806 0.021061
v 0.088157 0.267700 -0.102634
v 0.143342 0.238867 -0.026318
v 0.070023 0.230022 0.104136
v 0.120710 0.210491 0.171130
v 0.056959 0.213319 0.160878
v 0.106961 0.190660 0.221193
v 0.055688 0.254245 -0.010762
v 0.061918 0.276808 -0.117101
v 0.037126 0.265486 -0.073867
v 0.039001 0.230284 0.099472
v 0.031957 0.253672 -0.018484
v 0.168817 0.219454 0.131519
v 0.172399 0.222596 0.030003
v 0.197875 0.199145 0.135862
v 0.141031 0.183254 0.222807
v 0.188445 0.187668 0.181016
v 0.226024 0.757921 -0.432741
v 0.346036 0.722052 -0.442171
v 0.208019 0.684704 -0.372813
v 0.301671 0.649247 -0.382539
v 0.212195 0.850888 -0.619576
v 0.272744 0.733782 -0.630023
v 0.167050 0.798998 -0.672171
v 0.250659 0.710519 -0.695386
v 0.256425 0.975663 -0.516329
v 0.179099 0.735861 -0.389727
v 0.162494 0.869096 -0.460003
v 0.149039 0.847420 -0.619792
v 0.179988 0.988987 -0.518430
v 0.410146 0.754431 -0.552061
v 0.399394 0.671953 -0.409751
v 0.527212 0.710875 -0.540834
v 0.297014 0.669833 -0.666981
v 0.400288 0.662855 -0.581666
v 0.270185 0.332083 -0.298900
v 0.266532 0.226684 -0.211975
v 0.257815 0.355049 -0.280764
v 0.248150 0.241102 -0.203522
v 0.308217 0.231779 -0.326864
v 0.314555 0.166299 -0.233041
v 0.319916 0.197172 -0.331461
v 0.328477 0.147976 -0.239859
v 0.300811 0.339269 -0.361520
v 0.277980 0.416405 -0.331558
v 0.311196 0.424914 -0.403283
v 0.298491 0.169335 -0.179722
v 0.268915 0.199773 -0.165246
v 0.302484 0.147825 -0.130723
v 0.319476 0.248119 -0.375785
v 0.317283 0.364504 -0.414291
v 0.326943 0.134100 -0.192762
v 0.316612 0.135711 -0.140578
v 0.266767 0.143517 0.054616
v 0.283673 0.133361 0.011339
v 0.245093 0.166866 0.009810
v 0.261097 0.159479 -0.029780
v 0.314119 0.079374 0.165796
v 0.327278 0.072852 0.115495
v 0.322645 0.062776 0.194780
v 0.337043 0.058001 0.142575
v 0.289040 0.115297 0.137117
v 0.246351 0.161363 0.052928
v 0.267320 0.132093 0.138334
v 0.317240 0.095160 0.044316
v 0.279115 0.144184 -0.031889
v 0.314359 0.104683 0.003478
v 0.312395 0.074625 0.207907
v 0.282079 0.111230 0.179555
v 0.337129 0.061771 0.105468
v 0.327487 0.084161 0.034812
v -0.080627 -0.673661 0.083205
v -0.085178 -0.680494 -0.047743
v -0.132527 -0.678812 0.076442
v -0.133101 -0.725884 -0.047176
v 0.078509 -0.673647 0.083105
v 0.084760 -0.685343 -0.047629
v 0.130178 -0.681775 0.074739
v 0.132119 -0.732638 -0.049043
v 0.000489 -0.668922 0.157108
v -0.105411 -0.675719 0.149992
v -0.026608 -0.676186 0.229789
v 0.000226 -0.638735 -0.105702
v -0.109684 -0.717956 -0.108725
v -0.035701 -0.627458 -0.158454
v 0.104523 -0.672613 0.151016
v 0.026533 -0.673774 0.231295
v 0.112485 -0.725588 -0.110624
v 0.036575 -0.626618 -0.158340
v -0.213052 -0.692089 0.464847
v -0.300185 -0.660371 0.480448
v -0.231229 -0.677255 0.364787
v -0.301132 -0.629265 0.387052
v -0.207763 -0.985780 0.677136
v -0.363914 -0.885675 0.709904
v -0.172834 -0.938730 0.792178
v -0.331877 -0.865947 0.803003
v -0.162977 -0.791512 0.523895
v -0.183168 -0.690274 0.378095
v -0.116448 -0.717004 0.464554
v -0.360393 -0.706072 0.572802
v -0.330994 -0.604827 0.422724
v -0.366296 -0.609139 0.525902
v -0.101758 -0.902771 0.689947
v -0.101315 -0.760952 0.530382
v -0.385855 -0.780979 0.747360
v -0.382546 -0.646254 0.600310
v -0.279143 -0.790542 -0.365251
v -0.362551 -0.646964 -0.355414
v -0.318538 -0.893281 -0.334121
v -0.411289 -0.713648 -0.328023
v -0.144302 -0.510486 -0.374922
v -0.211705 -0.438788 -0.384032
v -0.110268 -0.451383 -0.394039
v -0.174075 -0.384022 -0.404854
v -0.157275 -0.635644 -0.338345
v -0.219299 -0.875899 -0.341213
v -0.126246 -0.666592 -0.306480
v -0.308233 -0.478550 -0.361750
v -0.403884 -0.592451 -0.328467
v -0.351322 -0.437348 -0.347449
v -0.087559 -0.505966 -0.372624
v -0.095624 -0.600907 -0.324793
v -0.218407 -0.366338 -0.396867
v -0.301601 -0.389632 -0.363068
v -0.431901 -0.324500 -0.174692
v -0.438458 -0.279981 -0.093478
v -0.438130 -0.399857 -0.160643
v -0.442994 -0.343332 -0.078745
v -0.384905 -0.138190 -0.201249
v -0.397441 -0.108375 -0.135396
v -0.364156 -0.091208 -0.209209
v -0.375133 -0.071366 -0.148009
v -0.402078 -0.240911 -0.223755
v -0.429539 -0.387151 -0.210615
v -0.400213 -0.291208 -0.259857
v -0.427577 -0.172995 -0.080714
v -0.444875 -0.287910 -0.048432
v -0.435072 -0.178714 -0.037103
v -0.364103 -0.121868 -0.236319
v -0.380252 -0.219566 -0.260002
v -0.387958 -0.080648 -0.109018
v -0.419769 -0.131935 -0.056520
v -0.403679 -0.374840 0.246108
v -0.419936 -0.312805 0.153732
v -0.397008 -0.422023 0.220203
v -0.417415 -0.359917 0.128751
v -0.405798 -0.239500 0.295153
v -0.409501 -0.178959 0.207458
v -0.406324 -0.192684 0.302764
v -0.403001 -0.138645 0.220266
v -0.404806 -0.340321 0.325223
v -0.392266 -0.432915 0.285629
v -0.396138 -0.398365 0.372468
v -0.418835 -0.211749 0.145685
v -0.424430 -0.304730 0.101078
v -0.423379 -0.204656 0.097400
v -0.405902 -0.242291 0.347701
v -0.400648 -0.348235 0.384560
v -0.404448 -0.132113 0.176012
v -0.415691 -0.161954 0.116424
v 0.211838 -0.691667 0.466048
v 0.299031 -0.660001 0.479086
v 0.230950 -0.676848 0.366796
v 0.300537 -0.628199 0.386910
v 0.211578 -0.987786 0.683854
v 0.364061 -0.882919 0.701601
v 0.164014 -0.935078 0.786484
v 0.333457 -0.880904 0.793428
v 0.161759 -0.792045 0.523713
v 0.184558 -0.689564 0.381906
v 0.118551 -0.716863 0.466976
v 0.100379 -0.901070 0.688379
v 0.101771 -0.761357 0.531017
v 0.359852 -0.706150 0.570590
v 0.329056 -0.606023 0.423947
v 0.364759 -0.609388 0.523119
v 0.385752 -0.780589 0.739845
v 0.382060 -0.646371 0.597334
v 0.280576 -0.795864 -0.366955
v 0.363668 -0.648434 -0.356481
v 0.322578 -0.893739 -0.332462
v 0.411883 -0.711979 -0.325815
v 0.143900 -0.510080 -0.373990
v 0.210549 -0.438686 -0.384253
v 0.108400 -0.452791 -0.392600
v 0.173424 -0.384781 -0.404095
v 0.159110 -0.636613 -0.338343
v 0.227958 -0.885726 -0.336778
v 0.126158 -0.670379 -0.307005
v 0.087679 -0.503225 -0.370428
v 0.095034 -0.603019 -0.326908
v 0.307463 -0.474911 -0.363731
v 0.404726 -0.592817 -0.326881
v 0.347533 -0.440166 -0.345565
v 0.217854 -0.367166 -0.394998
v 0.301877 -0.389709 -0.362969
v 0.429336 -0.327766 -0.172539
v 0.441276 -0.278955 -0.094002
v 0.441367 -0.398136 -0.162274
v 0.444480 -0.343458 -0.076845
v 0.387152 -0.138072 -0.199222
v 0.396906 -0.115105 -0.134092
v 0.366486 -0.091501 -0.206877
v 0.376844 -0.073996 -0.147654
v 0.402840 -0.239841 -0.223244
v 0.430577 -0.386605 -0.209578
v 0.398424 -0.291399 -0.257575
v 0.426714 -0.171923 -0.080735
v 0.445024 -0.285837 -0.047145
v 0.438452 -0.177907 -0.038414
v 0.365641 -0.123042 -0.233094
v 0.381164 -0.219999 -0.259907
v 0.390030 -0.084615 -0.108583
v 0.418944 -0.133275 -0.055371
v 0.401250 -0.376615 0.246631
v 0.421617 -0.312578 0.154982
v 0.397881 -0.422726 0.222150
v 0.417292 -0.359992 0.129314
v 0.406009 -0.239095 0.295742
v 0.407683 -0.181908 0.210166
v 0.405770 -0.195398 0.305006
v 0.402907 -0.143871 0.222276
v 0.402614 -0.338992 0.325576
v 0.388406 -0.431898 0.286903
v 0.397694 -0.398726 0.370136
v 0.418347 -0.214914 0.146402
v 0.424855 -0.305843 0.100507
v 0.424337 -0.206439 0.098216
v 0.406698 -0.243937 0.347721
v 0.401189 -0.349129 0.383543
v 0.405367 -0.136695 0.178610
v 0.416043 -0.164488 0.118676
v 0.065231 -0.088905 0.896874
v -0.064965 -0.089204 0.896814
v 0.071617 -0.158904 0.953356
v -0.069537 -0.159054 0.953526
v 0.053573 0.073926 0.750179
v -0.053357 0.073607 0.750253
v 0.048944 0.103159 0.694358
v -0.048514 0.103535 0.694615
v 0.117699 0.004071 0.812269
v 0.131093 -0.123346 0.893118
v 0.177979 -0.028720 0.809589
v -0.117614 0.002721 0.812924
v -0.129591 -0.123311 0.894190
v -0.177124 -0.028253 0.810503
v 0.100476 0.086369 0.712342
v 0.166169 0.024265 0.766537
v -0.099437 0.086421 0.711226
v -0.165979 0.023073 0.766775
v 0.365210 -0.383991 0.729194
v 0.335225 -0.270873 0.769435
v 0.344249 -0.435725 0.785383
v 0.296720 -0.311275 0.813595
v 0.401521 -0.232500 0.555512
v 0.381418 -0.160093 0.590946
v 0.398455 -0.192033 0.498114
v 0.380501 -0.130357 0.532470
v 0.393625 -0.347995 0.617213
v 0.375499 -0.470755 0.741258
v 0.395218 -0.419841 0.622046
v 0.401919 -0.244605 0.503219
v 0.398749 -0.358004 0.562011
v 0.357880 -0.162633 0.701075
v 0.297136 -0.234218 0.809368
v 0.327141 -0.131022 0.741126
v 0.367777 -0.109007 0.573142
v 0.341523 -0.104412 0.676621
v -0.364379 -0.382623 0.730520
v -0.335049 -0.270579 0.770075
v -0.341111 -0.432866 0.785831
v -0.295256 -0.312014 0.813547
v -0.405246 -0.232270 0.555967
v -0.381245 -0.159600 0.591877
v -0.399659 -0.191524 0.498587
v -0.381620 -0.128541 0.531443
v -0.397452 -0.350105 0.620634
v -0.375262 -0.468876 0.744197
v -0.398374 -0.421365 0.625572
v -0.403708 -0.242980 0.504642
v -0.403377 -0.358588 0.564410
v -0.358653 -0.165608 0.701973
v -0.296791 -0.233497 0.808778
v -0.325626 -0.131233 0.742444
v -0.367708 -0.108274 0.574072
v -0.342136 -0.107001 0.677864
v 0.211468 0.101608 0.414344
v 0.211947 0.084745 0.509290
v 0.179356 0.116188 0.416498
v 0.176196 0.102498 0.514334
v 0.295285 0.053675 0.385175
v 0.304666 0.026291 0.467910
v 0.313947 0.041244 0.369220
v 0.324831 0.010322 0.444510
v 0.256547 0.089237 0.359639
v 0.194719 0.119499 0.368786
v 0.239071 0.109298 0.318326
v 0.304418 0.060080 0.337926
v 0.263893 0.094159 0.312540
v 0.262268 0.043637 0.541136
v 0.194571 0.089095 0.562233
v 0.250384 0.043714 0.600108
v 0.319850 0.001037 0.496131
v 0.281516 0.015604 0.578460
v -0.211189 0.101047 0.415655
v -0.212845 0.086509 0.508905
v -0.179445 0.116171 0.418705
v -0.175747 0.102990 0.513271
v -0.296678 0.055145 0.385691
v -0.302554 0.028422 0.467885
v -0.316689 0.041149 0.368731
v -0.324657 0.012101 0.444612
v -0.255955 0.089805 0.360293
v -0.195760 0.119896 0.370189
v -0.240321 0.110148 0.319791
v -0.302281 0.059305 0.336340
v -0.267146 0.093794 0.313086
v -0.263187 0.044247 0.540388
v -0.190999 0.087296 0.561320
v -0.247150 0.040929 0.595538
v -0.317261 0.001050 0.497651
v -0.280548 0.015764 0.577376
v 0.038701 0.014921 -0.665590
v -0.037562 0.018194 -0.666723
v 0.032649 0.015050 -0.600252
v -0.034457 0.015338 -0.601846
v 0.057862 0.089345 -0.870276
v -0.060588 0.089894 -0.870532
v 0.064000 0.145734 -0.917589
v -0.066460 0.146143 -0.917764
v 0.095511 0.021425 -0.770747
v 0.071114 0.011411 -0.624329
v 0.133307 -0.004328 -0.728804
v -0.097317 0.025590 -0.770674
v -0.073956 0.012847 -0.624932
v -0.133650 -0.004777 -0.729764
v 0.125003 0.101950 -0.908395
v 0.154029 0.010860 -0.809773
v -0.127813 0.103089 -0.911130
v -0.155853 0.014475 -0.810368
v 0.197893 -0.104685 -0.405649
v 0.166300 -0.021268 -0.442219
v 0.170109 -0.128216 -0.423935
v 0.136581 -0.039485 -0.456193
v 0.264198 -0.037107 -0.348476
v 0.258566 0.010136 -0.426622
v 0.286709 -0.021501 -0.336781
v 0.283377 0.023301 -0.415389
v 0.254437 -0.111547 -0.361713
v 0.204992 -0.165881 -0.404056
v 0.269846 -0.172725 -0.364469
v 0.290101 -0.060782 -0.320129
v 0.289664 -0.142617 -0.342708
v 0.214962 0.005927 -0.486050
v 0.144707 -0.002357 -0.485647
v 0.200481 0.013154 -0.542945
v 0.275739 0.033068 -0.469032
v 0.237367 0.025492 -0.540286
v -0.197499 -0.103264 -0.405974
v -0.167838 -0.021173 -0.446845
v -0.171291 -0.126904 -0.424814
v -0.137153 -0.035526 -0.455468
v -0.263733 -0.035948 -0.351843
v -0.258871 0.009917 -0.429583
v -0.283005 -0.018995 -0.339034
v -0.282330 0.024034 -0.413898
v -0.252846 -0.111081 -0.363311
v -0.207080 -0.164320 -0.405471
v -0.267976 -0.172175 -0.363401
v -0.286714 -0.059233 -0.321653
v -0.289219 -0.139329 -0.340614
v -0.216396 0.009996 -0.487050
v -0.144786 -0.004500 -0.487075
v -0.203346 0.013878 -0.545388
v -0.275236 0.034559 -0.471400
v -0.238291 0.024210 -0.543463
v 0.353009 0.367601 -0.777628
v 0.368226 0.245699 -0.878618
v 0.319704 0.410998 -0.817059
v 0.324188 0.290102 -0.924931
v 0.355556 0.238752 -0.588868
v 0.354849 0.162238 -0.630597
v 0.350053 0.203374 -0.526688
v 0.346056 0.143630 -0.553754
v 0.353412 0.347014 -0.650403
v 0.329607 0.443740 -0.750801
v 0.347610 0.418841 -0.636281
v 0.346563 0.253635 -0.533242
v 0.346633 0.365182 -0.585707
v 0.369986 0.139424 -0.775935
v 0.334766 0.199190 -0.936055
v 0.338420 0.094483 -0.816993
v 0.338457 0.120432 -0.596366
v 0.332565 0.096538 -0.717233
v -0.351361 0.365877 -0.779858
v -0.368396 0.245926 -0.879202
v -0.318962 0.410136 -0.817139
v -0.324958 0.289707 -0.924640
v -0.357966 0.238098 -0.592104
v -0.358930 0.161076 -0.631919
v -0.351278 0.200970 -0.527551
v -0.346486 0.143367 -0.556845
v -0.353945 0.347329 -0.651855
v -0.330657 0.442214 -0.749845
v -0.347513 0.419348 -0.636270
v -0.349607 0.252910 -0.533167
v -0.347012 0.364881 -0.587333
v -0.371130 0.140042 -0.775480
v -0.334744 0.199320 -0.935262
v -0.338722 0.096325 -0.816449
v -0.337510 0.119800 -0.598279
v -0.332116 0.096394 -0.720623
v 0.355385 0.042715 -0.055570
v 0.362840 0.007074 -0.038306
v 0.353690 0.049677 -0.093441
v 0.361575 0.011548 -0.076847
v 0.357050 0.020320 0.060855
v 0.374674 -0.012291 0.071792
v 0.360677 0.014237 0.095828
v 0.374629 -0.017358 0.109365
v 0.352617 0.043446 -0.002962
v 0.349949 0.062980 -0.084726
v 0.346717 0.062897 -0.032830
v 0.353259 0.028933 0.072731
v 0.347493 0.056119 0.006939
v 0.376876 -0.022408 0.023769
v 0.369160 -0.012420 -0.053170
v 0.386018 -0.046187 0.006975
v 0.382291 -0.035218 0.098087
v 0.388616 -0.053292 0.045724
v -0.353506 0.042650 -0.055420
v -0.364070 0.007542 -0.041248
v -0.352604 0.050845 -0.094915
v -0.359506 0.013160 -0.078743
v -0.357102 0.021286 0.059193
v -0.370169 -0.008736 0.073791
v -0.355331 0.018079 0.095293
v -0.370529 -0.009590 0.108862
v -0.350805 0.044690 -0.006671
v -0.350767 0.061227 -0.085798
v -0.345326 0.064557 -0.035029
v -0.351216 0.032454 0.070387
v -0.346341 0.057948 0.003840
v -0.375001 -0.022547 0.020773
v -0.368243 -0.010576 -0.054992
v -0.384435 -0.043549 0.003701
v -0.379214 -0.032390 0.096544
v -0.388010 -0.049954 0.045009
v -0.083568 0.392627 -0.169015
v -0.085650 0.333571 -0.158443
v -0.126767 0.578335 -0.250543
v -0.158097 0.599833 -0.286279
v -0.066038 0.355277 -0.162070
v -0.130233 0.642099 -0.296242
v -0.174555 0.227274 -0.054570
v -0.198380 0.208719 -0.043321
v -0.200203 0.204019 -0.001829
v -0.259210 0.515532 -0.314949
v -0.251741 0.446569 -0.292942
v -0.286584 0.522492 -0.337010
v -0.234099 0.226277 -0.152670
v -0.237031 0.205395 -0.112000
v -0.256483 0.190441 -0.112780
v 0.078306 0.392432 -0.165459
v 0.084662 0.333773 -0.155769
v 0.120960 0.572353 -0.256382
v 0.153293 0.594945 -0.289011
v 0.064284 0.354022 -0.159035
v 0.129002 0.638606 -0.297422
v 0.171214 0.227830 -0.051246
v 0.196833 0.210223 -0.042843
v 0.197778 0.204424 -0.000780
v 0.255475 0.515206 -0.304962
v 0.252488 0.445318 -0.283203
v 0.280924 0.517400 -0.336414
v 0.231885 0.226244 -0.151991
v 0.234771 0.206539 -0.110709
v 0.254271 0.190114 -0.114310
v -0.204263 -0.667922 0.127137
v -0.227232 -0.681582 0.201342
v -0.188080 -0.911133 -0.069008
v -0.259005 -0.983377 -0.164481
v -0.179255 -0.681535 0.213749
v -0.145104 -0.930044 -0.188053
v -0.342153 -0.564949 0.263139
v -0.367283 -0.517323 0.225780
v -0.358963 -0.529822 0.300195
v -0.447024 -0.639299 -0.219689
v -0.447768 -0.550222 -0.182410
v -0.439949 -0.542846 -0.239156
v -0.439189 -0.406138 -0.008921
v -0.427469 -0.408258 0.044917
v -0.441291 -0.349247 0.018971
v 0.200084 -0.674674 0.128136
v 0.226546 -0.681506 0.200036
v 0.182817 -0.915777 -0.078104
v 0.264453 -0.981597 -0.164155
v 0.178557 -0.680999 0.213732
v 0.166816 -0.944455 -0.186985
v 0.340921 -0.563897 0.262419
v 0.367038 -0.516791 0.227380
v 0.358474 -0.528045 0.299893
v 0.444467 -0.638189 -0.218551
v 0.446078 -0.550176 -0.179803
v 0.440624 -0.544662 -0.240521
v 0.434034 -0.405529 -0.006493
v 0.423537 -0.407604 0.046159
v 0.431614 -0.350161 0.023240
v -0.054460 -0.668050 0.770280
v 0.054692 -0.664737 0.770566
v -0.298173 -0.673532 0.845238
v -0.303726 -0.571511 0.834727
v 0.000251 -0.628791 0.704629
v -0.356602 -0.631849 0.809053
v 0.298618 -0.679306 0.845671
v 0.304550 -0.574832 0.834868
v 0.359610 -0.636393 0.807596
v 0.129637 -0.271131 0.899193
v 0.189809 -0.310543 0.871044
v -0.130580 -0.271321 0.899043
v -0.190245 -0.310533 0.874388
v 0.192438 -0.233137 0.875793
v -0.191604 -0.234806 0.879877
v -0.015315 0.193746 0.207892
v 0.013625 0.193631 0.208934
v -0.109319 0.152291 0.317141
v -0.127932 0.138303 0.368458
v -0.001522 0.210465 0.152524
v -0.142757 0.147137 0.320049
v 0.110392 0.151458 0.319221
v 0.126900 0.139007 0.368179
v 0.143863 0.145696 0.319999
v 0.081121 0.127550 0.603015
v 0.112186 0.120930 0.559148
v -0.081910 0.126043 0.605071
v -0.112673 0.123452 0.561183
v 0.126103 0.111886 0.611764
v -0.125156 0.111358 0.613786
v -0.024100 -0.404319 -0.419389
v 0.025340 -0.404122 -0.420333
v -0.145896 -0.273222 -0.437633
v -0.144772 -0.209691 -0.440865
v -0.001244 -0.453033 -0.396922
v -0.182274 -0.252145 -0.424459
v 0.142382 -0.275108 -0.440558
v 0.144545 -0.214330 -0.441712
v 0.180910 -0.253708 -0.425039
v 0.055740 -0.006601 -0.520525
v 0.082539 -0.027938 -0.494773
v -0.056009 -0.004681 -0.519284
v -0.081959 -0.028112 -0.492674
v 0.086850 0.004095 -0.524737
v -0.086592 0.004493 -0.522910
v -0.043982 0.776438 -0.737854
v 0.042848 0.776250 -0.736441
v -0.249979 0.613210 -0.788584
v -0.261595 0.533684 -0.811868
v 0.000231 0.821739 -0.690350
v -0.290826 0.572679 -0.765201
v 0.251013 0.615038 -0.787472
v 0.261890 0.533134 -0.811058
v 0.291925 0.574077 -0.764063
v 0.138239 0.250548 -0.962039
v 0.211080 0.292705 -0.982814
v -0.141252 0.249550 -0.962742
v -0.213324 0.292524 -0.982173
v 0.215192 0.200031 -0.988146
v -0.214492 0.203397 -0.989129
v 0.336170 0.176355 -0.378581
v 0.342098 0.178933 -0.421145
v 0.345623 0.102818 -0.201392
v 0.349819 0.081861 -0.165040
v 0.334053 0.213452 -0.427925
v 0.345407 0.094426 -0.159778
v 0.332084 -0.035080 -0.250502
v 0.315502 -0.018074 -0.284197
v 0.356866 -0.014231 -0.143104
v 0.355869 0.005088 -0.127213
v 0.324565 -0.059668 -0.271711
v 0.364323 -0.022249 -0.107333
v 0.316895 0.064284 -0.429988
v 0.328708 0.093396 -0.458809
v 0.316523 0.075938 -0.489127
v 0.334974 0.040110 0.264684
v 0.333397 0.032376 0.304042
v 0.349611 0.030006 0.159574
v 0.355840 0.019616 0.144646
v 0.321714 0.052817 0.279299
v 0.348054 0.034101 0.121843
v 0.401329 -0.158757 0.354145
v 0.398162 -0.157728 0.399820
v 0.393704 -0.074079 0.199606
v 0.384952 -0.046485 0.172756
v 0.403174 -0.201493 0.402361
v 0.392510 -0.068397 0.161792
v 0.366125 -0.064024 0.460612
v 0.355256 -0.032311 0.443240
v 0.352903 -0.049080 0.494792
v -0.338361 0.176407 -0.377975
v -0.341999 0.176033 -0.423048
v -0.344644 0.103135 -0.204099
v -0.349182 0.080494 -0.167839
v -0.336781 0.213533 -0.427048
v -0.345850 0.094400 -0.160835
v -0.329266 -0.034373 -0.256689
v -0.315547 -0.019478 -0.288675
v -0.356461 -0.013392 -0.143731
v -0.354783 0.007036 -0.128955
v -0.322631 -0.057706 -0.272651
v -0.364760 -0.020416 -0.105967
v -0.316308 0.063585 -0.434258
v -0.329356 0.092599 -0.463350
v -0.314079 0.075935 -0.492783
v -0.334774 0.040810 0.264206
v -0.332626 0.035223 0.305316
v -0.348148 0.036357 0.156510
v -0.353034 0.023281 0.142675
v -0.323865 0.054097 0.281163
v -0.347547 0.038785 0.118827
v -0.399150 -0.155990 0.356637
v -0.398231 -0.155885 0.398717
v -0.391111 -0.070935 0.198432
v -0.384594 -0.042321 0.169220
v -0.401973 -0.200046 0.399850
v -0.391100 -0.064798 0.159716
v -0.365087 -0.063122 0.461609
v -0.352955 -0.032455 0.442307
v -0.351575 -0.049485 0.495013
v -0.009130 0.289172 -0.134521
v 0.006896 0.289703 -0.134386
v -0.002365 0.266485 -0.082391
v -0.035519 0.801427 -0.408194
v 0.034723 0.801052 -0.404727
v -0.000872 0.833722 -0.465568
v -0.242571 0.144396 0.184948
v -0.234740 0.135833 0.229468
v -0.259623 0.119760 0.227822
v -0.367010 0.531377 -0.495299
v -0.356792 0.520191 -0.561227
v -0.340020 0.451798 -0.513629
v -0.323475 0.104022 -0.051107
v -0.334010 0.090185 -0.058653
v -0.335722 0.083779 -0.014717
v 0.239108 0.146423 0.183162
v 0.233148 0.138779 0.230366
v 0.256477 0.121188 0.226489
v 0.366611 0.534694 -0.498752
v 0.354843 0.520387 -0.561584
v 0.340783 0.450747 -0.515166
v 0.322216 0.105795 -0.050709
v 0.331604 0.096246 -0.060437
v 0.335564 0.084257 -0.015990
v -0.028086 -0.696908 0.383040
v 0.027930 -0.697372 0.383377
v 0.001036 -0.714043 0.457745
v -0.037971 -0.612495 -0.247452
v 0.037946 -0.611194 -0.249115
v -0.001411 -0.602700 -0.286238
v -0.387133 -0.478611 0.487647
v -0.393472 -0.492132 0.555700
v -0.397848 -0.421851 0.499705
v -0.362267 -0.308747 -0.322396
v -0.323812 -0.273331 -0.347151
v -0.343938 -0.234422 -0.322532
v -0.421629 -0.147989 0.027713
v -0.410068 -0.105230 0.008079
v -0.410148 -0.111784 0.048823
v 0.389275 -0.479213 0.486960
v 0.393494 -0.491291 0.553410
v 0.398734 -0.421048 0.497793
v 0.362293 -0.309925 -0.322717
v 0.326408 -0.274572 -0.347575
v 0.346433 -0.234092 -0.322333
v 0.423216 -0.150683 0.029642
v 0.411223 -0.106673 0.008946
v 0.411020 -0.114609 0.052256
v 0.266332 -0.040098 0.740341
v 0.248188 0.002401 0.698342
v 0.287336 -0.030067 0.676030
v -0.265770 -0.042038 0.740444
v -0.248277 0.005638 0.704038
v -0.290672 -0.027604 0.678579
v 0.211713 0.019007 -0.674070
v 0.246102 0.031341 -0.751079
v 0.257218 0.039788 -0.671806
v -0.212493 0.022535 -0.675098
v -0.247347 0.032334 -0.754137
v -0.257525 0.038551 -0.674122
f 1 647 644
f 1 644 643
f 1 643 645
f 1 645 646
f 1 646 647
f 2 649 652
f 6 672 670
f 12 702 699
f 11 696 695
f 8 679 681
f 4 662 659
f 4 659 658
f 4 658 660
f 4 660 661
f 4 661 662
f 5 666 665
f 3 654 657
f 7 673 677
f 9 685 686
f 10 692 688
f 12 701 698
f 6 669 668
f 2 650 648
f 8 682 678
f 11 697 693
f 6 671 669
f 12 700 701
f 11 694 697
f 8 680 682
f 2 651 650
f 10 690 689
f 5 663 664
f 3 655 653
f 7 676 674
f 9 687 684
f 10 691 690
f 5 667 663
f 3 656 655
f 7 675 676
f 9 683 687
f 6 668 672
f 2 648 649
f 8 678 679
f 11 693 696
f 12 698 702
f 10 688 691
f 5 665 667
f 3 657 656
f 7 677 675
f 9 686 683
f 5 664 666
f 3 653 654
f 7 674 673
f 9 684 685
f 10 689 692
f 6 670 671
f 12 699 700
f 11 695 694
f 8 681 680
f 2 652 651
f 35 837 838
f 18 735 736
f 19 742 741
f 40 868 867
f 42 880 879
f 34 832 831
f 33 827 828
f 25 778 780
f 36 844 846
f 20 749 747
f 32 819 820
f 23 765 767
f 24 773 771
f 37 850 849
f 41 876 875
f 34 833 834
f 33 826 825
f 25 779 777
f 36 845 843
f 20 748 750
f 17 729 727
f 14 711 709
f 13 706 703
f 15 718 715
f 16 724 721
f 18 737 733
f 35 839 835
f 42 882 878
f 40 870 866
f 19 744 740
f 30 807 805
f 27 789 787
f 22 762 758
f 28 797 793
f 29 802 799
f 32 821 817
f 23 766 763
f 24 774 770
f 37 852 848
f 41 874 872
f 35 838 836
f 18 736 734
f 19 741 739
f 40 867 865
f 42 879 877
f 34 831 829
f 33 828 824
f 25 780 776
f 36 846 842
f 20 747 745
f 32 820 818
f 23 767 764
f 24 771 769
f 37 849 847
f 41 875 871
f 34 834 830
f 33 825 823
f 25 777 775
f 36 843 841
f 20 750 746
f 14 714 710
f 13 707 704
f 15 719 716
f 16 725 722
f 17 732 728
f 21 755 752
f 31 814 811
f 26 784 781
f 38 857 853
f 39 862 860
f 27 792 788
f 22 759 757
f 28 796 794
f 29 803 800
f 30 810 806
f 31 815 812
f 26 785 782
f 38 856 854
f 39 863 859
f 21 754 751
f 14 712 714
f 13 705 707
f 15 717 719
f 16 723 725
f 17 730 732
f 21 753 755
f 31 816 814
f 26 786 784
f 38 858 857
f 39 861 862
f 27 791 792
f 22 761 759
f 28 795 796
f 29 801 803
f 30 808 810
f 31 813 815
f 26 783 785
f 38 855 856
f 39 864 863
f 21 756 754
f 14 709 712
f 13 703 705
f 15 715 717
f 16 721 723
f 17 727 730
f 21 751 753
f 31 812 816
f 26 782 786
f 38 854 858
f 39 859 861
f 27 787 791
f 22 758 761
f 28 793 795
f 29 799 801
f 30 805 808
f 31 811 813
f 26 781 783
f 38 853 855
f 39 860 864
f 21 752 756
f 17 728 731
f 14 710 713
f 13 704 708
f 15 716 720
f 16 722 726
f 18 734 738
f 35 836 840
f 42 877 881
f 40 865 869
f 19 739 743
f 30 806 809
f 27 788 790
f 22 757 760
f 28 794 798
f 29 800 804
f 32 818 822
f 23 764 768
f 24 769 772
f 37 847 851
f 41 871 873
f 35 835 837
f 18 733 735
f 19 740 742
f 40 866 868
f 42 878 880
f 34 830 832
f 33 823 827
f 25 775 778
f 36 841 844
f 20 746 749
f 32 817 819
f 23 763 765
f 24 770 773
f 37 848 850
f 41 872 876
f 34 829 833
f 33 824 826
f 25 776 779
f 36 842 845
f 20 745 748
f 17 731 729
f 14 713 711
f 13 708 706
f 15 720 718
f 16 726 724
f 18 738 737
f 35 840 839
f 42 881 882
f 40 869 870
f 19 743 744
f 30 809 807
f 27 790 789
f 22 760 762
f 28 798 797
f 29 804 802
f 32 822 821
f 23 768 766
f 24 772 774
f 37 851 852
f 41 873 874
f 107 1269 1270
f 103 1245 1246
f 104 1252 1251
f 110 1288 1287
f 113 1306 1305
f 118 1336 1335
f 154 1551 1552
f 141 1473 1474
f 162 1599 1600
f 121 1354 1353
f 142 1479 1480
f 129 1401 1402
f 130 1408 1407
f 144 1492 1491
f 146 1504 1503
f 151 1533 1534
f 131 1414 1413
f 136 1444 1443
f 161 1594 1593
f 126 1383 1384
f 116 1323 1324
f 108 1275 1276
f 106 1263 1264
f 112 1299 1300
f 115 1317 1318
f 119 1341 1342
f 156 1564 1563
f 139 1462 1461
f 160 1588 1587
f 120 1347 1348
f 149 1521 1522
f 132 1420 1419
f 128 1395 1396
f 145 1497 1498
f 148 1515 1516
f 155 1557 1558
f 133 1425 1426
f 134 1431 1432
f 157 1570 1569
f 124 1372 1371
f 109 1282 1281
f 105 1258 1257
f 111 1294 1293
f 114 1312 1311
f 117 1330 1329
f 125 1378 1377
f 152 1540 1539
f 137 1449 1450
f 158 1575 1576
f 123 1365 1366
f 143 1486 1485
f 127 1390 1389
f 135 1437 1438
f 147 1510 1509
f 150 1528 1527
f 153 1546 1545
f 140 1468 1467
f 138 1455 1456
f 159 1581 1582
f 122 1359 1360
f 107 1272 1271
f 103 1248 1247
f 104 1253 1254
f 110 1289 1290
f 113 1307 1308
f 118 1337 1338
f 154 1554 1553
f 141 1476 1475
f 162 1602 1601
f 121 1355 1356
f 142 1482 1481
f 129 1404 1403
f 130 1409 1410
f 144 1493 1494
f 146 1505 1506
f 151 1536 1535
f 131 1415 1416
f 136 1445 1446
f 161 1595 1596
f 126 1386 1385
f 47 909 907
f 44 891 889
f 43 886 883
f 45 898 895
f 46 904 901
f 49 922 919
f 72 1060 1057
f 102 1240 1237
f 96 1204 1201
f 79 1102 1099
f 62 999 997
f 59 981 979
f 58 976 973
f 60 988 985
f 61 994 991
f 66 1024 1021
f 54 952 949
f 73 1066 1063
f 85 1138 1135
f 92 1179 1177
f 101 1233 1231
f 69 1041 1039
f 50 927 925
f 82 1119 1117
f 97 1209 1207
f 71 1053 1051
f 100 1228 1225
f 94 1192 1189
f 80 1108 1105
f 51 933 931
f 90 1167 1165
f 63 1005 1003
f 55 957 955
f 76 1083 1081
f 87 1150 1147
f 91 1174 1171
f 67 1029 1027
f 56 963 961
f 75 1077 1075
f 83 1126 1123
f 68 1036 1033
f 48 915 913
f 78 1095 1093
f 93 1185 1183
f 98 1216 1213
f 88 1155 1153
f 65 1018 1015
f 57 970 967
f 77 1090 1087
f 86 1143 1141
f 64 1012 1009
f 53 945 943
f 74 1071 1069
f 84 1131 1129
f 89 1162 1159
f 70 1047 1045
f 99 1221 1219
f 95 1197 1195
f 81 1114 1111
f 52 940 937
f 109 1284 1280
f 105 1260 1256
f 111 1296 1292
f 114 1314 1310
f 117 1332 1328
f 125 1380 1376
f 152 1542 1538
f 137 1451 1447
f 158 1577 1573
f 123 1367 1363
f 143 1488 1484
f 127 1392 1388
f 135 1439 1435
f 147 1512 1508
f 150 1530 1526
f 153 1548 1544
f 140 1470 1466
f 138 1457 1453
f 159 1583 1579
f 122 1361 1357
f 107 1270 1268
f 103 1246 1244
f 104 1251 1249
f 110 1287 1285
f 113 1305 1303
f 118 1335 1333
f 154 1552 1550
f 141 1474 1472
f 162 1600 1598
f 121 1353 1351
f 142 1480 1478
f 129 1402 1400
f 130 1407 1405
f 144 1491 1489
f 146 1503 1501
f 151 1534 1532
f 131 1413 1411
f 136 1443 1441
f 161 1593 1591
f 126 1384 1382
f 116 1324 1322
f 108 1276 1274
f 106 1264 1262
f 112 1300 1298
f 115 1318 1316
f 119 1342 1340
f 156 1563 1561
f 139 1461 1459
f 160 1587 1585
f 120 1348 1346
f 149 1522 1520
f 132 1419 1417
f 128 1396 1394
f 145 1498 1496
f 148 1516 1514
f 155 1558 1556
f 133 1426 1424
f 134 1432 1430
f 157 1569 1567
f 124 1371 1369
f 109 1281 1279
f 105 1257 1255
f 111 1293 1291
f 114 1311 1309
f 117 1329 1327
f 125 1377 1375
f 152 1539 1537
f 137 1450 1448
f 158 1576 1574
f 123 1366 1364
f 143 1485 1483
f 127 1389 1387
f 135 1438 1436
f 147 1509 1507
f 150 1527 1525
f 153 1545 1543
f 140 1467 1465
f 138 1456 1454
f 159 1582 1580
f 122 1360 1358
f 107 1271 1267
f 103 1247 1243
f 104 1254 1250
f 110 1290 1286
f 113 1308 1304
f 118 1338 1334
f 154 1553 1549
f 141 1475 1471
f 162 1601 1597
f 121 1356 1352
f 142 1481 1477
f 129 1403 1399
f 130 1410 1406
f 144 1494 1490
f 146 1506 1502
f 151 1535 1531
f 131 1416 1412
f 136 1446 1442
f 161 1596 1592
f 126 1385 1381
f 44 894 890
f 43 887 884
f 45 899 896
f 46 905 902
f 47 912 908
f 52 941 938
f 70 1050 1046
f 99 1224 1220
f 95 1200 1196
f 81 1115 1112
f 59 984 980
f 58 977 974
f 60 989 986
f 61 995 992
f 62 1002 998
f 65 1019 1016
f 57 971 968
f 77 1091 1088
f 86 1146 1142
f 88 1158 1154
f 98 1217 1214
f 68 1037 1034
f 48 918 914
f 78 1098 1094
f 93 1188 1184
f 69 1044 1040
f 101 1236 1232
f 97 1212 1208
f 82 1122 1118
f 50 930 926
f 89 1163 1160
f 64 1013 1010
f 53 948 944
f 74 1074 1070
f 84 1134 1130
f 90 1170 1166
f 63 1008 1004
f 55 960 956
f 76 1086 1082
f 87 1151 1148
f 72 1061 1058
f 49 923 920
f 79 1103 1100
f 96 1205 1202
f 102 1241 1238
f 91 1175 1172
f 67 1032 1028
f 56 966 962
f 75 1080 1076
f 83 1127 1124
f 66 1025 1022
f 54 953 950
f 73 1067 1064
f 85 1139 1136
f 92 1182 1178
f 71 1056 1052
f 100 1229 1226
f 94 1193 1190
f 80 1109 1106
f 51 936 932
f 116 1325 1321
f 108 1277 1273
f 106 1265 1261
f 112 1301 1297
f 115 1319 1315
f 119 1343 1339
f 156 1566 1562
f 139 1464 1460
f 160 1590 1586
f 120 1349 1345
f 149 1523 1519
f 132 1422 1418
f 128 1397 1393
f 145 1499 1495
f 148 1517 1513
f 155 1559 1555
f 133 1427 1423
f 134 1433 1429
f 157 1572 1568
f 124 1374 1370
f 44 892 894
f 43 885 887
f 45 897 899
f 46 903 905
f 47 910 912
f 52 939 941
f 70 1048 1050
f 99 1222 1224
f 95 1198 1200
f 81 1113 1115
f 59 982 984
f 58 975 977
f 60 987 989
f 61 993 995
f 62 1000 1002
f 65 1017 1019
f 57 969 971
f 77 1089 1091
f 86 1144 1146
f 88 1156 1158
f 98 1215 1217
f 68 1035 1037
f 48 916 918
f 78 1096 1098
f 93 1186 1188
f 69 1042 1044
f 101 1234 1236
f 97 1210 1212
f 82 1120 1122
f 50 928 930
f 89 1161 1163
f 64 1011 1013
f 53 946 948
f 74 1072 1074
f 84 1132 1134
f 90 1168 1170
f 63 1006 1008
f 55 958 960
f 76 1084 1086
f 87 1149 1151
f 72 1059 1061
f 49 921 923
f 79 1101 1103
f 96 1203 1205
f 102 1239 1241
f 91 1173 1175
f 67 1030 1032
f 56 964 966
f 75 1078 1080
f 83 1125 1127
f 66 1023 1025
f 54 951 953
f 73 1065 1067
f 85 1137 1139
f 92 1180 1182
f 71 1054 1056
f 100 1227 1229
f 94 1191 1193
f 80 1107 1109
f 51 934 936
f 116 1326 1325
f 108 1278 1277
f 106 1266 1265
f 112 1302 1301
f 115 1320 1319
f 119 1344 1343
f 156 1565 1566
f 139 1463 1464
f 160 1589 1590
f 120 1350 1349
f 149 1524 1523
f 132 1421 1422
f 128 1398 1397
f 145 1500 1499
f 148 1518 1517
f 155 1560 1559
f 133 1428 1427
f 134 1434 1433
f 157 1571 1572
f 124 1373 1374
f 44 889 892
f 43 883 885
f 45 895 897
f 46 901 903
f 47 907 910
f 52 937 939
f 70 1045 1048
f 99 1219 1222
f 95 1195 1198
f 81 1111 1113
f 59 979 982
f 58 973 975
f 60 985 987
f 61 991 993
f 62 997 1000
f 65 1015 1017
f 57 967 969
f 77 1087 1089
f 86 1141 1144
f 88 1153 1156
f 98 1213 1215
f 68 1033 1035
f 48 913 916
f 78 1093 1096
f 93 1183 1186
f 69 1039 1042
f 101 1231 1234
f 97 1207 1210
f 82 1117 1120
f 50 925 928
f 89 1159 1161
f 64 1009 1011
f 53 943 946
f 74 1069 1072
f 84 1129 1132
f 90 1165 1168
f 63 1003 1006
f 55 955 958
f 76 1081 1084
f 87 1147 1149
f 72 1057 1059
f 49 919 921
f 79 1099 1101
f 96 1201 1203
f 102 1237 1239
f 91 1171 1173
f 67 1027 1030
f 56 961 964
f 75 1075 1078
f 83 1123 1125
f 66 1021 1023
f 54 949 951
f 73 1063 1065
f 85 1135 1137
f 92 1177 1180
f 71 1051 1054
f 100 1225 1227
f 94 1189 1191
f 80 1105 1107
f 51 931 934
f 116 1322 1326
f 108 1274 1278
f 106 1262 1266
f 112 1298 1302
f 115 1316 1320
f 119 1340 1344
f 156 1561 1565
f 139 1459 1463
f 160 1585 1589
f 120 1346 1350
f 149 1520 1524
f 132 1417 1421
f 128 1394 1398
f 145 1496 1500
f 148 1514 1518
f 155 1556 1560
f 133 1424 1428
f 134 1430 1434
f 157 1567 1571
f 124 1369 1373
f 47 908 911
f 44 890 893
f 43 884 888
f 45 896 900
f 46 902 906
f 49 920 924
f 72 1058 1062
f 102 1238 1242
f 96 1202 1206
f 79 1100 1104
f 62 998 1001
f 59 980 983
f 58 974 978
f 60 986 990
f 61 992 996
f 66 1022 1026
f 54 950 954
f 73 1064 1068
f 85 1136 1140
f 92 1178 1181
f 101 1232 1235
f 69 1040 1043
f 50 926 929
f 82 1118 1121
f 97 1208 1211
f 71 1052 1055
f 100 1226 1230
f 94 1190 1194
f 80 1106 1110
f 51 932 935
f 90 1166 1169
f 63 1004 1007
f 55 956 959
f 76 1082 1085
f 87 1148 1152
f 91 1172 1176
f 67 1028 1031
f 56 962 965
f 75 1076 1079
f 83 1124 1128
f 68 1034 1038
f 48 914 917
f 78 1094 1097
f 93 1184 1187
f 98 1214 1218
f 88 1154 1157
f 65 1016 1020
f 57 968 972
f 77 1088 1092
f 86 1142 1145
f 64 1010 1014
f 53 944 947
f 74 1070 1073
f 84 1130 1133
f 89 1160 1164
f 70 1046 1049
f 99 1220 1223
f 95 1196 1199
f 81 1112 1116
f 52 938 942
f 109 1279 1283
f 105 1255 1259
f 111 1291 1295
f 114 1309 1313
f 117 1327 1331
f 125 1375 1379
f 152 1537 1541
f 137 1448 1452
f 158 1574 1578
f 123 1364 1368
f 143 1483 1487
f 127 1387 1391
f 135 1436 1440
f 147 1507 1511
f 150 1525 1529
f 153 1543 1547
f 140 1465 1469
f 138 1454 1458
f 159 1580 1584
f 122 1358 1362
f 107 1267 1269
f 103 1243 1245
f 104 1250 1252
f 110 1286 1288
f 113 1304 1306
f 118 1334 1336
f 154 1549 1551
f 141 1471 1473
f 162 1597 1599
f 121 1352 1354
f 142 1477 1479
f 129 1399 1401
f 130 1406 1408
f 144 1490 1492
f 146 1502 1504
f 151 1531 1533
f 131 1412 1414
f 136 1442 1444
f 161 1592 1594
f 126 1381 1383
f 116 1321 1323
f 108 1273 1275
f 106 1261 1263
f 112 1297 1299
f 115 1315 1317
f 119 1339 1341
f 156 1562 1564
f 139 1460 1462
f 160 1586 1588
f 120 1345 1347
f 149 1519 1521
f 132 1418 1420
f 128 1393 1395
f 145 1495 1497
f 148 1513 1515
f 155 1555 1557
f 133 1423 1425
f 134 1429 1431
f 157 1568 1570
f 124 1370 1372
f 109 1280 1282
f 105 1256 1258
f 111 1292 1294
f 114 1310 1312
f 117 1328 1330
f 125 1376 1378
f 152 1538 1540
f 137 1447 1449
f 158 1573 1575
f 123 1363 1365
f 143 1484 1486
f 127 1388 1390
f 135 1435 1437
f 147 1508 1510
f 150 1526 1528
f 153 1544 1546
f 140 1466 1468
f 138 1453 1455
f 159 1579 1581
f 122 1357 1359
f 107 1268 1272
f 103 1244 1248
f 104 1249 1253
f 110 1285 1289
f 113 1303 1307
f 118 1333 1337
f 154 1550 1554
f 141 1472 1476
f 162 1598 1602
f 121 1351 1355
f 142 1478 1482
f 129 1400 1404
f 130 1405 1409
f 144 1489 1493
f 146 1501 1505
f 151 1532 1536
f 131 1411 1415
f 136 1441 1445
f 161 1591 1595
f 126 1382 1386
f 47 911 909
f 44 893 891
f 43 888 886
f 45 900 898
f 46 906 904
f 49 924 922
f 72 1062 1060
f 102 1242 1240
f 96 1206 1204
f 79 1104 1102
f 62 1001 999
f 59 983 981
f 58 978 976
f 60 990 988
f 61 996 994
f 66 1026 1024
f 54 954 952
f 73 1068 1066
f 85 1140 1138
f 92 1181 1179
f 101 1235 1233
f 69 1043 1041
f 50 929 927
f 82 1121 1119
f 97 1211 1209
f 71 1055 1053
f 100 1230 1228
f 94 1194 1192
f 80 1110 1108
f 51 935 933
f 90 1169 1167
f 63 1007 1005
f 55 959 957
f 76 1085 1083
f 87 1152 1150
f 91 1176 1174
f 67 1031 1029
f 56 965 963
f 75 1079 1077
f 83 1128 1126
f 68 1038 1036
f 48 917 915
f 78 1097 1095
f 93 1187 1185
f 98 1218 1216
f 88 1157 1155
f 65 1020 1018
f 57 972 970
f 77 1092 1090
f 86 1145 1143
f 64 1014 1012
f 53 947 945
f 74 1073 1071
f 84 1133 1131
f 89 1164 1162
f 70 1049 1047
f 99 1223 1221
f 95 1199 1197
f 81 1116 1114
f 52 942 940
f 109 1283 1284
f 105 1259 1260
f 111 1295 1296
f 114 1313 1314
f 117 1331 1332
f 125 1379 1380
f 152 1541 1542
f 137 1452 1451
f 158 1578 1577
f 123 1368 1367
f 143 1487 1488
f 127 1391 1392
f 135 1440 1439
f 147 1511 1512
f 150 1529 1530
f 153 1547 1548
f 140 1469 1470
f 138 1458 1457
f 159 1584 1583
f 122 1362 1361
f 407 1609 1616
f 403 1605 1608
f 404 1611 1606
f 410 1614 1612
f 413 1617 1615
f 422 1631 1624
f 486 1688 1692
f 573 1775 1782
f 561 1763 1765
f 512 1719 1714
f 452 1654 1661
f 448 1650 1653
f 449 1656 1651
f 455 1659 1657
f 458 1662 1660
f 470 1672 1675
f 437 1646 1639
f 494 1706 1696
f 531 1735 1733
f 539 1741 1751
f 568 1770 1779
f 478 1680 1683
f 419 1621 1626
f 509 1711 1721
f 554 1756 1766
f 482 1684 1689
f 576 1780 1778
f 558 1767 1760
f 516 1722 1718
f 425 1627 1629
f 542 1744 1747
f 463 1668 1665
f 434 1636 1641
f 497 1699 1704
f 528 1730 1737
f 546 1748 1750
f 464 1666 1676
f 440 1642 1644
f 500 1705 1702
f 524 1736 1726
f 479 1691 1681
f 418 1623 1620
f 508 1713 1710
f 553 1764 1755
f 569 1781 1771
f 538 1749 1740
f 471 1677 1673
f 443 1645 1647
f 501 1703 1707
f 523 1725 1734
f 467 1674 1669
f 433 1638 1635
f 493 1695 1698
f 527 1732 1729
f 543 1752 1745
f 485 1690 1687
f 572 1777 1774
f 557 1759 1762
f 515 1717 1720
f 428 1630 1632
f 591 2191 2189
f 587 1885 1883
f 588 1901 1903
f 594 2279 2281
f 597 2315 2317
f 600 2171 2173
f 634 2160 2158
f 619 2016 2012
f 639 2214 2210
f 602 1919 1924
f 624 2137 2135
f 608 1978 1973
f 610 1991 1996
f 627 2225 2227
f 630 2302 2304
f 635 2178 2176
f 615 2153 2155
f 617 2009 2014
f 637 2207 2212
f 604 1926 1922
f 416 1857 1864
f 408 1803 1810
f 406 1786 1795
f 412 1822 1831
f 415 1840 1849
f 424 1876 1887
f 492 2182 2193
f 582 2312 2321
f 565 2276 2285
f 514 1898 1907
f 461 2091 2098
f 453 2037 2044
f 451 1952 1961
f 457 2056 2067
f 460 2074 2083
f 475 2128 2139
f 439 1966 1975
f 496 1988 1997
f 533 2222 2231
f 551 2293 2298
f 579 2185 2190
f 483 1879 1884
f 426 1893 1900
f 521 2271 2278
f 566 2307 2314
f 489 2163 2170
f 578 2150 2159
f 560 2006 2015
f 518 2204 2213
f 429 1911 1918
f 547 2131 2136
f 465 1969 1977
f 441 1983 1990
f 504 2217 2224
f 537 2290 2301
f 550 2168 2177
f 476 2145 2152
f 444 2001 2008
f 502 2199 2206
f 526 1916 1925
f 481 1808 1817
f 420 1789 1797
f 510 1825 1833
f 555 1843 1851
f 571 1862 1871
f 540 1933 1941
f 473 2110 2119
f 447 2020 2029
f 507 2236 2247
f 534 2257 2262
f 469 2042 2051
f 435 1947 1954
f 498 2059 2064
f 529 2077 2085
f 545 2096 2105
f 487 2113 2121
f 574 2023 2031
f 562 2239 2244
f 520 2254 2265
f 432 1930 1939
f 589 1818 1814
f 583 1798 1793
f 586 1834 1829
f 593 1852 1847
f 596 1872 1868
f 599 1942 1937
f 633 2120 2124
f 620 2030 2034
f 640 2248 2250
f 603 2263 2261
f 622 2052 2050
f 607 1955 1960
f 612 2065 2063
f 626 2086 2081
f 629 2106 2102
f 631 2122 2117
f 614 2032 2027
f 618 2245 2243
f 641 2266 2268
f 605 1940 1944
f 409 1813 1804
f 405 1792 1785
f 411 1828 1821
f 414 1846 1839
f 417 1867 1858
f 431 1936 1929
f 488 2123 2114
f 575 2033 2024
f 563 2249 2240
f 519 2260 2253
f 454 2049 2038
f 450 1959 1951
f 456 2062 2055
f 459 2080 2073
f 462 2101 2092
f 472 2116 2109
f 446 2026 2019
f 506 2242 2235
f 535 2267 2258
f 541 1943 1934
f 570 1869 1861
f 480 1815 1807
f 421 1799 1790
f 511 1835 1826
f 556 1853 1844
f 484 1889 1880
f 580 2195 2186
f 567 2319 2308
f 522 2283 2272
f 427 1905 1894
f 544 2103 2095
f 468 2046 2041
f 436 1957 1948
f 499 2069 2060
f 530 2087 2078
f 548 2141 2132
f 466 1979 1970
f 442 1993 1984
f 505 2229 2218
f 536 2296 2289
f 491 2188 2181
f 423 1882 1875
f 513 1902 1897
f 564 2280 2275
f 581 2316 2311
f 549 2172 2167
f 477 2157 2146
f 445 2011 2002
f 503 2209 2200
f 525 1923 1915
f 474 2134 2127
f 438 1972 1965
f 495 1995 1987
f 532 2226 2221
f 552 2303 2294
f 490 2175 2164
f 577 2154 2149
f 559 2013 2005
f 517 2211 2203
f 430 1921 1912
f 590 1865 1870
f 584 1811 1816
f 585 1796 1800
f 592 1832 1836
f 595 1850 1854
f 598 1888 1890
f 636 2194 2196
f 621 2322 2320
f 642 2286 2284
f 601 1908 1906
f 623 2099 2104
f 611 2045 2047
f 609 1962 1958
f 625 2068 2070
f 628 2084 2088
f 632 2140 2142
f 613 1976 1980
f 616 1998 1994
f 638 2232 2230
f 606 2299 2297
f 407 2330 2329
f 403 2324 2323
f 404 2325 2326
f 410 2332 2333
f 413 2335 2336
f 422 2344 2345
f 486 2410 2409
f 573 2497 2496
f 561 2486 2485
f 512 2434 2435
f 452 2375 2374
f 448 2369 2368
f 449 2370 2371
f 455 2377 2378
f 458 2380 2381
f 470 2393 2392
f 437 2359 2360
f 494 2415 2416
f 531 2455 2456
f 539 2461 2460
f 568 2489 2488
f 478 2399 2398
f 419 2341 2340
f 509 2431 2430
f 554 2476 2475
f 482 2405 2404
f 576 2500 2501
f 558 2481 2482
f 516 2439 2440
f 425 2348 2347
f 542 2465 2464
f 463 2383 2384
f 434 2356 2355
f 497 2420 2419
f 528 2452 2451
f 546 2471 2470
f 464 2386 2385
f 440 2363 2362
f 500 2422 2423
f 524 2445 2446
f 479 2400 2401
f 418 2338 2339
f 508 2428 2429
f 553 2473 2474
f 569 2490 2491
f 538 2458 2459
f 471 2394 2395
f 443 2366 2365
f 501 2425 2424
f 523 2444 2443
f 467 2389 2390
f 433 2353 2354
f 493 2414 2413
f 527 2449 2450
f 543 2466 2467
f 485 2407 2408
f 572 2494 2495
f 557 2480 2479
f 515 2438 2437
f 428 2351 2350
f 591 2510 2511
f 587 2504 2505
f 588 2508 2507
f 594 2514 2513
f 597 2517 2516
f 600 2520 2519
f 634 2554 2556
f 619 2539 2540
f 639 2560 2561
f 602 2523 2521
f 624 2543 2544
f 608 2527 2529
f 610 2532 2530
f 627 2547 2546
f 630 2550 2549
f 635 2552 2553
f 615 2535 2534
f 617 2538 2536
f 637 2558 2557
f 604 2524 2525
f 167 1607 647
f 164 1603 644
f 163 1604 643
f 165 1610 645
f 166 1613 646
f 169 1622 649
f 192 1686 672
f 222 1773 702
f 216 1761 696
f 199 1712 679
f 182 1652 662
f 179 1648 659
f 178 1649 658
f 180 1655 660
f 181 1658 661
f 186 1670 666
f 174 1637 654
f 193 1694 673
f 205 1731 685
f 212 1739 692
f 221 1768 701
f 189 1678 669
f 170 1619 650
f 202 1709 682
f 217 1754 697
f 191 1682 671
f 220 1776 700
f 214 1758 694
f 200 1716 680
f 171 1625 651
f 210 1742 690
f 183 1663 663
f 175 1634 655
f 196 1697 676
f 207 1728 687
f 211 1746 691
f 187 1664 667
f 176 1640 656
f 195 1700 675
f 203 1724 683
f 188 1679 668
f 168 1618 648
f 198 1708 678
f 213 1753 693
f 218 1769 698
f 208 1738 688
f 185 1671 665
f 177 1643 657
f 197 1701 677
f 206 1723 686
f 184 1667 664
f 173 1633 653
f 194 1693 674
f 204 1727 684
f 209 1743 689
f 190 1685 670
f 219 1772 699
f 215 1757 695
f 201 1715 681
f 172 1628 652
f 357 2187 837
f 255 1881 735
f 262 1899 742
f 388 2277 868
f 400 2313 880
f 352 2169 832
f 347 2156 827
f 298 2010 778
f 364 2208 844
f 269 1917 749
f 339 2133 819
f 285 1971 765
f 293 1989 773
f 370 2223 850
f 396 2300 876
f 353 2174 833
f 346 2151 826
f 299 2007 779
f 365 2205 845
f 268 1920 748
f 249 1855 729
f 231 1801 711
f 226 1784 706
f 238 1820 718
f 244 1838 724
f 257 1874 737
f 359 2180 839
f 402 2310 882
f 390 2274 870
f 264 1896 744
f 327 2089 807
f 309 2035 789
f 282 1950 762
f 317 2054 797
f 322 2072 802
f 341 2126 821
f 286 1964 766
f 294 1986 774
f 372 2220 852
f 394 2291 874
f 358 2183 838
f 256 1877 736
f 261 1891 741
f 387 2269 867
f 399 2305 879
f 351 2161 831
f 348 2148 828
f 300 2004 780
f 366 2202 846
f 267 1909 747
f 340 2129 820
f 287 1967 767
f 291 1981 771
f 369 2215 849
f 395 2288 875
f 354 2166 834
f 345 2143 825
f 297 1999 777
f 363 2197 843
f 270 1914 750
f 234 1806 714
f 227 1787 707
f 239 1823 719
f 245 1841 725
f 252 1860 732
f 275 1931 755
f 334 2108 814
f 304 2018 784
f 377 2234 857
f 382 2255 862
f 312 2040 792
f 279 1945 759
f 316 2057 796
f 323 2075 803
f 330 2094 810
f 335 2111 815
f 305 2021 785
f 376 2237 856
f 383 2252 863
f 274 1928 754
f 232 1812 712
f 225 1791 705
f 237 1827 717
f 243 1845 723
f 250 1866 730
f 273 1935 753
f 336 2118 816
f 306 2028 786
f 378 2246 858
f 381 2259 861
f 311 2048 791
f 281 1953 761
f 315 2061 795
f 321 2079 801
f 328 2100 808
f 333 2115 813
f 303 2025 783
f 375 2241 855
f 384 2264 864
f 276 1938 756
f 229 1802 709
f 223 1783 703
f 235 1819 715
f 241 1837 721
f 247 1856 727
f 271 1927 751
f 332 2112 812
f 302 2022 782
f 374 2238 854
f 379 2251 859
f 307 2036 787
f 278 1949 758
f 313 2053 793
f 319 2071 799
f 325 2090 805
f 331 2107 811
f 301 2017 781
f 373 2233 853
f 380 2256 860
f 272 1932 752
f 248 1859 728
f 230 1805 710
f 224 1788 704
f 236 1824 716
f 242 1842 722
f 254 1878 734
f 356 2184 836
f 397 2306 877
f 385 2270 865
f 259 1892 739
f 326 2093 806
f 308 2039 788
f 277 1946 757
f 314 2058 794
f 320 2076 800
f 338 2130 818
f 284 1968 764
f 289 1982 769
f 367 2216 847
f 391 2287 871
f 355 2179 835
f 253 1873 733
f 260 1895 740
f 386 2273 866
f 398 2309 878
f 350 2165 830
f 343 2144 823
f 295 2000 775
f 361 2198 841
f 266 1913 746
f 337 2125 817
f 283 1963 763
f 290 1985 770
f 368 2219 848
f 392 2292 872
f 349 2162 829
f 344 2147 824
f 296 2003 776
f 362 2201 842
f 265 1910 745
f 251 1863 731
f 233 1809 713
f 228 1794 708
f 240 1830 720
f 246 1848 726
f 258 1886 738
f 360 2192 840
f 401 2318 881
f 389 2282 869
f 263 1904 743
f 329 2097 809
f 310 2043 790
f 280 1956 760
f 318 2066 798
f 324 2082 804
f 342 2138 822
f 288 1974 768
f 292 1992 772
f 371 2228 851
f 393 2295 873
f 409 2331 1269
f 405 2327 1245
f 411 2328 1252
f 414 2334 1288
f 417 2337 1306
f 431 2346 1336
f 488 2412 1551
f 575 2499 1473
f 563 2487 1599
f 519 2436 1354
f 454 2376 1479
f 450 2372 1401
f 456 2373 1408
f 459 2379 1492
f 462 2382 1504
f 472 2396 1533
f 446 2361 1414
f 506 2418 1444
f 535 2457 1594
f 541 2463 1383
f 570 2492 1323
f 480 2402 1275
f 421 2343 1263
f 511 2433 1299
f 556 2478 1317
f 484 2406 1341
f 580 2502 1564
f 567 2484 1462
f 522 2442 1588
f 427 2349 1347
f 544 2468 1521
f 468 2387 1420
f 436 2358 1395
f 499 2421 1497
f 530 2454 1515
f 548 2472 1557
f 466 2388 1425
f 442 2364 1431
f 505 2426 1570
f 536 2448 1372
f 491 2403 1282
f 423 2342 1258
f 513 2432 1294
f 564 2477 1312
f 581 2493 1330
f 549 2462 1378
f 477 2397 1540
f 445 2367 1449
f 503 2427 1575
f 525 2447 1365
f 474 2391 1486
f 438 2357 1390
f 495 2417 1437
f 532 2453 1510
f 552 2469 1528
f 490 2411 1546
f 577 2498 1468
f 559 2483 1455
f 517 2441 1581
f 430 2352 1359
f 590 2509 1272
f 584 2503 1248
f 585 2506 1253
f 592 2512 1289
f 595 2515 1307
f 598 2518 1337
f 636 2555 1554
f 621 2541 1476
f 642 2562 1602
f 601 2522 1355
f 623 2542 1482
f 611 2528 1404
f 609 2531 1409
f 625 2545 1493
f 628 2548 1505
f 632 2551 1536
f 613 2533 1415
f 616 2537 1445
f 638 2559 1595
f 606 2526 1386
f 407 1616 909
f 403 1608 891
f 404 1606 886
f 410 1612 898
f 413 1615 904
f 422 1624 922
f 486 1692 1060
f 573 1782 1240
f 561 1765 1204
f 512 1714 1102
f 452 1661 999
f 448 1653 981
f 449 1651 976
f 455 1657 988
f 458 1660 994
f 470 1675 1024
f 437 1639 952
f 494 1696 1066
f 531 1733 1138
f 539 1751 1179
f 568 1779 1233
f 478 1683 1041
f 419 1626 927
f 509 1721 1119
f 554 1766 1209
f 482 1689 1053
f 576 1778 1228
f 558 1760 1192
f 516 1718 1108
f 425 1629 933
f 542 1747 1167
f 463 1665 1005
f 434 1641 957
f 497 1704 1083
f 528 1737 1150
f 546 1750 1174
f 464 1676 1029
f 440 1644 963
f 500 1702 1077
f 524 1726 1126
f 479 1681 1036
f 418 1620 915
f 508 1710 1095
f 553 1755 1185
f 569 1771 1216
f 538 1740 1155
f 471 1673 1018
f 443 1647 970
f 501 1707 1090
f 523 1734 1143
f 467 1669 1012
f 433 1635 945
f 493 1698 1071
f 527 1729 1131
f 543 1745 1162
f 485 1687 1047
f 572 1774 1221
f 557 1762 1197
f 515 1720 1114
f 428 1632 940
f 591 2189 1284
f 587 1883 1260
f 588 1903 1296
f 594 2281 1314
f 597 2317 1332
f 600 2173 1380
f 634 2158 1542
f 619 2012 1451
f 639 2210 1577
f 602 1924 1367
f 624 2135 1488
f 608 1973 1392
f 610 1996 1439
f 627 2227 1512
f 630 2304 1530
f 635 2176 1548
f 615 2155 1470
f 617 2014 1457
f 637 2212 1583
f 604 1922 1361
f 416 1864 1270
f 408 1810 1246
f 406 1795 1251
f 412 1831 1287
f 415 1849 1305
f 424 1887 1335
f 492 2193 1552
f 582 2321 1474
f 565 2285 1600
f 514 1907 1353
f 461 2098 1480
f 453 2044 1402
f 451 1961 1407
f 457 2067 1491
f 460 2083 1503
f 475 2139 1534
f 439 1975 1413
f 496 1997 1443
f 533 2231 1593
f 551 2298 1384
f 579 2190 1324
f 483 1884 1276
f 426 1900 1264
f 521 2278 1300
f 566 2314 1318
f 489 2170 1342
f 578 2159 1563
f 560 2015 1461
f 518 2213 1587
f 429 1918 1348
f 547 2136 1522
f 465 1977 1419
f 441 1990 1396
f 504 2224 1498
f 537 2301 1516
f 550 2177 1558
f 476 2152 1426
f 444 2008 1432
f 502 2206 1569
f 526 1925 1371
f 481 1817 1281
f 420 1797 1257
f 510 1833 1293
f 555 1851 1311
f 571 1871 1329
f 540 1941 1377
f 473 2119 1539
f 447 2029 1450
f 507 2247 1576
f 534 2262 1366
f 469 2051 1485
f 435 1954 1389
f 498 2064 1438
f 529 2085 1509
f 545 2105 1527
f 487 2121 1545
f 574 2031 1467
f 562 2244 1456
f 520 2265 1582
f 432 1939 1360
f 589 1814 1271
f 583 1793 1247
f 586 1829 1254
f 593 1847 1290
f 596 1868 1308
f 599 1937 1338
f 633 2124 1553
f 620 2034 1475
f 640 2250 1601
f 603 2261 1356
f 622 2050 1481
f 607 1960 1403
f 612 2063 1410
f 626 2081 1494
f 629 2102 1506
f 631 2117 1535
f 614 2027 1416
f 618 2243 1446
f 641 2268 1596
f 605 1944 1385
f 409 1804 894
f 405 1785 887
f 411 1821 899
f 414 1839 905
f 417 1858 912
f 431 1929 941
f 488 2114 1050
f 575 2024 1224
f 563 2240 1200
f 519 2253 1115
f 454 2038 984
f 450 1951 977
f 456 2055 989
f 459 2073 995
f 462 2092 1002
f 472 2109 1019
f 446 2019 971
f 506 2235 1091
f 535 2258 1146
f 541 1934 1158
f 570 1861 1217
f 480 1807 1037
f 421 1790 918
f 511 1826 1098
f 556 1844 1188
f 484 1880 1044
f 580 2186 1236
f 567 2308 1212
f 522 2272 1122
f 427 1894 930
f 544 2095 1163
f 468 2041 1013
f 436 1948 948
f 499 2060 1074
f 530 2078 1134
f 548 2132 1170
f 466 1970 1008
f 442 1984 960
f 505 2218 1086
f 536 2289 1151
f 491 2181 1061
f 423 1875 923
f 513 1897 1103
f 564 2275 1205
f 581 2311 1241
f 549 2167 1175
f 477 2146 1032
f 445 2002 966
f 503 2200 1080
f 525 1915 1127
f 474 2127 1025
f 438 1965 953
f 495 1987 1067
f 532 2221 1139
f 552 2294 1182
f 490 2164 1056
f 577 2149 1229
f 559 2005 1193
f 517 2203 1109
f 430 1912 936
f 590 1870 1325
f 584 1816 1277
f 585 1800 1265
f 592 1836 1301
f 595 1854 1319
f 598 1890 1343
f 636 2196 1566
f 621 2320 1464
f 642 2284 1590
f 601 1906 1349
f 623 2104 1523
f 611 2047 1422
f 609 1958 1397
f 625 2070 1499
f 628 2088 1517
f 632 2142 1559
f 613 1980 1427
f 616 1994 1433
f 638 2230 1572
f 606 2297 1374
f 407 2329 892
f 403 2323 885
f 404 2326 897
f 410 2333 903
f 413 2336 910
f 422 2345 939
f 486 2409 1048
f 573 2496 1222
f 561 2485 1198
f 512 2435 1113
f 452 2374 982
f 448 2368 975
f 449 2371 987
f 455 2378 993
f 458 2381 1000
f 470 2392 1017
f 437 2360 969
f 494 2416 1089
f 531 2456 1144
f 539 2460 1156
f 568 2488 1215
f 478 2398 1035
f 419 2340 916
f 509 2430 1096
f 554 2475 1186
f 482 2404 1042
f 576 2501 1234
f 558 2482 1210
f 516 2440 1120
f 425 2347 928
f 542 2464 1161
f 463 2384 1011
f 434 2355 946
f 497 2419 1072
f 528 2451 1132
f 546 2470 1168
f 464 2385 1006
f 440 2362 958
f 500 2423 1084
f 524 2446 1149
f 479 2401 1059
f 418 2339 921
f 508 2429 1101
f 553 2474 1203
f 569 2491 1239
f 538 2459 1173
f 471 2395 1030
f 443 2365 964
f 501 2424 1078
f 523 2443 1125
f 467 2390 1023
f 433 2354 951
f 493 2413 1065
f 527 2450 1137
f 543 2467 1180
f 485 2408 1054
f 572 2495 1227
f 557 2479 1191
f 515 2437 1107
f 428 2350 934
f 591 2511 1326
f 587 2505 1278
f 588 2507 1266
f 594 2513 1302
f 597 2516 1320
f 600 2519 1344
f 634 2556 1565
f 619 2540 1463
f 639 2561 1589
f 602 2521 1350
f 624 2544 1524
f 608 2529 1421
f 610 2530 1398
f 627 2546 1500
f 630 2549 1518
f 635 2553 1560
f 615 2534 1428
f 617 2536 1434
f 637 2557 1571
f 604 2525 1373
f 164 1609 889
f 163 1605 883
f 165 1611 895
f 166 1614 901
f 167 1617 907
f 172 1631 937
f 190 1688 1045
f 219 1775 1219
f 215 1763 1195
f 201 1719 1111
f 179 1654 979
f 178 1650 973
f 180 1656 985
f 181 1659 991
f 182 1662 997
f 185 1672 1015
f 177 1646 967
f 197 1706 1087
f 206 1735 1141
f 208 1741 1153
f 218 1770 1213
f 188 1680 1033
f 168 1621 913
f 198 1711 1093
f 213 1756 1183
f 189 1684 1039
f 221 1780 1231
f 217 1767 1207
f 202 1722 1117
f 170 1627 925
f 209 1744 1159
f 184 1668 1009
f 173 1636 943
f 194 1699 1069
f 204 1730 1129
f 210 1748 1165
f 183 1666 1003
f 175 1642 955
f 196 1705 1081
f 207 1736 1147
f 192 1691 1057
f 169 1623 919
f 199 1713 1099
f 216 1764 1201
f 222 1781 1237
f 211 1749 1171
f 187 1677 1027
f 176 1645 961
f 195 1703 1075
f 203 1725 1123
f 186 1674 1021
f 174 1638 949
f 193 1695 1063
f 205 1732 1135
f 212 1752 1177
f 191 1690 1051
f 220 1777 1225
f 214 1759 1189
f 200 1717 1105
f 171 1630 931
f 358 2191 1322
f 256 1885 1274
f 261 1901 1262
f 387 2279 1298
f 399 2315 1316
f 351 2171 1340
f 348 2160 1561
f 300 2016 1459
f 366 2214 1585
f 267 1919 1346
f 340 2137 1520
f 287 1978 1417
f 291 1991 1394
f 369 2225 1496
f 395 2302 1514
f 354 2178 1556
f 345 2153 1424
f 297 2009 1430
f 363 2207 1567
f 270 1926 1369
f 247 1857 908
f 229 1803 890
f 223 1786 884
f 235 1822 896
f 241 1840 902
f 253 1876 920
f 355 2182 1058
f 398 2312 1238
f 386 2276 1202
f 260 1898 1100
f 325 2091 998
f 307 2037 980
f 278 1952 974
f 313 2056 986
f 319 2074 992
f 337 2128 1022
f 283 1966 950
f 290 1988 1064
f 368 2222 1136
f 392 2293 1178
f 356 2185 1232
f 254 1879 1040
f 259 1893 926
f 385 2271 1118
f 397 2307 1208
f 349 2163 1052
f 344 2150 1226
f 296 2006 1190
f 362 2204 1106
f 265 1911 932
f 338 2131 1166
f 284 1969 1004
f 289 1983 956
f 367 2217 1082
f 391 2290 1148
f 350 2168 1172
f 343 2145 1028
f 295 2001 962
f 361 2199 1076
f 266 1916 1124
f 230 1808 1034
f 224 1789 914
f 236 1825 1094
f 242 1843 1184
f 248 1862 1214
f 272 1933 1154
f 331 2110 1016
f 301 2020 968
f 373 2236 1088
f 380 2257 1142
f 308 2042 1010
f 277 1947 944
f 314 2059 1070
f 320 2077 1130
f 326 2096 1160
f 332 2113 1046
f 302 2023 1220
f 374 2239 1196
f 379 2254 1112
f 271 1930 938
f 234 1818 1279
f 227 1798 1255
f 239 1834 1291
f 245 1852 1309
f 252 1872 1327
f 275 1942 1375
f 334 2120 1537
f 304 2030 1448
f 377 2248 1574
f 382 2263 1364
f 312 2052 1483
f 279 1955 1387
f 316 2065 1436
f 323 2086 1507
f 330 2106 1525
f 335 2122 1543
f 305 2032 1465
f 376 2245 1454
f 383 2266 1580
f 274 1940 1358
f 232 1813 1267
f 225 1792 1243
f 237 1828 1250
f 243 1846 1286
f 250 1867 1304
f 273 1936 1334
f 336 2123 1549
f 306 2033 1471
f 378 2249 1597
f 381 2260 1352
f 311 2049 1477
f 281 1959 1399
f 315 2062 1406
f 321 2080 1490
f 328 2101 1502
f 333 2116 1531
f 303 2026 1412
f 375 2242 1442
f 384 2267 1592
f 276 1943 1381
f 251 1869 1321
f 233 1815 1273
f 228 1799 1261
f 240 1835 1297
f 246 1853 1315
f 258 1889 1339
f 360 2195 1562
f 401 2319 1460
f 389 2283 1586
f 263 1905 1345
f 329 2103 1519
f 310 2046 1418
f 280 1957 1393
f 318 2069 1495
f 324 2087 1513
f 342 2141 1555
f 288 1979 1423
f 292 1993 1429
f 371 2229 1568
f 393 2296 1370
f 357 2188 1280
f 255 1882 1256
f 262 1902 1292
f 388 2280 1310
f 400 2316 1328
f 352 2172 1376
f 347 2157 1538
f 298 2011 1447
f 364 2209 1573
f 269 1923 1363
f 339 2134 1484
f 285 1972 1388
f 293 1995 1435
f 370 2226 1508
f 396 2303 1526
f 353 2175 1544
f 346 2154 1466
f 299 2013 1453
f 365 2211 1579
f 268 1921 1357
f 249 1865 1268
f 231 1811 1244
f 226 1796 1249
f 238 1832 1285
f 244 1850 1303
f 257 1888 1333
f 359 2194 1550
f 402 2322 1472
f 390 2286 1598
f 264 1908 1351
f 327 2099 1478
f 309 2045 1400
f 282 1962 1405
f 317 2068 1489
f 322 2084 1501
f 341 2140 1532
f 286 1976 1411
f 294 1998 1441
f 372 2232 1591
f 394 2299 1382
f 416 2330 911
f 408 2324 893
f 406 2325 888
f 412 2332 900
f 415 2335 906
f 424 2344 924
f 492 2410 1062
f 582 2497 1242
f 565 2486 1206
f 514 2434 1104
f 461 2375 1001
f 453 2369 983
f 451 2370 978
f 457 2377 990
f 460 2380 996
f 475 2393 1026
f 439 2359 954
f 496 2415 1068
f 533 2455 1140
f 551 2461 1181
f 579 2489 1235
f 483 2399 1043
f 426 2341 929
f 521 2431 1121
f 566 2476 1211
f 489 2405 1055
f 578 2500 1230
f 560 2481 1194
f 518 2439 1110
f 429 2348 935
f 547 2465 1169
f 465 2383 1007
f 441 2356 959
f 504 2420 1085
f 537 2452 1152
f 550 2471 1176
f 476 2386 1031
f 444 2363 965
f 502 2422 1079
f 526 2445 1128
f 481 2400 1038
f 420 2338 917
f 510 2428 1097
f 555 2473 1187
f 571 2490 1218
f 540 2458 1157
f 473 2394 1020
f 447 2366 972
f 507 2425 1092
f 534 2444 1145
f 469 2389 1014
f 435 2353 947
f 498 2414 1073
f 529 2449 1133
f 545 2466 1164
f 487 2407 1049
f 574 2494 1223
f 562 2480 1199
f 520 2438 1116
f 432 2351 942
f 589 2510 1283
f 583 2504 1259
f 586 2508 1295
f 593 2514 1313
f 596 2517 1331
f 599 2520 1379
f 633 2554 1541
f 620 2539 1452
f 640 2560 1578
f 603 2523 1368
f 622 2543 1487
f 607 2527 1391
f 612 2532 1440
f 626 2547 1511
f 629 2550 1529
f 631 2552 1547
f 614 2535 1469
f 618 2538 1458
f 641 2558 1584
f 605 2524 1362
f 164 1607 1609
f 163 1603 1605
f 165 1604 1611
f 166 1610 1614
f 167 1613 1617
f 172 1622 1631
f 190 1686 1688
f 219 1773 1775
f 215 1761 1763
f 201 1712 1719
f 179 1652 1654
f 178 1648 1650
f 180 1649 1656
f 181 1655 1659
f 182 1658 1662
f 185 1670 1672
f 177 1637 1646
f 197 1694 1706
f 206 1731 1735
f 208 1739 1741
f 218 1768 1770
f 188 1678 1680
f 168 1619 1621
f 198 1709 1711
f 213 1754 1756
f 189 1682 1684
f 221 1776 1780
f 217 1758 1767
f 202 1716 1722
f 170 1625 1627
f 209 1742 1744
f 184 1663 1668
f 173 1634 1636
f 194 1697 1699
f 204 1728 1730
f 210 1746 1748
f 183 1664 1666
f 175 1640 1642
f 196 1700 1705
f 207 1724 1736
f 192 1679 1691
f 169 1618 1623
f 199 1708 1713
f 216 1753 1764
f 222 1769 1781
f 211 1738 1749
f 187 1671 1677
f 176 1643 1645
f 195 1701 1703
f 203 1723 1725
f 186 1667 1674
f 174 1633 1638
f 193 1693 1695
f 205 1727 1732
f 212 1743 1752
f 191 1685 1690
f 220 1772 1777
f 214 1757 1759
f 200 1715 1717
f 171 1628 1630
f 358 2187 2191
f 256 1881 1885
f 261 1899 1901
f 387 2277 2279
f 399 2313 2315
f 351 2169 2171
f 348 2156 2160
f 300 2010 2016
f 366 2208 2214
f 267 1917 1919
f 340 2133 2137
f 287 1971 1978
f 291 1989 1991
f 369 2223 2225
f 395 2300 2302
f 354 2174 2178
f 345 2151 2153
f 297 2007 2009
f 363 2205 2207
f 270 1920 1926
f 247 1855 1857
f 229 1801 1803
f 223 1784 1786
f 235 1820 1822
f 241 1838 1840
f 253 1874 1876
f 355 2180 2182
f 398 2310 2312
f 386 2274 2276
f 260 1896 1898
f 325 2089 2091
f 307 2035 2037
f 278 1950 1952
f 313 2054 2056
f 319 2072 2074
f 337 2126 2128
f 283 1964 1966
f 290 1986 1988
f 368 2220 2222
f 392 2291 2293
f 356 2183 2185
f 254 1877 1879
f 259 1891 1893
f 385 2269 2271
f 397 2305 2307
f 349 2161 2163
f 344 2148 2150
f 296 2004 2006
f 362 2202 2204
f 265 1909 1911
f 338 2129 2131
f 284 1967 1969
f 289 1981 1983
f 367 2215 2217
f 391 2288 2290
f 350 2166 2168
f 343 2143 2145
f 295 1999 2001
f 361 2197 2199
f 266 1914 1916
f 230 1806 1808
f 224 1787 1789
f 236 1823 1825
f 242 1841 1843
f 248 1860 1862
f 272 1931 1933
f 331 2108 2110
f 301 2018 2020
f 373 2234 2236
f 380 2255 2257
f 308 2040 2042
f 277 1945 1947
f 314 2057 2059
f 320 2075 2077
f 326 2094 2096
f 332 2111 2113
f 302 2021 2023
f 374 2237 2239
f 379 2252 2254
f 271 1928 1930
f 234 1812 1818
f 227 1791 1798
f 239 1827 1834
f 245 1845 1852
f 252 1866 1872
f 275 1935 1942
f 334 2118 2120
f 304 2028 2030
f 377 2246 2248
f 382 2259 2263
f 312 2048 2052
f 279 1953 1955
f 316 2061 2065
f 323 2079 2086
f 330 2100 2106
f 335 2115 2122
f 305 2025 2032
f 376 2241 2245
f 383 2264 2266
f 274 1938 1940
f 232 1802 1813
f 225 1783 1792
f 237 1819 1828
f 243 1837 1846
f 250 1856 1867
f 273 1927 1936
f 336 2112 2123
f 306 2022 2033
f 378 2238 2249
f 381 2251 2260
f 311 2036 2049
f 281 1949 1959
f 315 2053 2062
f 321 2071 2080
f 328 2090 2101
f 333 2107 2116
f 303 2017 2026
f 375 2233 2242
f 384 2256 2267
f 276 1932 1943
f 251 1859 1869
f 233 1805 1815
f 228 1788 1799
f 240 1824 1835
f 246 1842 1853
f 258 1878 1889
f 360 2184 2195
f 401 2306 2319
f 389 2270 2283
f 263 1892 1905
f 329 2093 2103
f 310 2039 2046
f 280 1946 1957
f 318 2058 2069
f 324 2076 2087
f 342 2130 2141
f 288 1968 1979
f 292 1982 1993
f 371 2216 2229
f 393 2287 2296
f 357 2179 2188
f 255 1873 1882
f 262 1895 1902
f 388 2273 2280
f 400 2309 2316
f 352 2165 2172
f 347 2144 2157
f 298 2000 2011
f 364 2198 2209
f 269 1913 1923
f 339 2125 2134
f 285 1963 1972
f 293 1985 1995
f 370 2219 2226
f 396 2292 2303
f 353 2162 2175
f 346 2147 2154
f 299 2003 2013
f 365 2201 2211
f 268 1910 1921
f 249 1863 1865
f 231 1809 1811
f 226 1794 1796
f 238 1830 1832
f 244 1848 1850
f 257 1886 1888
f 359 2192 2194
f 402 2318 2322
f 390 2282 2286
f 264 1904 1908
f 327 2097 2099
f 309 2043 2045
f 282 1956 1962
f 317 2066 2068
f 322 2082 2084
f 341 2138 2140
f 286 1974 1976
f 294 1992 1998
f 372 2228 2232
f 394 2295 2299
f 416 2331 2330
f 408 2327 2324
f 406 2328 2325
f 412 2334 2332
f 415 2337 2335
f 424 2346 2344
f 492 2412 2410
f 582 2499 2497
f 565 2487 2486
f 514 2436 2434
f 461 2376 2375
f 453 2372 2369
f 451 2373 2370
f 457 2379 2377
f 460 2382 2380
f 475 2396 2393
f 439 2361 2359
f 496 2418 2415
f 533 2457 2455
f 551 2463 2461
f 579 2492 2489
f 483 2402 2399
f 426 2343 2341
f 521 2433 2431
f 566 2478 2476
f 489 2406 2405
f 578 2502 2500
f 560 2484 2481
f 518 2442 2439
f 429 2349 2348
f 547 2468 2465
f 465 2387 2383
f 441 2358 2356
f 504 2421 2420
f 537 2454 2452
f 550 2472 2471
f 476 2388 2386
f 444 2364 2363
f 502 2426 2422
f 526 2448 2445
f 481 2403 2400
f 420 2342 2338
f 510 2432 2428
f 555 2477 2473
f 571 2493 2490
f 540 2462 2458
f 473 2397 2394
f 447 2367 2366
f 507 2427 2425
f 534 2447 2444
f 469 2391 2389
f 435 2357 2353
f 498 2417 2414
f 529 2453 2449
f 545 2469 2466
f 487 2411 2407
f 574 2498 2494
f 562 2483 2480
f 520 2441 2438
f 432 2352 2351
f 589 2509 2510
f 583 2503 2504
f 586 2506 2508
f 593 2512 2514
f 596 2515 2517
f 599 2518 2520
f 633 2555 2554
f 620 2541 2539
f 640 2562 2560
f 603 2522 2523
f 622 2542 2543
f 607 2528 2527
f 612 2531 2532
f 626 2545 2547
f 629 2548 2550
f 631 2551 2552
f 614 2533 2535
f 618 2537 2538
f 641 2559 2558
f 605 2526 2524
f 164 644 1607
f 163 643 1603
f 165 645 1604
f 166 646 1610
f 167 647 1613
f 172 652 1622
f 190 670 1686
f 219 699 1773
f 215 695 1761
f 201 681 1712
f 179 659 1652
f 178 658 1648
f 180 660 1649
f 181 661 1655
f 182 662 1658
f 185 665 1670
f 177 657 1637
f 197 677 1694
f 206 686 1731
f 208 688 1739
f 218 698 1768
f 188 668 1678
f 168 648 1619
f 198 678 1709
f 213 693 1754
f 189 669 1682
f 221 701 1776
f 217 697 1758
f 202 682 1716
f 170 650 1625
f 209 689 1742
f 184 664 1663
f 173 653 1634
f 194 674 1697
f 204 684 1728
f 210 690 1746
f 183 663 1664
f 175 655 1640
f 196 676 1700
f 207 687 1724
f 192 672 1679
f 169 649 1618
f 199 679 1708
f 216 696 1753
f 222 702 1769
f 211 691 1738
f 187 667 1671
f 176 656 1643
f 195 675 1701
f 203 683 1723
f 186 666 1667
f 174 654 1633
f 193 673 1693
f 205 685 1727
f 212 692 1743
f 191 671 1685
f 220 700 1772
f 214 694 1757
f 200 680 1715
f 171 651 1628
f 358 838 2187
f 256 736 1881
f 261 741 1899
f 387 867 2277
f 399 879 2313
f 351 831 2169
f 348 828 2156
f 300 780 2010
f 366 846 2208
f 267 747 1917
f 340 820 2133
f 287 767 1971
f 291 771 1989
f 369 849 2223
f 395 875 2300
f 354 834 2174
f 345 825 2151
f 297 777 2007
f 363 843 2205
f 270 750 1920
f 247 727 1855
f 229 709 1801
f 223 703 1784
f 235 715 1820
f 241 721 1838
f 253 733 1874
f 355 835 2180
f 398 878 2310
f 386 866 2274
f 260 740 1896
f 325 805 2089
f 307 787 2035
f 278 758 1950
f 313 793 2054
f 319 799 2072
f 337 817 2126
f 283 763 1964
f 290 770 1986
f 368 848 2220
f 392 872 2291
f 356 836 2183
f 254 734 1877
f 259 739 1891
f 385 865 2269
f 397 877 2305
f 349 829 2161
f 344 824 2148
f 296 776 2004
f 362 842 2202
f 265 745 1909
f 338 818 2129
f 284 764 1967
f 289 769 1981
f 367 847 2215
f 391 871 2288
f 350 830 2166
f 343 823 2143
f 295 775 1999
f 361 841 2197
f 266 746 1914
f 230 710 1806
f 224 704 1787
f 236 716 1823
f 242 722 1841
f 248 728 1860
f 272 752 1931
f 331 811 2108
f 301 781 2018
f 373 853 2234
f 380 860 2255
f 308 788 2040
f 277 757 1945
f 314 794 2057
f 320 800 2075
f 326 806 2094
f 332 812 2111
f 302 782 2021
f 374 854 2237
f 379 859 2252
f 271 751 1928
f 234 714 1812
f 227 707 1791
f 239 719 1827
f 245 725 1845
f 252 732 1866
f 275 755 1935
f 334 814 2118
f 304 784 2028
f 377 857 2246
f 382 862 2259
f 312 792 2048
f 279 759 1953
f 316 796 2061
f 323 803 2079
f 330 810 2100
f 335 815 2115
f 305 785 2025
f 376 856 2241
f 383 863 2264
f 274 754 1938
f 232 712 1802
f 225 705 1783
f 237 717 1819
f 243 723 1837
f 250 730 1856
f 273 753 1927
f 336 816 2112
f 306 786 2022
f 378 858 2238
f 381 861 2251
f 311 791 2036
f 281 761 1949
f 315 795 2053
f 321 801 2071
f 328 808 2090
f 333 813 2107
f 303 783 2017
f 375 855 2233
f 384 864 2256
f 276 756 1932
f 251 731 1859
f 233 713 1805
f 228 708 1788
f 240 720 1824
f 246 726 1842
f 258 738 1878
f 360 840 2184
f 401 881 2306
f 389 869 2270
f 263 743 1892
f 329 809 2093
f 310 790 2039
f 280 760 1946
f 318 798 2058
f 324 804 2076
f 342 822 2130
f 288 768 1968
f 292 772 1982
f 371 851 2216
f 393 873 2287
f 357 837 2179
f 255 735 1873
f 262 742 1895
f 388 868 2273
f 400 880 2309
f 352 832 2165
f 347 827 2144
f 298 778 2000
f 364 844 2198
f 269 749 1913
f 339 819 2125
f 285 765 1963
f 293 773 1985
f 370 850 2219
f 396 876 2292
f 353 833 2162
f 346 826 2147
f 299 779 2003
f 365 845 2201
f 268 748 1910
f 249 729 1863
f 231 711 1809
f 226 706 1794
f 238 718 1830
f 244 724 1848
f 257 737 1886
f 359 839 2192
f 402 882 2318
f 390 870 2282
f 264 744 1904
f 327 807 2097
f 309 789 2043
f 282 762 1956
f 317 797 2066
f 322 802 2082
f 341 821 2138
f 286 766 1974
f 294 774 1992
f 372 852 2228
f 394 874 2295
f 416 1270 2331
f 408 1246 2327
f 406 1251 2328
f 412 1287 2334
f 415 1305 2337
f 424 1335 2346
f 492 1552 2412
f 582 1474 2499
f 565 1600 2487
f 514 1353 2436
f 461 1480 2376
f 453 1402 2372
f 451 1407 2373
f 457 1491 2379
f 460 1503 2382
f 475 1534 2396
f 439 1413 2361
f 496 1443 2418
f 533 1593 2457
f 551 1384 2463
f 579 1324 2492
f 483 1276 2402
f 426 1264 2343
f 521 1300 2433
f 566 1318 2478
f 489 1342 2406
f 578 1563 2502
f 560 1461 2484
f 518 1587 2442
f 429 1348 2349
f 547 1522 2468
f 465 1419 2387
f 441 1396 2358
f 504 1498 2421
f 537 1516 2454
f 550 1558 2472
f 476 1426 2388
f 444 1432 2364
f 502 1569 2426
f 526 1371 2448
f 481 1281 2403
f 420 1257 2342
f 510 1293 2432
f 555 1311 2477
f 571 1329 2493
f 540 1377 2462
f 473 1539 2397
f 447 1450 2367
f 507 1576 2427
f 534 1366 2447
f 469 1485 2391
f 435 1389 2357
f 498 1438 2417
f 529 1509 2453
f 545 1527 2469
f 487 1545 2411
f 574 1467 2498
f 562 1456 2483
f 520 1582 2441
f 432 1360 2352
f 589 1271 2509
f 583 1247 2503
f 586 1254 2506
f 593 1290 2512
f 596 1308 2515
f 599 1338 2518
f 633 1553 2555
f 620 1475 2541
f 640 1601 2562
f 603 1356 2522
f 622 1481 2542
f 607 1403 2528
f 612 1410 2531
f 626 1494 2545
f 629 1506 2548
f 631 1535 2551
f 614 1416 2533
f 618 1446 2537
f 641 1596 2559
f 605 1385 2526
f 167 907 1616
f 164 889 1608
f 163 883 1606
f 165 895 1612
f 166 901 1615
f 169 919 1624
f 192 1057 1692
f 222 1237 1782
f 216 1201 1765
f 199 1099 1714
f 182 997 1661
f 179 979 1653
f 178 973 1651
f 180 985 1657
f 181 991 1660
f 186 1021 1675
f 174 949 1639
f 193 1063 1696
f 205 1135 1733
f 212 1177 1751
f 221 1231 1779
f 189 1039 1683
f 170 925 1626
f 202 1117 1721
f 217 1207 1766
f 191 1051 1689
f 220 1225 1778
f 214 1189 1760
f 200 1105 1718
f 171 931 1629
f 210 1165 1747
f 183 1003 1665
f 175 955 1641
f 196 1081 1704
f 207 1147 1737
f 211 1171 1750
f 187 1027 1676
f 176 961 1644
f 195 1075 1702
f 203 1123 1726
f 188 1033 1681
f 168 913 1620
f 198 1093 1710
f 213 1183 1755
f 218 1213 1771
f 208 1153 1740
f 185 1015 1673
f 177 967 1647
f 197 1087 1707
f 206 1141 1734
f 184 1009 1669
f 173 943 1635
f 194 1069 1698
f 204 1129 1729
f 209 1159 1745
f 190 1045 1687
f 219 1219 1774
f 215 1195 1762
f 201 1111 1720
f 172 937 1632
f 357 1280 2189
f 255 1256 1883
f 262 1292 1903
f 388 1310 2281
f 400 1328 2317
f 352 1376 2173
f 347 1538 2158
f 298 1447 2012
f 364 1573 2210
f 269 1363 1924
f 339 1484 2135
f 285 1388 1973
f 293 1435 1996
f 370 1508 2227
f 396 1526 2304
f 353 1544 2176
f 346 1466 2155
f 299 1453 2014
f 365 1579 2212
f 268 1357 1922
f 249 1268 1864
f 231 1244 1810
f 226 1249 1795
f 238 1285 1831
f 244 1303 1849
f 257 1333 1887
f 359 1550 2193
f 402 1472 2321
f 390 1598 2285
f 264 1351 1907
f 327 1478 2098
f 309 1400 2044
f 282 1405 1961
f 317 1489 2067
f 322 1501 2083
f 341 1532 2139
f 286 1411 1975
f 294 1441 1997
f 372 1591 2231
f 394 1382 2298
f 358 1322 2190
f 256 1274 1884
f 261 1262 1900
f 387 1298 2278
f 399 1316 2314
f 351 1340 2170
f 348 1561 2159
f 300 1459 2015
f 366 1585 2213
f 267 1346 1918
f 340 1520 2136
f 287 1417 1977
f 291 1394 1990
f 369 1496 2224
f 395 1514 2301
f 354 1556 2177
f 345 1424 2152
f 297 1430 2008
f 363 1567 2206
f 270 1369 1925
f 234 1279 1817
f 227 1255 1797
f 239 1291 1833
f 245 1309 1851
f 252 1327 1871
f 275 1375 1941
f 334 1537 2119
f 304 1448 2029
f 377 1574 2247
f 382 1364 2262
f 312 1483 2051
f 279 1387 1954
f 316 1436 2064
f 323 1507 2085
f 330 1525 2105
f 335 1543 2121
f 305 1465 2031
f 376 1454 2244
f 383 1580 2265
f 274 1358 1939
f 232 1267 1814
f 225 1243 1793
f 237 1250 1829
f 243 1286 1847
f 250 1304 1868
f 273 1334 1937
f 336 1549 2124
f 306 1471 2034
f 378 1597 2250
f 381 1352 2261
f 311 1477 2050
f 281 1399 1960
f 315 1406 2063
f 321 1490 2081
f 328 1502 2102
f 333 1531 2117
f 303 1412 2027
f 375 1442 2243
f 384 1592 2268
f 276 1381 1944
f 229 890 1804
f 223 884 1785
f 235 896 1821
f 241 902 1839
f 247 908 1858
f 271 938 1929
f 332 1046 2114
f 302 1220 2024
f 374 1196 2240
f 379 1112 2253
f 307 980 2038
f 278 974 1951
f 313 986 2055
f 319 992 2073
f 325 998 2092
f 331 1016 2109
f 301 968 2019
f 373 1088 2235
f 380 1142 2258
f 272 1154 1934
f 248 1214 1861
f 230 1034 1807
f 224 914 1790
f 236 1094 1826
f 242 1184 1844
f 254 1040 1880
f 356 1232 2186
f 397 1208 2308
f 385 1118 2272
f 259 926 1894
f 326 1160 2095
f 308 1010 2041
f 277 944 1948
f 314 1070 2060
f 320 1130 2078
f 338 1166 2132
f 284 1004 1970
f 289 956 1984
f 367 1082 2218
f 391 1148 2289
f 355 1058 2181
f 253 920 1875
f 260 1100 1897
f 386 1202 2275
f 398 1238 2311
f 350 1172 2167
f 343 1028 2146
f 295 962 2002
f 361 1076 2200
f 266 1124 1915
f 337 1022 2127
f 283 950 1965
f 290 1064 1987
f 368 1136 2221
f 392 1178 2294
f 349 1052 2164
f 344 1226 2149
f 296 1190 2005
f 362 1106 2203
f 265 932 1912
f 251 1321 1870
f 233 1273 1816
f 228 1261 1800
f 240 1297 1836
f 246 1315 1854
f 258 1339 1890
f 360 1562 2196
f 401 1460 2320
f 389 1586 2284
f 263 1345 1906
f 329 1519 2104
f 310 1418 2047
f 280 1393 1958
f 318 1495 2070
f 324 1513 2088
f 342 1555 2142
f 288 1423 1980
f 292 1429 1994
f 371 1568 2230
f 393 1370 2297
f 409 894 2329
f 405 887 2323
f 411 899 2326
f 414 905 2333
f 417 912 2336
f 431 941 2345
f 488 1050 2409
f 575 1224 2496
f 563 1200 2485
f 519 1115 2435
f 454 984 2374
f 450 977 2368
f 456 989 2371
f 459 995 2378
f 462 1002 2381
f 472 1019 2392
f 446 971 2360
f 506 1091 2416
f 535 1146 2456
f 541 1158 2460
f 570 1217 2488
f 480 1037 2398
f 421 918 2340
f 511 1098 2430
f 556 1188 2475
f 484 1044 2404
f 580 1236 2501
f 567 1212 2482
f 522 1122 2440
f 427 930 2347
f 544 1163 2464
f 468 1013 2384
f 436 948 2355
f 499 1074 2419
f 530 1134 2451
f 548 1170 2470
f 466 1008 2385
f 442 960 2362
f 505 1086 2423
f 536 1151 2446
f 491 1061 2401
f 423 923 2339
f 513 1103 2429
f 564 1205 2474
f 581 1241 2491
f 549 1175 2459
f 477 1032 2395
f 445 966 2365
f 503 1080 2424
f 525 1127 2443
f 474 1025 2390
f 438 953 2354
f 495 1067 2413
f 532 1139 2450
f 552 1182 2467
f 490 1056 2408
f 577 1229 2495
f 559 1193 2479
f 517 1109 2437
f 430 936 2350
f 590 1325 2511
f 584 1277 2505
f 585 1265 2507
f 592 1301 2513
f 595 1319 2516
f 598 1343 2519
f 636 1566 2556
f 621 1464 2540
f 642 1590 2561
f 601 1349 2521
f 623 1523 2544
f 611 1422 2529
f 609 1397 2530
f 625 1499 2546
f 628 1517 2549
f 632 1559 2553
f 613 1427 2534
f 616 1433 2536
f 638 1572 2557
f 606 1374 2525
f 407 892 1609
f 403 885 1605
f 404 897 1611
f 410 903 1614
f 413 910 1617
f 422 939 1631
f 486 1048 1688
f 573 1222 1775
f 561 1198 1763
f 512 1113 1719
f 452 982 1654
f 448 975 1650
f 449 987 1656
f 455 993 1659
f 458 1000 1662
f 470 1017 1672
f 437 969 1646
f 494 1089 1706
f 531 1144 1735
f 539 1156 1741
f 568 1215 1770
f 478 1035 1680
f 419 916 1621
f 509 1096 1711
f 554 1186 1756
f 482 1042 1684
f 576 1234 1780
f 558 1210 1767
f 516 1120 1722
f 425 928 1627
f 542 1161 1744
f 463 1011 1668
f 434 946 1636
f 497 1072 1699
f 528 1132 1730
f 546 1168 1748
f 464 1006 1666
f 440 958 1642
f 500 1084 1705
f 524 1149 1736
f 479 1059 1691
f 418 921 1623
f 508 1101 1713
f 553 1203 1764
f 569 1239 1781
f 538 1173 1749
f 471 1030 1677
f 443 964 1645
f 501 1078 1703
f 523 1125 1725
f 467 1023 1674
f 433 951 1638
f 493 1065 1695
f 527 1137 1732
f 543 1180 1752
f 485 1054 1690
f 572 1227 1777
f 557 1191 1759
f 515 1107 1717
f 428 934 1630
f 591 1326 2191
f 587 1278 1885
f 588 1266 1901
f 594 1302 2279
f 597 1320 2315
f 600 1344 2171
f 634 1565 2160
f 619 1463 2016
f 639 1589 2214
f 602 1350 1919
f 624 1524 2137
f 608 1421 1978
f 610 1398 1991
f 627 1500 2225
f 630 1518 2302
f 635 1560 2178
f 615 1428 2153
f 617 1434 2009
f 637 1571 2207
f 604 1373 1926
f 416 911 1857
f 408 893 1803
f 406 888 1786
f 412 900 1822
f 415 906 1840
f 424 924 1876
f 492 1062 2182
f 582 1242 2312
f 565 1206 2276
f 514 1104 1898
f 461 1001 2091
f 453 983 2037
f 451 978 1952
f 457 990 2056
f 460 996 2074
f 475 1026 2128
f 439 954 1966
f 496 1068 1988
f 533 1140 2222
f 551 1181 2293
f 579 1235 2185
f 483 1043 1879
f 426 929 1893
f 521 1121 2271
f 566 1211 2307
f 489 1055 2163
f 578 1230 2150
f 560 1194 2006
f 518 1110 2204
f 429 935 1911
f 547 1169 2131
f 465 1007 1969
f 441 959 1983
f 504 1085 2217
f 537 1152 2290
f 550 1176 2168
f 476 1031 2145
f 444 965 2001
f 502 1079 2199
f 526 1128 1916
f 481 1038 1808
f 420 917 1789
f 510 1097 1825
f 555 1187 1843
f 571 1218 1862
f 540 1157 1933
f 473 1020 2110
f 447 972 2020
f 507 1092 2236
f 534 1145 2257
f 469 1014 2042
f 435 947 1947
f 498 1073 2059
f 529 1133 2077
f 545 1164 2096
f 487 1049 2113
f 574 1223 2023
f 562 1199 2239
f 520 1116 2254
f 432 942 1930
f 589 1283 1818
f 583 1259 1798
f 586 1295 1834
f 593 1313 1852
f 596 1331 1872
f 599 1379 1942
f 633 1541 2120
f 620 1452 2030
f 640 1578 2248
f 603 1368 2263
f 622 1487 2052
f 607 1391 1955
f 612 1440 2065
f 626 1511 2086
f 629 1529 2106
f 631 1547 2122
f 614 1469 2032
f 618 1458 2245
f 641 1584 2266
f 605 1362 1940
f 409 1269 1813
f 405 1245 1792
f 411 1252 1828
f 414 1288 1846
f 417 1306 1867
f 431 1336 1936
f 488 1551 2123
f 575 1473 2033
f 563 1599 2249
f 519 1354 2260
f 454 1479 2049
f 450 1401 1959
f 456 1408 2062
f 459 1492 2080
f 462 1504 2101
f 472 1533 2116
f 446 1414 2026
f 506 1444 2242
f 535 1594 2267
f 541 1383 1943
f 570 1323 1869
f 480 1275 1815
f 421 1263 1799
f 511 1299 1835
f 556 1317 1853
f 484 1341 1889
f 580 1564 2195
f 567 1462 2319
f 522 1588 2283
f 427 1347 1905
f 544 1521 2103
f 468 1420 2046
f 436 1395 1957
f 499 1497 2069
f 530 1515 2087
f 548 1557 2141
f 466 1425 1979
f 442 1431 1993
f 505 1570 2229
f 536 1372 2296
f 491 1282 2188
f 423 1258 1882
f 513 1294 1902
f 564 1312 2280
f 581 1330 2316
f 549 1378 2172
f 477 1540 2157
f 445 1449 2011
f 503 1575 2209
f 525 1365 1923
f 474 1486 2134
f 438 1390 1972
f 495 1437 1995
f 532 1510 2226
f 552 1528 2303
f 490 1546 2175
f 577 1468 2154
f 559 1455 2013
f 517 1581 2211
f 430 1359 1921
f 590 1272 1865
f 584 1248 1811
f 585 1253 1796
f 592 1289 1832
f 595 1307 1850
f 598 1337 1888
f 636 1554 2194
f 621 1476 2322
f 642 1602 2286
f 601 1355 1908
f 623 1482 2099
f 611 1404 2045
f 609 1409 1962
f 625 1493 2068
f 628 1505 2084
f 632 1536 2140
f 613 1415 1976
f 616 1445 1998
f 638 1595 2232
f 606 1386 2299
f 407 909 2330
f 403 891 2324
f 404 886 2325
f 410 898 2332
f 413 904 2335
f 422 922 2344
f 486 1060 2410
f 573 1240 2497
f 561 1204 2486
f 512 1102 2434
f 452 999 2375
f 448 981 2369
f 449 976 2370
f 455 988 2377
f 458 994 2380
f 470 1024 2393
f 437 952 2359
f 494 1066 2415
f 531 1138 2455
f 539 1179 2461
f 568 1233 2489
f 478 1041 2399
f 419 927 2341
f 509 1119 2431
f 554 1209 2476
f 482 1053 2405
f 576 1228 2500
f 558 1192 2481
f 516 1108 2439
f 425 933 2348
f 542 1167 2465
f 463 1005 2383
f 434 957 2356
f 497 1083 2420
f 528 1150 2452
f 546 1174 2471
f 464 1029 2386
f 440 963 2363
f 500 1077 2422
f 524 1126 2445
f 479 1036 2400
f 418 915 2338
f 508 1095 2428
f 553 1185 2473
f 569 1216 2490
f 538 1155 2458
f 471 1018 2394
f 443 970 2366
f 501 1090 2425
f 523 1143 2444
f 467 1012 2389
f 433 945 2353
f 493 1071 2414
f 527 1131 2449
f 543 1162 2466
f 485 1047 2407
f 572 1221 2494
f 557 1197 2480
f 515 1114 2438
f 428 940 2351
f 591 1284 2510
f 587 1260 2504
f 588 1296 2508
f 594 1314 2514
f 597 1332 2517
f 600 1380 2520
f 634 1542 2554
f 619 1451 2539
f 639 1577 2560
f 602 1367 2523
f 624 1488 2543
f 608 1392 2527
f 610 1439 2532
f 627 1512 2547
f 630 1530 2550
f 635 1548 2552
f 615 1470 2535
f 617 1457 2538
f 637 1583 2558
f 604 1361 2524
f 167 1616 1607
f 164 1608 1603
f 163 1606 1604
f 165 1612 1610
f 166 1615 1613
f 169 1624 1622
f 192 1692 1686
f 222 1782 1773
f 216 1765 1761
f 199 1714 1712
f 182 1661 1652
f 179 1653 1648
f 178 1651 1649
f 180 1657 1655
f 181 1660 1658
f 186 1675 1670
f 174 1639 1637
f 193 1696 1694
f 205 1733 1731
f 212 1751 1739
f 221 1779 1768
f 189 1683 1678
f 170 1626 1619
f 202 1721 1709
f 217 1766 1754
f 191 1689 1682
f 220 1778 1776
f 214 1760 1758
f 200 1718 1716
f 171 1629 1625
f 210 1747 1742
f 183 1665 1663
f 175 1641 1634
f 196 1704 1697
f 207 1737 1728
f 211 1750 1746
f 187 1676 1664
f 176 1644 1640
f 195 1702 1700
f 203 1726 1724
f 188 1681 1679
f 168 1620 1618
f 198 1710 1708
f 213 1755 1753
f 218 1771 1769
f 208 1740 1738
f 185 1673 1671
f 177 1647 1643
f 197 1707 1701
f 206 1734 1723
f 184 1669 1667
f 173 1635 1633
f 194 1698 1693
f 204 1729 1727
f 209 1745 1743
f 190 1687 1685
f 219 1774 1772
f 215 1762 1757
f 201 1720 1715
f 172 1632 1628
f 357 2189 2187
f 255 1883 1881
f 262 1903 1899
f 388 2281 2277
f 400 2317 2313
f 352 2173 2169
f 347 2158 2156
f 298 2012 2010
f 364 2210 2208
f 269 1924 1917
f 339 2135 2133
f 285 1973 1971
f 293 1996 1989
f 370 2227 2223
f 396 2304 2300
f 353 2176 2174
f 346 2155 2151
f 299 2014 2007
f 365 2212 2205
f 268 1922 1920
f 249 1864 1855
f 231 1810 1801
f 226 1795 1784
f 238 1831 1820
f 244 1849 1838
f 257 1887 1874
f 359 2193 2180
f 402 2321 2310
f 390 2285 2274
f 264 1907 1896
f 327 2098 2089
f 309 2044 2035
f 282 1961 1950
f 317 2067 2054
f 322 2083 2072
f 341 2139 2126
f 286 1975 1964
f 294 1997 1986
f 372 2231 2220
f 394 2298 2291
f 358 2190 2183
f 256 1884 1877
f 261 1900 1891
f 387 2278 2269
f 399 2314 2305
f 351 2170 2161
f 348 2159 2148
f 300 2015 2004
f 366 2213 2202
f 267 1918 1909
f 340 2136 2129
f 287 1977 1967
f 291 1990 1981
f 369 2224 2215
f 395 2301 2288
f 354 2177 2166
f 345 2152 2143
f 297 2008 1999
f 363 2206 2197
f 270 1925 1914
f 234 1817 1806
f 227 1797 1787
f 239 1833 1823
f 245 1851 1841
f 252 1871 1860
f 275 1941 1931
f 334 2119 2108
f 304 2029 2018
f 377 2247 2234
f 382 2262 2255
f 312 2051 2040
f 279 1954 1945
f 316 2064 2057
f 323 2085 2075
f 330 2105 2094
f 335 2121 2111
f 305 2031 2021
f 376 2244 2237
f 383 2265 2252
f 274 1939 1928
f 232 1814 1812
f 225 1793 1791
f 237 1829 1827
f 243 1847 1845
f 250 1868 1866
f 273 1937 1935
f 336 2124 2118
f 306 2034 2028
f 378 2250 2246
f 381 2261 2259
f 311 2050 2048
f 281 1960 1953
f 315 2063 2061
f 321 2081 2079
f 328 2102 2100
f 333 2117 2115
f 303 2027 2025
f 375 2243 2241
f 384 2268 2264
f 276 1944 1938
f 229 1804 1802
f 223 1785 1783
f 235 1821 1819
f 241 1839 1837
f 247 1858 1856
f 271 1929 1927
f 332 2114 2112
f 302 2024 2022
f 374 2240 2238
f 379 2253 2251
f 307 2038 2036
f 278 1951 1949
f 313 2055 2053
f 319 2073 2071
f 325 2092 2090
f 331 2109 2107
f 301 2019 2017
f 373 2235 2233
f 380 2258 2256
f 272 1934 1932
f 248 1861 1859
f 230 1807 1805
f 224 1790 1788
f 236 1826 1824
f 242 1844 1842
f 254 1880 1878
f 356 2186 2184
f 397 2308 2306
f 385 2272 2270
f 259 1894 1892
f 326 2095 2093
f 308 2041 2039
f 277 1948 1946
f 314 2060 2058
f 320 2078 2076
f 338 2132 2130
f 284 1970 1968
f 289 1984 1982
f 367 2218 2216
f 391 2289 2287
f 355 2181 2179
f 253 1875 1873
f 260 1897 1895
f 386 2275 2273
f 398 2311 2309
f 350 2167 2165
f 343 2146 2144
f 295 2002 2000
f 361 2200 2198
f 266 1915 1913
f 337 2127 2125
f 283 1965 1963
f 290 1987 1985
f 368 2221 2219
f 392 2294 2292
f 349 2164 2162
f 344 2149 2147
f 296 2005 2003
f 362 2203 2201
f 265 1912 1910
f 251 1870 1863
f 233 1816 1809
f 228 1800 1794
f 240 1836 1830
f 246 1854 1848
f 258 1890 1886
f 360 2196 2192
f 401 2320 2318
f 389 2284 2282
f 263 1906 1904
f 329 2104 2097
f 310 2047 2043
f 280 1958 1956
f 318 2070 2066
f 324 2088 2082
f 342 2142 2138
f 288 1980 1974
f 292 1994 1992
f 371 2230 2228
f 393 2297 2295
f 409 2329 2331
f 405 2323 2327
f 411 2326 2328
f 414 2333 2334
f 417 2336 2337
f 431 2345 2346
f 488 2409 2412
f 575 2496 2499
f 563 2485 2487
f 519 2435 2436
f 454 2374 2376
f 450 2368 2372
f 456 2371 2373
f 459 2378 2379
f 462 2381 2382
f 472 2392 2396
f 446 2360 2361
f 506 2416 2418
f 535 2456 2457
f 541 2460 2463
f 570 2488 2492
f 480 2398 2402
f 421 2340 2343
f 511 2430 2433
f 556 2475 2478
f 484 2404 2406
f 580 2501 2502
f 567 2482 2484
f 522 2440 2442
f 427 2347 2349
f 544 2464 2468
f 468 2384 2387
f 436 2355 2358
f 499 2419 2421
f 530 2451 2454
f 548 2470 2472
f 466 2385 2388
f 442 2362 2364
f 505 2423 2426
f 536 2446 2448
f 491 2401 2403
f 423 2339 2342
f 513 2429 2432
f 564 2474 2477
f 581 2491 2493
f 549 2459 2462
f 477 2395 2397
f 445 2365 2367
f 503 2424 2427
f 525 2443 2447
f 474 2390 2391
f 438 2354 2357
f 495 2413 2417
f 532 2450 2453
f 552 2467 2469
f 490 2408 2411
f 577 2495 2498
f 559 2479 2483
f 517 2437 2441
f 430 2350 2352
f 590 2511 2509
f 584 2505 2503
f 585 2507 2506
f 592 2513 2512
f 595 2516 2515
f 598 2519 2518
f 636 2556 2555
f 621 2540 2541
f 642 2561 2562
f 601 2521 2522
f 623 2544 2542
f 611 2529 2528
f 609 2530 2531
f 625 2546 2545
f 628 2549 2548
f 632 2553 2551
f 613 2534 2533
f 616 2536 2537
f 638 2557 2559
f 606 2525 2526
f 1607 644 647
f 1603 643 644
f 1604 645 643
f 1610 646 645
f 1613 647 646
f 1622 652 649
f 1686 670 672
f 1773 699 702
f 1761 695 696
f 1712 681 679
f 1652 659 662
f 1648 658 659
f 1649 660 658
f 1655 661 660
f 1658 662 661
f 1670 665 666
f 1637 657 654
f 1694 677 673
f 1731 686 685
f 1739 688 692
f 1768 698 701
f 1678 668 669
f 1619 648 650
f 1709 678 682
f 1754 693 697
f 1682 669 671
f 1776 701 700
f 1758 697 694
f 1716 682 680
f 1625 650 651
f 1742 689 690
f 1663 664 663
f 1634 653 655
f 1697 674 676
f 1728 684 687
f 1746 690 691
f 1664 663 667
f 1640 655 656
f 1700 676 675
f 1724 687 683
f 1679 672 668
f 1618 649 648
f 1708 679 678
f 1753 696 693
f 1769 702 698
f 1738 691 688
f 1671 667 665
f 1643 656 657
f 1701 675 677
f 1723 683 686
f 1667 666 664
f 1633 654 653
f 1693 673 674
f 1727 685 684
f 1743 692 689
f 1685 671 670
f 1772 700 699
f 1757 694 695
f 1715 680 681
f 1628 651 652
f 2187 838 837
f 1881 736 735
f 1899 741 742
f 2277 867 868
f 2313 879 880
f 2169 831 832
f 2156 828 827
f 2010 780 778
f 2208 846 844
f 1917 747 749
f 2133 820 819
f 1971 767 765
f 1989 771 773
f 2223 849 850
f 2300 875 876
f 2174 834 833
f 2151 825 826
f 2007 777 779
f 2205 843 845
f 1920 750 748
f 1855 727 729
f 1801 709 711
f 1784 703 706
f 1820 715 718
f 1838 721 724
f 1874 733 737
f 2180 835 839
f 2310 878 882
f 2274 866 870
f 1896 740 744
f 2089 805 807
f 2035 787 789
f 1950 758 762
f 2054 793 797
f 2072 799 802
f 2126 817 821
f 1964 763 766
f 1986 770 774
f 2220 848 852
f 2291 872 874
f 2183 836 838
f 1877 734 736
f 1891 739 741
f 2269 865 867
f 2305 877 879
f 2161 829 831
f 2148 824 828
f 2004 776 780
f 2202 842 846
f 1909 745 747
f 2129 818 820
f 1967 764 767
f 1981 769 771
f 2215 847 849
f 2288 871 875
f 2166 830 834
f 2143 823 825
f 1999 775 777
f 2197 841 843
f 1914 746 750
f 1806 710 714
f 1787 704 707
f 1823 716 719
f 1841 722 725
f 1860 728 732
f 1931 752 755
f 2108 811 814
f 2018 781 784
f 2234 853 857
f 2255 860 862
f 2040 788 792
f 1945 757 759
f 2057 794 796
f 2075 800 803
f 2094 806 810
f 2111 812 815
f 2021 782 785
f 2237 854 856
f 2252 859 863
f 1928 751 754
f 1812 714 712
f 1791 707 705
f 1827 719 717
f 1845 725 723
f 1866 732 730
f 1935 755 753
f 2118 814 816
f 2028 784 786
f 2246 857 858
f 2259 862 861
f 2048 792 791
f 1953 759 761
f 2061 796 795
f 2079 803 801
f 2100 810 808
f 2115 815 813
f 2025 785 783
f 2241 856 855
f 2264 863 864
f 1938 754 756
f 1802 712 709
f 1783 705 703
f 1819 717 715
f 1837 723 721
f 1856 730 727
f 1927 753 751
f 2112 816 812
f 2022 786 782
f 2238 858 854
f 2251 861 859
f 2036 791 787
f 1949 761 758
f 2053 795 793
f 2071 801 799
f 2090 808 805
f 2107 813 811
f 2017 783 781
f 2233 855 853
f 2256 864 860
f 1932 756 752
f 1859 731 728
f 1805 713 710
f 1788 708 704
f 1824 720 716
f 1842 726 722
f 1878 738 734
f 2184 840 836
f 2306 881 877
f 2270 869 865
f 1892 743 739
f 2093 809 806
f 2039 790 788
f 1946 760 757
f 2058 798 794
f 2076 804 800
f 2130 822 818
f 1968 768 764
f 1982 772 769
f 2216 851 847
f 2287 873 871
f 2179 837 835
f 1873 735 733
f 1895 742 740
f 2273 868 866
f 2309 880 878
f 2165 832 830
f 2144 827 823
f 2000 778 775
f 2198 844 841
f 1913 749 746
f 2125 819 817
f 1963 765 763
f 1985 773 770
f 2219 850 848
f 2292 876 872
f 2162 833 829
f 2147 826 824
f 2003 779 776
f 2201 845 842
f 1910 748 745
f 1863 729 731
f 1809 711 713
f 1794 706 708
f 1830 718 720
f 1848 724 726
f 1886 737 738
f 2192 839 840
f 2318 882 881
f 2282 870 869
f 1904 744 743
f 2097 807 809
f 2043 789 790
f 1956 762 760
f 2066 797 798
f 2082 802 804
f 2138 821 822
f 1974 766 768
f 1992 774 772
f 2228 852 851
f 2295 874 873
f 2331 1270 1269
f 2327 1246 1245
f 2328 1251 1252
f 2334 1287 1288
f 2337 1305 1306
f 2346 1335 1336
f 2412 1552 1551
f 2499 1474 1473
f 2487 1600 1599
f 2436 1353 1354
f 2376 1480 1479
f 2372 1402 1401
f 2373 1407 1408
f 2379 1491 1492
f 2382 1503 1504
f 2396 1534 1533
f 2361 1413 1414
f 2418 1443 1444
f 2457 1593 1594
f 2463 1384 1383
f 2492 1324 1323
f 2402 1276 1275
f 2343 1264 1263
f 2433 1300 1299
f 2478 1318 1317
f 2406 1342 1341
f 2502 1563 1564
f 2484 1461 1462
f 2442 1587 1588
f 2349 1348 1347
f 2468 1522 1521
f 2387 1419 1420
f 2358 1396 1395
f 2421 1498 1497
f 2454 1516 1515
f 2472 1558 1557
f 2388 1426 1425
f 2364 1432 1431
f 2426 1569 1570
f 2448 1371 1372
f 2403 1281 1282
f 2342 1257 1258
f 2432 1293 1294
f 2477 1311 1312
f 2493 1329 1330
f 2462 1377 1378
f 2397 1539 1540
f 2367 1450 1449
f 2427 1576 1575
f 2447 1366 1365
f 2391 1485 1486
f 2357 1389 1390
f 2417 1438 1437
f 2453 1509 1510
f 2469 1527 1528
f 2411 1545 1546
f 2498 1467 1468
f 2483 1456 1455
f 2441 1582 1581
f 2352 1360 1359
f 2509 1271 1272
f 2503 1247 1248
f 2506 1254 1253
f 2512 1290 1289
f 2515 1308 1307
f 2518 1338 1337
f 2555 1553 1554
f 2541 1475 1476
f 2562 1601 1602
f 2522 1356 1355
f 2542 1481 1482
f 2528 1403 1404
f 2531 1410 1409
f 2545 1494 1493
f 2548 1506 1505
f 2551 1535 1536
f 2533 1416 1415
f 2537 1446 1445
f 2559 1596 1595
f 2526 1385 1386
f 1616 907 909
f 1608 889 891
f 1606 883 886
f 1612 895 898
f 1615 901 904
f 1624 919 922
f 1692 1057 1060
f 1782 1237 1240
f 1765 1201 1204
f 1714 1099 1102
f 1661 997 999
f 1653 979 981
f 1651 973 976
f 1657 985 988
f 1660 991 994
f 1675 1021 1024
f 1639 949 952
f 1696 1063 1066
f 1733 1135 1138
f 1751 1177 1179
f 1779 1231 1233
f 1683 1039 1041
f 1626 925 927
f 1721 1117 1119
f 1766 1207 1209
f 1689 1051 1053
f 1778 1225 1228
f 1760 1189 1192
f 1718 1105 1108
f 1629 931 933
f 1747 1165 1167
f 1665 1003 1005
f 1641 955 957
f 1704 1081 1083
f 1737 1147 1150
f 1750 1171 1174
f 1676 1027 1029
f 1644 961 963
f 1702 1075 1077
f 1726 1123 1126
f 1681 1033 1036
f 1620 913 915
f 1710 1093 1095
f 1755 1183 1185
f 1771 1213 1216
f 1740 1153 1155
f 1673 1015 1018
f 1647 967 970
f 1707 1087 1090
f 1734 1141 1143
f 1669 1009 1012
f 1635 943 945
f 1698 1069 1071
f 1729 1129 1131
f 1745 1159 1162
f 1687 1045 1047
f 1774 1219 1221
f 1762 1195 1197
f 1720 1111 1114
f 1632 937 940
f 2189 1280 1284
f 1883 1256 1260
f 1903 1292 1296
f 2281 1310 1314
f 2317 1328 1332
f 2173 1376 1380
f 2158 1538 1542
f 2012 1447 1451
f 2210 1573 1577
f 1924 1363 1367
f 2135 1484 1488
f 1973 1388 1392
f 1996 1435 1439
f 2227 1508 1512
f 2304 1526 1530
f 2176 1544 1548
f 2155 1466 1470
f 2014 1453 1457
f 2212 1579 1583
f 1922 1357 1361
f 1864 1268 1270
f 1810 1244 1246
f 1795 1249 1251
f 1831 1285 1287
f 1849 1303 1305
f 1887 1333 1335
f 2193 1550 1552
f 2321 1472 1474
f 2285 1598 1600
f 1907 1351 1353
f 2098 1478 1480
f 2044 1400 1402
f 1961 1405 1407
f 2067 1489 1491
f 2083 1501 1503
f 2139 1532 1534
f 1975 1411 1413
f 1997 1441 1443
f 2231 1591 1593
f 2298 1382 1384
f 2190 1322 1324
f 1884 1274 1276
f 1900 1262 1264
f 2278 1298 1300
f 2314 1316 1318
f 2170 1340 1342
f 2159 1561 1563
f 2015 1459 1461
f 2213 1585 1587
f 1918 1346 1348
f 2136 1520 1522
f 1977 1417 1419
f 1990 1394 1396
f 2224 1496 1498
f 2301 1514 1516
f 2177 1556 1558
f 2152 1424 1426
f 2008 1430 1432
f 2206 1567 1569
f 1925 1369 1371
f 1817 1279 1281
f 1797 1255 1257
f 1833 1291 1293
f 1851 1309 1311
f 1871 1327 1329
f 1941 1375 1377
f 2119 1537 1539
f 2029 1448 1450
f 2247 1574 1576
f 2262 1364 1366
f 2051 1483 1485
f 1954 1387 1389
f 2064 1436 1438
f 2085 1507 1509
f 2105 1525 1527
f 2121 1543 1545
f 2031 1465 1467
f 2244 1454 1456
f 2265 1580 1582
f 1939 1358 1360
f 1814 1267 1271
f 1793 1243 1247
f 1829 1250 1254
f 1847 1286 1290
f 1868 1304 1308
f 1937 1334 1338
f 2124 1549 1553
f 2034 1471 1475
f 2250 1597 1601
f 2261 1352 1356
f 2050 1477 1481
f 1960 1399 1403
f 2063 1406 1410
f 2081 1490 1494
f 2102 1502 1506
f 2117 1531 1535
f 2027 1412 1416
f 2243 1442 1446
f 2268 1592 1596
f 1944 1381 1385
f 1804 890 894
f 1785 884 887
f 1821 896 899
f 1839 902 905
f 1858 908 912
f 1929 938 941
f 2114 1046 1050
f 2024 1220 1224
f 2240 1196 1200
f 2253 1112 1115
f 2038 980 984
f 1951 974 977
f 2055 986 989
f 2073 992 995
f 2092 998 1002
f 2109 1016 1019
f 2019 968 971
f 2235 1088 1091
f 2258 1142 1146
f 1934 1154 1158
f 1861 1214 1217
f 1807 1034 1037
f 1790 914 918
f 1826 1094 1098
f 1844 1184 1188
f 1880 1040 1044
f 2186 1232 1236
f 2308 1208 1212
f 2272 1118 1122
f 1894 926 930
f 2095 1160 1163
f 2041 1010 1013
f 1948 944 948
f 2060 1070 1074
f 2078 1130 1134
f 2132 1166 1170
f 1970 1004 1008
f 1984 956 960
f 2218 1082 1086
f 2289 1148 1151
f 2181 1058 1061
f 1875 920 923
f 1897 1100 1103
f 2275 1202 1205
f 2311 1238 1241
f 2167 1172 1175
f 2146 1028 1032
f 2002 962 966
f 2200 1076 1080
f 1915 1124 1127
f 2127 1022 1025
f 1965 950 953
f 1987 1064 1067
f 2221 1136 1139
f 2294 1178 1182
f 2164 1052 1056
f 2149 1226 1229
f 2005 1190 1193
f 2203 1106 1109
f 1912 932 936
f 1870 1321 1325
f 1816 1273 1277
f 1800 1261 1265
f 1836 1297 1301
f 1854 1315 1319
f 1890 1339 1343
f 2196 1562 1566
f 2320 1460 1464
f 2284 1586 1590
f 1906 1345 1349
f 2104 1519 1523
f 2047 1418 1422
f 1958 1393 1397
f 2070 1495 1499
f 2088 1513 1517
f 2142 1555 1559
f 1980 1423 1427
f 1994 1429 1433
f 2230 1568 1572
f 2297 1370 1374
f 2329 894 892
f 2323 887 885
f 2326 899 897
f 2333 905 903
f 2336 912 910
f 2345 941 939
f 2409 1050 1048
f 2496 1224 1222
f 2485 1200 1198
f 2435 1115 1113
f 2374 984 982
f 2368 977 975
f 2371 989 987
f 2378 995 993
f 2381 1002 1000
f 2392 1019 1017
f 2360 971 969
f 2416 1091 1089
f 2456 1146 1144
f 2460 1158 1156
f 2488 1217 1215
f 2398 1037 1035
f 2340 918 916
f 2430 1098 1096
f 2475 1188 1186
f 2404 1044 1042
f 2501 1236 1234
f 2482 1212 1210
f 2440 1122 1120
f 2347 930 928
f 2464 1163 1161
f 2384 1013 1011
f 2355 948 946
f 2419 1074 1072
f 2451 1134 1132
f 2470 1170 1168
f 2385 1008 1006
f 2362 960 958
f 2423 1086 1084
f 2446 1151 1149
f 2401 1061 1059
f 2339 923 921
f 2429 1103 1101
f 2474 1205 1203
f 2491 1241 1239
f 2459 1175 1173
f 2395 1032 1030
f 2365 966 964
f 2424 1080 1078
f 2443 1127 1125
f 2390 1025 1023
f 2354 953 951
f 2413 1067 1065
f 2450 1139 1137
f 2467 1182 1180
f 2408 1056 1054
f 2495 1229 1227
f 2479 1193 1191
f 2437 1109 1107
f 2350 936 934
f 2511 1325 1326
f 2505 1277 1278
f 2507 1265 1266
f 2513 1301 1302
f 2516 1319 1320
f 2519 1343 1344
f 2556 1566 1565
f 2540 1464 1463
f 2561 1590 1589
f 2521 1349 1350
f 2544 1523 1524
f 2529 1422 1421
f 2530 1397 1398
f 2546 1499 1500
f 2549 1517 1518
f 2553 1559 1560
f 2534 1427 1428
f 2536 1433 1434
f 2557 1572 1571
f 2525 1374 1373
f 1609 892 889
f 1605 885 883
f 1611 897 895
f 1614 903 901
f 1617 910 907
f 1631 939 937
f 1688 1048 1045
f 1775 1222 1219
f 1763 1198 1195
f 1719 1113 1111
f 1654 982 979
f 1650 975 973
f 1656 987 985
f 1659 993 991
f 1662 1000 997
f 1672 1017 1015
f 1646 969 967
f 1706 1089 1087
f 1735 1144 1141
f 1741 1156 1153
f 1770 1215 1213
f 1680 1035 1033
f 1621 916 913
f 1711 1096 1093
f 1756 1186 1183
f 1684 1042 1039
f 1780 1234 1231
f 1767 1210 1207
f 1722 1120 1117
f 1627 928 925
f 1744 1161 1159
f 1668 1011 1009
f 1636 946 943
f 1699 1072 1069
f 1730 1132 1129
f 1748 1168 1165
f 1666 1006 1003
f 1642 958 955
f 1705 1084 1081
f 1736 1149 1147
f 1691 1059 1057
f 1623 921 919
f 1713 1101 1099
f 1764 1203 1201
f 1781 1239 1237
f 1749 1173 1171
f 1677 1030 1027
f 1645 964 961
f 1703 1078 1075
f 1725 1125 1123
f 1674 1023 1021
f 1638 951 949
f 1695 1065 1063
f 1732 1137 1135
f 1752 1180 1177
f 1690 1054 1051
f 1777 1227 1225
f 1759 1191 1189
f 1717 1107 1105
f 1630 934 931
f 2191 1326 1322
f 1885 1278 1274
f 1901 1266 1262
f 2279 1302 1298
f 2315 1320 1316
f 2171 1344 1340
f 2160 1565 1561
f 2016 1463 1459
f 2214 1589 1585
f 1919 1350 1346
f 2137 1524 1520
f 1978 1421 1417
f 1991 1398 1394
f 2225 1500 1496
f 2302 1518 1514
f 2178 1560 1556
f 2153 1428 1424
f 2009 1434 1430
f 2207 1571 1567
f 1926 1373 1369
f 1857 911 908
f 1803 893 890
f 1786 888 884
f 1822 900 896
f 1840 906 902
f 1876 924 920
f 2182 1062 1058
f 2312 1242 1238
f 2276 1206 1202
f 1898 1104 1100
f 2091 1001 998
f 2037 983 980
f 1952 978 974
f 2056 990 986
f 2074 996 992
f 2128 1026 1022
f 1966 954 950
f 1988 1068 1064
f 2222 1140 1136
f 2293 1181 1178
f 2185 1235 1232
f 1879 1043 1040
f 1893 929 926
f 2271 1121 1118
f 2307 1211 1208
f 2163 1055 1052
f 2150 1230 1226
f 2006 1194 1190
f 2204 1110 1106
f 1911 935 932
f 2131 1169 1166
f 1969 1007 1004
f 1983 959 956
f 2217 1085 1082
f 2290 1152 1148
f 2168 1176 1172
f 2145 1031 1028
f 2001 965 962
f 2199 1079 1076
f 1916 1128 1124
f 1808 1038 1034
f 1789 917 914
f 1825 1097 1094
f 1843 1187 1184
f 1862 1218 1214
f 1933 1157 1154
f 2110 1020 1016
f 2020 972 968
f 2236 1092 1088
f 2257 1145 1142
f 2042 1014 1010
f 1947 947 944
f 2059 1073 1070
f 2077 1133 1130
f 2096 1164 1160
f 2113 1049 1046
f 2023 1223 1220
f 2239 1199 1196
f 2254 1116 1112
f 1930 942 938
f 1818 1283 1279
f 1798 1259 1255
f 1834 1295 1291
f 1852 1313 1309
f 1872 1331 1327
f 1942 1379 1375
f 2120 1541 1537
f 2030 1452 1448
f 2248 1578 1574
f 2263 1368 1364
f 2052 1487 1483
f 1955 1391 1387
f 2065 1440 1436
f 2086 1511 1507
f 2106 1529 1525
f 2122 1547 1543
f 2032 1469 1465
f 2245 1458 1454
f 2266 1584 1580
f 1940 1362 1358
f 1813 1269 1267
f 1792 1245 1243
f 1828 1252 1250
f 1846 1288 1286
f 1867 1306 1304
f 1936 1336 1334
f 2123 1551 1549
f 2033 1473 1471
f 2249 1599 1597
f 2260 1354 1352
f 2049 1479 1477
f 1959 1401 1399
f 2062 1408 1406
f 2080 1492 1490
f 2101 1504 1502
f 2116 1533 1531
f 2026 1414 1412
f 2242 1444 1442
f 2267 1594 1592
f 1943 1383 1381
f 1869 1323 1321
f 1815 1275 1273
f 1799 1263 1261
f 1835 1299 1297
f 1853 1317 1315
f 1889 1341 1339
f 2195 1564 1562
f 2319 1462 1460
f 2283 1588 1586
f 1905 1347 1345
f 2103 1521 1519
f 2046 1420 1418
f 1957 1395 1393
f 2069 1497 1495
f 2087 1515 1513
f 2141 1557 1555
f 1979 1425 1423
f 1993 1431 1429
f 2229 1570 1568
f 2296 1372 1370
f 2188 1282 1280
f 1882 1258 1256
f 1902 1294 1292
f 2280 1312 1310
f 2316 1330 1328
f 2172 1378 1376
f 2157 1540 1538
f 2011 1449 1447
f 2209 1575 1573
f 1923 1365 1363
f 2134 1486 1484
f 1972 1390 1388
f 1995 1437 1435
f 2226 1510 1508
f 2303 1528 1526
f 2175 1546 1544
f 2154 1468 1466
f 2013 1455 1453
f 2211 1581 1579
f 1921 1359 1357
f 1865 1272 1268
f 1811 1248 1244
f 1796 1253 1249
f 1832 1289 1285
f 1850 1307 1303
f 1888 1337 1333
f 2194 1554 1550
f 2322 1476 1472
f 2286 1602 1598
f 1908 1355 1351
f 2099 1482 1478
f 2045 1404 1400
f 1962 1409 1405
f 2068 1493 1489
f 2084 1505 1501
f 2140 1536 1532
f 1976 1415 1411
f 1998 1445 1441
f 2232 1595 1591
f 2299 1386 1382
f 2330 909 911
f 2324 891 893
f 2325 886 888
f 2332 898 900
f 2335 904 906
f 2344 922 924
f 2410 1060 1062
f 2497 1240 1242
f 2486 1204 1206
f 2434 1102 1104
f 2375 999 1001
f 2369 981 983
f 2370 976 978
f 2377 988 990
f 2380 994 996
f 2393 1024 1026
f 2359 952 954
f 2415 1066 1068
f 2455 1138 1140
f 2461 1179 1181
f 2489 1233 1235
f 2399 1041 1043
f 2341 927 929
f 2431 1119 1121
f 2476 1209 1211
f 2405 1053 1055
f 2500 1228 1230
f 2481 1192 1194
f 2439 1108 1110
f 2348 933 935
f 2465 1167 1169
f 2383 1005 1007
f 2356 957 959
f 2420 1083 1085
f 2452 1150 1152
f 2471 1174 1176
f 2386 1029 1031
f 2363 963 965
f 2422 1077 1079
f 2445 1126 1128
f 2400 1036 1038
f 2338 915 917
f 2428 1095 1097
f 2473 1185 1187
f 2490 1216 1218
f 2458 1155 1157
f 2394 1018 1020
f 2366 970 972
f 2425 1090 1092
f 2444 1143 1145
f 2389 1012 1014
f 2353 945 947
f 2414 1071 1073
f 2449 1131 1133
f 2466 1162 1164
f 2407 1047 1049
f 2494 1221 1223
f 2480 1197 1199
f 2438 1114 1116
f 2351 940 942
f 2510 1284 1283
f 2504 1260 1259
f 2508 1296 1295
f 2514 1314 1313
f 2517 1332 1331
f 2520 1380 1379
f 2554 1542 1541
f 2539 1451 1452
f 2560 1577 1578
f 2523 1367 1368
f 2543 1488 1487
f 2527 1392 1391
f 2532 1439 1440
f 2547 1512 1511
f 2550 1530 1529
f 2552 1548 1547
f 2535 1470 1469
f 2538 1457 1458
f 2558 1583 1584
f 2524 1361 1362
f 1607 1616 1609
f 1603 1608 1605
f 1604 1606 1611
f 1610 1612 1614
f 1613 1615 1617
f 1622 1624 1631
f 1686 1692 1688
f 1773 1782 1775
f 1761 1765 1763
f 1712 1714 1719
f 1652 1661 1654
f 1648 1653 1650
f 1649 1651 1656
f 1655 1657 1659
f 1658 1660 1662
f 1670 1675 1672
f 1637 1639 1646
f 1694 1696 1706
f 1731 1733 1735
f 1739 1751 1741
f 1768 1779 1770
f 1678 1683 1680
f 1619 1626 1621
f 1709 1721 1711
f 1754 1766 1756
f 1682 1689 1684
f 1776 1778 1780
f 1758 1760 1767
f 1716 1718 1722
f 1625 1629 1627
f 1742 1747 1744
f 1663 1665 1668
f 1634 1641 1636
f 1697 1704 1699
f 1728 1737 1730
f 1746 1750 1748
f 1664 1676 1666
f 1640 1644 1642
f 1700 1702 1705
f 1724 1726 1736
f 1679 1681 1691
f 1618 1620 1623
f 1708 1710 1713
f 1753 1755 1764
f 1769 1771 1781
f 1738 1740 1749
f 1671 1673 1677
f 1643 1647 1645
f 1701 1707 1703
f 1723 1734 1725
f 1667 1669 1674
f 1633 1635 1638
f 1693 1698 1695
f 1727 1729 1732
f 1743 1745 1752
f 1685 1687 1690
f 1772 1774 1777
f 1757 1762 1759
f 1715 1720 1717
f 1628 1632 1630
f 2187 2189 2191
f 1881 1883 1885
f 1899 1903 1901
f 2277 2281 2279
f 2313 2317 2315
f 2169 2173 2171
f 2156 2158 2160
f 2010 2012 2016
f 2208 2210 2214
f 1917 1924 1919
f 2133 2135 2137
f 1971 1973 1978
f 1989 1996 1991
f 2223 2227 2225
f 2300 2304 2302
f 2174 2176 2178
f 2151 2155 2153
f 2007 2014 2009
f 2205 2212 2207
f 1920 1922 1926
f 1855 1864 1857
f 1801 1810 1803
f 1784 1795 1786
f 1820 1831 1822
f 1838 1849 1840
f 1874 1887 1876
f 2180 2193 2182
f 2310 2321 2312
f 2274 2285 2276
f 1896 1907 1898
f 2089 2098 2091
f 2035 2044 2037
f 1950 1961 1952
f 2054 2067 2056
f 2072 2083 2074
f 2126 2139 2128
f 1964 1975 1966
f 1986 1997 1988
f 2220 2231 2222
f 2291 2298 2293
f 2183 2190 2185
f 1877 1884 1879
f 1891 1900 1893
f 2269 2278 2271
f 2305 2314 2307
f 2161 2170 2163
f 2148 2159 2150
f 2004 2015 2006
f 2202 2213 2204
f 1909 1918 1911
f 2129 2136 2131
f 1967 1977 1969
f 1981 1990 1983
f 2215 2224 2217
f 2288 2301 2290
f 2166 2177 2168
f 2143 2152 2145
f 1999 2008 2001
f 2197 2206 2199
f 1914 1925 1916
f 1806 1817 1808
f 1787 1797 1789
f 1823 1833 1825
f 1841 1851 1843
f 1860 1871 1862
f 1931 1941 1933
f 2108 2119 2110
f 2018 2029 2020
f 2234 2247 2236
f 2255 2262 2257
f 2040 2051 2042
f 1945 1954 1947
f 2057 2064 2059
f 2075 2085 2077
f 2094 2105 2096
f 2111 2121 2113
f 2021 2031 2023
f 2237 2244 2239
f 2252 2265 2254
f 1928 1939 1930
f 1812 1814 1818
f 1791 1793 1798
f 1827 1829 1834
f 1845 1847 1852
f 1866 1868 1872
f 1935 1937 1942
f 2118 2124 2120
f 2028 2034 2030
f 2246 2250 2248
f 2259 2261 2263
f 2048 2050 2052
f 1953 1960 1955
f 2061 2063 2065
f 2079 2081 2086
f 2100 2102 2106
f 2115 2117 2122
f 2025 2027 2032
f 2241 2243 2245
f 2264 2268 2266
f 1938 1944 1940
f 1802 1804 1813
f 1783 1785 1792
f 1819 1821 1828
f 1837 1839 1846
f 1856 1858 1867
f 1927 1929 1936
f 2112 2114 2123
f 2022 2024 2033
f 2238 2240 2249
f 2251 2253 2260
f 2036 2038 2049
f 1949 1951 1959
f 2053 2055 2062
f 2071 2073 2080
f 2090 2092 2101
f 2107 2109 2116
f 2017 2019 2026
f 2233 2235 2242
f 2256 2258 2267
f 1932 1934 1943
f 1859 1861 1869
f 1805 1807 1815
f 1788 1790 1799
f 1824 1826 1835
f 1842 1844 1853
f 1878 1880 1889
f 2184 2186 2195
f 2306 2308 2319
f 2270 2272 2283
f 1892 1894 1905
f 2093 2095 2103
f 2039 2041 2046
f 1946 1948 1957
f 2058 2060 2069
f 2076 2078 2087
f 2130 2132 2141
f 1968 1970 1979
f 1982 1984 1993
f 2216 2218 2229
f 2287 2289 2296
f 2179 2181 2188
f 1873 1875 1882
f 1895 1897 1902
f 2273 2275 2280
f 2309 2311 2316
f 2165 2167 2172
f 2144 2146 2157
f 2000 2002 2011
f 2198 2200 2209
f 1913 1915 1923
f 2125 2127 2134
f 1963 1965 1972
f 1985 1987 1995
f 2219 2221 2226
f 2292 2294 2303
f 2162 2164 2175
f 2147 2149 2154
f 2003 2005 2013
f 2201 2203 2211
f 1910 1912 1921
f 1863 1870 1865
f 1809 1816 1811
f 1794 1800 1796
f 1830 1836 1832
f 1848 1854 1850
f 1886 1890 1888
f 2192 2196 2194
f 2318 2320 2322
f 2282 2284 2286
f 1904 1906 1908
f 2097 2104 2099
f 2043 2047 2045
f 1956 1958 1962
f 2066 2070 2068
f 2082 2088 2084
f 2138 2142 2140
f 1974 1980 1976
f 1992 1994 1998
f 2228 2230 2232
f 2295 2297 2299
f 2331 2329 2330
f 2327 2323 2324
f 2328 2326 2325
f 2334 2333 2332
f 2337 2336 2335
f 2346 2345 2344
f 2412 2409 2410
f 2499 2496 2497
f 2487 2485 2486
f 2436 2435 2434
f 2376 2374 2375
f 2372 2368 2369
f 2373 2371 2370
f 2379 2378 2377
f 2382 2381 2380
f 2396 2392 2393
f 2361 2360 2359
f 2418 2416 2415
f 2457 2456 2455
f 2463 2460 2461
f 2492 2488 2489
f 2402 2398 2399
f 2343 2340 2341
f 2433 2430 2431
f 2478 2475 2476
f 2406 2404 2405
f 2502 2501 2500
f 2484 2482 2481
f 2442 2440 2439
f 2349 2347 2348
f 2468 2464 2465
f 2387 2384 2383
f 2358 2355 2356
f 2421 2419 2420
f 2454 2451 2452
f 2472 2470 2471
f 2388 2385 2386
f 2364 2362 2363
f 2426 2423 2422
f 2448 2446 2445
f 2403 2401 2400
f 2342 2339 2338
f 2432 2429 2428
f 2477 2474 2473
f 2493 2491 2490
f 2462 2459 2458
f 2397 2395 2394
f 2367 2365 2366
f 2427 2424 2425
f 2447 2443 2444
f 2391 2390 2389
f 2357 2354 2353
f 2417 2413 2414
f 2453 2450 2449
f 2469 2467 2466
f 2411 2408 2407
f 2498 2495 2494
f 2483 2479 2480
f 2441 2437 2438
f 2352 2350 2351
f 2509 2511 2510
f 2503 2505 2504
f 2506 2507 2508
f 2512 2513 2514
f 2515 2516 2517
f 2518 2519 2520
f 2555 2556 2554
f 2541 2540 2539
f 2562 2561 2560
f 2522 2521 2523
f 2542 2544 2543
f 2528 2529 2527
f 2531 2530 2532
f 2545 2546 2547
f 2548 2549 2550
f 2551 2553 2552
f 2533 2534 2535
f 2537 2536 2538
f 2559 2557 2558
f 2526 2525 2524