v -0.172774 0.349035 -0.202119
v 0.168258 0.347751 -0.196964
v -0.365905 -0.633568 0.015707
v 0.365368 -0.630078 0.018614
v 0.002561 -0.497741 0.860072
v 0.000608 0.141686 0.419295
v -0.001066 -0.175301 -0.486105
v -0.000339 0.495396 -0.865798
v 0.332483 0.067901 -0.279086
v 0.374439 -0.037431 0.292894
v -0.333488 0.067554 -0.282537
v -0.373784 -0.035246 0.290460
v -0.002799 0.534176 -0.197968
v -0.118022 0.244340 0.059418
v -0.247526 0.792567 -0.528606
v -0.284411 0.260308 -0.279176
v -0.287648 0.114251 0.075342
v 0.116453 0.244776 0.058572
v 0.247998 0.788947 -0.528063
v 0.281878 0.259923 -0.278976
v 0.287705 0.115398 0.076692
v 0.001293 -0.659364 0.021205
v -0.305311 -0.853626 0.552863
v -0.239506 -0.555769 -0.363900
v -0.420025 -0.212229 -0.156645
v -0.416879 -0.277278 0.232195
v 0.288068 -0.836776 0.546828
v 0.242996 -0.560324 -0.364254
v 0.418996 -0.212535 -0.153848
v 0.417711 -0.277267 0.233930
v 0.001179 -0.000386 0.842180
v 0.378727 -0.251489 0.670066
v -0.380336 -0.255229 0.670642
v 0.255700 0.070084 0.446904
v -0.254395 0.071069 0.449062
v -0.002336 0.010589 -0.770792
v 0.217130 -0.032725 -0.401230
v -0.213625 -0.028378 -0.400724
v 0.373993 0.251016 -0.726434
v -0.370947 0.252155 -0.727193
v 0.365588 0.008351 0.005770
v -0.366359 0.009494 0.003964
v -0.116193 0.471003 -0.182542
v -0.137924 0.264222 -0.118444
v -0.220532 0.560953 -0.313277
v -0.230969 0.331958 -0.239400
v -0.217930 0.213688 -0.091042
v 0.105360 0.466539 -0.198713
v 0.136201 0.264365 -0.117123
v 0.219749 0.562588 -0.306335
v 0.227804 0.329606 -0.234842
v 0.215344 0.214199 -0.088429
v -0.203886 -0.724395 0.015957
v -0.285317 -0.635431 0.252728
v -0.423256 -0.852510 -0.228809
v -0.440519 -0.465915 -0.086129
v -0.399954 -0.453830 0.135447
v 0.200900 -0.724633 0.014733
v 0.286124 -0.634698 0.253807
v 0.424230 -0.854399 -0.222672
v 0.443550 -0.465895 -0.086420
v 0.398652 -0.453420 0.136663
v -0.180623 -0.718425 0.842147
v 0.176958 -0.746843 0.834137
v 0.001292 -0.268964 0.934362
v 0.242565 -0.420204 0.845147
v -0.239363 -0.415698 0.845282
v -0.062236 0.179146 0.254994
v 0.062878 0.180854 0.255280
v 0.001425 0.131343 0.621514
v 0.121749 0.128184 0.459590
v -0.121202 0.127332 0.460082
v -0.094676 -0.333236 -0.441785
v 0.092008 -0.337211 -0.441586
v -0.001289 0.000156 -0.536178
v 0.108363 -0.106252 -0.461385
v -0.109314 -0.104887 -0.460360
v -0.154012 0.700987 -0.769124
v 0.156079 0.696328 -0.769719
v -0.000886 0.235222 -0.939147
v 0.235690 0.400711 -0.894804
v -0.234683 0.399481 -0.895059
v 0.328988 0.152316 -0.290976
v 0.349410 -0.034361 -0.200483
v 0.303478 0.019814 -0.350303
v 0.337221 0.141359 -0.450842
v 0.347622 0.043288 -0.146484
v 0.339811 0.032225 0.206026
v 0.405401 -0.129051 0.280930
v 0.388846 -0.116552 0.447833
v 0.336728 0.002479 0.375550
v 0.373413 -0.020063 0.160801
v -0.327952 0.151239 -0.291880
v -0.349586 -0.035311 -0.202516
v -0.304193 0.020611 -0.350328
v -0.334509 0.141705 -0.453329
v -0.349647 0.043693 -0.148869
v -0.338208 0.036212 0.204921
v -0.402967 -0.126868 0.279516
v -0.388159 -0.113648 0.445415
v -0.337465 0.004281 0.376822
v -0.373123 -0.016856 0.157976
v -0.046236 0.305694 -0.148219
v -0.103421 0.726936 -0.346997
v 0.042306 0.305539 -0.147207
v 0.099418 0.728029 -0.343930
v -0.220494 0.182432 0.080942
v -0.000288 0.246339 0.043888
v -0.188544 0.149510 0.264759
v -0.399163 0.576386 -0.404818
v -0.000386 0.854844 -0.571499
v -0.336689 0.551854 -0.667251
v -0.278374 0.161532 -0.098217
v -0.332945 0.329502 -0.477554
v -0.332355 0.107737 -0.123554
v -0.284113 0.089923 0.251632
v -0.333472 0.062978 0.042549
v 0.218986 0.184083 0.079985
v 0.190653 0.149695 0.266322
v 0.395419 0.573769 -0.407118
v 0.337636 0.551409 -0.666060
v 0.279179 0.161171 -0.096322
v 0.333352 0.328410 -0.477522
v 0.329180 0.109423 -0.121939
v 0.283784 0.089984 0.251650
v 0.336019 0.061463 0.045837
v -0.104895 -0.684574 0.307283
v -0.107657 -0.711535 -0.231333
v 0.105720 -0.681135 0.306361
v 0.110840 -0.715051 -0.236235
v -0.375024 -0.505391 0.403461
v -0.001449 -0.686896 0.596259
v -0.398777 -0.572942 0.692843
v -0.407876 -0.414882 -0.291525
v 0.001673 -0.530970 -0.349748
v -0.251630 -0.258443 -0.387462
v -0.438611 -0.245775 0.026222
v -0.330477 -0.138579 -0.294338
v -0.393035 -0.070478 -0.056338
v -0.406649 -0.301456 0.456443
v -0.407339 -0.107186 0.107521
v 0.372917 -0.505120 0.403605
v 0.399050 -0.576944 0.688561
v 0.410248 -0.417832 -0.290281
v 0.249261 -0.259007 -0.386294
v 0.438659 -0.249963 0.028652
v 0.336074 -0.137428 -0.294305
v 0.394645 -0.074790 -0.053446
v 0.408120 -0.301031 0.457153
v 0.408695 -0.108039 0.109724
v 0.242170 -0.124910 0.833589
v -0.242419 -0.126839 0.832376
v 0.184253 0.065512 0.671409
v -0.184546 0.065218 0.673159
v 0.325468 -0.042623 0.592671
v -0.327857 -0.043493 0.592488
v 0.139248 0.013768 -0.592186
v -0.140133 0.016075 -0.597079
v 0.251370 0.074685 -0.887884
v -0.250832 0.076965 -0.891617
v 0.289591 0.065757 -0.576787
v -0.289677 0.066725 -0.581282
v -0.152140 0.404309 -0.194183
v -0.153721 0.304145 -0.167471
v -0.187245 0.437896 -0.240523
v -0.199498 0.344095 -0.217972
v -0.187202 0.274816 -0.164874
v 0.145950 0.401164 -0.204568
v 0.151036 0.305281 -0.167831
v 0.185415 0.437507 -0.234462
v 0.199004 0.344069 -0.209698
v 0.181295 0.274436 -0.159858
v -0.302693 -0.702062 0.017801
v -0.322642 -0.616492 0.109979
v -0.399677 -0.737730 -0.060033
v -0.415961 -0.577036 -0.034082
v -0.384389 -0.545472 0.072716
v 0.302167 -0.700683 0.020452
v 0.321726 -0.617289 0.109342
v 0.398986 -0.735696 -0.056165
v 0.416519 -0.575992 -0.030714
v 0.381836 -0.546387 0.072774
v -0.072961 -0.576247 0.844243
v 0.079481 -0.580988 0.844582
v 0.001649 -0.396220 0.886096
v 0.115599 -0.469324 0.862593
v -0.111835 -0.466626 0.863940
v -0.029374 0.148637 0.348498
v 0.028975 0.151971 0.347132
v 0.000680 0.142525 0.509123
v 0.054369 0.140077 0.442588
v -0.051856 0.139497 0.442522
v -0.038915 -0.247747 -0.475805
v 0.035380 -0.245344 -0.473651
v -0.000318 -0.086771 -0.496730
v 0.050346 -0.145222 -0.482695
v -0.051445 -0.143506 -0.482262
v -0.065981 0.587602 -0.825780
v 0.065932 0.589062 -0.828655
v -0.000819 0.380953 -0.912716
v 0.105866 0.457984 -0.882270
v -0.105749 0.458762 -0.880746
v 0.337635 0.105437 -0.285306
v 0.331559 0.024135 -0.239782
v 0.323961 0.047339 -0.312959
v 0.331918 0.100053 -0.348230
v 0.339208 0.058207 -0.217540
v 0.360486 -0.001987 0.254574
v 0.390362 -0.072942 0.290146
v 0.380535 -0.067909 0.355186
v 0.360410 -0.022528 0.330340
v 0.376423 -0.029966 0.232073
v -0.335216 0.104805 -0.288460
v -0.330251 0.025384 -0.241629
v -0.324346 0.046146 -0.315838
v -0.331974 0.100730 -0.350467
v -0.339720 0.057776 -0.223770
v -0.358018 -0.001774 0.253451
v -0.390566 -0.070976 0.287770
v -0.381807 -0.064830 0.355060
v -0.358977 -0.019825 0.330344
v -0.374249 -0.029235 0.229079
v -0.059840 0.513522 -0.200559
v 0.054532 0.523715 -0.181275
v -0.025831 0.412514 -0.173506
v -0.039737 0.646291 -0.253951
v 0.023590 0.413922 -0.168505
v 0.033638 0.647712 -0.251627
v -0.129332 0.247305 -0.036664
v -0.094920 0.216389 0.158331
v -0.077414 0.257563 -0.055883
v -0.175624 0.220458 0.071191
v -0.056588 0.244845 0.046031
v -0.160123 0.205886 0.168601
v -0.271087 0.700828 -0.411548
v -0.223763 0.772175 -0.658540
v -0.204451 0.824075 -0.448848
v -0.504607 0.764217 -0.482433
v -0.227795 0.971189 -0.587510
v -0.339203 0.699312 -0.609768
v -0.256835 0.304710 -0.262630
v -0.307336 0.201813 -0.289586
v -0.294175 0.400551 -0.352945
v -0.276548 0.203502 -0.190326
v -0.309872 0.310385 -0.374181
v -0.303396 0.168634 -0.200341
v -0.254343 0.160780 -0.004791
v -0.316769 0.073013 0.144200
v -0.258043 0.145590 0.081649
v -0.285916 0.133217 -0.011720
v -0.290901 0.101346 0.161246
v -0.315446 0.087639 0.063489
v 0.127185 0.249228 -0.038357
v 0.093815 0.217038 0.160071
v 0.071898 0.260464 -0.058569
v 0.055655 0.246005 0.046722
v 0.173829 0.221761 0.072869
v 0.158721 0.204224 0.168975
v 0.268503 0.702267 -0.408008
v 0.224020 0.770355 -0.658370
v 0.203068 0.822959 -0.448455
v 0.227535 0.970907 -0.587937
v 0.504443 0.765702 -0.483645
v 0.339357 0.699842 -0.608220
v 0.254782 0.302925 -0.261179
v 0.308042 0.205308 -0.289030
v 0.289897 0.396863 -0.354580
v 0.273575 0.205345 -0.187662
v 0.309702 0.311708 -0.373495
v 0.302080 0.167913 -0.199707
v 0.253810 0.161245 -0.003464
v 0.315028 0.073383 0.145221
v 0.257332 0.146638 0.081077
v 0.284986 0.132172 -0.010834
v 0.288953 0.101763 0.161422
v 0.313834 0.083941 0.061858
v -0.104225 -0.684100 0.018149
v 0.106987 -0.682822 0.015163
v -0.052926 -0.667268 0.156794
v -0.058160 -0.653234 -0.106047
v 0.052910 -0.668605 0.157943
v 0.061715 -0.653837 -0.107892
v -0.257693 -0.662210 0.441081
v -0.285325 -0.948309 0.767832
v -0.167282 -0.707917 0.468770
v -0.340321 -0.648610 0.502940
v -0.141402 -0.849825 0.597106
v -0.390159 -0.761705 0.662541
v -0.347946 -0.739703 -0.364217
v -0.160820 -0.430532 -0.394112
v -0.181676 -0.693450 -0.332393
v -0.353281 -0.512582 -0.349360
v -0.118021 -0.542134 -0.356078
v -0.255834 -0.403604 -0.378179
v -0.438985 -0.331699 -0.126064
v -0.384229 -0.111980 -0.177794
v -0.416054 -0.308844 -0.217754
v -0.439752 -0.231818 -0.067140
v -0.385411 -0.180731 -0.233383
v -0.412181 -0.136430 -0.100228
v -0.411015 -0.363065 0.191416
v -0.413648 -0.192595 0.260614
v -0.401000 -0.385213 0.311755
v -0.428787 -0.261654 0.127114
v -0.411067 -0.293586 0.344099
v -0.418608 -0.183626 0.164671
v 0.258375 -0.661950 0.440285
v 0.243653 -0.975608 0.739698
v 0.170475 -0.705968 0.468334
v 0.140023 -0.842496 0.588778
v 0.336341 -0.646386 0.499595
v 0.385279 -0.773572 0.651267
v 0.350849 -0.748198 -0.362663
v 0.159509 -0.434777 -0.393290
v 0.186791 -0.698216 -0.333096
v 0.121907 -0.546189 -0.356309
v 0.356507 -0.520824 -0.348382
v 0.256892 -0.405673 -0.377042
v 0.438253 -0.335363 -0.124954
v 0.384026 -0.113141 -0.175480
v 0.414838 -0.310026 -0.217214
v 0.440668 -0.231543 -0.065829
v 0.384753 -0.181526 -0.231625
v 0.412511 -0.136382 -0.099009
v 0.412671 -0.363363 0.191589
v 0.414147 -0.197498 0.261756
v 0.399367 -0.381948 0.312975
v 0.428297 -0.263490 0.126211
v 0.409726 -0.292516 0.344523
v 0.420539 -0.183909 0.164018
v 0.000682 -0.131060 0.939128
v 0.000985 0.087297 0.735459
v 0.121920 -0.062103 0.860860
v -0.122211 -0.062294 0.860998
v 0.107563 0.044920 0.772696
v -0.107145 0.044543 0.772140
v 0.332151 -0.339423 0.776072
v 0.391266 -0.176535 0.553555
v 0.383738 -0.398266 0.682369
v 0.401752 -0.288721 0.566493
v 0.333503 -0.193161 0.765312
v 0.366393 -0.131263 0.644909
v -0.333697 -0.340499 0.779470
v -0.390691 -0.176939 0.553946
v -0.383251 -0.400164 0.683316
v -0.402258 -0.290352 0.566225
v -0.331100 -0.193950 0.766026
v -0.361393 -0.135065 0.644703
v 0.191997 0.101920 0.460951
v 0.303086 0.034258 0.415940
v 0.222971 0.107126 0.361846
v 0.271047 0.077072 0.344593
v 0.228093 0.066251 0.557469
v 0.289953 0.021221 0.523795
v -0.191051 0.101919 0.460797
v -0.301390 0.035228 0.416866
v -0.222147 0.106797 0.360797
v -0.272739 0.079632 0.346091
v -0.228083 0.066474 0.556525
v -0.286781 0.023085 0.525110
v -0.001652 0.007310 -0.636473
v -0.001886 0.097191 -0.884592
v 0.084298 0.002817 -0.692718
v -0.085835 0.004004 -0.696694
v 0.113089 0.026042 -0.842166
v -0.116133 0.027415 -0.844411
v 0.160525 -0.060630 -0.427477
v 0.268053 -0.008330 -0.379112
v 0.227515 -0.133463 -0.383898
v 0.270561 -0.087099 -0.344088
v 0.176835 0.007973 -0.488521
v 0.243107 0.020558 -0.478562
v -0.162220 -0.065220 -0.430692
v -0.267872 -0.007165 -0.382414
v -0.229664 -0.134067 -0.384176
v -0.272045 -0.087285 -0.346367
v -0.179225 0.004664 -0.492662
v -0.244039 0.019406 -0.481960
v 0.345717 0.326198 -0.856312
v 0.349187 0.192467 -0.575905
v 0.346388 0.398574 -0.706211
v 0.350831 0.306443 -0.592814
v 0.366668 0.155255 -0.863252
v 0.345336 0.133186 -0.672947
v -0.345697 0.326959 -0.859322
v -0.351457 0.194278 -0.576512
v -0.348585 0.397827 -0.707999
v -0.350569 0.307790 -0.592387
v -0.367211 0.156083 -0.862955
v -0.346479 0.132334 -0.676912
v 0.360231 0.025217 -0.072173
v 0.370067 -0.007499 0.082790
v 0.351886 0.057150 -0.052729
v 0.352195 0.038359 0.025096
v 0.379292 -0.031202 -0.018072
v 0.386493 -0.043702 0.058488
v -0.358460 0.026847 -0.073299
v -0.369452 -0.002996 0.079782
v -0.350369 0.059012 -0.056364
v -0.353512 0.039388 0.026910
v -0.378217 -0.028016 -0.023432
v -0.387135 -0.040413 0.055575
v -0.117751 0.347268 -0.167717
v -0.159569 0.524784 -0.245915
v -0.074291 0.387666 -0.171436
v -0.109115 0.595931 -0.253378
v -0.180917 0.239341 -0.098908
v -0.090463 0.287821 -0.136019
v -0.177704 0.223583 -0.020090
v -0.235818 0.451602 -0.283801
v -0.175346 0.655817 -0.334372
v -0.317096 0.590206 -0.366548
v -0.215917 0.254603 -0.166818
v -0.277011 0.445725 -0.318384
v -0.245183 0.230557 -0.177719
v -0.217974 0.191685 -0.008765
v -0.246773 0.188377 -0.089915
v 0.111809 0.347122 -0.169973
v 0.152309 0.522369 -0.250839
v 0.070227 0.391880 -0.162657
v 0.100897 0.595319 -0.254857
v 0.177889 0.240599 -0.097512
v 0.089626 0.286885 -0.138006
v 0.175064 0.223901 -0.018084
v 0.236870 0.454307 -0.261695
v 0.168312 0.656932 -0.333164
v 0.315290 0.588540 -0.360062
v 0.212021 0.253282 -0.164846
v 0.273941 0.447940 -0.315305
v 0.241577 0.230988 -0.175199
v 0.217146 0.194820 -0.007561
v 0.245983 0.188593 -0.089014
v -0.243338 -0.663607 0.129015
v -0.280327 -0.924877 -0.048874
v -0.152618 -0.674517 0.147504
v -0.141853 -0.801821 -0.106288
v -0.350512 -0.548919 0.197836
v -0.203334 -0.688478 0.292680
v -0.330817 -0.576217 0.346214
v -0.445781 -0.625815 -0.150800
v -0.217536 -0.935315 -0.298838
v -0.436069 -0.615797 -0.284215
v -0.423066 -0.454443 0.022812
v -0.440972 -0.458768 -0.199240
v -0.443510 -0.344213 -0.027136
v -0.381396 -0.470714 0.264307
v -0.429596 -0.351285 0.076990
v 0.242337 -0.662562 0.128895
v 0.273860 -0.924584 -0.047330
v 0.152725 -0.675614 0.146059
v 0.141199 -0.799900 -0.111107
v 0.350797 -0.549133 0.196850
v 0.203493 -0.685654 0.294506
v 0.329734 -0.577519 0.346725
v 0.445747 -0.624038 -0.148312
v 0.219685 -0.936309 -0.297931
v 0.438120 -0.618128 -0.281336
v 0.424614 -0.456483 0.022180
v 0.440377 -0.458492 -0.194176
v 0.444996 -0.343333 -0.026627
v 0.378373 -0.470729 0.264149
v 0.428082 -0.352001 0.080230
v 0.005366 -0.623501 0.805112
v -0.227227 -0.575862 0.847431
v -0.083833 -0.754205 0.746521
v -0.352410 -0.737203 0.817015
v 0.234125 -0.590121 0.848528
v 0.077038 -0.752776 0.731554
v 0.355435 -0.756748 0.814108
v 0.125135 -0.335562 0.889355
v -0.124431 -0.335715 0.888310
v 0.129952 -0.197345 0.911296
v -0.128134 -0.196951 0.908899
v 0.354837 -0.516767 0.797838
v 0.244764 -0.267124 0.849279
v -0.349952 -0.515635 0.800545
v -0.246964 -0.265355 0.851520
v -0.001279 0.181726 0.251648
v -0.093991 0.144415 0.357035
v -0.032012 0.217002 0.149821
v -0.127260 0.169741 0.262561
v 0.092608 0.146070 0.356024
v 0.029872 0.219017 0.152412
v 0.126134 0.168468 0.261696
v 0.073120 0.131688 0.548583
v -0.073629 0.135148 0.549648
v 0.090223 0.109002 0.664545
v -0.089580 0.109637 0.664506
v 0.159406 0.131402 0.362315
v 0.152160 0.106760 0.567056
v -0.158994 0.130665 0.363458
v -0.151859 0.108304 0.568320
v -0.002198 -0.345974 -0.449487
v -0.110987 -0.219833 -0.455370
v -0.055239 -0.439195 -0.399356
v -0.178258 -0.306139 -0.417837
v 0.108986 -0.221607 -0.457988
v 0.053660 -0.440751 -0.399300
v 0.176543 -0.309634 -0.421423
v 0.052489 -0.043377 -0.498069
v -0.051875 -0.042870 -0.500120
v 0.060195 0.012345 -0.567683
v -0.063931 0.015374 -0.567894
v 0.174769 -0.179201 -0.424097
v 0.110534 -0.009533 -0.493301
v -0.174204 -0.179939 -0.423619
v -0.109227 -0.006202 -0.492866
v -0.001527 0.712159 -0.772466
v -0.197196 0.553605 -0.823673
v -0.089430 0.806595 -0.682461
v -0.275099 0.645870 -0.740014
v 0.198085 0.552269 -0.824015
v 0.090236 0.808150 -0.683571
v 0.275523 0.646430 -0.739821
v 0.132400 0.314363 -0.949202
v -0.133845 0.315163 -0.948526
v 0.135569 0.151108 -0.945943
v -0.137622 0.150481 -0.948125
v 0.299379 0.487894 -0.793688
v 0.276569 0.236630 -0.978045
v -0.299685 0.486968 -0.795068
v -0.276571 0.234838 -0.978075
v 0.332231 0.156255 -0.372250
v 0.339195 0.093965 -0.211951
v 0.322618 0.224930 -0.382591
v 0.328432 0.133964 -0.207049
v 0.321491 -0.010268 -0.270031
v 0.344995 0.007747 -0.168679
v 0.347608 -0.083392 -0.243206
v 0.374666 -0.057612 -0.128906
v 0.320281 0.076646 -0.403924
v 0.301018 -0.045956 -0.304865
v 0.294573 0.047455 -0.450473
v 0.338416 0.223850 -0.474454
v 0.324773 0.109348 -0.521916
v 0.345083 0.077997 -0.134336
v 0.365706 -0.012846 -0.095205
v 0.339388 0.021140 0.286414
v 0.356464 0.007962 0.180482
v 0.315687 0.059536 0.229786
v 0.337105 0.047009 0.126535
v 0.398246 -0.128230 0.365484
v 0.391291 -0.068837 0.215975
v 0.410373 -0.205494 0.359989
v 0.407103 -0.118672 0.196880
v 0.364782 -0.048771 0.418943
v 0.403004 -0.199665 0.458625
v 0.367849 -0.087156 0.522065
v 0.309939 0.045451 0.322269
v 0.332834 -0.019688 0.476287
v 0.355366 0.021856 0.102997
v 0.392684 -0.056843 0.137097
v -0.332273 0.155800 -0.374644
v -0.338889 0.097601 -0.212101
v -0.322068 0.225158 -0.382338
v -0.327311 0.132175 -0.206845
v -0.323295 -0.008848 -0.273566
v -0.347229 0.004625 -0.173270
v -0.345251 -0.084565 -0.245377
v -0.373230 -0.057299 -0.130918
v -0.320660 0.075995 -0.407266
v -0.299862 -0.045730 -0.307634
v -0.292392 0.046973 -0.452296
v -0.338664 0.223835 -0.476458
v -0.323809 0.108617 -0.524289
v -0.346543 0.079101 -0.135568
v -0.363845 -0.009956 -0.097068
v -0.338454 0.020818 0.285448
v -0.356922 0.013055 0.178265
v -0.317755 0.058870 0.232913
v -0.339074 0.046693 0.124062
v -0.398231 -0.128184 0.364612
v -0.391459 -0.065223 0.212172
v -0.409860 -0.204728 0.359986
v -0.406220 -0.116379 0.192497
v -0.363929 -0.047307 0.417475
v -0.404356 -0.199587 0.458166
v -0.366237 -0.086769 0.523249
v -0.312100 0.049057 0.320074
v -0.332986 -0.016873 0.477913
v -0.353294 0.023410 0.103567
v -0.390950 -0.052408 0.135147
v -0.002093 0.311379 -0.152243
v -0.025102 0.262795 -0.068367
v -0.003433 0.764007 -0.339615
v -0.097677 0.848522 -0.466873
v 0.021923 0.264897 -0.068200
v 0.095145 0.848064 -0.464291
v -0.211399 0.171900 0.173353
v -0.255954 0.134430 0.171799
v -0.242658 0.120132 0.262978
v -0.424925 0.603539 -0.539248
v -0.329784 0.460867 -0.460537
v -0.344966 0.445461 -0.576154
v -0.307443 0.135543 -0.110757
v -0.309828 0.106967 -0.022685
v -0.335689 0.083817 -0.039627
v 0.212469 0.172240 0.172889
v 0.254468 0.135053 0.170993
v 0.239679 0.120510 0.261885
v 0.423833 0.602873 -0.543565
v 0.331323 0.460135 -0.458670
v 0.347069 0.447499 -0.575656
v 0.306160 0.136852 -0.110717
v 0.309605 0.108127 -0.024271
v 0.331947 0.082973 -0.038103
v 0.000405 -0.680538 0.309402
v -0.060022 -0.709692 0.458264
v 0.003276 -0.613572 -0.206538
v -0.059708 -0.605907 -0.292701
v 0.060602 -0.710742 0.457405
v 0.068049 -0.608113 -0.294195
v -0.384250 -0.552663 0.546690
v -0.399252 -0.408029 0.438352
v -0.399445 -0.418140 0.565881
v -0.334915 -0.342232 -0.348221
v -0.373753 -0.259034 -0.294588
v -0.304100 -0.200009 -0.345710
v -0.425684 -0.152624 -0.017834
v -0.425184 -0.169610 0.071949
v -0.404743 -0.092166 0.023149
v 0.383635 -0.553218 0.544025
v 0.399649 -0.406441 0.439977
v 0.398684 -0.418264 0.563944
v 0.335505 -0.343202 -0.347218
v 0.374932 -0.259941 -0.293970
v 0.304746 -0.201767 -0.345749
v 0.425599 -0.155198 -0.015281
v 0.423820 -0.171059 0.073124
v 0.407713 -0.092956 0.025651
v 0.216851 -0.011575 0.764933
v 0.303939 -0.075734 0.718269
v -0.216208 -0.012251 0.767073
v -0.303648 -0.075849 0.717978
v 0.265662 0.010655 0.646194
v -0.264193 0.009670 0.645892
v 0.186792 0.020035 -0.733817
v 0.222717 0.032841 -0.599647
v -0.191323 0.019505 -0.736540
v -0.223270 0.030739 -0.604176
v 0.291060 0.065380 -0.733592
v -0.292353 0.064350 -0.735750
v -0.162380 0.370743 -0.200617
v -0.163636 0.327914 -0.186127
v -0.179079 0.386132 -0.218159
v -0.186060 0.346941 -0.209728
v -0.175328 0.312992 -0.188148
v 0.158467 0.370124 -0.199326
v 0.157832 0.326463 -0.184224
v 0.176389 0.386804 -0.212403
v 0.182937 0.347380 -0.202732
v 0.172433 0.313841 -0.183242
v -0.341337 -0.668518 0.018723
v -0.344661 -0.621832 0.055939
v -0.376556 -0.672543 -0.014603
v -0.391934 -0.613147 -0.003467
v -0.372917 -0.590956 0.042273
v 0.341844 -0.664524 0.019060
v 0.342298 -0.620141 0.055744
v 0.375444 -0.671633 -0.013638
v 0.389610 -0.612590 -0.002578
v 0.373050 -0.590444 0.044251
v -0.030817 -0.532117 0.853366
v 0.035801 -0.534873 0.853431
v 0.003187 -0.453900 0.870849
v 0.052702 -0.485823 0.862795
v -0.049640 -0.484065 0.862157
v -0.012558 0.143887 0.388131
v 0.012860 0.144770 0.386958
v 0.001399 0.141267 0.457887
v 0.023669 0.141045 0.430202
v -0.022960 0.141746 0.429719
v -0.016466 -0.206178 -0.480495
v 0.013813 -0.207495 -0.481938
v -0.000787 -0.136360 -0.489896
v 0.022404 -0.160863 -0.486061
v -0.024777 -0.162279 -0.485712
v -0.028666 0.535823 -0.850217
v 0.027681 0.538447 -0.849972
v -0.001122 0.445363 -0.887505
v 0.047130 0.478520 -0.871558
v -0.047293 0.479633 -0.872444
v 0.334156 0.083900 -0.282953
v 0.332684 0.048998 -0.261191
v 0.328357 0.059911 -0.292263
v 0.329965 0.080946 -0.307779
v 0.334279 0.063598 -0.254636
v 0.368234 -0.021208 0.276262
v 0.380283 -0.053249 0.292371
v 0.376507 -0.050318 0.321722
v 0.370327 -0.031472 0.309717
v 0.375534 -0.031809 0.265449
v -0.335413 0.083164 -0.285467
v -0.331981 0.048433 -0.263486
v -0.329055 0.058110 -0.297937
v -0.330144 0.080413 -0.311153
v -0.335386 0.064853 -0.256686
v -0.366282 -0.020417 0.276008
v -0.380393 -0.047370 0.290529
v -0.375737 -0.046501 0.318249
v -0.369767 -0.028634 0.305777
v -0.373132 -0.029811 0.264874
v -0.032945 0.526469 -0.201433
v 0.025556 0.531628 -0.192534
v -0.016939 0.471908 -0.185553
v -0.019923 0.593260 -0.221839
v 0.010624 0.472569 -0.181621
v 0.012343 0.595373 -0.217600
v -0.124846 0.246321 0.010450
v -0.107652 0.235259 0.111835
v -0.097034 0.250916 0.000813
v -0.149346 0.237923 0.063576
v -0.087701 0.246706 0.052573
v -0.140525 0.230962 0.116689
v -0.276082 0.761953 -0.468881
v -0.240197 0.791574 -0.594963
v -0.242400 0.835142 -0.497758
v -0.343271 0.770438 -0.498057
v -0.264493 0.914012 -0.577324
v -0.300029 0.750089 -0.565946
v -0.271635 0.281888 -0.272182
v -0.297749 0.232684 -0.284737
v -0.285859 0.323505 -0.317190
v -0.277247 0.228167 -0.234789
v -0.293532 0.288585 -0.324581
v -0.293007 0.209312 -0.239066
v -0.272573 0.135616 0.035321
v -0.305035 0.090819 0.110330
v -0.276211 0.128388 0.079156
v -0.286820 0.121311 0.031845
v -0.290456 0.106504 0.119634
v -0.303927 0.100710 0.068617
v 0.122933 0.245987 0.009694
v 0.107021 0.234569 0.109940
v 0.093688 0.251881 -0.001372
v 0.084751 0.246940 0.050658
v 0.148143 0.238482 0.066424
v 0.141250 0.232387 0.115737
v 0.276361 0.760829 -0.467004
v 0.240574 0.794403 -0.596954
v 0.240260 0.834364 -0.496059
v 0.263462 0.911970 -0.576997
v 0.346120 0.770924 -0.498668
v 0.301511 0.749485 -0.566797
v 0.268146 0.285215 -0.271132
v 0.294535 0.232407 -0.287005
v 0.281926 0.321625 -0.319014
v 0.275179 0.231140 -0.233145
v 0.292355 0.287424 -0.326409
v 0.287429 0.208987 -0.239466
v 0.272413 0.136078 0.035647
v 0.303755 0.091012 0.112042
v 0.272224 0.129991 0.078370
v 0.286134 0.121041 0.032453
v 0.286321 0.107300 0.119025
v 0.303540 0.098653 0.070279
v -0.051575 -0.664703 0.019683
v 0.054765 -0.666763 0.019695
v -0.026177 -0.663259 0.087231
v -0.026459 -0.651931 -0.044579
v 0.026813 -0.664500 0.089335
v 0.029874 -0.654384 -0.044734
v -0.267476 -0.728441 0.506464
v -0.310863 -0.949924 0.643246
v -0.221958 -0.782142 0.514717
v -0.323239 -0.738352 0.540910
v -0.222306 -0.931887 0.564340
v -0.363094 -0.837535 0.615088
v -0.291472 -0.639361 -0.360664
v -0.197395 -0.490007 -0.375199
v -0.217920 -0.631006 -0.352511
v -0.301133 -0.544176 -0.361003
v -0.178018 -0.552127 -0.359563
v -0.253912 -0.480927 -0.371561
v -0.431387 -0.269936 -0.141446
v -0.401988 -0.158734 -0.165004
v -0.416882 -0.258994 -0.183313
v -0.432241 -0.220875 -0.111514
v -0.401925 -0.198653 -0.195775
v -0.417427 -0.168850 -0.125923
v -0.415084 -0.321423 0.213783
v -0.415018 -0.233611 0.248522
v -0.410883 -0.330374 0.270264
v -0.421765 -0.268171 0.179825
v -0.413514 -0.285366 0.287516
v -0.419944 -0.227254 0.197290
v 0.265975 -0.722413 0.504519
v 0.290204 -0.952964 0.624455
v 0.220955 -0.777344 0.510351
v 0.225800 -0.924318 0.559769
v 0.316339 -0.736583 0.532976
v 0.355002 -0.844959 0.599090
v 0.291942 -0.644924 -0.360070
v 0.198264 -0.492091 -0.374976
v 0.221885 -0.637701 -0.350543
v 0.181331 -0.557337 -0.360590
v 0.303815 -0.550652 -0.360324
v 0.253280 -0.482003 -0.371806
v 0.429673 -0.272615 -0.140421
v 0.403516 -0.160871 -0.163778
v 0.416435 -0.259865 -0.183724
v 0.430438 -0.224510 -0.109856
v 0.402284 -0.198558 -0.193512
v 0.416707 -0.172071 -0.123707
v 0.418791 -0.317633 0.215075
v 0.416629 -0.235741 0.249713
v 0.411666 -0.329620 0.272352
v 0.422456 -0.270144 0.179076
v 0.415098 -0.284245 0.287702
v 0.419740 -0.230191 0.198000
v 0.000045 -0.062646 0.887105
v 0.000913 0.048582 0.790225
v 0.061197 -0.030460 0.859259
v -0.060002 -0.029133 0.858260
v 0.057152 0.024824 0.813378
v -0.056512 0.026388 0.813209
v 0.360496 -0.294157 0.725800
v 0.389264 -0.212854 0.612778
v 0.382482 -0.321486 0.676966
v 0.393743 -0.274667 0.619414
v 0.362500 -0.222362 0.721230
v 0.379325 -0.188598 0.662525
v -0.361509 -0.297921 0.727691
v -0.388750 -0.214485 0.612363
v -0.380215 -0.323458 0.677131
v -0.392279 -0.276284 0.619609
v -0.361768 -0.225695 0.721101
v -0.379142 -0.188924 0.665517
v 0.223101 0.087044 0.456261
v 0.280692 0.051018 0.432194
v 0.238185 0.089532 0.403998
v 0.263989 0.072418 0.394375
v 0.242061 0.065903 0.499524
v 0.272188 0.047776 0.488207
v -0.225682 0.086666 0.456764
v -0.278577 0.052361 0.432688
v -0.240164 0.087973 0.406240
v -0.263959 0.072876 0.395626
v -0.243279 0.066614 0.502938
v -0.272041 0.048468 0.488100
v -0.001219 0.000935 -0.703537
v -0.001388 0.042380 -0.835428
v 0.045347 -0.005562 -0.736017
v -0.047651 -0.003013 -0.739021
v 0.052677 0.021811 -0.802775
v -0.055317 0.019775 -0.806752
v 0.188705 -0.046996 -0.413681
v 0.245156 -0.019524 -0.389038
v 0.214783 -0.073874 -0.385681
v 0.239381 -0.057832 -0.369245
v 0.196034 -0.009230 -0.441133
v 0.228144 -0.000574 -0.434067
v -0.188598 -0.045684 -0.413192
v -0.242673 -0.018429 -0.392214
v -0.217769 -0.076291 -0.387616
v -0.239825 -0.057284 -0.367842
v -0.194148 -0.007724 -0.441067
v -0.226473 -0.001616 -0.438684
v 0.377517 0.287438 -0.803346
v 0.359958 0.221359 -0.646988
v 0.363410 0.323612 -0.720667
v 0.361015 0.284787 -0.654495
v 0.387731 0.208609 -0.805246
v 0.367079 0.185796 -0.708466
v -0.376499 0.288219 -0.808440
v -0.361918 0.220437 -0.649098
v -0.365947 0.324017 -0.725743
v -0.360922 0.284670 -0.657961
v -0.386353 0.207937 -0.806488
v -0.365603 0.185577 -0.710889
v 0.361619 0.015135 -0.033014
v 0.367838 0.002171 0.046358
v 0.357646 0.031633 -0.021448
v 0.360150 0.024007 0.017592
v 0.372928 -0.010017 -0.007439
v 0.375251 -0.018373 0.033223
v -0.364831 0.017693 -0.034759
v -0.369058 0.001424 0.043107
v -0.357295 0.033684 -0.022277
v -0.358834 0.024897 0.014393
v -0.371647 -0.009104 -0.006921
v -0.374072 -0.015183 0.031316
v -0.136783 0.440452 -0.179887
v -0.089487 0.497033 -0.193907
v -0.117760 0.405493 -0.174819
v -0.138150 0.503730 -0.203548
v -0.091835 0.431881 -0.178902
v -0.110774 0.534033 -0.213307
v -0.144212 0.281371 -0.146299
v -0.134266 0.251842 -0.082620
v -0.124036 0.298103 -0.151910
v -0.159271 0.252769 -0.108811
v -0.114336 0.276534 -0.129452
v -0.156897 0.242123 -0.070983
v -0.201027 0.497753 -0.272310
v -0.246796 0.631647 -0.359155
v -0.187002 0.545237 -0.277572
v -0.232386 0.508285 -0.300313
v -0.200059 0.611390 -0.323807
v -0.264771 0.577373 -0.342360
v -0.214989 0.340056 -0.229653
v -0.244665 0.318889 -0.250415
v -0.233442 0.390346 -0.263533
v -0.219678 0.283520 -0.205594
v -0.250786 0.385021 -0.277335
v -0.234296 0.274915 -0.213125
v -0.199302 0.237738 -0.131679
v -0.235316 0.186870 -0.048228
v -0.198645 0.227478 -0.093137
v -0.216124 0.230832 -0.130078
v -0.218885 0.200402 -0.051996
v -0.233256 0.200801 -0.091337
v 0.127372 0.435787 -0.200584
v 0.080876 0.498630 -0.187284
v 0.107460 0.403907 -0.182420
v 0.128390 0.496114 -0.225956
v 0.086027 0.432206 -0.174941
v 0.102806 0.530963 -0.223078
v 0.142983 0.283896 -0.145326
v 0.130649 0.253026 -0.080517
v 0.121397 0.299858 -0.153269
v 0.157600 0.251424 -0.107354
v 0.112843 0.276301 -0.129423
v 0.155814 0.241096 -0.070022
v 0.201264 0.497934 -0.265266
v 0.243121 0.631722 -0.352478
v 0.184759 0.545083 -0.278637
v 0.233437 0.509658 -0.286888
v 0.197891 0.611504 -0.322045
v 0.262261 0.575458 -0.334297
v 0.213103 0.338863 -0.219933
v 0.240228 0.319437 -0.248301
v 0.234159 0.391447 -0.248851
v 0.216566 0.284801 -0.199142
v 0.249308 0.385163 -0.269114
v 0.229462 0.273775 -0.207484
v 0.197036 0.240670 -0.128325
v 0.235354 0.185068 -0.046632
v 0.196688 0.227738 -0.090871
v 0.213655 0.231756 -0.126256
v 0.217644 0.201418 -0.049013
v 0.231064 0.201113 -0.086709
v -0.254604 -0.724372 0.018502
v -0.155990 -0.698691 0.012153
v -0.222613 -0.671317 0.059690
v -0.231642 -0.807009 -0.021905
v -0.177206 -0.681172 0.069398
v -0.175229 -0.775643 -0.036501
v -0.300930 -0.620292 0.175877
v -0.271298 -0.648977 0.343356
v -0.263631 -0.655317 0.192508
v -0.321539 -0.591420 0.226879
v -0.246464 -0.684172 0.277796
v -0.307699 -0.606503 0.304166
v -0.423416 -0.811694 -0.125288
v -0.393910 -0.825874 -0.319346
v -0.373717 -0.930904 -0.144389
v -0.444779 -0.731105 -0.186066
v -0.339036 -0.937758 -0.270973
v -0.438689 -0.732849 -0.269787
v -0.431955 -0.525489 -0.059483
v -0.445222 -0.399353 -0.109120
v -0.441420 -0.539193 -0.117236
v -0.435926 -0.459746 -0.031970
v -0.444040 -0.468230 -0.142235
v -0.442876 -0.400855 -0.054877
v -0.391977 -0.500992 0.103836
v -0.406867 -0.407346 0.165306
v -0.378605 -0.503246 0.165535
v -0.412176 -0.452922 0.077236
v -0.387806 -0.460159 0.196955
v -0.418027 -0.402859 0.106332
v 0.249666 -0.723873 0.017693
v 0.155318 -0.701705 0.010799
v 0.220234 -0.674847 0.062263
v 0.227371 -0.808657 -0.023196
v 0.177477 -0.679427 0.068824
v 0.172378 -0.775541 -0.040025
v 0.302133 -0.621144 0.173768
v 0.270708 -0.649230 0.342275
v 0.263648 -0.654175 0.193064
v 0.319485 -0.592682 0.226738
v 0.244519 -0.684986 0.280376
v 0.308097 -0.606316 0.303389
v 0.422506 -0.815288 -0.122154
v 0.395105 -0.827316 -0.315358
v 0.369524 -0.932065 -0.139514
v 0.443371 -0.731242 -0.181376
v 0.340399 -0.939862 -0.266894
v 0.439826 -0.734106 -0.264887
v 0.435776 -0.523311 -0.060950
v 0.443624 -0.399188 -0.108957
v 0.445678 -0.538127 -0.116170
v 0.434380 -0.458336 -0.031390
v 0.443990 -0.465633 -0.141706
v 0.440978 -0.402045 -0.053823
v 0.391132 -0.500777 0.105473
v 0.405624 -0.409656 0.166638
v 0.376926 -0.500503 0.168937
v 0.410434 -0.454310 0.077426
v 0.387676 -0.460744 0.200059
v 0.414605 -0.405250 0.107727
v -0.125092 -0.633600 0.839508
v -0.240816 -0.854707 0.849730
v -0.086909 -0.661541 0.817768
v -0.210088 -0.654622 0.847384
v -0.128588 -0.762647 0.825351
v -0.279029 -0.758384 0.853751
v 0.128805 -0.646093 0.837542
v 0.215547 -0.908985 0.831389
v 0.093327 -0.671054 0.815387
v 0.214724 -0.676213 0.847881
v 0.119529 -0.778929 0.810042
v 0.278030 -0.799488 0.852667
v -0.000364 -0.333254 0.905045
v 0.001186 -0.208943 1.002220
v 0.063575 -0.301498 0.908971
v -0.063303 -0.300781 0.911500
v 0.066465 -0.233324 0.937576
v -0.064622 -0.233496 0.935968
v 0.180384 -0.448558 0.859426
v 0.296588 -0.383066 0.819438
v 0.240662 -0.502473 0.844429
v 0.186645 -0.376382 0.868913
v 0.299861 -0.469511 0.824414
v 0.243446 -0.341526 0.849247
v -0.176967 -0.447494 0.859557
v -0.293848 -0.382476 0.820223
v -0.235280 -0.495476 0.844196
v -0.184632 -0.374072 0.868456
v -0.298449 -0.465354 0.826185
v -0.243522 -0.340837 0.848426
v -0.046289 0.162316 0.302150
v -0.080769 0.197315 0.205107
v -0.032900 0.180604 0.252668
v -0.077699 0.160149 0.305014
v -0.047530 0.198728 0.202903
v -0.095131 0.176493 0.256883
v 0.045118 0.164999 0.300394
v 0.077644 0.198011 0.206365
v 0.031404 0.182523 0.251623
v 0.077878 0.162021 0.305975
v 0.045091 0.200402 0.204756
v 0.094232 0.177946 0.257702
v 0.000613 0.139428 0.563804
v 0.000985 0.113949 0.678625
v 0.040197 0.136699 0.591841
v -0.037340 0.135848 0.589699
v 0.044237 0.122131 0.647586
v -0.042821 0.123196 0.646633
v 0.086617 0.134047 0.453038
v 0.157575 0.116517 0.462404
v 0.107461 0.135450 0.407381
v 0.099905 0.131056 0.506676
v 0.141102 0.127686 0.410443
v 0.137103 0.119804 0.513740
v -0.087161 0.133960 0.451158
v -0.155883 0.116707 0.461125
v -0.107851 0.133456 0.409455
v -0.098003 0.130493 0.504613
v -0.141285 0.127631 0.410857
v -0.138797 0.119383 0.512512
v -0.064938 -0.290247 -0.465571
v -0.125523 -0.381775 -0.417474
v -0.048446 -0.343621 -0.450384
v -0.104499 -0.279078 -0.454365
v -0.076294 -0.389460 -0.421633
v -0.139000 -0.323129 -0.433485
v 0.062462 -0.290449 -0.463667
v 0.123831 -0.382240 -0.415403
v 0.043885 -0.344147 -0.447143
v 0.104204 -0.281820 -0.454610
v 0.074437 -0.389370 -0.422298
v 0.136163 -0.324847 -0.432700
v -0.002302 -0.038755 -0.509507
v -0.002863 0.015018 -0.579188
v 0.027170 -0.018735 -0.517589
v -0.026532 -0.017636 -0.518551
v 0.027470 0.010546 -0.549817
v -0.031104 0.012838 -0.551786
v 0.080349 -0.127923 -0.474032
v 0.133400 -0.082336 -0.444187
v 0.109429 -0.162047 -0.458638
v 0.078638 -0.073056 -0.478908
v 0.139395 -0.143742 -0.443416
v 0.106694 -0.050916 -0.470394
v -0.081712 -0.125369 -0.474372
v -0.134086 -0.082666 -0.444761
v -0.110934 -0.160646 -0.457579
v -0.079755 -0.072280 -0.481950
v -0.139769 -0.140279 -0.442354
v -0.107690 -0.052182 -0.470883
v -0.108282 0.642278 -0.799723
v -0.199805 0.747543 -0.727409
v -0.079013 0.710108 -0.772107
v -0.178438 0.626845 -0.797274
v -0.127381 0.764272 -0.735242
v -0.229096 0.684433 -0.762456
v 0.109960 0.644307 -0.801448
v 0.198066 0.747985 -0.727937
v 0.078709 0.707410 -0.772112
v 0.177656 0.627144 -0.794819
v 0.127332 0.762246 -0.734816
v 0.230098 0.682708 -0.761687
v -0.000801 0.310596 -0.931347
v -0.001797 0.160963 -0.922412
v 0.068849 0.273152 -0.944698
v -0.066496 0.272849 -0.943029
v 0.066604 0.196338 -0.937559
v -0.068763 0.195183 -0.937872
v 0.171176 0.431824 -0.890400
v 0.295966 0.365342 -0.886907
v 0.214593 0.476009 -0.854468
v 0.189603 0.359482 -0.938224
v 0.274107 0.445421 -0.846188
v 0.259541 0.322767 -0.949178
v -0.171068 0.432066 -0.890761
v -0.295644 0.365816 -0.888312
v -0.214684 0.477171 -0.854524
v -0.191994 0.357504 -0.939260
v -0.270886 0.444602 -0.847133
v -0.261116 0.323199 -0.949470
v 0.334973 0.128333 -0.289053
v 0.317516 0.178097 -0.290346
v 0.328563 0.156201 -0.333367
v 0.334756 0.120586 -0.250774
v 0.323443 0.184853 -0.336104
v 0.326951 0.142342 -0.248471
v 0.336917 -0.004096 -0.219258
v 0.364889 -0.072220 -0.187868
v 0.335456 -0.023303 -0.235260
v 0.346954 -0.014540 -0.184570
v 0.348033 -0.057866 -0.221861
v 0.362255 -0.048437 -0.166060
v 0.316258 0.032443 -0.333945
v 0.287543 0.006828 -0.365254
v 0.312741 0.003107 -0.308694
v 0.311005 0.047779 -0.375762
v 0.297703 -0.013308 -0.323574
v 0.296896 0.033791 -0.395388
v 0.333612 0.119712 -0.395918
v 0.341064 0.165335 -0.509399
v 0.336481 0.150389 -0.413364
v 0.328919 0.109319 -0.428963
v 0.338082 0.180162 -0.465588
v 0.331626 0.126696 -0.486611
v 0.344479 0.049923 -0.185651
v 0.355014 0.034105 -0.109334
v 0.344033 0.069146 -0.179606
v 0.348371 0.024660 -0.157433
v 0.347598 0.060458 -0.139983
v 0.355344 0.015683 -0.119296
v 0.348445 0.014660 0.230551
v 0.326866 0.051980 0.176096
v 0.338842 0.025417 0.246877
v 0.348299 0.024098 0.192729
v 0.326955 0.046189 0.219210
v 0.337678 0.040193 0.166214
v 0.400860 -0.099107 0.287484
v 0.409235 -0.160720 0.271261
v 0.402781 -0.125954 0.324150
v 0.399517 -0.098488 0.246583
v 0.408119 -0.163343 0.317960
v 0.407391 -0.125336 0.237232
v 0.385894 -0.090567 0.397650
v 0.390241 -0.144871 0.499129
v 0.394417 -0.125496 0.405035
v 0.375607 -0.080346 0.433697
v 0.397953 -0.156209 0.453928
v 0.378941 -0.102988 0.484295
v 0.351186 -0.010299 0.352910
v 0.323599 0.015744 0.399227
v 0.338729 0.013468 0.332239
v 0.352234 -0.022274 0.397143
v 0.324728 0.025183 0.351347
v 0.336153 -0.008807 0.423206
v 0.376661 -0.025640 0.196807
v 0.374571 -0.014159 0.120521
v 0.366572 -0.005130 0.169282
v 0.383973 -0.040436 0.187361
v 0.363789 0.002044 0.133092
v 0.383628 -0.036904 0.150259
v -0.332418 0.127134 -0.291457
v -0.319629 0.176610 -0.292404
v -0.329497 0.155608 -0.335224
v -0.333343 0.120902 -0.251280
v -0.319803 0.184141 -0.335264
v -0.327357 0.140385 -0.251539
v -0.334798 -0.005228 -0.221763
v -0.364578 -0.070694 -0.188523
v -0.335190 -0.025105 -0.238155
v -0.346792 -0.015594 -0.186526
v -0.345725 -0.058155 -0.222310
v -0.361187 -0.043704 -0.166962
v -0.316450 0.035634 -0.333397
v -0.287888 0.006449 -0.368961
v -0.312629 0.005607 -0.310651
v -0.313025 0.048799 -0.381397
v -0.298739 -0.009651 -0.328455
v -0.297738 0.034563 -0.400626
v -0.331298 0.118852 -0.399743
v -0.340922 0.166756 -0.509483
v -0.335650 0.151624 -0.413637
v -0.327946 0.108286 -0.430559
v -0.338873 0.180105 -0.468781
v -0.331299 0.127719 -0.489066
v -0.343705 0.050636 -0.187229
v -0.354793 0.036601 -0.112804
v -0.346498 0.069824 -0.181744
v -0.346381 0.025845 -0.158467
v -0.349494 0.061686 -0.141652
v -0.355685 0.017523 -0.121043
v -0.348781 0.017879 0.230795
v -0.327615 0.054917 0.176880
v -0.338589 0.029943 0.244924
v -0.346587 0.023629 0.193072
v -0.331128 0.047840 0.221155
v -0.337696 0.039956 0.164491
v -0.397139 -0.096450 0.285355
v -0.410043 -0.159507 0.271637
v -0.402684 -0.127236 0.321631
v -0.397490 -0.093969 0.244792
v -0.406524 -0.164572 0.319361
v -0.405131 -0.122349 0.236860
v -0.384360 -0.088147 0.397479
v -0.390301 -0.143846 0.499420
v -0.395107 -0.120367 0.405787
v -0.376935 -0.078436 0.434172
v -0.397793 -0.154357 0.454478
v -0.378894 -0.102191 0.485734
v -0.350436 -0.008530 0.353699
v -0.322535 0.019287 0.397757
v -0.338891 0.013445 0.329885
v -0.349939 -0.020479 0.399524
v -0.325595 0.028296 0.350610
v -0.334099 -0.006038 0.424322
v -0.375555 -0.021823 0.196280
v -0.371945 -0.011518 0.121295
v -0.365010 -0.001920 0.169180
v -0.382864 -0.037017 0.183653
v -0.364020 0.003013 0.130969
v -0.382314 -0.034653 0.146076
v -0.036985 0.355512 -0.163554
v -0.057143 0.272888 -0.112245
v -0.059033 0.346613 -0.161360
v -0.068006 0.298039 -0.144044
v -0.023264 0.310288 -0.151398
v -0.034893 0.277176 -0.117379
v -0.067274 0.687244 -0.297899
v -0.150924 0.771569 -0.400097
v -0.105488 0.661333 -0.297406
v -0.142793 0.695480 -0.342925
v -0.055747 0.748749 -0.345064
v -0.100751 0.794824 -0.402482
v 0.033095 0.357365 -0.159243
v 0.055428 0.273187 -0.112621
v 0.056867 0.347793 -0.158061
v 0.064451 0.298761 -0.141593
v 0.020505 0.309218 -0.151663
v 0.031885 0.277140 -0.117250
v 0.061784 0.688130 -0.295650
v 0.146429 0.774220 -0.397437
v 0.100011 0.660116 -0.297023
v 0.138936 0.697941 -0.342404
v 0.052789 0.747059 -0.344632
v 0.097837 0.795356 -0.401772
v -0.198502 0.202244 0.075673
v -0.240263 0.161609 0.084708
v -0.200354 0.204617 0.032088
v -0.219431 0.187836 0.034673
v -0.219445 0.180806 0.127322
v -0.239167 0.159796 0.128131
v -0.028203 0.244758 0.043209
v 0.028154 0.245583 0.043612
v -0.015167 0.232380 0.098326
v 0.015115 0.235174 0.097600
v -0.015168 0.254014 -0.013319
v 0.011822 0.254165 -0.013848
v -0.173349 0.176360 0.217318
v -0.203695 0.126550 0.313676
v -0.160110 0.160868 0.264088
v -0.175260 0.138081 0.313682
v -0.201950 0.160373 0.218479
v -0.217011 0.134122 0.266380
v -0.551211 0.702196 -0.414876
v -0.307729 0.495490 -0.388385
v -0.377627 0.597553 -0.383637
v -0.309808 0.520368 -0.367163
v -0.498604 0.605962 -0.444598
v -0.352641 0.529555 -0.437724
v -0.115191 0.874030 -0.568690
v 0.116955 0.872977 -0.568784
v -0.052998 0.840329 -0.627726
v 0.050456 0.840176 -0.628063
v -0.066906 0.853434 -0.520274
v 0.067555 0.853070 -0.520243
v -0.343714 0.626824 -0.642413
v -0.333659 0.474144 -0.692747
v -0.310383 0.597587 -0.704400
v -0.316212 0.520936 -0.730969
v -0.369100 0.580235 -0.605377
v -0.347110 0.499506 -0.624017
v -0.276718 0.181108 -0.142978
v -0.281112 0.145155 -0.055821
v -0.262891 0.192637 -0.138791
v -0.263469 0.175926 -0.095069
v -0.293672 0.149146 -0.103814
v -0.297291 0.131634 -0.058773
v -0.321401 0.323852 -0.424254
v -0.342778 0.323000 -0.533000
v -0.326601 0.272635 -0.429585
v -0.334901 0.273984 -0.481754
v -0.331896 0.391965 -0.469868
v -0.339650 0.386778 -0.527371
v -0.319961 0.137431 -0.159785
v -0.341210 0.082746 -0.088113
v -0.330175 0.121229 -0.161778
v -0.340363 0.094333 -0.128104
v -0.319283 0.123188 -0.116899
v -0.332977 0.094455 -0.078155
v -0.289068 0.095018 0.208064
v -0.278390 0.083825 0.298235
v -0.301371 0.073840 0.243762
v -0.297079 0.068515 0.286811
v -0.271967 0.111221 0.212640
v -0.264204 0.105535 0.257086
v -0.326954 0.075032 0.055634
v -0.345012 0.051559 0.037249
v -0.335845 0.054054 0.083934
v -0.345561 0.042920 0.072814
v -0.322960 0.085327 0.010083
v -0.335119 0.072762 0.003060
v 0.197726 0.204861 0.077045
v 0.238011 0.166480 0.079808
v 0.197401 0.204096 0.030609
v 0.219130 0.188091 0.035764
v 0.218689 0.180897 0.126122
v 0.238255 0.162456 0.126558
v 0.173161 0.175647 0.217501
v 0.205765 0.126226 0.315218
v 0.158904 0.159073 0.264327
v 0.176915 0.136518 0.312740
v 0.199224 0.162032 0.219405
v 0.216928 0.135291 0.265046
v 0.551184 0.702656 -0.417047
v 0.305670 0.495178 -0.388921
v 0.376231 0.596059 -0.380583
v 0.305384 0.517230 -0.365720
v 0.499376 0.606413 -0.446499
v 0.350557 0.530983 -0.438200
v 0.342818 0.627149 -0.639845
v 0.337377 0.475951 -0.688592
v 0.311813 0.597338 -0.703548
v 0.318792 0.522864 -0.730989
v 0.368289 0.579551 -0.603201
v 0.344825 0.502922 -0.624012
v 0.275055 0.182639 -0.142891
v 0.279406 0.148721 -0.054017
v 0.260094 0.195267 -0.137284
v 0.262325 0.175637 -0.093189
v 0.290133 0.152271 -0.101787
v 0.294801 0.132460 -0.060857
v 0.322609 0.325250 -0.424476
v 0.342240 0.322526 -0.533100
v 0.326620 0.274334 -0.430339
v 0.335097 0.273184 -0.479182
v 0.331374 0.390166 -0.471634
v 0.341381 0.386553 -0.527336
v 0.317089 0.136808 -0.161908
v 0.341208 0.083575 -0.086501
v 0.329515 0.121611 -0.164018
v 0.339137 0.094877 -0.129603
v 0.317257 0.122710 -0.115879
v 0.332190 0.097465 -0.078346
v 0.288872 0.093678 0.209004
v 0.278506 0.082885 0.297173
v 0.302091 0.075706 0.241310
v 0.296718 0.068957 0.286785
v 0.271425 0.111419 0.212543
v 0.261913 0.106986 0.257907
v 0.325194 0.073636 0.053433
v 0.344762 0.050469 0.034824
v 0.336283 0.055280 0.084391
v 0.346607 0.040489 0.074515
v 0.324459 0.083158 0.013100
v 0.332888 0.072430 0.003506
v -0.076571 -0.671184 0.230879
v -0.134279 -0.692961 0.385801
v -0.128245 -0.676634 0.228087
v -0.155260 -0.684618 0.301395
v -0.054919 -0.681912 0.308880
v -0.082990 -0.693499 0.386031
v -0.087207 -0.673113 -0.167675
v -0.140639 -0.723935 -0.291663
v -0.119022 -0.772978 -0.180529
v -0.137454 -0.824689 -0.271530
v -0.063027 -0.632626 -0.212693
v -0.090482 -0.651076 -0.265645
v 0.078833 -0.674020 0.231160
v 0.135063 -0.692785 0.384460
v 0.128878 -0.675777 0.225855
v 0.155411 -0.683900 0.301971
v 0.054095 -0.680034 0.308030
v 0.083186 -0.690309 0.384608
v 0.089770 -0.675181 -0.170790
v 0.145519 -0.727913 -0.296302
v 0.121083 -0.774667 -0.185922
v 0.136853 -0.825921 -0.276556
v 0.067775 -0.636530 -0.216990
v 0.095696 -0.653045 -0.266736
v -0.356860 -0.573032 0.452702
v -0.387839 -0.441885 0.356707
v -0.353995 -0.543942 0.379033
v -0.373174 -0.484629 0.333370
v -0.377056 -0.529710 0.474908
v -0.390630 -0.459269 0.422917
v -0.084374 -0.748136 0.600970
v 0.082096 -0.745977 0.595480
v -0.055522 -0.688422 0.665379
v 0.054475 -0.688677 0.661529
v -0.035063 -0.717824 0.527818
v 0.035606 -0.717358 0.526270
v -0.396535 -0.667374 0.685215
v -0.388617 -0.482007 0.689652
v -0.389681 -0.660718 0.760556
v -0.383326 -0.553956 0.755567
v -0.393900 -0.570495 0.620848
v -0.395474 -0.491996 0.626094
v -0.388461 -0.468593 -0.324774
v -0.414615 -0.361586 -0.253708
v -0.426174 -0.508534 -0.291563
v -0.432715 -0.442410 -0.250571
v -0.375686 -0.379345 -0.323385
v -0.390220 -0.333905 -0.292060
v -0.058817 -0.533540 -0.350855
v 0.061534 -0.536908 -0.350142
v -0.028174 -0.486059 -0.374674
v 0.030040 -0.488201 -0.374672
v -0.028510 -0.570147 -0.322205
v 0.033045 -0.573514 -0.323320
v -0.255423 -0.328837 -0.383346
v -0.240761 -0.193692 -0.388640
v -0.215843 -0.285407 -0.405580
v -0.210978 -0.218997 -0.406479
v -0.294397 -0.299844 -0.370129
v -0.284196 -0.228586 -0.369928
v -0.442498 -0.239051 -0.020905
v -0.434139 -0.254374 0.075508
v -0.443481 -0.290763 -0.000109
v -0.438234 -0.297864 0.050481
v -0.436567 -0.195600 0.003659
v -0.433940 -0.203588 0.050361
v -0.359519 -0.160760 -0.265834
v -0.302172 -0.113292 -0.319348
v -0.338875 -0.110384 -0.269536
v -0.311391 -0.087636 -0.297836
v -0.352971 -0.194795 -0.294562
v -0.322292 -0.169296 -0.320451
v -0.402282 -0.103831 -0.078006
v -0.385820 -0.050147 -0.036840
v -0.385540 -0.067008 -0.093151
v -0.375389 -0.041932 -0.074027
v -0.410673 -0.112407 -0.035261
v -0.400903 -0.085526 -0.017347
v -0.409220 -0.299420 0.399446
v -0.406403 -0.297123 0.511441
v -0.409104 -0.251246 0.406396
v -0.407205 -0.249173 0.458883
v -0.404778 -0.354939 0.448874
v -0.403813 -0.354205 0.511379
v -0.414091 -0.142323 0.134173
v -0.397161 -0.073547 0.081915
v -0.407168 -0.112243 0.150312
v -0.400406 -0.076672 0.124020
v -0.418226 -0.135133 0.089182
v -0.406402 -0.099169 0.064485
v 0.354884 -0.573402 0.450467
v 0.389154 -0.441642 0.356812
v 0.352770 -0.544310 0.377994
v 0.373400 -0.483397 0.332379
v 0.376260 -0.527762 0.472488
v 0.387709 -0.457294 0.424214
v 0.396036 -0.675300 0.677915
v 0.390308 -0.482577 0.686260
v 0.391395 -0.670297 0.754200
v 0.384935 -0.558748 0.751593
v 0.391979 -0.572016 0.615191
v 0.396356 -0.491686 0.623085
v 0.391399 -0.472378 -0.323571
v 0.414696 -0.362866 -0.252376
v 0.424866 -0.510683 -0.288719
v 0.430512 -0.443681 -0.245393
v 0.374409 -0.383330 -0.322275
v 0.394182 -0.333284 -0.294379
v 0.256707 -0.332062 -0.383288
v 0.240937 -0.194834 -0.384906
v 0.216799 -0.284834 -0.402577
v 0.210804 -0.221409 -0.405242
v 0.291757 -0.302424 -0.368289
v 0.281346 -0.231040 -0.367536
v 0.442351 -0.241523 -0.020572
v 0.435558 -0.254132 0.077084
v 0.445256 -0.294669 0.002282
v 0.435988 -0.301076 0.052857
v 0.435774 -0.198986 0.004025
v 0.432423 -0.207376 0.052106
v 0.363205 -0.158970 -0.266353
v 0.302227 -0.114710 -0.319884
v 0.341753 -0.110094 -0.268009
v 0.313445 -0.089154 -0.295668
v 0.358377 -0.192707 -0.296321
v 0.323867 -0.168451 -0.321513
v 0.404159 -0.104857 -0.073842
v 0.387172 -0.052155 -0.036259
v 0.385451 -0.068735 -0.092908
v 0.378540 -0.044810 -0.074658
v 0.410437 -0.113964 -0.033051
v 0.400959 -0.083705 -0.013821
v 0.409295 -0.299110 0.400470
v 0.405764 -0.297806 0.512110
v 0.411893 -0.250329 0.407357
v 0.408956 -0.248292 0.457955
v 0.404968 -0.355040 0.449582
v 0.403691 -0.356359 0.508511
v 0.415237 -0.143931 0.137167
v 0.399327 -0.072692 0.084000
v 0.410520 -0.114281 0.152361
v 0.400133 -0.080295 0.122800
v 0.416739 -0.136765 0.093186
v 0.409303 -0.097235 0.067892
v 0.183042 -0.093378 0.850655
v 0.290222 -0.159116 0.801060
v 0.189020 -0.160205 0.871702
v 0.246449 -0.192631 0.848379
v 0.230400 -0.065148 0.802838
v 0.277939 -0.097834 0.777789
v -0.183062 -0.095105 0.851315
v -0.290715 -0.160444 0.802286
v -0.189473 -0.159455 0.872987
v -0.246297 -0.194747 0.847980
v -0.229623 -0.065400 0.803177
v -0.279121 -0.098053 0.777623
v 0.151663 0.058640 0.726339
v 0.209453 0.067145 0.614648
v 0.138625 0.089024 0.673751
v 0.167716 0.089601 0.620159
v 0.200936 0.031153 0.719802
v 0.228417 0.038754 0.662333
v -0.151144 0.060225 0.726759
v -0.207064 0.066828 0.614346
v -0.137154 0.090061 0.673925
v -0.166515 0.090059 0.619688
v -0.200080 0.031446 0.722631
v -0.226733 0.039144 0.663871
v 0.345051 -0.086678 0.619917
v 0.305856 -0.008429 0.559214
v 0.349835 -0.068008 0.561353
v 0.330309 -0.032412 0.532206
v 0.319373 -0.057375 0.654966
v 0.300212 -0.015330 0.621992
v -0.344838 -0.085763 0.620007
v -0.307331 -0.007889 0.559680
v -0.352144 -0.065289 0.560487
v -0.332224 -0.029748 0.532966
v -0.319194 -0.058773 0.656190
v -0.299693 -0.018124 0.621807
v 0.113889 0.010445 -0.643401
v 0.159739 0.013194 -0.541161
v 0.096867 0.014978 -0.580968
v 0.119323 0.014276 -0.533919
v 0.160745 0.016264 -0.658076
v 0.181083 0.020659 -0.599515
v -0.116723 0.012208 -0.646052
v -0.160405 0.017507 -0.540604
v -0.100335 0.017029 -0.584525
v -0.122861 0.012289 -0.535687
v -0.164187 0.018675 -0.661584
v -0.182054 0.022283 -0.603099
v 0.180651 0.043853 -0.873659
v 0.319504 0.111187 -0.890734
v 0.201361 0.101706 -0.941913
v 0.272210 0.145385 -0.951542
v 0.223097 0.029309 -0.813908
v 0.286363 0.055458 -0.820797
v -0.183538 0.046252 -0.876421
v -0.319465 0.111658 -0.890889
v -0.201234 0.104149 -0.943569
v -0.271299 0.145390 -0.951321
v -0.225247 0.031393 -0.816753
v -0.288171 0.056484 -0.823562
v 0.265710 0.043816 -0.526652
v 0.317038 0.096391 -0.626158
v 0.290618 0.057313 -0.509626
v 0.310484 0.089011 -0.552709
v 0.259298 0.047273 -0.593112
v 0.292133 0.067864 -0.651873
v -0.264242 0.043295 -0.530037
v -0.318775 0.095076 -0.630467
v -0.291400 0.057880 -0.513809
v -0.311424 0.086770 -0.556586
v -0.261016 0.047354 -0.597261
v -0.290539 0.067317 -0.656337
v -0.150551 0.350010 -0.184408
v -0.168518 0.423962 -0.217487
v -0.134976 0.379380 -0.179537
v -0.154648 0.462322 -0.212087
v -0.171731 0.288326 -0.164107
v -0.136227 0.323867 -0.168788
v -0.163855 0.267204 -0.139159
v -0.195044 0.391993 -0.233183
v -0.175736 0.484052 -0.242678
v -0.210601 0.447421 -0.262824
v -0.190721 0.303428 -0.193202
v -0.213001 0.393542 -0.248967
v -0.205151 0.293705 -0.198233
v -0.183113 0.251448 -0.135082
v -0.201001 0.262451 -0.164609
v 0.145125 0.350746 -0.185396
v 0.164911 0.421923 -0.219091
v 0.126902 0.377180 -0.185379
v 0.147721 0.459749 -0.224199
v 0.166130 0.288384 -0.161617
v 0.133241 0.326075 -0.169451
v 0.162008 0.266479 -0.137452
v 0.195726 0.392938 -0.222458
v 0.172327 0.479519 -0.244453
v 0.211651 0.447533 -0.247479
v 0.185813 0.303105 -0.186513
v 0.214459 0.392876 -0.234282
v 0.202358 0.293941 -0.191533
v 0.178463 0.252700 -0.130605
v 0.198085 0.262966 -0.160664
v -0.309456 -0.646749 0.060392
v -0.352323 -0.734688 -0.015472
v -0.264581 -0.660189 0.057916
v -0.298879 -0.789965 -0.013591
v -0.355051 -0.582559 0.094324
v -0.283892 -0.642177 0.119425
v -0.334790 -0.582555 0.155531
v -0.408669 -0.648944 -0.050708
v -0.369041 -0.837294 -0.048927
v -0.427245 -0.694530 -0.110955
v -0.397952 -0.557470 0.019458
v -0.429632 -0.602241 -0.086591
v -0.418525 -0.513403 -0.006547
v -0.365713 -0.544830 0.130583
v -0.406317 -0.503168 0.048887
v 0.309106 -0.645551 0.059565
v 0.345770 -0.734292 -0.015067
v 0.263917 -0.661480 0.058153
v 0.296290 -0.786760 -0.013287
v 0.354313 -0.583225 0.095212
v 0.283544 -0.643551 0.120340
v 0.336247 -0.584202 0.154450
v 0.407547 -0.649769 -0.049049
v 0.363810 -0.840908 -0.045098
v 0.432016 -0.695675 -0.107198
v 0.399638 -0.557352 0.019930
v 0.430890 -0.602504 -0.085982
v 0.419423 -0.512911 -0.005454
v 0.365210 -0.544022 0.133252
v 0.408512 -0.501526 0.047517
v 0.002854 -0.574800 0.842922
v -0.097744 -0.525537 0.852852
v -0.037727 -0.613758 0.831800
v -0.150468 -0.580646 0.849210
v 0.100939 -0.530217 0.853929
v 0.045166 -0.616812 0.828926
v 0.155393 -0.589184 0.847515
v 0.059812 -0.430615 0.875526
v -0.056586 -0.429754 0.875374
v 0.062209 -0.367015 0.891993
v -0.060367 -0.366962 0.894348
v 0.169606 -0.522224 0.852910
v 0.122805 -0.405479 0.874721
v -0.166244 -0.516841 0.849792
v -0.119399 -0.403814 0.877564
v -0.000734 0.152086 0.344365
v -0.042587 0.143361 0.393840
v -0.016115 0.164429 0.300729
v -0.061254 0.149409 0.351045
v 0.041760 0.142550 0.394757
v 0.013540 0.165574 0.301175
v 0.061013 0.150930 0.351323
v 0.029299 0.141055 0.478206
v -0.029087 0.142439 0.478391
v 0.034396 0.140972 0.531208
v -0.034775 0.139908 0.529972
v 0.074089 0.141170 0.401621
v 0.063093 0.137318 0.494041
v -0.075449 0.138987 0.400565
v -0.061913 0.137244 0.494165
v -0.001325 -0.250824 -0.474234
v -0.048813 -0.195559 -0.478933
v -0.022563 -0.296986 -0.467026
v -0.074175 -0.235815 -0.468174
v 0.046816 -0.196945 -0.477502
v 0.020326 -0.296281 -0.465316
v 0.073692 -0.236856 -0.469339
v 0.023597 -0.113870 -0.492729
v -0.025093 -0.114143 -0.491421
v 0.025829 -0.065894 -0.500212
v -0.025040 -0.063114 -0.498491
v 0.079478 -0.183327 -0.471528
v 0.051909 -0.093999 -0.487644
v -0.080007 -0.179538 -0.471733
v -0.052323 -0.093099 -0.487872
v 0.000158 0.593324 -0.826590
v -0.088446 0.523196 -0.852921
v -0.036315 0.648490 -0.798354
v -0.133667 0.572293 -0.828363
v 0.089135 0.523514 -0.851684
v 0.036135 0.649442 -0.801450
v 0.132552 0.573471 -0.826986
v 0.056135 0.418328 -0.901222
v -0.056058 0.416185 -0.900252
v 0.063791 0.348137 -0.927634
v -0.062588 0.347827 -0.926120
v 0.153843 0.503202 -0.853967
v 0.121794 0.391397 -0.919637
v -0.149702 0.501964 -0.854770
v -0.120975 0.388094 -0.914890
v 0.333257 0.102980 -0.319413
v 0.337197 0.082196 -0.250373
v 0.332747 0.129322 -0.326752
v 0.336656 0.100196 -0.248862
v 0.327799 0.034208 -0.275581
v 0.336341 0.040890 -0.226448
v 0.328749 0.007902 -0.253391
v 0.339314 0.015531 -0.203806
v 0.328477 0.073806 -0.332078
v 0.321612 0.021555 -0.288070
v 0.321056 0.061064 -0.354914
v 0.333375 0.125464 -0.361614
v 0.328146 0.087388 -0.378203
v 0.339550 0.075219 -0.214819
v 0.341767 0.033008 -0.194477
v 0.358070 -0.012718 0.292023
v 0.368718 -0.013990 0.241143
v 0.351052 0.008116 0.270925
v 0.357645 0.001190 0.219028
v 0.385547 -0.069489 0.324232
v 0.383673 -0.050163 0.259248
v 0.394466 -0.099131 0.323368
v 0.390933 -0.073292 0.253800
v 0.371765 -0.043420 0.346996
v 0.391276 -0.096874 0.362749
v 0.373643 -0.060739 0.388127
v 0.350823 -0.002159 0.311226
v 0.361898 -0.035039 0.372517
v 0.367152 -0.010042 0.205942
v 0.383606 -0.047698 0.224712
v -0.332757 0.102189 -0.322810
v -0.337643 0.082711 -0.253524
v -0.332034 0.129910 -0.329397
v -0.337694 0.101125 -0.251193
v -0.327595 0.035339 -0.278419
v -0.337797 0.040879 -0.231194
v -0.329186 0.008228 -0.255578
v -0.338031 0.015274 -0.208088
v -0.327388 0.073068 -0.335048
v -0.323140 0.019985 -0.294081
v -0.323276 0.060313 -0.356279
v -0.332410 0.125058 -0.365212
v -0.328864 0.090736 -0.377903
v -0.341602 0.077446 -0.218321
v -0.342717 0.034197 -0.196055
v -0.357194 -0.007604 0.291552
v -0.365238 -0.012789 0.242837
v -0.349111 0.011057 0.270288
v -0.356736 0.004898 0.218378
v -0.386858 -0.068176 0.320917
v -0.382144 -0.049813 0.257723
v -0.394915 -0.095674 0.323626
v -0.391213 -0.069876 0.252387
v -0.369936 -0.041575 0.343709
v -0.391231 -0.093565 0.361896
v -0.371490 -0.058052 0.387844
v -0.348700 0.001823 0.310858
v -0.360612 -0.033129 0.372952
v -0.364797 -0.006906 0.205928
v -0.383754 -0.045838 0.222804
v -0.041058 0.463207 -0.185826
v -0.051156 0.579701 -0.224855
v -0.069425 0.449851 -0.184533
v -0.082752 0.557812 -0.220790
v 0.037366 0.467834 -0.174964
v 0.044522 0.585081 -0.213774
v 0.064920 0.458105 -0.161082
v 0.073772 0.562953 -0.214891
v -0.002754 0.415260 -0.173608
v -0.051643 0.404331 -0.173797
v -0.013369 0.360745 -0.164314
v -0.003044 0.657050 -0.248989
v -0.076527 0.624023 -0.256243
v -0.025110 0.706707 -0.292793
v 0.047270 0.406121 -0.163416
v 0.008970 0.362277 -0.162199
v 0.069023 0.624207 -0.253463
v 0.019013 0.709830 -0.291214
v -0.101794 0.253523 -0.046579
v -0.152995 0.234244 0.017247
v -0.107644 0.260998 -0.093085
v -0.153925 0.236861 -0.030479
v -0.077169 0.234720 0.103632
v -0.126800 0.211607 0.164495
v -0.062119 0.218471 0.153096
v -0.110993 0.193026 0.210820
v -0.068812 0.252576 -0.007336
v -0.081028 0.267685 -0.103960
v -0.050625 0.259511 -0.065691
v -0.171898 0.220548 0.120839
v -0.177725 0.221177 0.025090
v -0.197808 0.201674 0.124442
v -0.044258 0.233217 0.099407
v -0.039846 0.252584 -0.012449
v -0.142523 0.186606 0.213798
v -0.186604 0.190696 0.170758
v -0.229383 0.755943 -0.431475
v -0.351168 0.720431 -0.443065
v -0.217407 0.682423 -0.375129
v -0.306968 0.648697 -0.388351
v -0.212295 0.849147 -0.619139
v -0.274409 0.731482 -0.631846
v -0.168761 0.797827 -0.675277
v -0.250778 0.708669 -0.700855
v -0.256173 0.976204 -0.517021
v -0.186750 0.732324 -0.387176
v -0.164742 0.867171 -0.458291
v -0.412784 0.753886 -0.551958
v -0.400858 0.671536 -0.411944
v -0.527956 0.710610 -0.536461
v -0.147945 0.845685 -0.621958
v -0.180297 0.989059 -0.518827
v -0.298933 0.670004 -0.671595
v -0.406842 0.663724 -0.587529
v -0.274489 0.351300 -0.307189
v -0.261332 0.246638 -0.228805
v -0.265943 0.373063 -0.292303
v -0.246593 0.263358 -0.221709
v -0.305468 0.250820 -0.332412
v -0.303252 0.187820 -0.244671
v -0.313980 0.215413 -0.336158
v -0.315803 0.163602 -0.249023
v -0.302573 0.356502 -0.365425
v -0.287397 0.430528 -0.336572
v -0.314186 0.438697 -0.405111
v -0.291292 0.189417 -0.194433
v -0.262525 0.219352 -0.183307
v -0.290363 0.167175 -0.148829
v -0.314477 0.265835 -0.382460
v -0.317260 0.379566 -0.416191
v -0.316171 0.152761 -0.203874
v -0.304923 0.151480 -0.153701
v -0.256684 0.151770 0.037078
v -0.272813 0.144731 -0.006855
v -0.238135 0.175407 -0.005764
v -0.253068 0.171399 -0.048652
v -0.304238 0.086114 0.156252
v -0.314753 0.079675 0.105036
v -0.317021 0.066871 0.187392
v -0.328363 0.057916 0.136900
v -0.276457 0.122641 0.123995
v -0.239780 0.169099 0.037149
v -0.258152 0.141397 0.126324
v -0.299875 0.109892 0.026426
v -0.269681 0.159227 -0.050922
v -0.299183 0.120934 -0.015044
v -0.303191 0.079996 0.196470
v -0.275098 0.117943 0.167793
v -0.326608 0.066179 0.094933
v -0.311069 0.095733 0.019212
v 0.099780 0.253844 -0.048787
v 0.150036 0.235020 0.016144
v 0.105952 0.261073 -0.094269
v 0.153072 0.236358 -0.027784
v 0.073653 0.235162 0.104174
v 0.124651 0.212199 0.163973
v 0.060887 0.219657 0.154961
v 0.111261 0.193205 0.210643
v 0.066316 0.251122 -0.006742
v 0.080255 0.266293 -0.104230
v 0.045545 0.262262 -0.064681
v 0.043963 0.236470 0.099674
v 0.038039 0.255324 -0.012002
v 0.171353 0.221378 0.121317
v 0.174277 0.222185 0.023786
v 0.198113 0.202760 0.125594
v 0.143741 0.185492 0.214845
v 0.185440 0.190196 0.171995
v 0.228065 0.756299 -0.430070
v 0.351021 0.720678 -0.441674
v 0.212820 0.682691 -0.371244
v 0.307606 0.648935 -0.383438
v 0.212957 0.848809 -0.619308
v 0.274407 0.732048 -0.633285
v 0.166902 0.798962 -0.674983
v 0.250901 0.709159 -0.700946
v 0.256162 0.975474 -0.515774
v 0.181616 0.734550 -0.385350
v 0.164030 0.867444 -0.458354
v 0.148180 0.846678 -0.622054
v 0.179978 0.989039 -0.518579
v 0.410469 0.752489 -0.554001
v 0.400147 0.671992 -0.410789
v 0.528358 0.709427 -0.536398
v 0.299252 0.668656 -0.671853
v 0.403108 0.662193 -0.581042
v 0.271493 0.350715 -0.305367
v 0.257359 0.245600 -0.227171
v 0.262506 0.371628 -0.288914
v 0.244583 0.261969 -0.218356
v 0.303415 0.251629 -0.331544
v 0.304155 0.187678 -0.243923
v 0.313165 0.217785 -0.334942
v 0.316728 0.165540 -0.246896
v 0.301301 0.355029 -0.365972
v 0.281334 0.430977 -0.336142
v 0.314176 0.437166 -0.404161
v 0.287675 0.188008 -0.193073
v 0.257578 0.218844 -0.181362
v 0.288065 0.167777 -0.148015
v 0.316154 0.269186 -0.380739
v 0.317944 0.380619 -0.417752
v 0.316967 0.153399 -0.201290
v 0.303469 0.154861 -0.153274
v 0.256512 0.151641 0.040043
v 0.270693 0.144669 -0.006731
v 0.235647 0.177064 -0.005177
v 0.249306 0.173860 -0.047930
v 0.303648 0.087446 0.154363
v 0.315327 0.079491 0.103369
v 0.318185 0.065582 0.192623
v 0.328935 0.058530 0.134987
v 0.272685 0.124610 0.121786
v 0.237407 0.168799 0.035365
v 0.255768 0.142372 0.125983
v 0.299427 0.109354 0.027563
v 0.265774 0.159255 -0.047947
v 0.297355 0.120500 -0.017127
v 0.305061 0.081505 0.197464
v 0.273934 0.117900 0.168743
v 0.324755 0.063672 0.095363
v 0.311793 0.095106 0.020578
v -0.077737 -0.669563 0.085047
v -0.080035 -0.676720 -0.046208
v -0.129191 -0.677954 0.079513
v -0.129223 -0.720591 -0.047117
v 0.078162 -0.670611 0.084845
v 0.083839 -0.675255 -0.049755
v 0.128817 -0.679013 0.078607
v 0.129295 -0.718889 -0.050349
v -0.001298 -0.668518 0.159318
v -0.102976 -0.672495 0.153584
v -0.025967 -0.673339 0.233208
v 0.000953 -0.638940 -0.104484
v -0.106172 -0.709384 -0.111453
v -0.029698 -0.626636 -0.159099
v 0.103006 -0.674036 0.153896
v 0.026038 -0.673429 0.233792
v 0.106871 -0.708593 -0.113574
v 0.036264 -0.627547 -0.160877
v -0.212658 -0.690886 0.465177
v -0.300701 -0.660907 0.481493
v -0.228661 -0.675857 0.368163
v -0.299607 -0.626418 0.391327
v -0.194276 -0.985471 0.675239
v -0.363963 -0.883557 0.716956
v -0.175235 -0.929810 0.809598
v -0.333400 -0.851198 0.811332
v -0.161262 -0.789517 0.521978
v -0.182998 -0.686299 0.381770
v -0.115942 -0.714856 0.462856
v -0.362489 -0.705344 0.575945
v -0.329423 -0.602975 0.427512
v -0.367867 -0.607531 0.527898
v -0.094974 -0.890669 0.690686
v -0.099420 -0.754078 0.528842
v -0.385809 -0.772501 0.752719
v -0.383147 -0.645058 0.604795
v -0.260775 -0.733214 -0.354467
v -0.359382 -0.619500 -0.358836
v -0.303660 -0.875926 -0.350075
v -0.407093 -0.692851 -0.329694
v -0.142869 -0.491217 -0.375607
v -0.209766 -0.420475 -0.388344
v -0.107730 -0.434851 -0.397552
v -0.170586 -0.368836 -0.408019
v -0.151781 -0.607482 -0.337865
v -0.199567 -0.817153 -0.346132
v -0.120146 -0.642037 -0.307374
v -0.302699 -0.457608 -0.362042
v -0.401272 -0.572459 -0.326874
v -0.345309 -0.422699 -0.348264
v -0.087267 -0.488805 -0.374666
v -0.091665 -0.584950 -0.326686
v -0.216450 -0.352428 -0.396587
v -0.299407 -0.374936 -0.365309
v -0.430795 -0.323492 -0.173579
v -0.439351 -0.280976 -0.096463
v -0.439749 -0.393258 -0.158731
v -0.444795 -0.338686 -0.076848
v -0.389650 -0.141257 -0.203649
v -0.398180 -0.124600 -0.139293
v -0.365932 -0.097685 -0.212011
v -0.381207 -0.082382 -0.153495
v -0.402349 -0.239726 -0.226995
v -0.429582 -0.380754 -0.208075
v -0.398681 -0.285024 -0.258839
v -0.426829 -0.179677 -0.083591
v -0.448515 -0.283860 -0.050400
v -0.434913 -0.188830 -0.041292
v -0.365014 -0.127413 -0.238557
v -0.380257 -0.219855 -0.262417
v -0.391657 -0.094231 -0.116153
v -0.419927 -0.145460 -0.059059
v -0.404404 -0.373447 0.247802
v -0.424214 -0.313671 0.157606
v -0.397377 -0.417673 0.226629
v -0.421221 -0.356594 0.132805
v -0.413556 -0.241081 0.299976
v -0.417950 -0.188971 0.213161
v -0.411073 -0.199398 0.311162
v -0.411795 -0.152757 0.225675
v -0.407305 -0.339800 0.329383
v -0.391929 -0.428056 0.293154
v -0.399724 -0.394591 0.375210
v -0.422798 -0.221685 0.148248
v -0.430025 -0.304741 0.103054
v -0.429761 -0.214065 0.097506
v -0.408570 -0.247882 0.354213
v -0.405737 -0.347182 0.389627
v -0.413541 -0.147973 0.179611
v -0.421421 -0.176870 0.117461
v 0.215430 -0.689270 0.465558
v 0.300401 -0.659328 0.478667
v 0.230562 -0.677719 0.367532
v 0.298571 -0.626682 0.392346
v 0.177437 -0.975864 0.653048
v 0.345385 -0.920437 0.703761
v 0.129320 -0.923044 0.766237
v 0.317671 -0.895363 0.799448
v 0.162777 -0.786744 0.521491
v 0.183690 -0.689322 0.380677
v 0.117918 -0.716227 0.462859
v 0.094783 -0.865434 0.673463
v 0.100985 -0.751253 0.526259
v 0.356766 -0.708577 0.566815
v 0.328834 -0.603522 0.425735
v 0.364065 -0.608961 0.522675
v 0.385253 -0.798234 0.745368
v 0.380675 -0.649631 0.595544
v 0.263269 -0.740831 -0.354564
v 0.364215 -0.627273 -0.356192
v 0.306912 -0.881142 -0.346663
v 0.408084 -0.697800 -0.329424
v 0.141334 -0.493898 -0.377044
v 0.210480 -0.424317 -0.387409
v 0.106658 -0.439837 -0.396957
v 0.170439 -0.372661 -0.408456
v 0.155787 -0.611097 -0.340265
v 0.204099 -0.824059 -0.348220
v 0.125111 -0.645790 -0.309634
v 0.086439 -0.493052 -0.376796
v 0.097367 -0.586334 -0.328492
v 0.305002 -0.461774 -0.361837
v 0.402351 -0.576287 -0.325380
v 0.345500 -0.427420 -0.346299
v 0.214251 -0.356730 -0.396213
v 0.300295 -0.379401 -0.364892
v 0.428899 -0.324897 -0.171339
v 0.440878 -0.280939 -0.095060
v 0.439826 -0.393239 -0.157528
v 0.447145 -0.339299 -0.076429
v 0.387421 -0.143939 -0.201339
v 0.400362 -0.124897 -0.137755
v 0.365662 -0.098961 -0.211177
v 0.379196 -0.085002 -0.151810
v 0.400127 -0.242942 -0.224448
v 0.430269 -0.380746 -0.207386
v 0.398298 -0.287291 -0.257992
v 0.429818 -0.181446 -0.082051
v 0.445089 -0.287769 -0.048011
v 0.436251 -0.190408 -0.040949
v 0.367934 -0.128438 -0.237767
v 0.382105 -0.218087 -0.262774
v 0.392874 -0.096034 -0.114029
v 0.422604 -0.143857 -0.057413
v 0.406214 -0.373960 0.251424
v 0.423444 -0.310835 0.156888
v 0.398503 -0.417510 0.228750
v 0.418494 -0.358453 0.134763
v 0.413764 -0.241588 0.301363
v 0.417877 -0.190530 0.213999
v 0.412639 -0.201480 0.311537
v 0.412109 -0.154982 0.226529
v 0.407331 -0.338216 0.329639
v 0.392409 -0.429184 0.292177
v 0.398506 -0.397377 0.376406
v 0.423982 -0.223961 0.147914
v 0.429428 -0.305460 0.103904
v 0.429476 -0.215455 0.099622
v 0.412549 -0.246878 0.352902
v 0.404573 -0.348859 0.388602
v 0.414183 -0.149903 0.180993
v 0.422964 -0.179274 0.119364
v 0.064457 -0.095232 0.901410
v -0.063501 -0.095038 0.901985
v 0.068922 -0.165046 0.956121
v -0.066724 -0.163487 0.955907
v 0.053717 0.068695 0.759656
v -0.052401 0.068950 0.760334
v 0.048374 0.101126 0.703609
v -0.047643 0.100734 0.703098
v 0.114690 -0.002102 0.819684
v 0.126677 -0.128602 0.894214
v 0.173798 -0.032755 0.814959
v -0.115818 -0.003732 0.819585
v -0.129282 -0.127428 0.896126
v -0.173382 -0.034685 0.817382
v 0.099023 0.081490 0.719376
v 0.163575 0.019119 0.774647
v -0.098246 0.081604 0.718708
v -0.163447 0.017513 0.775278
v 0.362758 -0.373047 0.730869
v 0.332468 -0.262643 0.771229
v 0.340418 -0.422750 0.786016
v 0.292426 -0.303341 0.814853
v 0.399644 -0.229750 0.562404
v 0.381845 -0.156610 0.599020
v 0.399125 -0.190919 0.507683
v 0.379682 -0.129242 0.540439
v 0.394160 -0.341910 0.623255
v 0.373263 -0.459610 0.742132
v 0.395724 -0.413795 0.626492
v 0.404485 -0.242075 0.512454
v 0.401799 -0.352915 0.567279
v 0.354248 -0.161198 0.705194
v 0.293512 -0.227703 0.811266
v 0.320752 -0.129751 0.745474
v 0.367021 -0.108976 0.581641
v 0.338039 -0.105705 0.684380
v -0.361703 -0.374649 0.733636
v -0.331719 -0.265159 0.772158
v -0.340011 -0.422090 0.786868
v -0.292448 -0.303654 0.816956
v -0.398786 -0.232292 0.563144
v -0.379313 -0.158829 0.600162
v -0.399644 -0.190347 0.507228
v -0.381589 -0.128685 0.541691
v -0.395203 -0.341617 0.624564
v -0.373241 -0.457797 0.744533
v -0.395850 -0.416266 0.627720
v -0.403934 -0.241548 0.510318
v -0.406289 -0.350506 0.568475
v -0.354748 -0.161339 0.708436
v -0.292527 -0.229333 0.812212
v -0.320131 -0.130435 0.745885
v -0.365388 -0.109522 0.582288
v -0.338347 -0.106033 0.685556
v 0.207092 0.104555 0.411368
v 0.208569 0.086969 0.509637
v 0.174916 0.117787 0.412040
v 0.172219 0.103164 0.513167
v 0.287040 0.055820 0.382029
v 0.298364 0.029276 0.471024
v 0.305642 0.040373 0.365303
v 0.319130 0.008388 0.448737
v 0.246766 0.094417 0.354856
v 0.190680 0.121095 0.364641
v 0.233739 0.112898 0.311356
v 0.293649 0.061061 0.335537
v 0.254465 0.099468 0.304133
v 0.258811 0.043843 0.543542
v 0.191277 0.088604 0.564947
v 0.245943 0.042054 0.601243
v 0.313148 -0.000371 0.500569
v 0.278770 0.016192 0.580894
v -0.207835 0.104256 0.409661
v -0.210894 0.086250 0.511024
v -0.176332 0.117517 0.412527
v -0.173442 0.102363 0.513781
v -0.286826 0.058891 0.381635
v -0.296121 0.028604 0.470090
v -0.308474 0.041847 0.367221
v -0.318593 0.009867 0.449972
v -0.247338 0.093894 0.353607
v -0.194442 0.118283 0.365986
v -0.231440 0.113288 0.310306
v -0.294640 0.063601 0.335229
v -0.256302 0.098919 0.305709
v -0.260256 0.045794 0.542491
v -0.190807 0.089535 0.565661
v -0.244518 0.041213 0.600701
v -0.312988 0.000328 0.503049
v -0.277448 0.016042 0.583412
v 0.038310 0.004704 -0.666594
v -0.041514 0.004486 -0.666055
v 0.032506 0.013584 -0.604088
v -0.034816 0.013281 -0.604244
v 0.058745 0.064766 -0.864578
v -0.061844 0.062829 -0.866275
v 0.064204 0.121261 -0.912334
v -0.066308 0.123636 -0.913445
v 0.097496 0.002623 -0.765769
v 0.070873 0.011148 -0.624562
v 0.134418 0.002633 -0.717770
v -0.099715 0.001892 -0.772141
v -0.071093 0.011027 -0.627509
v -0.137973 0.005132 -0.720595
v 0.125490 0.082906 -0.899672
v 0.155964 0.008888 -0.795993
v -0.126580 0.083232 -0.901938
v -0.159222 0.011532 -0.799132
v 0.194448 -0.098296 -0.404461
v 0.164104 -0.018694 -0.449858
v 0.168061 -0.117990 -0.424155
v 0.135426 -0.033130 -0.460059
v 0.262074 -0.041258 -0.352898
v 0.254351 0.009455 -0.426117
v 0.282501 -0.027124 -0.340382
v 0.279859 0.021118 -0.413858
v 0.251070 -0.108504 -0.363614
v 0.201811 -0.157209 -0.404256
v 0.265147 -0.166697 -0.364262
v 0.287534 -0.063795 -0.324433
v 0.285417 -0.140805 -0.342634
v 0.210830 0.012762 -0.485468
v 0.143212 -0.000357 -0.490684
v 0.198145 0.019887 -0.541332
v 0.270299 0.033764 -0.466590
v 0.234295 0.028647 -0.538089
v -0.194753 -0.097478 -0.407668
v -0.164632 -0.018720 -0.446095
v -0.167595 -0.119023 -0.426334
v -0.134216 -0.031677 -0.458205
v -0.261716 -0.040487 -0.353457
v -0.254858 0.009991 -0.427777
v -0.281132 -0.024633 -0.341103
v -0.277749 0.023090 -0.417492
v -0.253135 -0.109484 -0.364639
v -0.202939 -0.156940 -0.406549
v -0.268957 -0.168135 -0.367044
v -0.286159 -0.064505 -0.325197
v -0.286311 -0.139559 -0.343785
v -0.211932 0.011027 -0.488970
v -0.142546 -0.000223 -0.489719
v -0.196679 0.021345 -0.543766
v -0.270803 0.035087 -0.469040
v -0.233324 0.028963 -0.539443
v 0.352050 0.366812 -0.781124
v 0.368740 0.239446 -0.878928
v 0.317991 0.407301 -0.823772
v 0.323060 0.282781 -0.930910
v 0.352322 0.247824 -0.588166
v 0.348941 0.167550 -0.625227
v 0.344637 0.212630 -0.525438
v 0.337557 0.147164 -0.551517
v 0.355314 0.352104 -0.650435
v 0.329041 0.443593 -0.755535
v 0.344863 0.424974 -0.638301
v 0.343761 0.266247 -0.533995
v 0.346866 0.373670 -0.586320
v 0.369265 0.138945 -0.771149
v 0.333741 0.192376 -0.934894
v 0.338392 0.092799 -0.809447
v 0.332576 0.124282 -0.592625
v 0.325131 0.098094 -0.712644
v -0.351939 0.368445 -0.786307
v -0.367732 0.241696 -0.883468
v -0.317650 0.407014 -0.825632
v -0.323977 0.281479 -0.931931
v -0.353524 0.248093 -0.590492
v -0.353236 0.165062 -0.628524
v -0.343790 0.212032 -0.526635
v -0.341260 0.146741 -0.554747
v -0.352391 0.352313 -0.651823
v -0.328275 0.442385 -0.755736
v -0.344436 0.423936 -0.638191
v -0.343808 0.265234 -0.533263
v -0.346357 0.372850 -0.587206
v -0.368721 0.138210 -0.774778
v -0.333807 0.191922 -0.934622
v -0.337995 0.094135 -0.809448
v -0.333997 0.122822 -0.594825
v -0.328891 0.097509 -0.714819
v 0.355906 0.041984 -0.064002
v 0.367857 -0.001118 -0.046762
v 0.351967 0.051599 -0.102901
v 0.362413 0.006841 -0.082507
v 0.360652 0.014833 0.057947
v 0.379865 -0.024148 0.071236
v 0.364558 0.008991 0.094344
v 0.380713 -0.030176 0.110854
v 0.351318 0.045159 -0.013534
v 0.349017 0.067080 -0.094701
v 0.341963 0.070689 -0.045451
v 0.353710 0.028916 0.065845
v 0.342701 0.061489 -0.005663
v 0.381698 -0.036284 0.020343
v 0.373709 -0.021634 -0.057972
v 0.393727 -0.058807 0.003096
v 0.389574 -0.048390 0.098621
v 0.398022 -0.067547 0.042719
v -0.354234 0.042109 -0.063417
v -0.368937 0.000910 -0.047455
v -0.353618 0.052924 -0.102184
v -0.361862 0.009084 -0.083910
v -0.361307 0.017105 0.055590
v -0.377571 -0.022126 0.067774
v -0.362025 0.011351 0.093396
v -0.380251 -0.026971 0.107588
v -0.352130 0.048992 -0.013474
v -0.349637 0.067233 -0.093724
v -0.342106 0.072391 -0.045609
v -0.353094 0.030665 0.063594
v -0.343765 0.061409 -0.005936
v -0.381958 -0.032022 0.018451
v -0.373148 -0.019446 -0.060927
v -0.390544 -0.054901 -0.000251
v -0.388882 -0.048160 0.095577
v -0.393863 -0.066610 0.041504
v -0.098176 0.370025 -0.169661
v -0.103312 0.316060 -0.154453
v -0.135845 0.564881 -0.247080
v -0.164935 0.591122 -0.284530
v -0.082889 0.333640 -0.157802
v -0.139285 0.628609 -0.290723
v -0.179430 0.230539 -0.061541
v -0.200442 0.214996 -0.053088
v -0.199153 0.206851 -0.013192
v -0.263981 0.517128 -0.323538
v -0.257993 0.452671 -0.302387
v -0.293689 0.526050 -0.346287
v -0.232010 0.245002 -0.171137
v -0.230205 0.220088 -0.130168
v -0.246960 0.207233 -0.133616
v 0.094349 0.369908 -0.169175
v 0.101108 0.316736 -0.154525
v 0.129880 0.559096 -0.255610
v 0.160610 0.587096 -0.289125
v 0.079942 0.334372 -0.155654
v 0.133266 0.626398 -0.295368
v 0.176056 0.230883 -0.060096
v 0.197603 0.215514 -0.053575
v 0.197634 0.210007 -0.011433
v 0.263583 0.519285 -0.310769
v 0.257825 0.454931 -0.289855
v 0.288535 0.522644 -0.342189
v 0.225905 0.240785 -0.167093
v 0.230090 0.219340 -0.127538
v 0.244335 0.206676 -0.132801
v -0.199209 -0.675374 0.138966
v -0.224512 -0.682947 0.203602
v -0.183265 -0.909560 -0.072409
v -0.255411 -0.985449 -0.173485
v -0.176683 -0.680032 0.219110
v -0.138910 -0.918955 -0.193918
v -0.338920 -0.559449 0.271176
v -0.368171 -0.510767 0.233455
v -0.357220 -0.524386 0.304294
v -0.447164 -0.632724 -0.219281
v -0.445155 -0.542925 -0.178114
v -0.440114 -0.533701 -0.237924
v -0.438678 -0.401393 -0.003112
v -0.426156 -0.401894 0.051026
v -0.438599 -0.347315 0.025473
v 0.199582 -0.674696 0.137387
v 0.224605 -0.682061 0.206335
v 0.178819 -0.904970 -0.077422
v 0.254046 -0.984960 -0.173840
v 0.176461 -0.680223 0.218538
v 0.138899 -0.917364 -0.195591
v 0.340060 -0.559145 0.269623
v 0.364337 -0.509406 0.233515
v 0.357181 -0.524681 0.306717
v 0.445591 -0.632742 -0.215794
v 0.443889 -0.543411 -0.176464
v 0.441684 -0.534530 -0.235073
v 0.436447 -0.402895 -0.003922
v 0.426258 -0.402428 0.051539
v 0.440755 -0.348021 0.026385
v -0.047942 -0.645250 0.776299
v 0.053767 -0.651722 0.772033
v -0.298660 -0.655627 0.844148
v -0.300446 -0.557574 0.832567
v 0.003291 -0.609770 0.709942
v -0.354709 -0.618625 0.809506
v 0.300061 -0.672522 0.845271
v 0.304645 -0.565296 0.831813
v 0.359182 -0.625529 0.807335
v 0.127261 -0.266937 0.902214
v 0.186905 -0.304747 0.875312
v -0.129347 -0.266025 0.902437
v -0.186226 -0.301443 0.872370
v 0.188700 -0.230911 0.878337
v -0.189320 -0.229888 0.878291
v -0.015357 0.200808 0.202306
v 0.016788 0.201399 0.203040
v -0.110086 0.155877 0.309602
v -0.126210 0.139074 0.359967
v -0.000696 0.217369 0.150601
v -0.142705 0.149797 0.310475
v 0.111157 0.154365 0.307088
v 0.126619 0.138696 0.359458
v 0.142495 0.147321 0.313327
v 0.080575 0.126170 0.609363
v 0.112240 0.122805 0.561573
v -0.079916 0.125297 0.607051
v -0.111480 0.122721 0.561252
v 0.125252 0.110283 0.618204
v -0.123119 0.109632 0.617930
v -0.026660 -0.393970 -0.427427
v 0.025351 -0.392202 -0.424673
v -0.142088 -0.262358 -0.439027
v -0.143520 -0.201469 -0.440266
v -0.000221 -0.440221 -0.400977
v -0.178057 -0.242698 -0.422453
v 0.143124 -0.265273 -0.442162
v 0.142971 -0.203401 -0.443216
v 0.178473 -0.242946 -0.423901
v 0.054813 -0.000646 -0.523664
v 0.081334 -0.024245 -0.496416
v -0.055580 -0.000782 -0.524303
v -0.079261 -0.018974 -0.496105
v 0.086763 0.007352 -0.529695
v -0.087172 0.009433 -0.530518
v -0.044867 0.773203 -0.739993
v 0.043684 0.772673 -0.741024
v -0.245264 0.609539 -0.793275
v -0.255908 0.525837 -0.816977
v 0.002359 0.821579 -0.694018
v -0.291570 0.570279 -0.769814
v 0.249077 0.607807 -0.790823
v 0.258027 0.524232 -0.815621
v 0.288636 0.570122 -0.771775
v 0.136769 0.233745 -0.960099
v 0.210390 0.277319 -0.988781
v -0.138024 0.232812 -0.959636
v -0.213193 0.278512 -0.986338
v 0.213556 0.187227 -0.986700
v -0.213402 0.185629 -0.985606
v 0.329713 0.191093 -0.378986
v 0.331685 0.187221 -0.422900
v 0.335996 0.113976 -0.211271
v 0.343093 0.086906 -0.172326
v 0.329795 0.226712 -0.427502
v 0.337844 0.104397 -0.169403
v 0.332998 -0.045634 -0.254047
v 0.313295 -0.029358 -0.288366
v 0.360051 -0.024858 -0.147799
v 0.355960 -0.003361 -0.133098
v 0.323767 -0.066453 -0.274333
v 0.368830 -0.034892 -0.111366
v 0.309059 0.063244 -0.428254
v 0.320919 0.092928 -0.459285
v 0.308603 0.076660 -0.486556
v 0.326419 0.039290 0.263623
v 0.326041 0.033042 0.304363
v 0.346843 0.027372 0.152739
v 0.355605 0.015192 0.142949
v 0.315470 0.053175 0.273604
v 0.346300 0.033993 0.113560
v 0.404002 -0.165522 0.364326
v 0.402047 -0.163190 0.410023
v 0.399381 -0.092204 0.207308
v 0.392572 -0.062674 0.177126
v 0.408583 -0.205773 0.409927
v 0.400918 -0.088263 0.167873
v 0.369001 -0.065345 0.468098
v 0.351993 -0.035132 0.446368
v 0.351243 -0.051395 0.500786
v -0.327712 0.189330 -0.379567
v -0.334527 0.187678 -0.424976
v -0.335618 0.113506 -0.210972
v -0.343594 0.087027 -0.175707
v -0.330216 0.228370 -0.428700
v -0.338449 0.105332 -0.169270
v -0.329372 -0.043731 -0.256662
v -0.313113 -0.026562 -0.292192
v -0.358143 -0.022409 -0.149945
v -0.356182 -0.004280 -0.134461
v -0.321227 -0.065532 -0.276595
v -0.367329 -0.032595 -0.112936
v -0.307554 0.063138 -0.431223
v -0.319966 0.093666 -0.462046
v -0.307810 0.075446 -0.490475
v -0.327511 0.040735 0.259168
v -0.325899 0.033658 0.303190
v -0.346709 0.030277 0.153431
v -0.354747 0.017368 0.143639
v -0.313472 0.052184 0.275011
v -0.347259 0.036074 0.114304
v -0.403410 -0.163327 0.363020
v -0.401964 -0.160234 0.408086
v -0.398990 -0.088420 0.203256
v -0.392036 -0.057315 0.172480
v -0.405922 -0.204195 0.409635
v -0.399956 -0.080418 0.163709
v -0.364158 -0.066298 0.469569
v -0.350364 -0.035342 0.448478
v -0.352731 -0.048797 0.502975
v -0.012258 0.277268 -0.121422
v 0.010048 0.276572 -0.120775
v -0.001546 0.265334 -0.068000
v -0.038785 0.797687 -0.403985
v 0.033742 0.798904 -0.403297
v 0.000240 0.831809 -0.461615
v -0.235107 0.152709 0.174342
v -0.229332 0.143612 0.218894
v -0.250227 0.126612 0.217218
v -0.373969 0.538399 -0.495792
v -0.359983 0.524162 -0.561918
v -0.343676 0.458687 -0.516192
v -0.308022 0.121767 -0.066309
v -0.320502 0.109822 -0.074059
v -0.322123 0.095723 -0.031555
v 0.233569 0.153538 0.173865
v 0.225405 0.145996 0.218782
v 0.246744 0.127986 0.215686
v 0.372042 0.537638 -0.497554
v 0.357281 0.524631 -0.561283
v 0.344081 0.460437 -0.516701
v 0.306975 0.121315 -0.065507
v 0.322165 0.107642 -0.073582
v 0.321162 0.096388 -0.029815
v -0.028502 -0.692100 0.383890
v 0.028712 -0.689243 0.385104
v -0.000282 -0.704681 0.457206
v -0.031867 -0.612770 -0.252020
v 0.037934 -0.615499 -0.253396
v 0.002951 -0.597585 -0.290098
v -0.392261 -0.475092 0.491082
v -0.394379 -0.487635 0.559644
v -0.399931 -0.416773 0.502806
v -0.360368 -0.301423 -0.324222
v -0.323210 -0.266581 -0.350279
v -0.341583 -0.230013 -0.322130
v -0.426915 -0.160149 0.026392
v -0.413840 -0.121858 0.004442
v -0.417692 -0.128967 0.048756
v 0.391584 -0.473719 0.489587
v 0.395024 -0.487948 0.557467
v 0.400753 -0.415360 0.502099
v 0.364174 -0.300382 -0.325268
v 0.322401 -0.267551 -0.347872
v 0.340919 -0.231438 -0.322886
v 0.428087 -0.162840 0.029143
v 0.418523 -0.122118 0.007539
v 0.417569 -0.128111 0.050237
v 0.263576 -0.043068 0.746444
v 0.245070 0.000858 0.705643
v 0.284984 -0.028554 0.682669
v -0.263392 -0.043514 0.745873
v -0.245755 0.002819 0.708222
v -0.283865 -0.029644 0.684293
v 0.208857 0.027052 -0.667071
v 0.244509 0.032139 -0.741607
v 0.255635 0.045170 -0.665297
v -0.210045 0.027239 -0.670069
v -0.244628 0.038153 -0.742465
v -0.255419 0.044853 -0.667879
f 1 647 644
f 1 644 643
f 1 643 645
f 1 645 646
f 1 646 647
f 2 649 652
f 6 672 670
f 12 702 699
f 11 696 695
f 8 679 681
f 4 662 659
f 4 659 658
f 4 658 660
f 4 660 661
f 4 661 662
f 5 666 665
f 3 654 657
f 7 673 677
f 9 685 686
f 10 692 688
f 12 701 698
f 6 669 668
f 2 650 648
f 8 682 678
f 11 697 693
f 6 671 669
f 12 700 701
f 11 694 697
f 8 680 682
f 2 651 650
f 10 690 689
f 5 663 664
f 3 655 653
f 7 676 674
f 9 687 684
f 10 691 690
f 5 667 663
f 3 656 655
f 7 675 676
f 9 683 687
f 6 668 672
f 2 648 649
f 8 678 679
f 11 693 696
f 12 698 702
f 10 688 691
f 5 665 667
f 3 657 656
f 7 677 675
f 9 686 683
f 5 664 666
f 3 653 654
f 7 674 673
f 9 684 685
f 10 689 692
f 6 670 671
f 12 699 700
f 11 695 694
f 8 681 680
f 2 652 651
f 35 837 838
f 18 735 736
f 19 742 741
f 40 868 867
f 42 880 879
f 34 832 831
f 33 827 828
f 25 778 780
f 36 844 846
f 20 749 747
f 32 819 820
f 23 765 767
f 24 773 771
f 37 850 849
f 41 876 875
f 34 833 834
f 33 826 825
f 25 779 777
f 36 845 843
f 20 748 750
f 17 729 727
f 14 711 709
f 13 706 703
f 15 718 715
f 16 724 721
f 18 737 733
f 35 839 835
f 42 882 878
f 40 870 866
f 19 744 740
f 30 807 805
f 27 789 787
f 22 762 758
f 28 797 793
f 29 802 799
f 32 821 817
f 23 766 763
f 24 774 770
f 37 852 848
f 41 874 872
f 35 838 836
f 18 736 734
f 19 741 739
f 40 867 865
f 42 879 877
f 34 831 829
f 33 828 824
f 25 780 776
f 36 846 842
f 20 747 745
f 32 820 818
f 23 767 764
f 24 771 769
f 37 849 847
f 41 875 871
f 34 834 830
f 33 825 823
f 25 777 775
f 36 843 841
f 20 750 746
f 14 714 710
f 13 707 704
f 15 719 716
f 16 725 722
f 17 732 728
f 21 755 752
f 31 814 811
f 26 784 781
f 38 857 853
f 39 862 860
f 27 792 788
f 22 759 757
f 28 796 794
f 29 803 800
f 30 810 806
f 31 815 812
f 26 785 782
f 38 856 854
f 39 863 859
f 21 754 751
f 14 712 714
f 13 705 707
f 15 717 719
f 16 723 725
f 17 730 732
f 21 753 755
f 31 816 814
f 26 786 784
f 38 858 857
f 39 861 862
f 27 791 792
f 22 761 759
f 28 795 796
f 29 801 803
f 30 808 810
f 31 813 815
f 26 783 785
f 38 855 856
f 39 864 863
f 21 756 754
f 14 709 712
f 13 703 705
f 15 715 717
f 16 721 723
f 17 727 730
f 21 751 753
f 31 812 816
f 26 782 786
f 38 854 858
f 39 859 861
f 27 787 791
f 22 758 761
f 28 793 795
f 29 799 801
f 30 805 808
f 31 811 813
f 26 781 783
f 38 853 855
f 39 860 864
f 21 752 756
f 17 728 731
f 14 710 713
f 13 704 708
f 15 716 720
f 16 722 726
f 18 734 738
f 35 836 840
f 42 877 881
f 40 865 869
f 19 739 743
f 30 806 809
f 27 788 790
f 22 757 760
f 28 794 798
f 29 800 804
f 32 818 822
f 23 764 768
f 24 769 772
f 37 847 851
f 41 871 873
f 35 835 837
f 18 733 735
f 19 740 742
f 40 866 868
f 42 878 880
f 34 830 832
f 33 823 827
f 25 775 778
f 36 841 844
f 20 746 749
f 32 817 819
f 23 763 765
f 24 770 773
f 37 848 850
f 41 872 876
f 34 829 833
f 33 824 826
f 25 776 779
f 36 842 845
f 20 745 748
f 17 731 729
f 14 713 711
f 13 708 706
f 15 720 718
f 16 726 724
f 18 738 737
f 35 840 839
f 42 881 882
f 40 869 870
f 19 743 744
f 30 809 807
f 27 790 789
f 22 760 762
f 28 798 797
f 29 804 802
f 32 822 821
f 23 768 766
f 24 772 774
f 37 851 852
f 41 873 874
f 107 1269 1270
f 103 1245 1246
f 104 1252 1251
f 110 1288 1287
f 113 1306 1305
f 118 1336 1335
f 154 1551 1552
f 141 1473 1474
f 162 1599 1600
f 121 1354 1353
f 142 1479 1480
f 129 1401 1402
f 130 1408 1407
f 144 1492 1491
f 146 1504 1503
f 151 1533 1534
f 131 1414 1413
f 136 1444 1443
f 161 1594 1593
f 126 1383 1384
f 116 1323 1324
f 108 1275 1276
f 106 1263 1264
f 112 1299 1300
f 115 1317 1318
f 119 1341 1342
f 156 1564 1563
f 139 1462 1461
f 160 1588 1587
f 120 1347 1348
f 149 1521 1522
f 132 1420 1419
f 128 1395 1396
f 145 1497 1498
f 148 1515 1516
f 155 1557 1558
f 133 1425 1426
f 134 1431 1432
f 157 1570 1569
f 124 1372 1371
f 109 1282 1281
f 105 1258 1257
f 111 1294 1293
f 114 1312 1311
f 117 1330 1329
f 125 1378 1377
f 152 1540 1539
f 137 1449 1450
f 158 1575 1576
f 123 1365 1366
f 143 1486 1485
f 127 1390 1389
f 135 1437 1438
f 147 1510 1509
f 150 1528 1527
f 153 1546 1545
f 140 1468 1467
f 138 1455 1456
f 159 1581 1582
f 122 1359 1360
f 107 1272 1271
f 103 1248 1247
f 104 1253 1254
f 110 1289 1290
f 113 1307 1308
f 118 1337 1338
f 154 1554 1553
f 141 1476 1475
f 162 1602 1601
f 121 1355 1356
f 142 1482 1481
f 129 1404 1403
f 130 1409 1410
f 144 1493 1494
f 146 1505 1506
f 151 1536 1535
f 131 1415 1416
f 136 1445 1446
f 161 1595 1596
f 126 1386 1385
f 47 909 907
f 44 891 889
f 43 886 883
f 45 898 895
f 46 904 901
f 49 922 919
f 72 1060 1057
f 102 1240 1237
f 96 1204 1201
f 79 1102 1099
f 62 999 997
f 59 981 979
f 58 976 973
f 60 988 985
f 61 994 991
f 66 1024 1021
f 54 952 949
f 73 1066 1063
f 85 1138 1135
f 92 1179 1177
f 101 1233 1231
f 69 1041 1039
f 50 927 925
f 82 1119 1117
f 97 1209 1207
f 71 1053 1051
f 100 1228 1225
f 94 1192 1189
f 80 1108 1105
f 51 933 931
f 90 1167 1165
f 63 1005 1003
f 55 957 955
f 76 1083 1081
f 87 1150 1147
f 91 1174 1171
f 67 1029 1027
f 56 963 961
f 75 1077 1075
f 83 1126 1123
f 68 1036 1033
f 48 915 913
f 78 1095 1093
f 93 1185 1183
f 98 1216 1213
f 88 1155 1153
f 65 1018 1015
f 57 970 967
f 77 1090 1087
f 86 1143 1141
f 64 1012 1009
f 53 945 943
f 74 1071 1069
f 84 1131 1129
f 89 1162 1159
f 70 1047 1045
f 99 1221 1219
f 95 1197 1195
f 81 1114 1111
f 52 940 937
f 109 1284 1280
f 105 1260 1256
f 111 1296 1292
f 114 1314 1310
f 117 1332 1328
f 125 1380 1376
f 152 1542 1538
f 137 1451 1447
f 158 1577 1573
f 123 1367 1363
f 143 1488 1484
f 127 1392 1388
f 135 1439 1435
f 147 1512 1508
f 150 1530 1526
f 153 1548 1544
f 140 1470 1466
f 138 1457 1453
f 159 1583 1579
f 122 1361 1357
f 107 1270 1268
f 103 1246 1244
f 104 1251 1249
f 110 1287 1285
f 113 1305 1303
f 118 1335 1333
f 154 1552 1550
f 141 1474 1472
f 162 1600 1598
f 121 1353 1351
f 142 1480 1478
f 129 1402 1400
f 130 1407 1405
f 144 1491 1489
f 146 1503 1501
f 151 1534 1532
f 131 1413 1411
f 136 1443 1441
f 161 1593 1591
f 126 1384 1382
f 116 1324 1322
f 108 1276 1274
f 106 1264 1262
f 112 1300 1298
f 115 1318 1316
f 119 1342 1340
f 156 1563 1561
f 139 1461 1459
f 160 1587 1585
f 120 1348 1346
f 149 1522 1520
f 132 1419 1417
f 128 1396 1394
f 145 1498 1496
f 148 1516 1514
f 155 1558 1556
f 133 1426 1424
f 134 1432 1430
f 157 1569 1567
f 124 1371 1369
f 109 1281 1279
f 105 1257 1255
f 111 1293 1291
f 114 1311 1309
f 117 1329 1327
f 125 1377 1375
f 152 1539 1537
f 137 1450 1448
f 158 1576 1574
f 123 1366 1364
f 143 1485 1483
f 127 1389 1387
f 135 1438 1436
f 147 1509 1507
f 150 1527 1525
f 153 1545 1543
f 140 1467 1465
f 138 1456 1454
f 159 1582 1580
f 122 1360 1358
f 107 1271 1267
f 103 1247 1243
f 104 1254 1250
f 110 1290 1286
f 113 1308 1304
f 118 1338 1334
f 154 1553 1549
f 141 1475 1471
f 162 1601 1597
f 121 1356 1352
f 142 1481 1477
f 129 1403 1399
f 130 1410 1406
f 144 1494 1490
f 146 1506 1502
f 151 1535 1531
f 131 1416 1412
f 136 1446 1442
f 161 1596 1592
f 126 1385 1381
f 44 894 890
f 43 887 884
f 45 899 896
f 46 905 902
f 47 912 908
f 52 941 938
f 70 1050 1046
f 99 1224 1220
f 95 1200 1196
f 81 1115 1112
f 59 984 980
f 58 977 974
f 60 989 986
f 61 995 992
f 62 1002 998
f 65 1019 1016
f 57 971 968
f 77 1091 1088
f 86 1146 1142
f 88 1158 1154
f 98 1217 1214
f 68 1037 1034
f 48 918 914
f 78 1098 1094
f 93 1188 1184
f 69 1044 1040
f 101 1236 1232
f 97 1212 1208
f 82 1122 1118
f 50 930 926
f 89 1163 1160
f 64 1013 1010
f 53 948 944
f 74 1074 1070
f 84 1134 1130
f 90 1170 1166
f 63 1008 1004
f 55 960 956
f 76 1086 1082
f 87 1151 1148
f 72 1061 1058
f 49 923 920
f 79 1103 1100
f 96 1205 1202
f 102 1241 1238
f 91 1175 1172
f 67 1032 1028
f 56 966 962
f 75 1080 1076
f 83 1127 1124
f 66 1025 1022
f 54 953 950
f 73 1067 1064
f 85 1139 1136
f 92 1182 1178
f 71 1056 1052
f 100 1229 1226
f 94 1193 1190
f 80 1109 1106
f 51 936 932
f 116 1325 1321
f 108 1277 1273
f 106 1265 1261
f 112 1301 1297
f 115 1319 1315
f 119 1343 1339
f 156 1566 1562
f 139 1464 1460
f 160 1590 1586
f 120 1349 1345
f 149 1523 1519
f 132 1422 1418
f 128 1397 1393
f 145 1499 1495
f 148 1517 1513
f 155 1559 1555
f 133 1427 1423
f 134 1433 1429
f 157 1572 1568
f 124 1374 1370
f 44 892 894
f 43 885 887
f 45 897 899
f 46 903 905
f 47 910 912
f 52 939 941
f 70 1048 1050
f 99 1222 1224
f 95 1198 1200
f 81 1113 1115
f 59 982 984
f 58 975 977
f 60 987 989
f 61 993 995
f 62 1000 1002
f 65 1017 1019
f 57 969 971
f 77 1089 1091
f 86 1144 1146
f 88 1156 1158
f 98 1215 1217
f 68 1035 1037
f 48 916 918
f 78 1096 1098
f 93 1186 1188
f 69 1042 1044
f 101 1234 1236
f 97 1210 1212
f 82 1120 1122
f 50 928 930
f 89 1161 1163
f 64 1011 1013
f 53 946 948
f 74 1072 1074
f 84 1132 1134
f 90 1168 1170
f 63 1006 1008
f 55 958 960
f 76 1084 1086
f 87 1149 1151
f 72 1059 1061
f 49 921 923
f 79 1101 1103
f 96 1203 1205
f 102 1239 1241
f 91 1173 1175
f 67 1030 1032
f 56 964 966
f 75 1078 1080
f 83 1125 1127
f 66 1023 1025
f 54 951 953
f 73 1065 1067
f 85 1137 1139
f 92 1180 1182
f 71 1054 1056
f 100 1227 1229
f 94 1191 1193
f 80 1107 1109
f 51 934 936
f 116 1326 1325
f 108 1278 1277
f 106 1266 1265
f 112 1302 1301
f 115 1320 1319
f 119 1344 1343
f 156 1565 1566
f 139 1463 1464
f 160 1589 1590
f 120 1350 1349
f 149 1524 1523
f 132 1421 1422
f 128 1398 1397
f 145 1500 1499
f 148 1518 1517
f 155 1560 1559
f 133 1428 1427
f 134 1434 1433
f 157 1571 1572
f 124 1373 1374
f 44 889 892
f 43 883 885
f 45 895 897
f 46 901 903
f 47 907 910
f 52 937 939
f 70 1045 1048
f 99 1219 1222
f 95 1195 1198
f 81 1111 1113
f 59 979 982
f 58 973 975
f 60 985 987
f 61 991 993
f 62 997 1000
f 65 1015 1017
f 57 967 969
f 77 1087 1089
f 86 1141 1144
f 88 1153 1156
f 98 1213 1215
f 68 1033 1035
f 48 913 916
f 78 1093 1096
f 93 1183 1186
f 69 1039 1042
f 101 1231 1234
f 97 1207 1210
f 82 1117 1120
f 50 925 928
f 89 1159 1161
f 64 1009 1011
f 53 943 946
f 74 1069 1072
f 84 1129 1132
f 90 1165 1168
f 63 1003 1006
f 55 955 958
f 76 1081 1084
f 87 1147 1149
f 72 1057 1059
f 49 919 921
f 79 1099 1101
f 96 1201 1203
f 102 1237 1239
f 91 1171 1173
f 67 1027 1030
f 56 961 964
f 75 1075 1078
f 83 1123 1125
f 66 1021 1023
f 54 949 951
f 73 1063 1065
f 85 1135 1137
f 92 1177 1180
f 71 1051 1054
f 100 1225 1227
f 94 1189 1191
f 80 1105 1107
f 51 931 934
f 116 1322 1326
f 108 1274 1278
f 106 1262 1266
f 112 1298 1302
f 115 1316 1320
f 119 1340 1344
f 156 1561 1565
f 139 1459 1463
f 160 1585 1589
f 120 1346 1350
f 149 1520 1524
f 132 1417 1421
f 128 1394 1398
f 145 1496 1500
f 148 1514 1518
f 155 1556 1560
f 133 1424 1428
f 134 1430 1434
f 157 1567 1571
f 124 1369 1373
f 47 908 911
f 44 890 893
f 43 884 888
f 45 896 900
f 46 902 906
f 49 920 924
f 72 1058 1062
f 102 1238 1242
f 96 1202 1206
f 79 1100 1104
f 62 998 1001
f 59 980 983
f 58 974 978
f 60 986 990
f 61 992 996
f 66 1022 1026
f 54 950 954
f 73 1064 1068
f 85 1136 1140
f 92 1178 1181
f 101 1232 1235
f 69 1040 1043
f 50 926 929
f 82 1118 1121
f 97 1208 1211
f 71 1052 1055
f 100 1226 1230
f 94 1190 1194
f 80 1106 1110
f 51 932 935
f 90 1166 1169
f 63 1004 1007
f 55 956 959
f 76 1082 1085
f 87 1148 1152
f 91 1172 1176
f 67 1028 1031
f 56 962 965
f 75 1076 1079
f 83 1124 1128
f 68 1034 1038
f 48 914 917
f 78 1094 1097
f 93 1184 1187
f 98 1214 1218
f 88 1154 1157
f 65 1016 1020
f 57 968 972
f 77 1088 1092
f 86 1142 1145
f 64 1010 1014
f 53 944 947
f 74 1070 1073
f 84 1130 1133
f 89 1160 1164
f 70 1046 1049
f 99 1220 1223
f 95 1196 1199
f 81 1112 1116
f 52 938 942
f 109 1279 1283
f 105 1255 1259
f 111 1291 1295
f 114 1309 1313
f 117 1327 1331
f 125 1375 1379
f 152 1537 1541
f 137 1448 1452
f 158 1574 1578
f 123 1364 1368
f 143 1483 1487
f 127 1387 1391
f 135 1436 1440
f 147 1507 1511
f 150 1525 1529
f 153 1543 1547
f 140 1465 1469
f 138 1454 1458
f 159 1580 1584
f 122 1358 1362
f 107 1267 1269
f 103 1243 1245
f 104 1250 1252
f 110 1286 1288
f 113 1304 1306
f 118 1334 1336
f 154 1549 1551
f 141 1471 1473
f 162 1597 1599
f 121 1352 1354
f 142 1477 1479
f 129 1399 1401
f 130 1406 1408
f 144 1490 1492
f 146 1502 1504
f 151 1531 1533
f 131 1412 1414
f 136 1442 1444
f 161 1592 1594
f 126 1381 1383
f 116 1321 1323
f 108 1273 1275
f 106 1261 1263
f 112 1297 1299
f 115 1315 1317
f 119 1339 1341
f 156 1562 1564
f 139 1460 1462
f 160 1586 1588
f 120 1345 1347
f 149 1519 1521
f 132 1418 1420
f 128 1393 1395
f 145 1495 1497
f 148 1513 1515
f 155 1555 1557
f 133 1423 1425
f 134 1429 1431
f 157 1568 1570
f 124 1370 1372
f 109 1280 1282
f 105 1256 1258
f 111 1292 1294
f 114 1310 1312
f 117 1328 1330
f 125 1376 1378
f 152 1538 1540
f 137 1447 1449
f 158 1573 1575
f 123 1363 1365
f 143 1484 1486
f 127 1388 1390
f 135 1435 1437
f 147 1508 1510
f 150 1526 1528
f 153 1544 1546
f 140 1466 1468
f 138 1453 1455
f 159 1579 1581
f 122 1357 1359
f 107 1268 1272
f 103 1244 1248
f 104 1249 1253
f 110 1285 1289
f 113 1303 1307
f 118 1333 1337
f 154 1550 1554
f 141 1472 1476
f 162 1598 1602
f 121 1351 1355
f 142 1478 1482
f 129 1400 1404
f 130 1405 1409
f 144 1489 1493
f 146 1501 1505
f 151 1532 1536
f 131 1411 1415
f 136 1441 1445
f 161 1591 1595
f 126 1382 1386
f 47 911 909
f 44 893 891
f 43 888 886
f 45 900 898
f 46 906 904
f 49 924 922
f 72 1062 1060
f 102 1242 1240
f 96 1206 1204
f 79 1104 1102
f 62 1001 999
f 59 983 981
f 58 978 976
f 60 990 988
f 61 996 994
f 66 1026 1024
f 54 954 952
f 73 1068 1066
f 85 1140 1138
f 92 1181 1179
f 101 1235 1233
f 69 1043 1041
f 50 929 927
f 82 1121 1119
f 97 1211 1209
f 71 1055 1053
f 100 1230 1228
f 94 1194 1192
f 80 1110 1108
f 51 935 933
f 90 1169 1167
f 63 1007 1005
f 55 959 957
f 76 1085 1083
f 87 1152 1150
f 91 1176 1174
f 67 1031 1029
f 56 965 963
f 75 1079 1077
f 83 1128 1126
f 68 1038 1036
f 48 917 915
f 78 1097 1095
f 93 1187 1185
f 98 1218 1216
f 88 1157 1155
f 65 1020 1018
f 57 972 970
f 77 1092 1090
f 86 1145 1143
f 64 1014 1012
f 53 947 945
f 74 1073 1071
f 84 1133 1131
f 89 1164 1162
f 70 1049 1047
f 99 1223 1221
f 95 1199 1197
f 81 1116 1114
f 52 942 940
f 109 1283 1284
f 105 1259 1260
f 111 1295 1296
f 114 1313 1314
f 117 1331 1332
f 125 1379 1380
f 152 1541 1542
f 137 1452 1451
f 158 1578 1577
f 123 1368 1367
f 143 1487 1488
f 127 1391 1392
f 135 1440 1439
f 147 1511 1512
f 150 1529 1530
f 153 1547 1548
f 140 1469 1470
f 138 1458 1457
f 159 1584 1583
f 122 1362 1361
f 407 1609 1616
f 403 1605 1608
f 404 1611 1606
f 410 1614 1612
f 413 1617 1615
f 422 1631 1624
f 486 1688 1692
f 573 1775 1782
f 561 1763 1765
f 512 1719 1714
f 452 1654 1661
f 448 1650 1653
f 449 1656 1651
f 455 1659 1657
f 458 1662 1660
f 470 1672 1675
f 437 1646 1639
f 494 1706 1696
f 531 1735 1733
f 539 1741 1751
f 568 1770 1779
f 478 1680 1683
f 419 1621 1626
f 509 1711 1721
f 554 1756 1766
f 482 1684 1689
f 576 1780 1778
f 558 1767 1760
f 516 1722 1718
f 425 1627 1629
f 542 1744 1747
f 463 1668 1665
f 434 1636 1641
f 497 1699 1704
f 528 1730 1737
f 546 1748 1750
f 464 1666 1676
f 440 1642 1644
f 500 1705 1702
f 524 1736 1726
f 479 1691 1681
f 418 1623 1620
f 508 1713 1710
f 553 1764 1755
f 569 1781 1771
f 538 1749 1740
f 471 1677 1673
f 443 1645 1647
f 501 1703 1707
f 523 1725 1734
f 467 1674 1669
f 433 1638 1635
f 493 1695 1698
f 527 1732 1729
f 543 1752 1745
f 485 1690 1687
f 572 1777 1774
f 557 1759 1762
f 515 1717 1720
f 428 1630 1632
f 591 2191 2189
f 587 1885 1883
f 588 1901 1903
f 594 2279 2281
f 597 2315 2317
f 600 2171 2173
f 634 2160 2158
f 619 2016 2012
f 639 2214 2210
f 602 1919 1924
f 624 2137 2135
f 608 1978 1973
f 610 1991 1996
f 627 2225 2227
f 630 2302 2304
f 635 2178 2176
f 615 2153 2155
f 617 2009 2014
f 637 2207 2212
f 604 1926 1922
f 416 1857 1864
f 408 1803 1810
f 406 1786 1795
f 412 1822 1831
f 415 1840 1849
f 424 1876 1887
f 492 2182 2193
f 582 2312 2321
f 565 2276 2285
f 514 1898 1907
f 461 2091 2098
f 453 2037 2044
f 451 1952 1961
f 457 2056 2067
f 460 2074 2083
f 475 2128 2139
f 439 1966 1975
f 496 1988 1997
f 533 2222 2231
f 551 2293 2298
f 579 2185 2190
f 483 1879 1884
f 426 1893 1900
f 521 2271 2278
f 566 2307 2314
f 489 2163 2170
f 578 2150 2159
f 560 2006 2015
f 518 2204 2213
f 429 1911 1918
f 547 2131 2136
f 465 1969 1977
f 441 1983 1990
f 504 2217 2224
f 537 2290 2301
f 550 2168 2177
f 476 2145 2152
f 444 2001 2008
f 502 2199 2206
f 526 1916 1925
f 481 1808 1817
f 420 1789 1797
f 510 1825 1833
f 555 1843 1851
f 571 1862 1871
f 540 1933 1941
f 473 2110 2119
f 447 2020 2029
f 507 2236 2247
f 534 2257 2262
f 469 2042 2051
f 435 1947 1954
f 498 2059 2064
f 529 2077 2085
f 545 2096 2105
f 487 2113 2121
f 574 2023 2031
f 562 2239 2244
f 520 2254 2265
f 432 1930 1939
f 589 1818 1814
f 583 1798 1793
f 586 1834 1829
f 593 1852 1847
f 596 1872 1868
f 599 1942 1937
f 633 2120 2124
f 620 2030 2034
f 640 2248 2250
f 603 2263 2261
f 622 2052 2050
f 607 1955 1960
f 612 2065 2063
f 626 2086 2081
f 629 2106 2102
f 631 2122 2117
f 614 2032 2027
f 618 2245 2243
f 641 2266 2268
f 605 1940 1944
f 409 1813 1804
f 405 1792 1785
f 411 1828 1821
f 414 1846 1839
f 417 1867 1858
f 431 1936 1929
f 488 2123 2114
f 575 2033 2024
f 563 2249 2240
f 519 2260 2253
f 454 2049 2038
f 450 1959 1951
f 456 2062 2055
f 459 2080 2073
f 462 2101 2092
f 472 2116 2109
f 446 2026 2019
f 506 2242 2235
f 535 2267 2258
f 541 1943 1934
f 570 1869 1861
f 480 1815 1807
f 421 1799 1790
f 511 1835 1826
f 556 1853 1844
f 484 1889 1880
f 580 2195 2186
f 567 2319 2308
f 522 2283 2272
f 427 1905 1894
f 544 2103 2095
f 468 2046 2041
f 436 1957 1948
f 499 2069 2060
f 530 2087 2078
f 548 2141 2132
f 466 1979 1970
f 442 1993 1984
f 505 2229 2218
f 536 2296 2289
f 491 2188 2181
f 423 1882 1875
f 513 1902 1897
f 564 2280 2275
f 581 2316 2311
f 549 2172 2167
f 477 2157 2146
f 445 2011 2002
f 503 2209 2200
f 525 1923 1915
f 474 2134 2127
f 438 1972 1965
f 495 1995 1987
f 532 2226 2221
f 552 2303 2294
f 490 2175 2164
f 577 2154 2149
f 559 2013 2005
f 517 2211 2203
f 430 1921 1912
f 590 1865 1870
f 584 1811 1816
f 585 1796 1800
f 592 1832 1836
f 595 1850 1854
f 598 1888 1890
f 636 2194 2196
f 621 2322 2320
f 642 2286 2284
f 601 1908 1906
f 623 2099 2104
f 611 2045 2047
f 609 1962 1958
f 625 2068 2070
f 628 2084 2088
f 632 2140 2142
f 613 1976 1980
f 616 1998 1994
f 638 2232 2230
f 606 2299 2297
f 407 2330 2329
f 403 2324 2323
f 404 2325 2326
f 410 2332 2333
f 413 2335 2336
f 422 2344 2345
f 486 2410 2409
f 573 2497 2496
f 561 2486 2485
f 512 2434 2435
f 452 2375 2374
f 448 2369 2368
f 449 2370 2371
f 455 2377 2378
f 458 2380 2381
f 470 2393 2392
f 437 2359 2360
f 494 2415 2416
f 531 2455 2456
f 539 2461 2460
f 568 2489 2488
f 478 2399 2398
f 419 2341 2340
f 509 2431 2430
f 554 2476 2475
f 482 2405 2404
f 576 2500 2501
f 558 2481 2482
f 516 2439 2440
f 425 2348 2347
f 542 2465 2464
f 463 2383 2384
f 434 2356 2355
f 497 2420 2419
f 528 2452 2451
f 546 2471 2470
f 464 2386 2385
f 440 2363 2362
f 500 2422 2423
f 524 2445 2446
f 479 2400 2401
f 418 2338 2339
f 508 2428 2429
f 553 2473 2474
f 569 2490 2491
f 538 2458 2459
f 471 2394 2395
f 443 2366 2365
f 501 2425 2424
f 523 2444 2443
f 467 2389 2390
f 433 2353 2354
f 493 2414 2413
f 527 2449 2450
f 543 2466 2467
f 485 2407 2408
f 572 2494 2495
f 557 2480 2479
f 515 2438 2437
f 428 2351 2350
f 591 2510 2511
f 587 2504 2505
f 588 2508 2507
f 594 2514 2513
f 597 2517 2516
f 600 2520 2519
f 634 2554 2556
f 619 2539 2540
f 639 2560 2561
f 602 2523 2521
f 624 2543 2544
f 608 2527 2529
f 610 2532 2530
f 627 2547 2546
f 630 2550 2549
f 635 2552 2553
f 615 2535 2534
f 617 2538 2536
f 637 2558 2557
f 604 2524 2525
f 167 1607 647
f 164 1603 644
f 163 1604 643
f 165 1610 645
f 166 1613 646
f 169 1622 649
f 192 1686 672
f 222 1773 702
f 216 1761 696
f 199 1712 679
f 182 1652 662
f 179 1648 659
f 178 1649 658
f 180 1655 660
f 181 1658 661
f 186 1670 666
f 174 1637 654
f 193 1694 673
f 205 1731 685
f 212 1739 692
f 221 1768 701
f 189 1678 669
f 170 1619 650
f 202 1709 682
f 217 1754 697
f 191 1682 671
f 220 1776 700
f 214 1758 694
f 200 1716 680
f 171 1625 651
f 210 1742 690
f 183 1663 663
f 175 1634 655
f 196 1697 676
f 207 1728 687
f 211 1746 691
f 187 1664 667
f 176 1640 656
f 195 1700 675
f 203 1724 683
f 188 1679 668
f 168 1618 648
f 198 1708 678
f 213 1753 693
f 218 1769 698
f 208 1738 688
f 185 1671 665
f 177 1643 657
f 197 1701 677
f 206 1723 686
f 184 1667 664
f 173 1633 653
f 194 1693 674
f 204 1727 684
f 209 1743 689
f 190 1685 670
f 219 1772 699
f 215 1757 695
f 201 1715 681
f 172 1628 652
f 357 2187 837
f 255 1881 735
f 262 1899 742
f 388 2277 868
f 400 2313 880
f 352 2169 832
f 347 2156 827
f 298 2010 778
f 364 2208 844
f 269 1917 749
f 339 2133 819
f 285 1971 765
f 293 1989 773
f 370 2223 850
f 396 2300 876
f 353 2174 833
f 346 2151 826
f 299 2007 779
f 365 2205 845
f 268 1920 748
f 249 1855 729
f 231 1801 711
f 226 1784 706
f 238 1820 718
f 244 1838 724
f 257 1874 737
f 359 2180 839
f 402 2310 882
f 390 2274 870
f 264 1896 744
f 327 2089 807
f 309 2035 789
f 282 1950 762
f 317 2054 797
f 322 2072 802
f 341 2126 821
f 286 1964 766
f 294 1986 774
f 372 2220 852
f 394 2291 874
f 358 2183 838
f 256 1877 736
f 261 1891 741
f 387 2269 867
f 399 2305 879
f 351 2161 831
f 348 2148 828
f 300 2004 780
f 366 2202 846
f 267 1909 747
f 340 2129 820
f 287 1967 767
f 291 1981 771
f 369 2215 849
f 395 2288 875
f 354 2166 834
f 345 2143 825
f 297 1999 777
f 363 2197 843
f 270 1914 750
f 234 1806 714
f 227 1787 707
f 239 1823 719
f 245 1841 725
f 252 1860 732
f 275 1931 755
f 334 2108 814
f 304 2018 784
f 377 2234 857
f 382 2255 862
f 312 2040 792
f 279 1945 759
f 316 2057 796
f 323 2075 803
f 330 2094 810
f 335 2111 815
f 305 2021 785
f 376 2237 856
f 383 2252 863
f 274 1928 754
f 232 1812 712
f 225 1791 705
f 237 1827 717
f 243 1845 723
f 250 1866 730
f 273 1935 753
f 336 2118 816
f 306 2028 786
f 378 2246 858
f 381 2259 861
f 311 2048 791
f 281 1953 761
f 315 2061 795
f 321 2079 801
f 328 2100 808
f 333 2115 813
f 303 2025 783
f 375 2241 855
f 384 2264 864
f 276 1938 756
f 229 1802 709
f 223 1783 703
f 235 1819 715
f 241 1837 721
f 247 1856 727
f 271 1927 751
f 332 2112 812
f 302 2022 782
f 374 2238 854
f 379 2251 859
f 307 2036 787
f 278 1949 758
f 313 2053 793
f 319 2071 799
f 325 2090 805
f 331 2107 811
f 301 2017 781
f 373 2233 853
f 380 2256 860
f 272 1932 752
f 248 1859 728
f 230 1805 710
f 224 1788 704
f 236 1824 716
f 242 1842 722
f 254 1878 734
f 356 2184 836
f 397 2306 877
f 385 2270 865
f 259 1892 739
f 326 2093 806
f 308 2039 788
f 277 1946 757
f 314 2058 794
f 320 2076 800
f 338 2130 818
f 284 1968 764
f 289 1982 769
f 367 2216 847
f 391 2287 871
f 355 2179 835
f 253 1873 733
f 260 1895 740
f 386 2273 866
f 398 2309 878
f 350 2165 830
f 343 2144 823
f 295 2000 775
f 361 2198 841
f 266 1913 746
f 337 2125 817
f 283 1963 763
f 290 1985 770
f 368 2219 848
f 392 2292 872
f 349 2162 829
f 344 2147 824
f 296 2003 776
f 362 2201 842
f 265 1910 745
f 251 1863 731
f 233 1809 713
f 228 1794 708
f 240 1830 720
f 246 1848 726
f 258 1886 738
f 360 2192 840
f 401 2318 881
f 389 2282 869
f 263 1904 743
f 329 2097 809
f 310 2043 790
f 280 1956 760
f 318 2066 798
f 324 2082 804
f 342 2138 822
f 288 1974 768
f 292 1992 772
f 371 2228 851
f 393 2295 873
f 409 2331 1269
f 405 2327 1245
f 411 2328 1252
f 414 2334 1288
f 417 2337 1306
f 431 2346 1336
f 488 2412 1551
f 575 2499 1473
f 563 2487 1599
f 519 2436 1354
f 454 2376 1479
f 450 2372 1401
f 456 2373 1408
f 459 2379 1492
f 462 2382 1504
f 472 2396 1533
f 446 2361 1414
f 506 2418 1444
f 535 2457 1594
f 541 2463 1383
f 570 2492 1323
f 480 2402 1275
f 421 2343 1263
f 511 2433 1299
f 556 2478 1317
f 484 2406 1341
f 580 2502 1564
f 567 2484 1462
f 522 2442 1588
f 427 2349 1347
f 544 2468 1521
f 468 2387 1420
f 436 2358 1395
f 499 2421 1497
f 530 2454 1515
f 548 2472 1557
f 466 2388 1425
f 442 2364 1431
f 505 2426 1570
f 536 2448 1372
f 491 2403 1282
f 423 2342 1258
f 513 2432 1294
f 564 2477 1312
f 581 2493 1330
f 549 2462 1378
f 477 2397 1540
f 445 2367 1449
f 503 2427 1575
f 525 2447 1365
f 474 2391 1486
f 438 2357 1390
f 495 2417 1437
f 532 2453 1510
f 552 2469 1528
f 490 2411 1546
f 577 2498 1468
f 559 2483 1455
f 517 2441 1581
f 430 2352 1359
f 590 2509 1272
f 584 2503 1248
f 585 2506 1253
f 592 2512 1289
f 595 2515 1307
f 598 2518 1337
f 636 2555 1554
f 621 2541 1476
f 642 2562 1602
f 601 2522 1355
f 623 2542 1482
f 611 2528 1404
f 609 2531 1409
f 625 2545 1493
f 628 2548 1505
f 632 2551 1536
f 613 2533 1415
f 616 2537 1445
f 638 2559 1595
f 606 2526 1386
f 407 1616 909
f 403 1608 891
f 404 1606 886
f 410 1612 898
f 413 1615 904
f 422 1624 922
f 486 1692 1060
f 573 1782 1240
f 561 1765 1204
f 512 1714 1102
f 452 1661 999
f 448 1653 981
f 449 1651 976
f 455 1657 988
f 458 1660 994
f 470 1675 1024
f 437 1639 952
f 494 1696 1066
f 531 1733 1138
f 539 1751 1179
f 568 1779 1233
f 478 1683 1041
f 419 1626 927
f 509 1721 1119
f 554 1766 1209
f 482 1689 1053
f 576 1778 1228
f 558 1760 1192
f 516 1718 1108
f 425 1629 933
f 542 1747 1167
f 463 1665 1005
f 434 1641 957
f 497 1704 1083
f 528 1737 1150
f 546 1750 1174
f 464 1676 1029
f 440 1644 963
f 500 1702 1077
f 524 1726 1126
f 479 1681 1036
f 418 1620 915
f 508 1710 1095
f 553 1755 1185
f 569 1771 1216
f 538 1740 1155
f 471 1673 1018
f 443 1647 970
f 501 1707 1090
f 523 1734 1143
f 467 1669 1012
f 433 1635 945
f 493 1698 1071
f 527 1729 1131
f 543 1745 1162
f 485 1687 1047
f 572 1774 1221
f 557 1762 1197
f 515 1720 1114
f 428 1632 940
f 591 2189 1284
f 587 1883 1260
f 588 1903 1296
f 594 2281 1314
f 597 2317 1332
f 600 2173 1380
f 634 2158 1542
f 619 2012 1451
f 639 2210 1577
f 602 1924 1367
f 624 2135 1488
f 608 1973 1392
f 610 1996 1439
f 627 2227 1512
f 630 2304 1530
f 635 2176 1548
f 615 2155 1470
f 617 2014 1457
f 637 2212 1583
f 604 1922 1361
f 416 1864 1270
f 408 1810 1246
f 406 1795 1251
f 412 1831 1287
f 415 1849 1305
f 424 1887 1335
f 492 2193 1552
f 582 2321 1474
f 565 2285 1600
f 514 1907 1353
f 461 2098 1480
f 453 2044 1402
f 451 1961 1407
f 457 2067 1491
f 460 2083 1503
f 475 2139 1534
f 439 1975 1413
f 496 1997 1443
f 533 2231 1593
f 551 2298 1384
f 579 2190 1324
f 483 1884 1276
f 426 1900 1264
f 521 2278 1300
f 566 2314 1318
f 489 2170 1342
f 578 2159 1563
f 560 2015 1461
f 518 2213 1587
f 429 1918 1348
f 547 2136 1522
f 465 1977 1419
f 441 1990 1396
f 504 2224 1498
f 537 2301 1516
f 550 2177 1558
f 476 2152 1426
f 444 2008 1432
f 502 2206 1569
f 526 1925 1371
f 481 1817 1281
f 420 1797 1257
f 510 1833 1293
f 555 1851 1311
f 571 1871 1329
f 540 1941 1377
f 473 2119 1539
f 447 2029 1450
f 507 2247 1576
f 534 2262 1366
f 469 2051 1485
f 435 1954 1389
f 498 2064 1438
f 529 2085 1509
f 545 2105 1527
f 487 2121 1545
f 574 2031 1467
f 562 2244 1456
f 520 2265 1582
f 432 1939 1360
f 589 1814 1271
f 583 1793 1247
f 586 1829 1254
f 593 1847 1290
f 596 1868 1308
f 599 1937 1338
f 633 2124 1553
f 620 2034 1475
f 640 2250 1601
f 603 2261 1356
f 622 2050 1481
f 607 1960 1403
f 612 2063 1410
f 626 2081 1494
f 629 2102 1506
f 631 2117 1535
f 614 2027 1416
f 618 2243 1446
f 641 2268 1596
f 605 1944 1385
f 409 1804 894
f 405 1785 887
f 411 1821 899
f 414 1839 905
f 417 1858 912
f 431 1929 941
f 488 2114 1050
f 575 2024 1224
f 563 2240 1200
f 519 2253 1115
f 454 2038 984
f 450 1951 977
f 456 2055 989
f 459 2073 995
f 462 2092 1002
f 472 2109 1019
f 446 2019 971
f 506 2235 1091
f 535 2258 1146
f 541 1934 1158
f 570 1861 1217
f 480 1807 1037
f 421 1790 918
f 511 1826 1098
f 556 1844 1188
f 484 1880 1044
f 580 2186 1236
f 567 2308 1212
f 522 2272 1122
f 427 1894 930
f 544 2095 1163
f 468 2041 1013
f 436 1948 948
f 499 2060 1074
f 530 2078 1134
f 548 2132 1170
f 466 1970 1008
f 442 1984 960
f 505 2218 1086
f 536 2289 1151
f 491 2181 1061
f 423 1875 923
f 513 1897 1103
f 564 2275 1205
f 581 2311 1241
f 549 2167 1175
f 477 2146 1032
f 445 2002 966
f 503 2200 1080
f 525 1915 1127
f 474 2127 1025
f 438 1965 953
f 495 1987 1067
f 532 2221 1139
f 552 2294 1182
f 490 2164 1056
f 577 2149 1229
f 559 2005 1193
f 517 2203 1109
f 430 1912 936
f 590 1870 1325
f 584 1816 1277
f 585 1800 1265
f 592 1836 1301
f 595 1854 1319
f 598 1890 1343
f 636 2196 1566
f 621 2320 1464
f 642 2284 1590
f 601 1906 1349
f 623 2104 1523
f 611 2047 1422
f 609 1958 1397
f 625 2070 1499
f 628 2088 1517
f 632 2142 1559
f 613 1980 1427
f 616 1994 1433
f 638 2230 1572
f 606 2297 1374
f 407 2329 892
f 403 2323 885
f 404 2326 897
f 410 2333 903
f 413 2336 910
f 422 2345 939
f 486 2409 1048
f 573 2496 1222
f 561 2485 1198
f 512 2435 1113
f 452 2374 982
f 448 2368 975
f 449 2371 987
f 455 2378 993
f 458 2381 1000
f 470 2392 1017
f 437 2360 969
f 494 2416 1089
f 531 2456 1144
f 539 2460 1156
f 568 2488 1215
f 478 2398 1035
f 419 2340 916
f 509 2430 1096
f 554 2475 1186
f 482 2404 1042
f 576 2501 1234
f 558 2482 1210
f 516 2440 1120
f 425 2347 928
f 542 2464 1161
f 463 2384 1011
f 434 2355 946
f 497 2419 1072
f 528 2451 1132
f 546 2470 1168
f 464 2385 1006
f 440 2362 958
f 500 2423 1084
f 524 2446 1149
f 479 2401 1059
f 418 2339 921
f 508 2429 1101
f 553 2474 1203
f 569 2491 1239
f 538 2459 1173
f 471 2395 1030
f 443 2365 964
f 501 2424 1078
f 523 2443 1125
f 467 2390 1023
f 433 2354 951
f 493 2413 1065
f 527 2450 1137
f 543 2467 1180
f 485 2408 1054
f 572 2495 1227
f 557 2479 1191
f 515 2437 1107
f 428 2350 934
f 591 2511 1326
f 587 2505 1278
f 588 2507 1266
f 594 2513 1302
f 597 2516 1320
f 600 2519 1344
f 634 2556 1565
f 619 2540 1463
f 639 2561 1589
f 602 2521 1350
f 624 2544 1524
f 608 2529 1421
f 610 2530 1398
f 627 2546 1500
f 630 2549 1518
f 635 2553 1560
f 615 2534 1428
f 617 2536 1434
f 637 2557 1571
f 604 2525 1373
f 164 1609 889
f 163 1605 883
f 165 1611 895
f 166 1614 901
f 167 1617 907
f 172 1631 937
f 190 1688 1045
f 219 1775 1219
f 215 1763 1195
f 201 1719 1111
f 179 1654 979
f 178 1650 973
f 180 1656 985
f 181 1659 991
f 182 1662 997
f 185 1672 1015
f 177 1646 967
f 197 1706 1087
f 206 1735 1141
f 208 1741 1153
f 218 1770 1213
f 188 1680 1033
f 168 1621 913
f 198 1711 1093
f 213 1756 1183
f 189 1684 1039
f 221 1780 1231
f 217 1767 1207
f 202 1722 1117
f 170 1627 925
f 209 1744 1159
f 184 1668 1009
f 173 1636 943
f 194 1699 1069
f 204 1730 1129
f 210 1748 1165
f 183 1666 1003
f 175 1642 955
f 196 1705 1081
f 207 1736 1147
f 192 1691 1057
f 169 1623 919
f 199 1713 1099
f 216 1764 1201
f 222 1781 1237
f 211 1749 1171
f 187 1677 1027
f 176 1645 961
f 195 1703 1075
f 203 1725 1123
f 186 1674 1021
f 174 1638 949
f 193 1695 1063
f 205 1732 1135
f 212 1752 1177
f 191 1690 1051
f 220 1777 1225
f 214 1759 1189
f 200 1717 1105
f 171 1630 931
f 358 2191 1322
f 256 1885 1274
f 261 1901 1262
f 387 2279 1298
f 399 2315 1316
f 351 2171 1340
f 348 2160 1561
f 300 2016 1459
f 366 2214 1585
f 267 1919 1346
f 340 2137 1520
f 287 1978 1417
f 291 1991 1394
f 369 2225 1496
f 395 2302 1514
f 354 2178 1556
f 345 2153 1424
f 297 2009 1430
f 363 2207 1567
f 270 1926 1369
f 247 1857 908
f 229 1803 890
f 223 1786 884
f 235 1822 896
f 241 1840 902
f 253 1876 920
f 355 2182 1058
f 398 2312 1238
f 386 2276 1202
f 260 1898 1100
f 325 2091 998
f 307 2037 980
f 278 1952 974
f 313 2056 986
f 319 2074 992
f 337 2128 1022
f 283 1966 950
f 290 1988 1064
f 368 2222 1136
f 392 2293 1178
f 356 2185 1232
f 254 1879 1040
f 259 1893 926
f 385 2271 1118
f 397 2307 1208
f 349 2163 1052
f 344 2150 1226
f 296 2006 1190
f 362 2204 1106
f 265 1911 932
f 338 2131 1166
f 284 1969 1004
f 289 1983 956
f 367 2217 1082
f 391 2290 1148
f 350 2168 1172
f 343 2145 1028
f 295 2001 962
f 361 2199 1076
f 266 1916 1124
f 230 1808 1034
f 224 1789 914
f 236 1825 1094
f 242 1843 1184
f 248 1862 1214
f 272 1933 1154
f 331 2110 1016
f 301 2020 968
f 373 2236 1088
f 380 2257 1142
f 308 2042 1010
f 277 1947 944
f 314 2059 1070
f 320 2077 1130
f 326 2096 1160
f 332 2113 1046
f 302 2023 1220
f 374 2239 1196
f 379 2254 1112
f 271 1930 938
f 234 1818 1279
f 227 1798 1255
f 239 1834 1291
f 245 1852 1309
f 252 1872 1327
f 275 1942 1375
f 334 2120 1537
f 304 2030 1448
f 377 2248 1574
f 382 2263 1364
f 312 2052 1483
f 279 1955 1387
f 316 2065 1436
f 323 2086 1507
f 330 2106 1525
f 335 2122 1543
f 305 2032 1465
f 376 2245 1454
f 383 2266 1580
f 274 1940 1358
f 232 1813 1267
f 225 1792 1243
f 237 1828 1250
f 243 1846 1286
f 250 1867 1304
f 273 1936 1334
f 336 2123 1549
f 306 2033 1471
f 378 2249 1597
f 381 2260 1352
f 311 2049 1477
f 281 1959 1399
f 315 2062 1406
f 321 2080 1490
f 328 2101 1502
f 333 2116 1531
f 303 2026 1412
f 375 2242 1442
f 384 2267 1592
f 276 1943 1381
f 251 1869 1321
f 233 1815 1273
f 228 1799 1261
f 240 1835 1297
f 246 1853 1315
f 258 1889 1339
f 360 2195 1562
f 401 2319 1460
f 389 2283 1586
f 263 1905 1345
f 329 2103 1519
f 310 2046 1418
f 280 1957 1393
f 318 2069 1495
f 324 2087 1513
f 342 2141 1555
f 288 1979 1423
f 292 1993 1429
f 371 2229 1568
f 393 2296 1370
f 357 2188 1280
f 255 1882 1256
f 262 1902 1292
f 388 2280 1310
f 400 2316 1328
f 352 2172 1376
f 347 2157 1538
f 298 2011 1447
f 364 2209 1573
f 269 1923 1363
f 339 2134 1484
f 285 1972 1388
f 293 1995 1435
f 370 2226 1508
f 396 2303 1526
f 353 2175 1544
f 346 2154 1466
f 299 2013 1453
f 365 2211 1579
f 268 1921 1357
f 249 1865 1268
f 231 1811 1244
f 226 1796 1249
f 238 1832 1285
f 244 1850 1303
f 257 1888 1333
f 359 2194 1550
f 402 2322 1472
f 390 2286 1598
f 264 1908 1351
f 327 2099 1478
f 309 2045 1400
f 282 1962 1405
f 317 2068 1489
f 322 2084 1501
f 341 2140 1532
f 286 1976 1411
f 294 1998 1441
f 372 2232 1591
f 394 2299 1382
f 416 2330 911
f 408 2324 893
f 406 2325 888
f 412 2332 900
f 415 2335 906
f 424 2344 924
f 492 2410 1062
f 582 2497 1242
f 565 2486 1206
f 514 2434 1104
f 461 2375 1001
f 453 2369 983
f 451 2370 978
f 457 2377 990
f 460 2380 996
f 475 2393 1026
f 439 2359 954
f 496 2415 1068
f 533 2455 1140
f 551 2461 1181
f 579 2489 1235
f 483 2399 1043
f 426 2341 929
f 521 2431 1121
f 566 2476 1211
f 489 2405 1055
f 578 2500 1230
f 560 2481 1194
f 518 2439 1110
f 429 2348 935
f 547 2465 1169
f 465 2383 1007
f 441 2356 959
f 504 2420 1085
f 537 2452 1152
f 550 2471 1176
f 476 2386 1031
f 444 2363 965
f 502 2422 1079
f 526 2445 1128
f 481 2400 1038
f 420 2338 917
f 510 2428 1097
f 555 2473 1187
f 571 2490 1218
f 540 2458 1157
f 473 2394 1020
f 447 2366 972
f 507 2425 1092
f 534 2444 1145
f 469 2389 1014
f 435 2353 947
f 498 2414 1073
f 529 2449 1133
f 545 2466 1164
f 487 2407 1049
f 574 2494 1223
f 562 2480 1199
f 520 2438 1116
f 432 2351 942
f 589 2510 1283
f 583 2504 1259
f 586 2508 1295
f 593 2514 1313
f 596 2517 1331
f 599 2520 1379
f 633 2554 1541
f 620 2539 1452
f 640 2560 1578
f 603 2523 1368
f 622 2543 1487
f 607 2527 1391
f 612 2532 1440
f 626 2547 1511
f 629 2550 1529
f 631 2552 1547
f 614 2535 1469
f 618 2538 1458
f 641 2558 1584
f 605 2524 1362
f 164 1607 1609
f 163 1603 1605
f 165 1604 1611
f 166 1610 1614
f 167 1613 1617
f 172 1622 1631
f 190 1686 1688
f 219 1773 1775
f 215 1761 1763
f 201 1712 1719
f 179 1652 1654
f 178 1648 1650
f 180 1649 1656
f 181 1655 1659
f 182 1658 1662
f 185 1670 1672
f 177 1637 1646
f 197 1694 1706
f 206 1731 1735
f 208 1739 1741
f 218 1768 1770
f 188 1678 1680
f 168 1619 1621
f 198 1709 1711
f 213 1754 1756
f 189 1682 1684
f 221 1776 1780
f 217 1758 1767
f 202 1716 1722
f 170 1625 1627
f 209 1742 1744
f 184 1663 1668
f 173 1634 1636
f 194 1697 1699
f 204 1728 1730
f 210 1746 1748
f 183 1664 1666
f 175 1640 1642
f 196 1700 1705
f 207 1724 1736
f 192 1679 1691
f 169 1618 1623
f 199 1708 1713
f 216 1753 1764
f 222 1769 1781
f 211 1738 1749
f 187 1671 1677
f 176 1643 1645
f 195 1701 1703
f 203 1723 1725
f 186 1667 1674
f 174 1633 1638
f 193 1693 1695
f 205 1727 1732
f 212 1743 1752
f 191 1685 1690
f 220 1772 1777
f 214 1757 1759
f 200 1715 1717
f 171 1628 1630
f 358 2187 2191
f 256 1881 1885
f 261 1899 1901
f 387 2277 2279
f 399 2313 2315
f 351 2169 2171
f 348 2156 2160
f 300 2010 2016
f 366 2208 2214
f 267 1917 1919
f 340 2133 2137
f 287 1971 1978
f 291 1989 1991
f 369 2223 2225
f 395 2300 2302
f 354 2174 2178
f 345 2151 2153
f 297 2007 2009
f 363 2205 2207
f 270 1920 1926
f 247 1855 1857
f 229 1801 1803
f 223 1784 1786
f 235 1820 1822
f 241 1838 1840
f 253 1874 1876
f 355 2180 2182
f 398 2310 2312
f 386 2274 2276
f 260 1896 1898
f 325 2089 2091
f 307 2035 2037
f 278 1950 1952
f 313 2054 2056
f 319 2072 2074
f 337 2126 2128
f 283 1964 1966
f 290 1986 1988
f 368 2220 2222
f 392 2291 2293
f 356 2183 2185
f 254 1877 1879
f 259 1891 1893
f 385 2269 2271
f 397 2305 2307
f 349 2161 2163
f 344 2148 2150
f 296 2004 2006
f 362 2202 2204
f 265 1909 1911
f 338 2129 2131
f 284 1967 1969
f 289 1981 1983
f 367 2215 2217
f 391 2288 2290
f 350 2166 2168
f 343 2143 2145
f 295 1999 2001
f 361 2197 2199
f 266 1914 1916
f 230 1806 1808
f 224 1787 1789
f 236 1823 1825
f 242 1841 1843
f 248 1860 1862
f 272 1931 1933
f 331 2108 2110
f 301 2018 2020
f 373 2234 2236
f 380 2255 2257
f 308 2040 2042
f 277 1945 1947
f 314 2057 2059
f 320 2075 2077
f 326 2094 2096
f 332 2111 2113
f 302 2021 2023
f 374 2237 2239
f 379 2252 2254
f 271 1928 1930
f 234 1812 1818
f 227 1791 1798
f 239 1827 1834
f 245 1845 1852
f 252 1866 1872
f 275 1935 1942
f 334 2118 2120
f 304 2028 2030
f 377 2246 2248
f 382 2259 2263
f 312 2048 2052
f 279 1953 1955
f 316 2061 2065
f 323 2079 2086
f 330 2100 2106
f 335 2115 2122
f 305 2025 2032
f 376 2241 2245
f 383 2264 2266
f 274 1938 1940
f 232 1802 1813
f 225 1783 1792
f 237 1819 1828
f 243 1837 1846
f 250 1856 1867
f 273 1927 1936
f 336 2112 2123
f 306 2022 2033
f 378 2238 2249
f 381 2251 2260
f 311 2036 2049
f 281 1949 1959
f 315 2053 2062
f 321 2071 2080
f 328 2090 2101
f 333 2107 2116
f 303 2017 2026
f 375 2233 2242
f 384 2256 2267
f 276 1932 1943
f 251 1859 1869
f 233 1805 1815
f 228 1788 1799
f 240 1824 1835
f 246 1842 1853
f 258 1878 1889
f 360 2184 2195
f 401 2306 2319
f 389 2270 2283
f 263 1892 1905
f 329 2093 2103
f 310 2039 2046
f 280 1946 1957
f 318 2058 2069
f 324 2076 2087
f 342 2130 2141
f 288 1968 1979
f 292 1982 1993
f 371 2216 2229
f 393 2287 2296
f 357 2179 2188
f 255 1873 1882
f 262 1895 1902
f 388 2273 2280
f 400 2309 2316
f 352 2165 2172
f 347 2144 2157
f 298 2000 2011
f 364 2198 2209
f 269 1913 1923
f 339 2125 2134
f 285 1963 1972
f 293 1985 1995
f 370 2219 2226
f 396 2292 2303
f 353 2162 2175
f 346 2147 2154
f 299 2003 2013
f 365 2201 2211
f 268 1910 1921
f 249 1863 1865
f 231 1809 1811
f 226 1794 1796
f 238 1830 1832
f 244 1848 1850
f 257 1886 1888
f 359 2192 2194
f 402 2318 2322
f 390 2282 2286
f 264 1904 1908
f 327 2097 2099
f 309 2043 2045
f 282 1956 1962
f 317 2066 2068
f 322 2082 2084
f 341 2138 2140
f 286 1974 1976
f 294 1992 1998
f 372 2228 2232
f 394 2295 2299
f 416 2331 2330
f 408 2327 2324
f 406 2328 2325
f 412 2334 2332
f 415 2337 2335
f 424 2346 2344
f 492 2412 2410
f 582 2499 2497
f 565 2487 2486
f 514 2436 2434
f 461 2376 2375
f 453 2372 2369
f 451 2373 2370
f 457 2379 2377
f 460 2382 2380
f 475 2396 2393
f 439 2361 2359
f 496 2418 2415
f 533 2457 2455
f 551 2463 2461
f 579 2492 2489
f 483 2402 2399
f 426 2343 2341
f 521 2433 2431
f 566 2478 2476
f 489 2406 2405
f 578 2502 2500
f 560 2484 2481
f 518 2442 2439
f 429 2349 2348
f 547 2468 2465
f 465 2387 2383
f 441 2358 2356
f 504 2421 2420
f 537 2454 2452
f 550 2472 2471
f 476 2388 2386
f 444 2364 2363
f 502 2426 2422
f 526 2448 2445
f 481 2403 2400
f 420 2342 2338
f 510 2432 2428
f 555 2477 2473
f 571 2493 2490
f 540 2462 2458
f 473 2397 2394
f 447 2367 2366
f 507 2427 2425
f 534 2447 2444
f 469 2391 2389
f 435 2357 2353
f 498 2417 2414
f 529 2453 2449
f 545 2469 2466
f 487 2411 2407
f 574 2498 2494
f 562 2483 2480
f 520 2441 2438
f 432 2352 2351
f 589 2509 2510
f 583 2503 2504
f 586 2506 2508
f 593 2512 2514
f 596 2515 2517
f 599 2518 2520
f 633 2555 2554
f 620 2541 2539
f 640 2562 2560
f 603 2522 2523
f 622 2542 2543
f 607 2528 2527
f 612 2531 2532
f 626 2545 2547
f 629 2548 2550
f 631 2551 2552
f 614 2533 2535
f 618 2537 2538
f 641 2559 2558
f 605 2526 2524
f 164 644 1607
f 163 643 1603
f 165 645 1604
f 166 646 1610
f 167 647 1613
f 172 652 1622
f 190 670 1686
f 219 699 1773
f 215 695 1761
f 201 681 1712
f 179 659 1652
f 178 658 1648
f 180 660 1649
f 181 661 1655
f 182 662 1658
f 185 665 1670
f 177 657 1637
f 197 677 1694
f 206 686 1731
f 208 688 1739
f 218 698 1768
f 188 668 1678
f 168 648 1619
f 198 678 1709
f 213 693 1754
f 189 669 1682
f 221 701 1776
f 217 697 1758
f 202 682 1716
f 170 650 1625
f 209 689 1742
f 184 664 1663
f 173 653 1634
f 194 674 1697
f 204 684 1728
f 210 690 1746
f 183 663 1664
f 175 655 1640
f 196 676 1700
f 207 687 1724
f 192 672 1679
f 169 649 1618
f 199 679 1708
f 216 696 1753
f 222 702 1769
f 211 691 1738
f 187 667 1671
f 176 656 1643
f 195 675 1701
f 203 683 1723
f 186 666 1667
f 174 654 1633
f 193 673 1693
f 205 685 1727
f 212 692 1743
f 191 671 1685
f 220 700 1772
f 214 694 1757
f 200 680 1715
f 171 651 1628
f 358 838 2187
f 256 736 1881
f 261 741 1899
f 387 867 2277
f 399 879 2313
f 351 831 2169
f 348 828 2156
f 300 780 2010
f 366 846 2208
f 267 747 1917
f 340 820 2133
f 287 767 1971
f 291 771 1989
f 369 849 2223
f 395 875 2300
f 354 834 2174
f 345 825 2151
f 297 777 2007
f 363 843 2205
f 270 750 1920
f 247 727 1855
f 229 709 1801
f 223 703 1784
f 235 715 1820
f 241 721 1838
f 253 733 1874
f 355 835 2180
f 398 878 2310
f 386 866 2274
f 260 740 1896
f 325 805 2089
f 307 787 2035
f 278 758 1950
f 313 793 2054
f 319 799 2072
f 337 817 2126
f 283 763 1964
f 290 770 1986
f 368 848 2220
f 392 872 2291
f 356 836 2183
f 254 734 1877
f 259 739 1891
f 385 865 2269
f 397 877 2305
f 349 829 2161
f 344 824 2148
f 296 776 2004
f 362 842 2202
f 265 745 1909
f 338 818 2129
f 284 764 1967
f 289 769 1981
f 367 847 2215
f 391 871 2288
f 350 830 2166
f 343 823 2143
f 295 775 1999
f 361 841 2197
f 266 746 1914
f 230 710 1806
f 224 704 1787
f 236 716 1823
f 242 722 1841
f 248 728 1860
f 272 752 1931
f 331 811 2108
f 301 781 2018
f 373 853 2234
f 380 860 2255
f 308 788 2040
f 277 757 1945
f 314 794 2057
f 320 800 2075
f 326 806 2094
f 332 812 2111
f 302 782 2021
f 374 854 2237
f 379 859 2252
f 271 751 1928
f 234 714 1812
f 227 707 1791
f 239 719 1827
f 245 725 1845
f 252 732 1866
f 275 755 1935
f 334 814 2118
f 304 784 2028
f 377 857 2246
f 382 862 2259
f 312 792 2048
f 279 759 1953
f 316 796 2061
f 323 803 2079
f 330 810 2100
f 335 815 2115
f 305 785 2025
f 376 856 2241
f 383 863 2264
f 274 754 1938
f 232 712 1802
f 225 705 1783
f 237 717 1819
f 243 723 1837
f 250 730 1856
f 273 753 1927
f 336 816 2112
f 306 786 2022
f 378 858 2238
f 381 861 2251
f 311 791 2036
f 281 761 1949
f 315 795 2053
f 321 801 2071
f 328 808 2090
f 333 813 2107
f 303 783 2017
f 375 855 2233
f 384 864 2256
f 276 756 1932
f 251 731 1859
f 233 713 1805
f 228 708 1788
f 240 720 1824
f 246 726 1842
f 258 738 1878
f 360 840 2184
f 401 881 2306
f 389 869 2270
f 263 743 1892
f 329 809 2093
f 310 790 2039
f 280 760 1946
f 318 798 2058
f 324 804 2076
f 342 822 2130
f 288 768 1968
f 292 772 1982
f 371 851 2216
f 393 873 2287
f 357 837 2179
f 255 735 1873
f 262 742 1895
f 388 868 2273
f 400 880 2309
f 352 832 2165
f 347 827 2144
f 298 778 2000
f 364 844 2198
f 269 749 1913
f 339 819 2125
f 285 765 1963
f 293 773 1985
f 370 850 2219
f 396 876 2292
f 353 833 2162
f 346 826 2147
f 299 779 2003
f 365 845 2201
f 268 748 1910
f 249 729 1863
f 231 711 1809
f 226 706 1794
f 238 718 1830
f 244 724 1848
f 257 737 1886
f 359 839 2192
f 402 882 2318
f 390 870 2282
f 264 744 1904
f 327 807 2097
f 309 789 2043
f 282 762 1956
f 317 797 2066
f 322 802 2082
f 341 821 2138
f 286 766 1974
f 294 774 1992
f 372 852 2228
f 394 874 2295
f 416 1270 2331
f 408 1246 2327
f 406 1251 2328
f 412 1287 2334
f 415 1305 2337
f 424 1335 2346
f 492 1552 2412
f 582 1474 2499
f 565 1600 2487
f 514 1353 2436
f 461 1480 2376
f 453 1402 2372
f 451 1407 2373
f 457 1491 2379
f 460 1503 2382
f 475 1534 2396
f 439 1413 2361
f 496 1443 2418
f 533 1593 2457
f 551 1384 2463
f 579 1324 2492
f 483 1276 2402
f 426 1264 2343
f 521 1300 2433
f 566 1318 2478
f 489 1342 2406
f 578 1563 2502
f 560 1461 2484
f 518 1587 2442
f 429 1348 2349
f 547 1522 2468
f 465 1419 2387
f 441 1396 2358
f 504 1498 2421
f 537 1516 2454
f 550 1558 2472
f 476 1426 2388
f 444 1432 2364
f 502 1569 2426
f 526 1371 2448
f 481 1281 2403
f 420 1257 2342
f 510 1293 2432
f 555 1311 2477
f 571 1329 2493
f 540 1377 2462
f 473 1539 2397
f 447 1450 2367
f 507 1576 2427
f 534 1366 2447
f 469 1485 2391
f 435 1389 2357
f 498 1438 2417
f 529 1509 2453
f 545 1527 2469
f 487 1545 2411
f 574 1467 2498
f 562 1456 2483
f 520 1582 2441
f 432 1360 2352
f 589 1271 2509
f 583 1247 2503
f 586 1254 2506
f 593 1290 2512
f 596 1308 2515
f 599 1338 2518
f 633 1553 2555
f 620 1475 2541
f 640 1601 2562
f 603 1356 2522
f 622 1481 2542
f 607 1403 2528
f 612 1410 2531
f 626 1494 2545
f 629 1506 2548
f 631 1535 2551
f 614 1416 2533
f 618 1446 2537
f 641 1596 2559
f 605 1385 2526
f 167 907 1616
f 164 889 1608
f 163 883 1606
f 165 895 1612
f 166 901 1615
f 169 919 1624
f 192 1057 1692
f 222 1237 1782
f 216 1201 1765
f 199 1099 1714
f 182 997 1661
f 179 979 1653
f 178 973 1651
f 180 985 1657
f 181 991 1660
f 186 1021 1675
f 174 949 1639
f 193 1063 1696
f 205 1135 1733
f 212 1177 1751
f 221 1231 1779
f 189 1039 1683
f 170 925 1626
f 202 1117 1721
f 217 1207 1766
f 191 1051 1689
f 220 1225 1778
f 214 1189 1760
f 200 1105 1718
f 171 931 1629
f 210 1165 1747
f 183 1003 1665
f 175 955 1641
f 196 1081 1704
f 207 1147 1737
f 211 1171 1750
f 187 1027 1676
f 176 961 1644
f 195 1075 1702
f 203 1123 1726
f 188 1033 1681
f 168 913 1620
f 198 1093 1710
f 213 1183 1755
f 218 1213 1771
f 208 1153 1740
f 185 1015 1673
f 177 967 1647
f 197 1087 1707
f 206 1141 1734
f 184 1009 1669
f 173 943 1635
f 194 1069 1698
f 204 1129 1729
f 209 1159 1745
f 190 1045 1687
f 219 1219 1774
f 215 1195 1762
f 201 1111 1720
f 172 937 1632
f 357 1280 2189
f 255 1256 1883
f 262 1292 1903
f 388 1310 2281
f 400 1328 2317
f 352 1376 2173
f 347 1538 2158
f 298 1447 2012
f 364 1573 2210
f 269 1363 1924
f 339 1484 2135
f 285 1388 1973
f 293 1435 1996
f 370 1508 2227
f 396 1526 2304
f 353 1544 2176
f 346 1466 2155
f 299 1453 2014
f 365 1579 2212
f 268 1357 1922
f 249 1268 1864
f 231 1244 1810
f 226 1249 1795
f 238 1285 1831
f 244 1303 1849
f 257 1333 1887
f 359 1550 2193
f 402 1472 2321
f 390 1598 2285
f 264 1351 1907
f 327 1478 2098
f 309 1400 2044
f 282 1405 1961
f 317 1489 2067
f 322 1501 2083
f 341 1532 2139
f 286 1411 1975
f 294 1441 1997
f 372 1591 2231
f 394 1382 2298
f 358 1322 2190
f 256 1274 1884
f 261 1262 1900
f 387 1298 2278
f 399 1316 2314
f 351 1340 2170
f 348 1561 2159
f 300 1459 2015
f 366 1585 2213
f 267 1346 1918
f 340 1520 2136
f 287 1417 1977
f 291 1394 1990
f 369 1496 2224
f 395 1514 2301
f 354 1556 2177
f 345 1424 2152
f 297 1430 2008
f 363 1567 2206
f 270 1369 1925
f 234 1279 1817
f 227 1255 1797
f 239 1291 1833
f 245 1309 1851
f 252 1327 1871
f 275 1375 1941
f 334 1537 2119
f 304 1448 2029
f 377 1574 2247
f 382 1364 2262
f 312 1483 2051
f 279 1387 1954
f 316 1436 2064
f 323 1507 2085
f 330 1525 2105
f 335 1543 2121
f 305 1465 2031
f 376 1454 2244
f 383 1580 2265
f 274 1358 1939
f 232 1267 1814
f 225 1243 1793
f 237 1250 1829
f 243 1286 1847
f 250 1304 1868
f 273 1334 1937
f 336 1549 2124
f 306 1471 2034
f 378 1597 2250
f 381 1352 2261
f 311 1477 2050
f 281 1399 1960
f 315 1406 2063
f 321 1490 2081
f 328 1502 2102
f 333 1531 2117
f 303 1412 2027
f 375 1442 2243
f 384 1592 2268
f 276 1381 1944
f 229 890 1804
f 223 884 1785
f 235 896 1821
f 241 902 1839
f 247 908 1858
f 271 938 1929
f 332 1046 2114
f 302 1220 2024
f 374 1196 2240
f 379 1112 2253
f 307 980 2038
f 278 974 1951
f 313 986 2055
f 319 992 2073
f 325 998 2092
f 331 1016 2109
f 301 968 2019
f 373 1088 2235
f 380 1142 2258
f 272 1154 1934
f 248 1214 1861
f 230 1034 1807
f 224 914 1790
f 236 1094 1826
f 242 1184 1844
f 254 1040 1880
f 356 1232 2186
f 397 1208 2308
f 385 1118 2272
f 259 926 1894
f 326 1160 2095
f 308 1010 2041
f 277 944 1948
f 314 1070 2060
f 320 1130 2078
f 338 1166 2132
f 284 1004 1970
f 289 956 1984
f 367 1082 2218
f 391 1148 2289
f 355 1058 2181
f 253 920 1875
f 260 1100 1897
f 386 1202 2275
f 398 1238 2311
f 350 1172 2167
f 343 1028 2146
f 295 962 2002
f 361 1076 2200
f 266 1124 1915
f 337 1022 2127
f 283 950 1965
f 290 1064 1987
f 368 1136 2221
f 392 1178 2294
f 349 1052 2164
f 344 1226 2149
f 296 1190 2005
f 362 1106 2203
f 265 932 1912
f 251 1321 1870
f 233 1273 1816
f 228 1261 1800
f 240 1297 1836
f 246 1315 1854
f 258 1339 1890
f 360 1562 2196
f 401 1460 2320
f 389 1586 2284
f 263 1345 1906
f 329 1519 2104
f 310 1418 2047
f 280 1393 1958
f 318 1495 2070
f 324 1513 2088
f 342 1555 2142
f 288 1423 1980
f 292 1429 1994
f 371 1568 2230
f 393 1370 2297
f 409 894 2329
f 405 887 2323
f 411 899 2326
f 414 905 2333
f 417 912 2336
f 431 941 2345
f 488 1050 2409
f 575 1224 2496
f 563 1200 2485
f 519 1115 2435
f 454 984 2374
f 450 977 2368
f 456 989 2371
f 459 995 2378
f 462 1002 2381
f 472 1019 2392
f 446 971 2360
f 506 1091 2416
f 535 1146 2456
f 541 1158 2460
f 570 1217 2488
f 480 1037 2398
f 421 918 2340
f 511 1098 2430
f 556 1188 2475
f 484 1044 2404
f 580 1236 2501
f 567 1212 2482
f 522 1122 2440
f 427 930 2347
f 544 1163 2464
f 468 1013 2384
f 436 948 2355
f 499 1074 2419
f 530 1134 2451
f 548 1170 2470
f 466 1008 2385
f 442 960 2362
f 505 1086 2423
f 536 1151 2446
f 491 1061 2401
f 423 923 2339
f 513 1103 2429
f 564 1205 2474
f 581 1241 2491
f 549 1175 2459
f 477 1032 2395
f 445 966 2365
f 503 1080 2424
f 525 1127 2443
f 474 1025 2390
f 438 953 2354
f 495 1067 2413
f 532 1139 2450
f 552 1182 2467
f 490 1056 2408
f 577 1229 2495
f 559 1193 2479
f 517 1109 2437
f 430 936 2350
f 590 1325 2511
f 584 1277 2505
f 585 1265 2507
f 592 1301 2513
f 595 1319 2516
f 598 1343 2519
f 636 1566 2556
f 621 1464 2540
f 642 1590 2561
f 601 1349 2521
f 623 1523 2544
f 611 1422 2529
f 609 1397 2530
f 625 1499 2546
f 628 1517 2549
f 632 1559 2553
f 613 1427 2534
f 616 1433 2536
f 638 1572 2557
f 606 1374 2525
f 407 892 1609
f 403 885 1605
f 404 897 1611
f 410 903 1614
f 413 910 1617
f 422 939 1631
f 486 1048 1688
f 573 1222 1775
f 561 1198 1763
f 512 1113 1719
f 452 982 1654
f 448 975 1650
f 449 987 1656
f 455 993 1659
f 458 1000 1662
f 470 1017 1672
f 437 969 1646
f 494 1089 1706
f 531 1144 1735
f 539 1156 1741
f 568 1215 1770
f 478 1035 1680
f 419 916 1621
f 509 1096 1711
f 554 1186 1756
f 482 1042 1684
f 576 1234 1780
f 558 1210 1767
f 516 1120 1722
f 425 928 1627
f 542 1161 1744
f 463 1011 1668
f 434 946 1636
f 497 1072 1699
f 528 1132 1730
f 546 1168 1748
f 464 1006 1666
f 440 958 1642
f 500 1084 1705
f 524 1149 1736
f 479 1059 1691
f 418 921 1623
f 508 1101 1713
f 553 1203 1764
f 569 1239 1781
f 538 1173 1749
f 471 1030 1677
f 443 964 1645
f 501 1078 1703
f 523 1125 1725
f 467 1023 1674
f 433 951 1638
f 493 1065 1695
f 527 1137 1732
f 543 1180 1752
f 485 1054 1690
f 572 1227 1777
f 557 1191 1759
f 515 1107 1717
f 428 934 1630
f 591 1326 2191
f 587 1278 1885
f 588 1266 1901
f 594 1302 2279
f 597 1320 2315
f 600 1344 2171
f 634 1565 2160
f 619 1463 2016
f 639 1589 2214
f 602 1350 1919
f 624 1524 2137
f 608 1421 1978
f 610 1398 1991
f 627 1500 2225
f 630 1518 2302
f 635 1560 2178
f 615 1428 2153
f 617 1434 2009
f 637 1571 2207
f 604 1373 1926
f 416 911 1857
f 408 893 1803
f 406 888 1786
f 412 900 1822
f 415 906 1840
f 424 924 1876
f 492 1062 2182
f 582 1242 2312
f 565 1206 2276
f 514 1104 1898
f 461 1001 2091
f 453 983 2037
f 451 978 1952
f 457 990 2056
f 460 996 2074
f 475 1026 2128
f 439 954 1966
f 496 1068 1988
f 533 1140 2222
f 551 1181 2293
f 579 1235 2185
f 483 1043 1879
f 426 929 1893
f 521 1121 2271
f 566 1211 2307
f 489 1055 2163
f 578 1230 2150
f 560 1194 2006
f 518 1110 2204
f 429 935 1911
f 547 1169 2131
f 465 1007 1969
f 441 959 1983
f 504 1085 2217
f 537 1152 2290
f 550 1176 2168
f 476 1031 2145
f 444 965 2001
f 502 1079 2199
f 526 1128 1916
f 481 1038 1808
f 420 917 1789
f 510 1097 1825
f 555 1187 1843
f 571 1218 1862
f 540 1157 1933
f 473 1020 2110
f 447 972 2020
f 507 1092 2236
f 534 1145 2257
f 469 1014 2042
f 435 947 1947
f 498 1073 2059
f 529 1133 2077
f 545 1164 2096
f 487 1049 2113
f 574 1223 2023
f 562 1199 2239
f 520 1116 2254
f 432 942 1930
f 589 1283 1818
f 583 1259 1798
f 586 1295 1834
f 593 1313 1852
f 596 1331 1872
f 599 1379 1942
f 633 1541 2120
f 620 1452 2030
f 640 1578 2248
f 603 1368 2263
f 622 1487 2052
f 607 1391 1955
f 612 1440 2065
f 626 1511 2086
f 629 1529 2106
f 631 1547 2122
f 614 1469 2032
f 618 1458 2245
f 641 1584 2266
f 605 1362 1940
f 409 1269 1813
f 405 1245 1792
f 411 1252 1828
f 414 1288 1846
f 417 1306 1867
f 431 1336 1936
f 488 1551 2123
f 575 1473 2033
f 563 1599 2249
f 519 1354 2260
f 454 1479 2049
f 450 1401 1959
f 456 1408 2062
f 459 1492 2080
f 462 1504 2101
f 472 1533 2116
f 446 1414 2026
f 506 1444 2242
f 535 1594 2267
f 541 1383 1943
f 570 1323 1869
f 480 1275 1815
f 421 1263 1799
f 511 1299 1835
f 556 1317 1853
f 484 1341 1889
f 580 1564 2195
f 567 1462 2319
f 522 1588 2283
f 427 1347 1905
f 544 1521 2103
f 468 1420 2046
f 436 1395 1957
f 499 1497 2069
f 530 1515 2087
f 548 1557 2141
f 466 1425 1979
f 442 1431 1993
f 505 1570 2229
f 536 1372 2296
f 491 1282 2188
f 423 1258 1882
f 513 1294 1902
f 564 1312 2280
f 581 1330 2316
f 549 1378 2172
f 477 1540 2157
f 445 1449 2011
f 503 1575 2209
f 525 1365 1923
f 474 1486 2134
f 438 1390 1972
f 495 1437 1995
f 532 1510 2226
f 552 1528 2303
f 490 1546 2175
f 577 1468 2154
f 559 1455 2013
f 517 1581 2211
f 430 1359 1921
f 590 1272 1865
f 584 1248 1811
f 585 1253 1796
f 592 1289 1832
f 595 1307 1850
f 598 1337 1888
f 636 1554 2194
f 621 1476 2322
f 642 1602 2286
f 601 1355 1908
f 623 1482 2099
f 611 1404 2045
f 609 1409 1962
f 625 1493 2068
f 628 1505 2084
f 632 1536 2140
f 613 1415 1976
f 616 1445 1998
f 638 1595 2232
f 606 1386 2299
f 407 909 2330
f 403 891 2324
f 404 886 2325
f 410 898 2332
f 413 904 2335
f 422 922 2344
f 486 1060 2410
f 573 1240 2497
f 561 1204 2486
f 512 1102 2434
f 452 999 2375
f 448 981 2369
f 449 976 2370
f 455 988 2377
f 458 994 2380
f 470 1024 2393
f 437 952 2359
f 494 1066 2415
f 531 1138 2455
f 539 1179 2461
f 568 1233 2489
f 478 1041 2399
f 419 927 2341
f 509 1119 2431
f 554 1209 2476
f 482 1053 2405
f 576 1228 2500
f 558 1192 2481
f 516 1108 2439
f 425 933 2348
f 542 1167 2465
f 463 1005 2383
f 434 957 2356
f 497 1083 2420
f 528 1150 2452
f 546 1174 2471
f 464 1029 2386
f 440 963 2363
f 500 1077 2422
f 524 1126 2445
f 479 1036 2400
f 418 915 2338
f 508 1095 2428
f 553 1185 2473
f 569 1216 2490
f 538 1155 2458
f 471 1018 2394
f 443 970 2366
f 501 1090 2425
f 523 1143 2444
f 467 1012 2389
f 433 945 2353
f 493 1071 2414
f 527 1131 2449
f 543 1162 2466
f 485 1047 2407
f 572 1221 2494
f 557 1197 2480
f 515 1114 2438
f 428 940 2351
f 591 1284 2510
f 587 1260 2504
f 588 1296 2508
f 594 1314 2514
f 597 1332 2517
f 600 1380 2520
f 634 1542 2554
f 619 1451 2539
f 639 1577 2560
f 602 1367 2523
f 624 1488 2543
f 608 1392 2527
f 610 1439 2532
f 627 1512 2547
f 630 1530 2550
f 635 1548 2552
f 615 1470 2535
f 617 1457 2538
f 637 1583 2558
f 604 1361 2524
f 167 1616 1607
f 164 1608 1603
f 163 1606 1604
f 165 1612 1610
f 166 1615 1613
f 169 1624 1622
f 192 1692 1686
f 222 1782 1773
f 216 1765 1761
f 199 1714 1712
f 182 1661 1652
f 179 1653 1648
f 178 1651 1649
f 180 1657 1655
f 181 1660 1658
f 186 1675 1670
f 174 1639 1637
f 193 1696 1694
f 205 1733 1731
f 212 1751 1739
f 221 1779 1768
f 189 1683 1678
f 170 1626 1619
f 202 1721 1709
f 217 1766 1754
f 191 1689 1682
f 220 1778 1776
f 214 1760 1758
f 200 1718 1716
f 171 1629 1625
f 210 1747 1742
f 183 1665 1663
f 175 1641 1634
f 196 1704 1697
f 207 1737 1728
f 211 1750 1746
f 187 1676 1664
f 176 1644 1640
f 195 1702 1700
f 203 1726 1724
f 188 1681 1679
f 168 1620 1618
f 198 1710 1708
f 213 1755 1753
f 218 1771 1769
f 208 1740 1738
f 185 1673 1671
f 177 1647 1643
f 197 1707 1701
f 206 1734 1723
f 184 1669 1667
f 173 1635 1633
f 194 1698 1693
f 204 1729 1727
f 209 1745 1743
f 190 1687 1685
f 219 1774 1772
f 215 1762 1757
f 201 1720 1715
f 172 1632 1628
f 357 2189 2187
f 255 1883 1881
f 262 1903 1899
f 388 2281 2277
f 400 2317 2313
f 352 2173 2169
f 347 2158 2156
f 298 2012 2010
f 364 2210 2208
f 269 1924 1917
f 339 2135 2133
f 285 1973 1971
f 293 1996 1989
f 370 2227 2223
f 396 2304 2300
f 353 2176 2174
f 346 2155 2151
f 299 2014 2007
f 365 2212 2205
f 268 1922 1920
f 249 1864 1855
f 231 1810 1801
f 226 1795 1784
f 238 1831 1820
f 244 1849 1838
f 257 1887 1874
f 359 2193 2180
f 402 2321 2310
f 390 2285 2274
f 264 1907 1896
f 327 2098 2089
f 309 2044 2035
f 282 1961 1950
f 317 2067 2054
f 322 2083 2072
f 341 2139 2126
f 286 1975 1964
f 294 1997 1986
f 372 2231 2220
f 394 2298 2291
f 358 2190 2183
f 256 1884 1877
f 261 1900 1891
f 387 2278 2269
f 399 2314 2305
f 351 2170 2161
f 348 2159 2148
f 300 2015 2004
f 366 2213 2202
f 267 1918 1909
f 340 2136 2129
f 287 1977 1967
f 291 1990 1981
f 369 2224 2215
f 395 2301 2288
f 354 2177 2166
f 345 2152 2143
f 297 2008 1999
f 363 2206 2197
f 270 1925 1914
f 234 1817 1806
f 227 1797 1787
f 239 1833 1823
f 245 1851 1841
f 252 1871 1860
f 275 1941 1931
f 334 2119 2108
f 304 2029 2018
f 377 2247 2234
f 382 2262 2255
f 312 2051 2040
f 279 1954 1945
f 316 2064 2057
f 323 2085 2075
f 330 2105 2094
f 335 2121 2111
f 305 2031 2021
f 376 2244 2237
f 383 2265 2252
f 274 1939 1928
f 232 1814 1812
f 225 1793 1791
f 237 1829 1827
f 243 1847 1845
f 250 1868 1866
f 273 1937 1935
f 336 2124 2118
f 306 2034 2028
f 378 2250 2246
f 381 2261 2259
f 311 2050 2048
f 281 1960 1953
f 315 2063 2061
f 321 2081 2079
f 328 2102 2100
f 333 2117 2115
f 303 2027 2025
f 375 2243 2241
f 384 2268 2264
f 276 1944 1938
f 229 1804 1802
f 223 1785 1783
f 235 1821 1819
f 241 1839 1837
f 247 1858 1856
f 271 1929 1927
f 332 2114 2112
f 302 2024 2022
f 374 2240 2238
f 379 2253 2251
f 307 2038 2036
f 278 1951 1949
f 313 2055 2053
f 319 2073 2071
f 325 2092 2090
f 331 2109 2107
f 301 2019 2017
f 373 2235 2233
f 380 2258 2256
f 272 1934 1932
f 248 1861 1859
f 230 1807 1805
f 224 1790 1788
f 236 1826 1824
f 242 1844 1842
f 254 1880 1878
f 356 2186 2184
f 397 2308 2306
f 385 2272 2270
f 259 1894 1892
f 326 2095 2093
f 308 2041 2039
f 277 1948 1946
f 314 2060 2058
f 320 2078 2076
f 338 2132 2130
f 284 1970 1968
f 289 1984 1982
f 367 2218 2216
f 391 2289 2287
f 355 2181 2179
f 253 1875 1873
f 260 1897 1895
f 386 2275 2273
f 398 2311 2309
f 350 2167 2165
f 343 2146 2144
f 295 2002 2000
f 361 2200 2198
f 266 1915 1913
f 337 2127 2125
f 283 1965 1963
f 290 1987 1985
f 368 2221 2219
f 392 2294 2292
f 349 2164 2162
f 344 2149 2147
f 296 2005 2003
f 362 2203 2201
f 265 1912 1910
f 251 1870 1863
f 233 1816 1809
f 228 1800 1794
f 240 1836 1830
f 246 1854 1848
f 258 1890 1886
f 360 2196 2192
f 401 2320 2318
f 389 2284 2282
f 263 1906 1904
f 329 2104 2097
f 310 2047 2043
f 280 1958 1956
f 318 2070 2066
f 324 2088 2082
f 342 2142 2138
f 288 1980 1974
f 292 1994 1992
f 371 2230 2228
f 393 2297 2295
f 409 2329 2331
f 405 2323 2327
f 411 2326 2328
f 414 2333 2334
f 417 2336 2337
f 431 2345 2346
f 488 2409 2412
f 575 2496 2499
f 563 2485 2487
f 519 2435 2436
f 454 2374 2376
f 450 2368 2372
f 456 2371 2373
f 459 2378 2379
f 462 2381 2382
f 472 2392 2396
f 446 2360 2361
f 506 2416 2418
f 535 2456 2457
f 541 2460 2463
f 570 2488 2492
f 480 2398 2402
f 421 2340 2343
f 511 2430 2433
f 556 2475 2478
f 484 2404 2406
f 580 2501 2502
f 567 2482 2484
f 522 2440 2442
f 427 2347 2349
f 544 2464 2468
f 468 2384 2387
f 436 2355 2358
f 499 2419 2421
f 530 2451 2454
f 548 2470 2472
f 466 2385 2388
f 442 2362 2364
f 505 2423 2426
f 536 2446 2448
f 491 2401 2403
f 423 2339 2342
f 513 2429 2432
f 564 2474 2477
f 581 2491 2493
f 549 2459 2462
f 477 2395 2397
f 445 2365 2367
f 503 2424 2427
f 525 2443 2447
f 474 2390 2391
f 438 2354 2357
f 495 2413 2417
f 532 2450 2453
f 552 2467 2469
f 490 2408 2411
f 577 2495 2498
f 559 2479 2483
f 517 2437 2441
f 430 2350 2352
f 590 2511 2509
f 584 2505 2503
f 585 2507 2506
f 592 2513 2512
f 595 2516 2515
f 598 2519 2518
f 636 2556 2555
f 621 2540 2541
f 642 2561 2562
f 601 2521 2522
f 623 2544 2542
f 611 2529 2528
f 609 2530 2531
f 625 2546 2545
f 628 2549 2548
f 632 2553 2551
f 613 2534 2533
f 616 2536 2537
f 638 2557 2559
f 606 2525 2526
f 1607 644 647
f 1603 643 644
f 1604 645 643
f 1610 646 645
f 1613 647 646
f 1622 652 649
f 1686 670 672
f 1773 699 702
f 1761 695 696
f 1712 681 679
f 1652 659 662
f 1648 658 659
f 1649 660 658
f 1655 661 660
f 1658 662 661
f 1670 665 666
f 1637 657 654
f 1694 677 673
f 1731 686 685
f 1739 688 692
f 1768 698 701
f 1678 668 669
f 1619 648 650
f 1709 678 682
f 1754 693 697
f 1682 669 671
f 1776 701 700
f 1758 697 694
f 1716 682 680
f 1625 650 651
f 1742 689 690
f 1663 664 663
f 1634 653 655
f 1697 674 676
f 1728 684 687
f 1746 690 691
f 1664 663 667
f 1640 655 656
f 1700 676 675
f 1724 687 683
f 1679 672 668
f 1618 649 648
f 1708 679 678
f 1753 696 693
f 1769 702 698
f 1738 691 688
f 1671 667 665
f 1643 656 657
f 1701 675 677
f 1723 683 686
f 1667 666 664
f 1633 654 653
f 1693 673 674
f 1727 685 684
f 1743 692 689
f 1685 671 670
f 1772 700 699
f 1757 694 695
f 1715 680 681
f 1628 651 652
f 2187 838 837
f 1881 736 735
f 1899 741 742
f 2277 867 868
f 2313 879 880
f 2169 831 832
f 2156 828 827
f 2010 780 778
f 2208 846 844
f 1917 747 749
f 2133 820 819
f 1971 767 765
f 1989 771 773
f 2223 849 850
f 2300 875 876
f 2174 834 833
f 2151 825 826
f 2007 777 779
f 2205 843 845
f 1920 750 748
f 1855 727 729
f 1801 709 711
f 1784 703 706
f 1820 715 718
f 1838 721 724
f 1874 733 737
f 2180 835 839
f 2310 878 882
f 2274 866 870
f 1896 740 744
f 2089 805 807
f 2035 787 789
f 1950 758 762
f 2054 793 797
f 2072 799 802
f 2126 817 821
f 1964 763 766
f 1986 770 774
f 2220 848 852
f 2291 872 874
f 2183 836 838
f 1877 734 736
f 1891 739 741
f 2269 865 867
f 2305 877 879
f 2161 829 831
f 2148 824 828
f 2004 776 780
f 2202 842 846
f 1909 745 747
f 2129 818 820
f 1967 764 767
f 1981 769 771
f 2215 847 849
f 2288 871 875
f 2166 830 834
f 2143 823 825
f 1999 775 777
f 2197 841 843
f 1914 746 750
f 1806 710 714
f 1787 704 707
f 1823 716 719
f 1841 722 725
f 1860 728 732
f 1931 752 755
f 2108 811 814
f 2018 781 784
f 2234 853 857
f 2255 860 862
f 2040 788 792
f 1945 757 759
f 2057 794 796
f 2075 800 803
f 2094 806 810
f 2111 812 815
f 2021 782 785
f 2237 854 856
f 2252 859 863
f 1928 751 754
f 1812 714 712
f 1791 707 705
f 1827 719 717
f 1845 725 723
f 1866 732 730
f 1935 755 753
f 2118 814 816
f 2028 784 786
f 2246 857 858
f 2259 862 861
f 2048 792 791
f 1953 759 761
f 2061 796 795
f 2079 803 801
f 2100 810 808
f 2115 815 813
f 2025 785 783
f 2241 856 855
f 2264 863 864
f 1938 754 756
f 1802 712 709
f 1783 705 703
f 1819 717 715
f 1837 723 721
f 1856 730 727
f 1927 753 751
f 2112 816 812
f 2022 786 782
f 2238 858 854
f 2251 861 859
f 2036 791 787
f 1949 761 758
f 2053 795 793
f 2071 801 799
f 2090 808 805
f 2107 813 811
f 2017 783 781
f 2233 855 853
f 2256 864 860
f 1932 756 752
f 1859 731 728
f 1805 713 710
f 1788 708 704
f 1824 720 716
f 1842 726 722
f 1878 738 734
f 2184 840 836
f 2306 881 877
f 2270 869 865
f 1892 743 739
f 2093 809 806
f 2039 790 788
f 1946 760 757
f 2058 798 794
f 2076 804 800
f 2130 822 818
f 1968 768 764
f 1982 772 769
f 2216 851 847
f 2287 873 871
f 2179 837 835
f 1873 735 733
f 1895 742 740
f 2273 868 866
f 2309 880 878
f 2165 832 830
f 2144 827 823
f 2000 778 775
f 2198 844 841
f 1913 749 746
f 2125 819 817
f 1963 765 763
f 1985 773 770
f 2219 850 848
f 2292 876 872
f 2162 833 829
f 2147 826 824
f 2003 779 776
f 2201 845 842
f 1910 748 745
f 1863 729 731
f 1809 711 713
f 1794 706 708
f 1830 718 720
f 1848 724 726
f 1886 737 738
f 2192 839 840
f 2318 882 881
f 2282 870 869
f 1904 744 743
f 2097 807 809
f 2043 789 790
f 1956 762 760
f 2066 797 798
f 2082 802 804
f 2138 821 822
f 1974 766 768
f 1992 774 772
f 2228 852 851
f 2295 874 873
f 2331 1270 1269
f 2327 1246 1245
f 2328 1251 1252
f 2334 1287 1288
f 2337 1305 1306
f 2346 1335 1336
f 2412 1552 1551
f 2499 1474 1473
f 2487 1600 1599
f 2436 1353 1354
f 2376 1480 1479
f 2372 1402 1401
f 2373 1407 1408
f 2379 1491 1492
f 2382 1503 1504
f 2396 1534 1533
f 2361 1413 1414
f 2418 1443 1444
f 2457 1593 1594
f 2463 1384 1383
f 2492 1324 1323
f 2402 1276 1275
f 2343 1264 1263
f 2433 1300 1299
f 2478 1318 1317
f 2406 1342 1341
f 2502 1563 1564
f 2484 1461 1462
f 2442 1587 1588
f 2349 1348 1347
f 2468 1522 1521
f 2387 1419 1420
f 2358 1396 1395
f 2421 1498 1497
f 2454 1516 1515
f 2472 1558 1557
f 2388 1426 1425
f 2364 1432 1431
f 2426 1569 1570
f 2448 1371 1372
f 2403 1281 1282
f 2342 1257 1258
f 2432 1293 1294
f 2477 1311 1312
f 2493 1329 1330
f 2462 1377 1378
f 2397 1539 1540
f 2367 1450 1449
f 2427 1576 1575
f 2447 1366 1365
f 2391 1485 1486
f 2357 1389 1390
f 2417 1438 1437
f 2453 1509 1510
f 2469 1527 1528
f 2411 1545 1546
f 2498 1467 1468
f 2483 1456 1455
f 2441 1582 1581
f 2352 1360 1359
f 2509 1271 1272
f 2503 1247 1248
f 2506 1254 1253
f 2512 1290 1289
f 2515 1308 1307
f 2518 1338 1337
f 2555 1553 1554
f 2541 1475 1476
f 2562 1601 1602
f 2522 1356 1355
f 2542 1481 1482
f 2528 1403 1404
f 2531 1410 1409
f 2545 1494 1493
f 2548 1506 1505
f 2551 1535 1536
f 2533 1416 1415
f 2537 1446 1445
f 2559 1596 1595
f 2526 1385 1386
f 1616 907 909
f 1608 889 891
f 1606 883 886
f 1612 895 898
f 1615 901 904
f 1624 919 922
f 1692 1057 1060
f 1782 1237 1240
f 1765 1201 1204
f 1714 1099 1102
f 1661 997 999
f 1653 979 981
f 1651 973 976
f 1657 985 988
f 1660 991 994
f 1675 1021 1024
f 1639 949 952
f 1696 1063 1066
f 1733 1135 1138
f 1751 1177 1179
f 1779 1231 1233
f 1683 1039 1041
f 1626 925 927
f 1721 1117 1119
f 1766 1207 1209
f 1689 1051 1053
f 1778 1225 1228
f 1760 1189 1192
f 1718 1105 1108
f 1629 931 933
f 1747 1165 1167
f 1665 1003 1005
f 1641 955 957
f 1704 1081 1083
f 1737 1147 1150
f 1750 1171 1174
f 1676 1027 1029
f 1644 961 963
f 1702 1075 1077
f 1726 1123 1126
f 1681 1033 1036
f 1620 913 915
f 1710 1093 1095
f 1755 1183 1185
f 1771 1213 1216
f 1740 1153 1155
f 1673 1015 1018
f 1647 967 970
f 1707 1087 1090
f 1734 1141 1143
f 1669 1009 1012
f 1635 943 945
f 1698 1069 1071
f 1729 1129 1131
f 1745 1159 1162
f 1687 1045 1047
f 1774 1219 1221
f 1762 1195 1197
f 1720 1111 1114
f 1632 937 940
f 2189 1280 1284
f 1883 1256 1260
f 1903 1292 1296
f 2281 1310 1314
f 2317 1328 1332
f 2173 1376 1380
f 2158 1538 1542
f 2012 1447 1451
f 2210 1573 1577
f 1924 1363 1367
f 2135 1484 1488
f 1973 1388 1392
f 1996 1435 1439
f 2227 1508 1512
f 2304 1526 1530
f 2176 1544 1548
f 2155 1466 1470
f 2014 1453 1457
f 2212 1579 1583
f 1922 1357 1361
f 1864 1268 1270
f 1810 1244 1246
f 1795 1249 1251
f 1831 1285 1287
f 1849 1303 1305
f 1887 1333 1335
f 2193 1550 1552
f 2321 1472 1474
f 2285 1598 1600
f 1907 1351 1353
f 2098 1478 1480
f 2044 1400 1402
f 1961 1405 1407
f 2067 1489 1491
f 2083 1501 1503
f 2139 1532 1534
f 1975 1411 1413
f 1997 1441 1443
f 2231 1591 1593
f 2298 1382 1384
f 2190 1322 1324
f 1884 1274 1276
f 1900 1262 1264
f 2278 1298 1300
f 2314 1316 1318
f 2170 1340 1342
f 2159 1561 1563
f 2015 1459 1461
f 2213 1585 1587
f 1918 1346 1348
f 2136 1520 1522
f 1977 1417 1419
f 1990 1394 1396
f 2224 1496 1498
f 2301 1514 1516
f 2177 1556 1558
f 2152 1424 1426
f 2008 1430 1432
f 2206 1567 1569
f 1925 1369 1371
f 1817 1279 1281
f 1797 1255 1257
f 1833 1291 1293
f 1851 1309 1311
f 1871 1327 1329
f 1941 1375 1377
f 2119 1537 1539
f 2029 1448 1450
f 2247 1574 1576
f 2262 1364 1366
f 2051 1483 1485
f 1954 1387 1389
f 2064 1436 1438
f 2085 1507 1509
f 2105 1525 1527
f 2121 1543 1545
f 2031 1465 1467
f 2244 1454 1456
f 2265 1580 1582
f 1939 1358 1360
f 1814 1267 1271
f 1793 1243 1247
f 1829 1250 1254
f 1847 1286 1290
f 1868 1304 1308
f 1937 1334 1338
f 2124 1549 1553
f 2034 1471 1475
f 2250 1597 1601
f 2261 1352 1356
f 2050 1477 1481
f 1960 1399 1403
f 2063 1406 1410
f 2081 1490 1494
f 2102 1502 1506
f 2117 1531 1535
f 2027 1412 1416
f 2243 1442 1446
f 2268 1592 1596
f 1944 1381 1385
f 1804 890 894
f 1785 884 887
f 1821 896 899
f 1839 902 905
f 1858 908 912
f 1929 938 941
f 2114 1046 1050
f 2024 1220 1224
f 2240 1196 1200
f 2253 1112 1115
f 2038 980 984
f 1951 974 977
f 2055 986 989
f 2073 992 995
f 2092 998 1002
f 2109 1016 1019
f 2019 968 971
f 2235 1088 1091
f 2258 1142 1146
f 1934 1154 1158
f 1861 1214 1217
f 1807 1034 1037
f 1790 914 918
f 1826 1094 1098
f 1844 1184 1188
f 1880 1040 1044
f 2186 1232 1236
f 2308 1208 1212
f 2272 1118 1122
f 1894 926 930
f 2095 1160 1163
f 2041 1010 1013
f 1948 944 948
f 2060 1070 1074
f 2078 1130 1134
f 2132 1166 1170
f 1970 1004 1008
f 1984 956 960
f 2218 1082 1086
f 2289 1148 1151
f 2181 1058 1061
f 1875 920 923
f 1897 1100 1103
f 2275 1202 1205
f 2311 1238 1241
f 2167 1172 1175
f 2146 1028 1032
f 2002 962 966
f 2200 1076 1080
f 1915 1124 1127
f 2127 1022 1025
f 1965 950 953
f 1987 1064 1067
f 2221 1136 1139
f 2294 1178 1182
f 2164 1052 1056
f 2149 1226 1229
f 2005 1190 1193
f 2203 1106 1109
f 1912 932 936
f 1870 1321 1325
f 1816 1273 1277
f 1800 1261 1265
f 1836 1297 1301
f 1854 1315 1319
f 1890 1339 1343
f 2196 1562 1566
f 2320 1460 1464
f 2284 1586 1590
f 1906 1345 1349
f 2104 1519 1523
f 2047 1418 1422
f 1958 1393 1397
f 2070 1495 1499
f 2088 1513 1517
f 2142 1555 1559
f 1980 1423 1427
f 1994 1429 1433
f 2230 1568 1572
f 2297 1370 1374
f 2329 894 892
f 2323 887 885
f 2326 899 897
f 2333 905 903
f 2336 912 910
f 2345 941 939
f 2409 1050 1048
f 2496 1224 1222
f 2485 1200 1198
f 2435 1115 1113
f 2374 984 982
f 2368 977 975
f 2371 989 987
f 2378 995 993
f 2381 1002 1000
f 2392 1019 1017
f 2360 971 969
f 2416 1091 1089
f 2456 1146 1144
f 2460 1158 1156
f 2488 1217 1215
f 2398 1037 1035
f 2340 918 916
f 2430 1098 1096
f 2475 1188 1186
f 2404 1044 1042
f 2501 1236 1234
f 2482 1212 1210
f 2440 1122 1120
f 2347 930 928
f 2464 1163 1161
f 2384 1013 1011
f 2355 948 946
f 2419 1074 1072
f 2451 1134 1132
f 2470 1170 1168
f 2385 1008 1006
f 2362 960 958
f 2423 1086 1084
f 2446 1151 1149
f 2401 1061 1059
f 2339 923 921
f 2429 1103 1101
f 2474 1205 1203
f 2491 1241 1239
f 2459 1175 1173
f 2395 1032 1030
f 2365 966 964
f 2424 1080 1078
f 2443 1127 1125
f 2390 1025 1023
f 2354 953 951
f 2413 1067 1065
f 2450 1139 1137
f 2467 1182 1180
f 2408 1056 1054
f 2495 1229 1227
f 2479 1193 1191
f 2437 1109 1107
f 2350 936 934
f 2511 1325 1326
f 2505 1277 1278
f 2507 1265 1266
f 2513 1301 1302
f 2516 1319 1320
f 2519 1343 1344
f 2556 1566 1565
f 2540 1464 1463
f 2561 1590 1589
f 2521 1349 1350
f 2544 1523 1524
f 2529 1422 1421
f 2530 1397 1398
f 2546 1499 1500
f 2549 1517 1518
f 2553 1559 1560
f 2534 1427 1428
f 2536 1433 1434
f 2557 1572 1571
f 2525 1374 1373
f 1609 892 889
f 1605 885 883
f 1611 897 895
f 1614 903 901
f 1617 910 907
f 1631 939 937
f 1688 1048 1045
f 1775 1222 1219
f 1763 1198 1195
f 1719 1113 1111
f 1654 982 979
f 1650 975 973
f 1656 987 985
f 1659 993 991
f 1662 1000 997
f 1672 1017 1015
f 1646 969 967
f 1706 1089 1087
f 1735 1144 1141
f 1741 1156 1153
f 1770 1215 1213
f 1680 1035 1033
f 1621 916 913
f 1711 1096 1093
f 1756 1186 1183
f 1684 1042 1039
f 1780 1234 1231
f 1767 1210 1207
f 1722 1120 1117
f 1627 928 925
f 1744 1161 1159
f 1668 1011 1009
f 1636 946 943
f 1699 1072 1069
f 1730 1132 1129
f 1748 1168 1165
f 1666 1006 1003
f 1642 958 955
f 1705 1084 1081
f 1736 1149 1147
f 1691 1059 1057
f 1623 921 919
f 1713 1101 1099
f 1764 1203 1201
f 1781 1239 1237
f 1749 1173 1171
f 1677 1030 1027
f 1645 964 961
f 1703 1078 1075
f 1725 1125 1123
f 1674 1023 1021
f 1638 951 949
f 1695 1065 1063
f 1732 1137 1135
f 1752 1180 1177
f 1690 1054 1051
f 1777 1227 1225
f 1759 1191 1189
f 1717 1107 1105
f 1630 934 931
f 2191 1326 1322
f 1885 1278 1274
f 1901 1266 1262
f 2279 1302 1298
f 2315 1320 1316
f 2171 1344 1340
f 2160 1565 1561
f 2016 1463 1459
f 2214 1589 1585
f 1919 1350 1346
f 2137 1524 1520
f 1978 1421 1417
f 1991 1398 1394
f 2225 1500 1496
f 2302 1518 1514
f 2178 1560 1556
f 2153 1428 1424
f 2009 1434 1430
f 2207 1571 1567
f 1926 1373 1369
f 1857 911 908
f 1803 893 890
f 1786 888 884
f 1822 900 896
f 1840 906 902
f 1876 924 920
f 2182 1062 1058
f 2312 1242 1238
f 2276 1206 1202
f 1898 1104 1100
f 2091 1001 998
f 2037 983 980
f 1952 978 974
f 2056 990 986
f 2074 996 992
f 2128 1026 1022
f 1966 954 950
f 1988 1068 1064
f 2222 1140 1136
f 2293 1181 1178
f 2185 1235 1232
f 1879 1043 1040
f 1893 929 926
f 2271 1121 1118
f 2307 1211 1208
f 2163 1055 1052
f 2150 1230 1226
f 2006 1194 1190
f 2204 1110 1106
f 1911 935 932
f 2131 1169 1166
f 1969 1007 1004
f 1983 959 956
f 2217 1085 1082
f 2290 1152 1148
f 2168 1176 1172
f 2145 1031 1028
f 2001 965 962
f 2199 1079 1076
f 1916 1128 1124
f 1808 1038 1034
f 1789 917 914
f 1825 1097 1094
f 1843 1187 1184
f 1862 1218 1214
f 1933 1157 1154
f 2110 1020 1016
f 2020 972 968
f 2236 1092 1088
f 2257 1145 1142
f 2042 1014 1010
f 1947 947 944
f 2059 1073 1070
f 2077 1133 1130
f 2096 1164 1160
f 2113 1049 1046
f 2023 1223 1220
f 2239 1199 1196
f 2254 1116 1112
f 1930 942 938
f 1818 1283 1279
f 1798 1259 1255
f 1834 1295 1291
f 1852 1313 1309
f 1872 1331 1327
f 1942 1379 1375
f 2120 1541 1537
f 2030 1452 1448
f 2248 1578 1574
f 2263 1368 1364
f 2052 1487 1483
f 1955 1391 1387
f 2065 1440 1436
f 2086 1511 1507
f 2106 1529 1525
f 2122 1547 1543
f 2032 1469 1465
f 2245 1458 1454
f 2266 1584 1580
f 1940 1362 1358
f 1813 1269 1267
f 1792 1245 1243
f 1828 1252 1250
f 1846 1288 1286
f 1867 1306 1304
f 1936 1336 1334
f 2123 1551 1549
f 2033 1473 1471
f 2249 1599 1597
f 2260 1354 1352
f 2049 1479 1477
f 1959 1401 1399
f 2062 1408 1406
f 2080 1492 1490
f 2101 1504 1502
f 2116 1533 1531
f 2026 1414 1412
f 2242 1444 1442
f 2267 1594 1592
f 1943 1383 1381
f 1869 1323 1321
f 1815 1275 1273
f 1799 1263 1261
f 1835 1299 1297
f 1853 1317 1315
f 1889 1341 1339
f 2195 1564 1562
f 2319 1462 1460
f 2283 1588 1586
f 1905 1347 1345
f 2103 1521 1519
f 2046 1420 1418
f 1957 1395 1393
f 2069 1497 1495
f 2087 1515 1513
f 2141 1557 1555
f 1979 1425 1423
f 1993 1431 1429
f 2229 1570 1568
f 2296 1372 1370
f 2188 1282 1280
f 1882 1258 1256
f 1902 1294 1292
f 2280 1312 1310
f 2316 1330 1328
f 2172 1378 1376
f 2157 1540 1538
f 2011 1449 1447
f 2209 1575 1573
f 1923 1365 1363
f 2134 1486 1484
f 1972 1390 1388
f 1995 1437 1435
f 2226 1510 1508
f 2303 1528 1526
f 2175 1546 1544
f 2154 1468 1466
f 2013 1455 1453
f 2211 1581 1579
f 1921 1359 1357
f 1865 1272 1268
f 1811 1248 1244
f 1796 1253 1249
f 1832 1289 1285
f 1850 1307 1303
f 1888 1337 1333
f 2194 1554 1550
f 2322 1476 1472
f 2286 1602 1598
f 1908 1355 1351
f 2099 1482 1478
f 2045 1404 1400
f 1962 1409 1405
f 2068 1493 1489
f 2084 1505 1501
f 2140 1536 1532
f 1976 1415 1411
f 1998 1445 1441
f 2232 1595 1591
f 2299 1386 1382
f 2330 909 911
f 2324 891 893
f 2325 886 888
f 2332 898 900
f 2335 904 906
f 2344 922 924
f 2410 1060 1062
f 2497 1240 1242
f 2486 1204 1206
f 2434 1102 1104
f 2375 999 1001
f 2369 981 983
f 2370 976 978
f 2377 988 990
f 2380 994 996
f 2393 1024 1026
f 2359 952 954
f 2415 1066 1068
f 2455 1138 1140
f 2461 1179 1181
f 2489 1233 1235
f 2399 1041 1043
f 2341 927 929
f 2431 1119 1121
f 2476 1209 1211
f 2405 1053 1055
f 2500 1228 1230
f 2481 1192 1194
f 2439 1108 1110
f 2348 933 935
f 2465 1167 1169
f 2383 1005 1007
f 2356 957 959
f 2420 1083 1085
f 2452 1150 1152
f 2471 1174 1176
f 2386 1029 1031
f 2363 963 965
f 2422 1077 1079
f 2445 1126 1128
f 2400 1036 1038
f 2338 915 917
f 2428 1095 1097
f 2473 1185 1187
f 2490 1216 1218
f 2458 1155 1157
f 2394 1018 1020
f 2366 970 972
f 2425 1090 1092
f 2444 1143 1145
f 2389 1012 1014
f 2353 945 947
f 2414 1071 1073
f 2449 1131 1133
f 2466 1162 1164
f 2407 1047 1049
f 2494 1221 1223
f 2480 1197 1199
f 2438 1114 1116
f 2351 940 942
f 2510 1284 1283
f 2504 1260 1259
f 2508 1296 1295
f 2514 1314 1313
f 2517 1332 1331
f 2520 1380 1379
f 2554 1542 1541
f 2539 1451 1452
f 2560 1577 1578
f 2523 1367 1368
f 2543 1488 1487
f 2527 1392 1391
f 2532 1439 1440
f 2547 1512 1511
f 2550 1530 1529
f 2552 1548 1547
f 2535 1470 1469
f 2538 1457 1458
f 2558 1583 1584
f 2524 1361 1362
f 1607 1616 1609
f 1603 1608 1605
f 1604 1606 1611
f 1610 1612 1614
f 1613 1615 1617
f 1622 1624 1631
f 1686 1692 1688
f 1773 1782 1775
f 1761 1765 1763
f 1712 1714 1719
f 1652 1661 1654
f 1648 1653 1650
f 1649 1651 1656
f 1655 1657 1659
f 1658 1660 1662
f 1670 1675 1672
f 1637 1639 1646
f 1694 1696 1706
f 1731 1733 1735
f 1739 1751 1741
f 1768 1779 1770
f 1678 1683 1680
f 1619 1626 1621
f 1709 1721 1711
f 1754 1766 1756
f 1682 1689 1684
f 1776 1778 1780
f 1758 1760 1767
f 1716 1718 1722
f 1625 1629 1627
f 1742 1747 1744
f 1663 1665 1668
f 1634 1641 1636
f 1697 1704 1699
f 1728 1737 1730
f 1746 1750 1748
f 1664 1676 1666
f 1640 1644 1642
f 1700 1702 1705
f 1724 1726 1736
f 1679 1681 1691
f 1618 1620 1623
f 1708 1710 1713
f 1753 1755 1764
f 1769 1771 1781
f 1738 1740 1749
f 1671 1673 1677
f 1643 1647 1645
f 1701 1707 1703
f 1723 1734 1725
f 1667 1669 1674
f 1633 1635 1638
f 1693 1698 1695
f 1727 1729 1732
f 1743 1745 1752
f 1685 1687 1690
f 1772 1774 1777
f 1757 1762 1759
f 1715 1720 1717
f 1628 1632 1630
f 2187 2189 2191
f 1881 1883 1885
f 1899 1903 1901
f 2277 2281 2279
f 2313 2317 2315
f 2169 2173 2171
f 2156 2158 2160
f 2010 2012 2016
f 2208 2210 2214
f 1917 1924 1919
f 2133 2135 2137
f 1971 1973 1978
f 1989 1996 1991
f 2223 2227 2225
f 2300 2304 2302
f 2174 2176 2178
f 2151 2155 2153
f 2007 2014 2009
f 2205 2212 2207
f 1920 1922 1926
f 1855 1864 1857
f 1801 1810 1803
f 1784 1795 1786
f 1820 1831 1822
f 1838 1849 1840
f 1874 1887 1876
f 2180 2193 2182
f 2310 2321 2312
f 2274 2285 2276
f 1896 1907 1898
f 2089 2098 2091
f 2035 2044 2037
f 1950 1961 1952
f 2054 2067 2056
f 2072 2083 2074
f 2126 2139 2128
f 1964 1975 1966
f 1986 1997 1988
f 2220 2231 2222
f 2291 2298 2293
f 2183 2190 2185
f 1877 1884 1879
f 1891 1900 1893
f 2269 2278 2271
f 2305 2314 2307
f 2161 2170 2163
f 2148 2159 2150
f 2004 2015 2006
f 2202 2213 2204
f 1909 1918 1911
f 2129 2136 2131
f 1967 1977 1969
f 1981 1990 1983
f 2215 2224 2217
f 2288 2301 2290
f 2166 2177 2168
f 2143 2152 2145
f 1999 2008 2001
f 2197 2206 2199
f 1914 1925 1916
f 1806 1817 1808
f 1787 1797 1789
f 1823 1833 1825
f 1841 1851 1843
f 1860 1871 1862
f 1931 1941 1933
f 2108 2119 2110
f 2018 2029 2020
f 2234 2247 2236
f 2255 2262 2257
f 2040 2051 2042
f 1945 1954 1947
f 2057 2064 2059
f 2075 2085 2077
f 2094 2105 2096
f 2111 2121 2113
f 2021 2031 2023
f 2237 2244 2239
f 2252 2265 2254
f 1928 1939 1930
f 1812 1814 1818
f 1791 1793 1798
f 1827 1829 1834
f 1845 1847 1852
f 1866 1868 1872
f 1935 1937 1942
f 2118 2124 2120
f 2028 2034 2030
f 2246 2250 2248
f 2259 2261 2263
f 2048 2050 2052
f 1953 1960 1955
f 2061 2063 2065
f 2079 2081 2086
f 2100 2102 2106
f 2115 2117 2122
f 2025 2027 2032
f 2241 2243 2245
f 2264 2268 2266
f 1938 1944 1940
f 1802 1804 1813
f 1783 1785 1792
f 1819 1821 1828
f 1837 1839 1846
f 1856 1858 1867
f 1927 1929 1936
f 2112 2114 2123
f 2022 2024 2033
f 2238 2240 2249
f 2251 2253 2260
f 2036 2038 2049
f 1949 1951 1959
f 2053 2055 2062
f 2071 2073 2080
f 2090 2092 2101
f 2107 2109 2116
f 2017 2019 2026
f 2233 2235 2242
f 2256 2258 2267
f 1932 1934 1943
f 1859 1861 1869
f 1805 1807 1815
f 1788 1790 1799
f 1824 1826 1835
f 1842 1844 1853
f 1878 1880 1889
f 2184 2186 2195
f 2306 2308 2319
f 2270 2272 2283
f 1892 1894 1905
f 2093 2095 2103
f 2039 2041 2046
f 1946 1948 1957
f 2058 2060 2069
f 2076 2078 2087
f 2130 2132 2141
f 1968 1970 1979
f 1982 1984 1993
f 2216 2218 2229
f 2287 2289 2296
f 2179 2181 2188
f 1873 1875 1882
f 1895 1897 1902
f 2273 2275 2280
f 2309 2311 2316
f 2165 2167 2172
f 2144 2146 2157
f 2000 2002 2011
f 2198 2200 2209
f 1913 1915 1923
f 2125 2127 2134
f 1963 1965 1972
f 1985 1987 1995
f 2219 2221 2226
f 2292 2294 2303
f 2162 2164 2175
f 2147 2149 2154
f 2003 2005 2013
f 2201 2203 2211
f 1910 1912 1921
f 1863 1870 1865
f 1809 1816 1811
f 1794 1800 1796
f 1830 1836 1832
f 1848 1854 1850
f 1886 1890 1888
f 2192 2196 2194
f 2318 2320 2322
f 2282 2284 2286
f 1904 1906 1908
f 2097 2104 2099
f 2043 2047 2045
f 1956 1958 1962
f 2066 2070 2068
f 2082 2088 2084
f 2138 2142 2140
f 1974 1980 1976
f 1992 1994 1998
f 2228 2230 2232
f 2295 2297 2299
f 2331 2329 2330
f 2327 2323 2324
f 2328 2326 2325
f 2334 2333 2332
f 2337 2336 2335
f 2346 2345 2344
f 2412 2409 2410
f 2499 2496 2497
f 2487 2485 2486
f 2436 2435 2434
f 2376 2374 2375
f 2372 2368 2369
f 2373 2371 2370
f 2379 2378 2377
f 2382 2381 2380
f 2396 2392 2393
f 2361 2360 2359
f 2418 2416 2415
f 2457 2456 2455
f 2463 2460 2461
f 2492 2488 2489
f 2402 2398 2399
f 2343 2340 2341
f 2433 2430 2431
f 2478 2475 2476
f 2406 2404 2405
f 2502 2501 2500
f 2484 2482 2481
f 2442 2440 2439
f 2349 2347 2348
f 2468 2464 2465
f 2387 2384 2383
f 2358 2355 2356
f 2421 2419 2420
f 2454 2451 2452
f 2472 2470 2471
f 2388 2385 2386
f 2364 2362 2363
f 2426 2423 2422
f 2448 2446 2445
f 2403 2401 2400
f 2342 2339 2338
f 2432 2429 2428
f 2477 2474 2473
f 2493 2491 2490
f 2462 2459 2458
f 2397 2395 2394
f 2367 2365 2366
f 2427 2424 2425
f 2447 2443 2444
f 2391 2390 2389
f 2357 2354 2353
f 2417 2413 2414
f 2453 2450 2449
f 2469 2467 2466
f 2411 2408 2407
f 2498 2495 2494
f 2483 2479 2480
f 2441 2437 2438
f 2352 2350 2351
f 2509 2511 2510
f 2503 2505 2504
f 2506 2507 2508
f 2512 2513 2514
f 2515 2516 2517
f 2518 2519 2520
f 2555 2556 2554
f 2541 2540 2539
f 2562 2561 2560
f 2522 2521 2523
f 2542 2544 2543
f 2528 2529 2527
f 2531 2530 2532
f 2545 2546 2547
f 2548 2549 2550
f 2551 2553 2552
f 2533 2534 2535
f 2537 2536 2538
f 2559 2557 2558
f 2526 2525 2524