v -0.401823 0.712269 -0.009444
v 0.402103 0.712585 -0.008611
v -0.428359 -0.728780 -0.003521
v 0.428312 -0.728698 -0.003845
v 0.000639 -0.560575 0.856315
v -0.000080 0.433791 0.734211
v -0.001889 -0.428611 -0.724449
v 0.000216 0.535324 -0.852023
v 0.728740 0.002337 -0.459298
v 0.743717 -0.001621 0.464529
v -0.728878 0.002179 -0.458896
v -0.743291 -0.002630 0.464539
v -0.000674 0.893777 -0.057505
v -0.230428 0.630157 0.384938
v -0.264878 0.786843 -0.538083
v -0.661319 0.405827 -0.238547
v -0.672177 0.413194 0.246849
v 0.228513 0.630608 0.383804
v 0.264946 0.786919 -0.537701
v 0.662010 0.406213 -0.238848
v 0.672184 0.413171 0.247110
v -0.000956 -0.901416 0.033569
v -0.331552 -0.842413 0.592495
v -0.248821 -0.661316 -0.401310
v -0.659014 -0.399970 -0.233233
v -0.683401 -0.429515 0.263074
v 0.332070 -0.842221 0.592568
v 0.247996 -0.662150 -0.401464
v 0.659027 -0.400150 -0.233128
v 0.683320 -0.429489 0.263071
v 0.000262 -0.012690 0.864620
v 0.439655 -0.264150 0.701628
v -0.439644 -0.264218 0.701631
v 0.436741 0.252366 0.689320
v -0.436872 0.252368 0.689381
v 0.002944 0.018838 -0.869913
v 0.428203 -0.261198 -0.678947
v -0.428105 -0.261031 -0.678669
v 0.449012 0.276424 -0.748546
v -0.449083 0.276495 -0.748279
v 0.866305 -0.000998 -0.004628
v -0.866234 -0.001096 -0.004709
v -0.183883 0.804579 -0.001219
v -0.316020 0.694298 0.177112
v -0.369596 0.744037 -0.217148
v -0.551363 0.602094 -0.133452
v -0.534838 0.582770 0.112445
v 0.184276 0.804053 -0.002479
v 0.315980 0.694207 0.177414
v 0.369625 0.743818 -0.217548
v 0.551465 0.602181 -0.133748
v 0.534686 0.583021 0.113024
v -0.242555 -0.869518 -0.022706
v -0.380399 -0.760467 0.222229
v -0.427524 -0.825954 -0.235565
v -0.538677 -0.589217 -0.105785
v -0.570838 -0.617238 0.139228
v 0.242720 -0.869335 -0.023108
v 0.380368 -0.760453 0.222196
v 0.427598 -0.825864 -0.235708
v 0.538740 -0.589183 -0.106145
v 0.571207 -0.617205 0.139449
v -0.194788 -0.855694 0.868922
v 0.193883 -0.850682 0.863811
v -0.000652 -0.266691 0.934480
v 0.240895 -0.451155 0.845776
v -0.240163 -0.450285 0.846738
v -0.122636 0.531581 0.591600
v 0.120117 0.529196 0.590315
v -0.000731 0.250135 0.810371
v 0.208363 0.364869 0.733853
v -0.207571 0.366090 0.734911
v -0.126017 -0.528783 -0.586955
v 0.123001 -0.529951 -0.587232
v -0.002144 -0.236978 -0.844040
v 0.201833 -0.360043 -0.743846
v -0.201907 -0.359973 -0.742583
v -0.157810 0.736634 -0.747644
v 0.157222 0.740028 -0.748231
v -0.000550 0.286003 -1.005047
v 0.241571 0.434888 -0.863127
v -0.242344 0.437029 -0.862255
v 0.714140 0.200111 -0.371586
v 0.709910 -0.199899 -0.365719
v 0.605565 -0.122099 -0.568598
v 0.618191 0.126449 -0.586143
v 0.809367 0.001577 -0.237898
v 0.753553 0.201582 0.369031
v 0.750334 -0.206020 0.367076
v 0.619049 -0.127052 0.581244
v 0.619459 0.128575 0.585766
v 0.834729 0.002871 0.245718
v -0.713764 0.200233 -0.371920
v -0.710349 -0.199988 -0.365616
v -0.605855 -0.122214 -0.568076
v -0.617956 0.126817 -0.586010
v -0.809319 0.001579 -0.238178
v -0.753803 0.202214 0.369139
v -0.750287 -0.205955 0.367220
v -0.619106 -0.127653 0.581847
v -0.619527 0.128708 0.586143
v -0.834844 0.003015 0.245771
v -0.080383 0.786278 0.151198
v -0.079682 0.854450 -0.273856
v 0.081532 0.785513 0.151795
v 0.081243 0.852415 -0.275640
v -0.464850 0.533961 0.355576
v 0.001911 0.674627 0.367090
v -0.365948 0.464870 0.567040
v -0.517731 0.639738 -0.404728
v 0.002958 0.873490 -0.562190
v -0.388308 0.555858 -0.632570
v -0.710843 0.407504 0.006999
v -0.560382 0.373152 -0.511465
v -0.794491 0.210856 -0.120211
v -0.581811 0.354121 0.494793
v -0.812079 0.213452 0.129228
v 0.464355 0.534009 0.355984
v 0.365115 0.464663 0.567490
v 0.518012 0.639764 -0.404966
v 0.388640 0.556552 -0.632196
v 0.710662 0.408158 0.006944
v 0.560664 0.373423 -0.511201
v 0.794508 0.210993 -0.120138
v 0.581907 0.353921 0.494556
v 0.811928 0.213595 0.129067
v -0.093058 -0.861692 0.267827
v -0.158819 -0.887233 -0.228334
v 0.091325 -0.861817 0.267772
v 0.158651 -0.887815 -0.228218
v -0.508193 -0.621014 0.410540
v 0.001126 -0.958414 0.653955
v -0.394549 -0.657234 0.704640
v -0.455815 -0.545069 -0.344229
v 0.001258 -0.712197 -0.409927
v -0.363330 -0.461196 -0.555917
v -0.711856 -0.419427 0.007261
v -0.551275 -0.363655 -0.483334
v -0.789880 -0.219691 -0.119677
v -0.588727 -0.379375 0.501485
v -0.808971 -0.213970 0.130105
v 0.508096 -0.620962 0.410398
v 0.394584 -0.657210 0.704706
v 0.456592 -0.545007 -0.344192
v 0.363470 -0.461507 -0.555911
v 0.711879 -0.419394 0.007309
v 0.551036 -0.363814 -0.483497
v 0.789750 -0.219493 -0.120012
v 0.588606 -0.379414 0.501728
v 0.809074 -0.213907 0.129945
v 0.237450 -0.133790 0.845851
v -0.234496 -0.135428 0.845315
v 0.230543 0.121538 0.805655
v -0.232080 0.122639 0.806102
v 0.423091 -0.002412 0.742685
v -0.423274 -0.002524 0.742540
v 0.216853 -0.139010 -0.803512
v -0.217612 -0.139264 -0.805626
v 0.273581 0.148807 -0.961102
v -0.275055 0.150501 -0.961416
v 0.443321 0.010991 -0.740490
v -0.441796 0.010484 -0.740839
v -0.311743 0.758506 -0.003919
v -0.362592 0.709855 0.080102
v -0.385395 0.731086 -0.098362
v -0.474026 0.671127 -0.070198
v -0.460090 0.663667 0.047663
v 0.311416 0.758497 -0.004166
v 0.362420 0.709757 0.080075
v 0.385426 0.730903 -0.098443
v 0.473855 0.671031 -0.069944
v 0.460105 0.663642 0.047715
v -0.355846 -0.793884 -0.011357
v -0.413949 -0.751631 0.096479
v -0.417869 -0.771861 -0.099549
v -0.478501 -0.676986 -0.048488
v -0.502754 -0.695172 0.070562
v 0.355915 -0.793717 -0.011402
v 0.413969 -0.751817 0.096493
v 0.417867 -0.771854 -0.099719
v 0.478762 -0.677085 -0.048440
v 0.502684 -0.694908 0.070367
v -0.079324 -0.711809 0.868099
v 0.079192 -0.710533 0.870174
v -0.001345 -0.414018 0.881344
v 0.115384 -0.522254 0.865253
v -0.117092 -0.523788 0.863478
v -0.050102 0.476601 0.680685
v 0.053892 0.475576 0.678971
v 0.000502 0.364889 0.774474
v 0.081194 0.405647 0.747505
v -0.081459 0.407721 0.748153
v -0.055264 -0.476229 -0.665995
v 0.054025 -0.477649 -0.666332
v -0.001884 -0.346486 -0.789634
v 0.087007 -0.399893 -0.738989
v -0.089828 -0.402348 -0.737980
v -0.064719 0.629564 -0.809199
v 0.068077 0.629576 -0.806989
v 0.000411 0.419057 -0.914700
v 0.113520 0.494434 -0.863392
v -0.115733 0.494945 -0.865499
v 0.729664 0.087702 -0.424669
v 0.729430 -0.086589 -0.419703
v 0.679778 -0.049411 -0.507898
v 0.684293 0.055195 -0.514948
v 0.765820 0.001612 -0.361009
v 0.758392 0.089096 0.424619
v 0.753332 -0.091998 0.419636
v 0.691980 -0.059098 0.516775
v 0.693730 0.055977 0.523732
v 0.797482 0.002834 0.371565
v -0.729596 0.087611 -0.424535
v -0.729151 -0.086543 -0.419692
v -0.679672 -0.050175 -0.507620
v -0.684249 0.055744 -0.514577
v -0.766184 0.001791 -0.360333
v -0.758530 0.089318 0.424615
v -0.753389 -0.091907 0.419354
v -0.691767 -0.058896 0.516892
v -0.694110 0.056196 0.523706
v -0.797316 0.002774 0.371543
v -0.047349 0.860045 -0.030788
v 0.046251 0.861644 -0.032366
v -0.019272 0.851971 0.022492
v -0.011304 0.879088 -0.098264
v 0.017462 0.851441 0.023723
v 0.011920 0.880791 -0.099753
v -0.273686 0.668324 0.280074
v -0.184234 0.581893 0.489840
v -0.158354 0.713742 0.268075
v -0.348226 0.583755 0.384662
v -0.110914 0.659769 0.375426
v -0.305111 0.546461 0.485753
v -0.333723 0.769176 -0.375098
v -0.221663 0.776380 -0.641014
v -0.199209 0.843933 -0.427772
v -0.468419 0.767896 -0.505265
v -0.206473 0.953945 -0.582552
v -0.353807 0.703383 -0.590493
v -0.609579 0.511198 -0.182093
v -0.690429 0.303187 -0.311997
v -0.563442 0.517528 -0.315092
v -0.699480 0.409129 -0.111190
v -0.604632 0.399778 -0.378312
v -0.734336 0.310562 -0.175681
v -0.606296 0.497179 0.186339
v -0.723520 0.317319 0.307965
v -0.573773 0.483112 0.306665
v -0.702042 0.412287 0.128664
v -0.632405 0.389364 0.372049
v -0.753087 0.319511 0.194591
v 0.273821 0.669171 0.280763
v 0.181826 0.582753 0.488133
v 0.158243 0.714857 0.267889
v 0.112246 0.661324 0.376420
v 0.347373 0.583517 0.384211
v 0.303856 0.547356 0.484251
v 0.333683 0.769359 -0.375170
v 0.221294 0.776935 -0.641509
v 0.199382 0.843335 -0.427189
v 0.205235 0.954203 -0.582943
v 0.468453 0.767918 -0.505235
v 0.353912 0.703668 -0.589485
v 0.609693 0.511275 -0.182320
v 0.690173 0.302224 -0.312648
v 0.564041 0.517281 -0.314736
v 0.699469 0.409370 -0.111300
v 0.605481 0.399372 -0.378562
v 0.733976 0.310926 -0.175582
v 0.606108 0.497151 0.186301
v 0.723449 0.317451 0.308052
v 0.573670 0.483973 0.306714
v 0.701523 0.412571 0.128406
v 0.632380 0.389277 0.372335
v 0.753154 0.319575 0.194299
v -0.099544 -0.886590 -0.000516
v 0.098995 -0.885970 0.000204
v -0.029764 -0.891358 0.101859
v -0.073715 -0.874513 -0.056492
v 0.029047 -0.890935 0.102229
v 0.071519 -0.875358 -0.055557
v -0.328002 -0.766486 0.374305
v -0.327362 -0.916986 0.782003
v -0.191272 -0.818549 0.436363
v -0.406418 -0.711386 0.498596
v -0.264781 -1.005153 0.702461
v -0.369615 -0.793293 0.714948
v -0.349374 -0.769063 -0.348236
v -0.185540 -0.589099 -0.494205
v -0.221327 -0.814092 -0.345345
v -0.356597 -0.610272 -0.379732
v -0.133145 -0.697650 -0.411444
v -0.302266 -0.551300 -0.479551
v -0.603583 -0.489927 -0.171944
v -0.689132 -0.306744 -0.308017
v -0.558868 -0.476022 -0.295402
v -0.704063 -0.407649 -0.109406
v -0.601480 -0.390045 -0.366163
v -0.733840 -0.317001 -0.173467
v -0.635935 -0.521449 0.200574
v -0.722185 -0.317694 0.318184
v -0.602383 -0.528192 0.331875
v -0.707045 -0.426503 0.135298
v -0.646553 -0.413057 0.387116
v -0.751847 -0.323551 0.199896
v 0.328067 -0.766745 0.373909
v 0.326836 -0.915473 0.781271
v 0.192356 -0.818852 0.436433
v 0.266650 -1.004727 0.702935
v 0.406309 -0.711421 0.498647
v 0.369632 -0.793406 0.715084
v 0.349429 -0.769594 -0.349125
v 0.185160 -0.587271 -0.496126
v 0.219032 -0.814925 -0.347670
v 0.131394 -0.697646 -0.412459
v 0.355372 -0.610857 -0.379967
v 0.301836 -0.550324 -0.479666
v 0.603892 -0.490149 -0.171570
v 0.688984 -0.306671 -0.307738
v 0.559254 -0.475871 -0.295149
v 0.704039 -0.407665 -0.109342
v 0.601348 -0.390024 -0.366359
v 0.733786 -0.317444 -0.173481
v 0.635872 -0.521526 0.200591
v 0.722227 -0.317797 0.318401
v 0.602344 -0.528218 0.331827
v 0.707149 -0.426510 0.135181
v 0.646431 -0.412920 0.387327
v 0.751768 -0.323565 0.199911
v -0.001110 -0.120652 0.937142
v 0.000763 0.119744 0.837590
v 0.109918 -0.071472 0.870723
v -0.113467 -0.072692 0.871350
v 0.113878 0.050164 0.849344
v -0.109705 0.052061 0.845374
v 0.339585 -0.356883 0.780914
v 0.530738 -0.193441 0.648153
v 0.420868 -0.423135 0.689495
v 0.517536 -0.329190 0.610283
v 0.343680 -0.198253 0.785447
v 0.439724 -0.132006 0.730538
v -0.340019 -0.357739 0.780636
v -0.530617 -0.193226 0.648146
v -0.420822 -0.423219 0.689634
v -0.517458 -0.329218 0.610186
v -0.343658 -0.199841 0.784692
v -0.439520 -0.131443 0.730437
v 0.327438 0.314102 0.720734
v 0.530571 0.190225 0.643777
v 0.406359 0.368087 0.638294
v 0.515955 0.308983 0.595991
v 0.339188 0.193824 0.760610
v 0.433181 0.130864 0.727177
v -0.327673 0.312567 0.721521
v -0.530682 0.190221 0.643735
v -0.406991 0.367438 0.638041
v -0.515892 0.309379 0.595355
v -0.339213 0.192557 0.760210
v -0.433245 0.130932 0.727507
v -0.002683 -0.131740 -0.849350
v -0.002713 0.158813 -0.958987
v 0.107962 -0.061767 -0.837182
v -0.111888 -0.060436 -0.838433
v 0.126006 0.085345 -0.917523
v -0.127143 0.083719 -0.919702
v 0.318653 -0.312571 -0.717660
v 0.521021 -0.199715 -0.629538
v 0.403534 -0.371896 -0.625270
v 0.502332 -0.315948 -0.586067
v 0.325596 -0.211037 -0.755877
v 0.440136 -0.137215 -0.707729
v -0.319416 -0.312291 -0.716898
v -0.521148 -0.199580 -0.629517
v -0.403458 -0.371381 -0.625036
v -0.502057 -0.315646 -0.586120
v -0.325768 -0.209274 -0.756176
v -0.438998 -0.137383 -0.707980
v 0.343888 0.355467 -0.815131
v 0.540162 0.203567 -0.666406
v 0.420117 0.411237 -0.690994
v 0.520273 0.328495 -0.626602
v 0.364257 0.230323 -0.870497
v 0.461994 0.152233 -0.773069
v -0.343547 0.354958 -0.815028
v -0.540368 0.203779 -0.666091
v -0.420248 0.411188 -0.691264
v -0.520087 0.327840 -0.626853
v -0.363038 0.231953 -0.871223
v -0.461468 0.152238 -0.773307
v 0.843136 0.001929 -0.119547
v 0.866639 0.004191 0.124197
v 0.842727 0.101476 -0.062104
v 0.858781 0.100862 0.062837
v 0.839395 -0.099284 -0.063773
v 0.857893 -0.100616 0.062595
v -0.842821 0.001834 -0.119601
v -0.867050 0.004045 0.124336
v -0.842603 0.101622 -0.061869
v -0.858926 0.100942 0.063103
v -0.839253 -0.099289 -0.063660
v -0.857835 -0.100691 0.062702
v -0.244777 0.759498 0.085922
v -0.273860 0.782770 -0.107022
v -0.115735 0.810627 0.065808
v -0.132339 0.832840 -0.112552
v -0.433952 0.646041 0.156184
v -0.193037 0.745344 0.173725
v -0.391966 0.616864 0.268673
v -0.468960 0.682327 -0.185531
v -0.227427 0.802273 -0.244865
v -0.463523 0.713688 -0.324840
v -0.557200 0.592870 -0.007694
v -0.530016 0.617202 -0.261090
v -0.633254 0.504019 -0.060825
v -0.503478 0.562688 0.235725
v -0.632977 0.501876 0.065260
v 0.245121 0.759192 0.085548
v 0.275305 0.782043 -0.107204
v 0.115977 0.810028 0.065890
v 0.131227 0.832833 -0.111691
v 0.433517 0.646322 0.156372
v 0.191243 0.745535 0.172736
v 0.390939 0.617307 0.268550
v 0.469275 0.682262 -0.185379
v 0.228403 0.801235 -0.243788
v 0.463469 0.713720 -0.324643
v 0.557423 0.593104 -0.007716
v 0.530289 0.617457 -0.260935
v 0.633493 0.504966 -0.060861
v 0.502949 0.562401 0.236742
v 0.632763 0.502161 0.063390
v -0.295353 -0.797997 0.103630
v -0.360901 -0.923901 -0.117102
v -0.155924 -0.847710 0.101146
v -0.210489 -0.936603 -0.125772
v -0.497096 -0.716310 0.192445
v -0.240916 -0.809455 0.241611
v -0.451106 -0.710923 0.327418
v -0.454735 -0.674983 -0.164401
v -0.318621 -0.942167 -0.270505
v -0.424899 -0.666849 -0.289429
v -0.564820 -0.601756 0.010492
v -0.500563 -0.572301 -0.225100
v -0.633292 -0.504274 -0.050496
v -0.552670 -0.624874 0.270661
v -0.640110 -0.514083 0.074956
v 0.295974 -0.798733 0.103519
v 0.360531 -0.924365 -0.116971
v 0.155269 -0.848115 0.101434
v 0.211303 -0.935886 -0.126080
v 0.497102 -0.716398 0.192450
v 0.241692 -0.810117 0.241067
v 0.451058 -0.710968 0.327479
v 0.454959 -0.674913 -0.164294
v 0.319008 -0.942042 -0.270262
v 0.424938 -0.666905 -0.289245
v 0.564720 -0.601622 0.010564
v 0.499910 -0.571311 -0.225580
v 0.633561 -0.504150 -0.050364
v 0.552637 -0.624959 0.270701
v 0.639987 -0.513570 0.074957
v 0.003202 -0.856655 0.872036
v -0.231748 -0.682582 0.842420
v -0.141622 -0.921872 0.779335
v -0.343365 -0.776272 0.824248
v 0.230721 -0.682727 0.841046
v 0.137690 -0.920182 0.778079
v 0.343388 -0.777038 0.825047
v 0.129192 -0.343857 0.888383
v -0.129383 -0.342102 0.888793
v 0.121047 -0.199001 0.906399
v -0.121320 -0.198135 0.901903
v 0.353381 -0.556202 0.804742
v 0.242773 -0.270249 0.850163
v -0.353146 -0.555733 0.804770
v -0.242717 -0.267628 0.852452
v 0.002607 0.542088 0.589174
v -0.168867 0.455775 0.675686
v -0.060470 0.598440 0.485302
v -0.243603 0.501713 0.586298
v 0.171196 0.455303 0.673430
v 0.060476 0.598398 0.484941
v 0.244462 0.504634 0.586931
v 0.110451 0.314096 0.785300
v -0.114494 0.313251 0.786012
v 0.117659 0.182760 0.815926
v -0.118324 0.183838 0.816679
v 0.294985 0.419309 0.662467
v 0.232107 0.249708 0.780466
v -0.295622 0.420099 0.663161
v -0.230675 0.248568 0.781174
v 0.002641 -0.545778 -0.583797
v -0.171475 -0.450621 -0.665227
v -0.062775 -0.617451 -0.496966
v -0.246305 -0.497544 -0.579124
v 0.172351 -0.450821 -0.666020
v 0.063476 -0.615871 -0.495113
v 0.244300 -0.499078 -0.578564
v 0.101057 -0.304194 -0.801478
v -0.103199 -0.302298 -0.800373
v 0.106073 -0.192716 -0.829832
v -0.110770 -0.192010 -0.830844
v 0.291023 -0.409408 -0.653650
v 0.214664 -0.257856 -0.787808
v -0.291512 -0.409058 -0.653311
v -0.217517 -0.255378 -0.788138
v -0.002128 0.766391 -0.751058
v -0.220040 0.593598 -0.808503
v -0.089984 0.798787 -0.642857
v -0.287198 0.655616 -0.702192
v 0.215575 0.592412 -0.808388
v 0.086920 0.797436 -0.640218
v 0.287738 0.656535 -0.701453
v 0.134616 0.360574 -0.940375
v -0.136966 0.360557 -0.941199
v 0.142124 0.225822 -0.983310
v -0.143645 0.227343 -0.984639
v 0.319842 0.500752 -0.755092
v 0.273020 0.302004 -0.962943
v -0.318517 0.499869 -0.753142
v -0.273832 0.303793 -0.962541
v 0.669975 0.173117 -0.493292
v 0.774698 0.098981 -0.300492
v 0.641482 0.293776 -0.442644
v 0.758584 0.210808 -0.244346
v 0.662493 -0.166044 -0.479417
v 0.769305 -0.098212 -0.302000
v 0.630038 -0.292982 -0.434671
v 0.754420 -0.210803 -0.242022
v 0.621852 0.004813 -0.586709
v 0.585775 -0.244728 -0.535934
v 0.530890 -0.065829 -0.653699
v 0.600057 0.258330 -0.560352
v 0.543713 0.076506 -0.673028
v 0.813436 0.104051 -0.179253
v 0.807949 -0.104234 -0.178308
v 0.695475 0.171207 0.479418
v 0.803015 0.102562 0.306983
v 0.676562 0.286974 0.429528
v 0.793236 0.216938 0.246713
v 0.692308 -0.177142 0.476349
v 0.801529 -0.104423 0.309260
v 0.674098 -0.292616 0.431724
v 0.784223 -0.213383 0.253336
v 0.618107 -0.002967 0.604954
v 0.613155 -0.255404 0.541917
v 0.529175 -0.065501 0.675335
v 0.611977 0.244762 0.539601
v 0.525762 0.065994 0.676706
v 0.840049 0.110065 0.186442
v 0.834962 -0.107732 0.189801
v -0.669585 0.171520 -0.491840
v -0.774806 0.098864 -0.300559
v -0.641482 0.293591 -0.442817
v -0.758426 0.210478 -0.244320
v -0.662307 -0.166016 -0.479124
v -0.769111 -0.097691 -0.302226
v -0.630024 -0.292986 -0.434613
v -0.754507 -0.210201 -0.242322
v -0.621173 0.005436 -0.586394
v -0.586087 -0.244900 -0.536204
v -0.530939 -0.066123 -0.653452
v -0.600451 0.258731 -0.560734
v -0.543749 0.076611 -0.673091
v -0.813486 0.103811 -0.179189
v -0.807375 -0.104049 -0.178478
v -0.696133 0.171489 0.479733
v -0.803194 0.102177 0.306993
v -0.676368 0.287063 0.429658
v -0.793480 0.216581 0.246544
v -0.691982 -0.177129 0.476217
v -0.800871 -0.104842 0.309769
v -0.674148 -0.292758 0.431423
v -0.784723 -0.213256 0.253777
v -0.617485 -0.003092 0.605071
v -0.613247 -0.255459 0.541758
v -0.528710 -0.066034 0.675510
v -0.612244 0.244623 0.539651
v -0.525999 0.066184 0.676647
v -0.839949 0.110035 0.186596
v -0.835107 -0.107804 0.189599
v -0.001285 0.798808 0.138851
v -0.048455 0.741609 0.254430
v -0.000736 0.877263 -0.261882
v -0.080691 0.902687 -0.454634
v 0.049649 0.741261 0.254798
v 0.070011 0.903852 -0.454451
v -0.419114 0.501251 0.467820
v -0.530665 0.450948 0.431992
v -0.474352 0.416090 0.541386
v -0.473417 0.625879 -0.534829
v -0.519047 0.506547 -0.447931
v -0.478508 0.469281 -0.570326
v -0.759443 0.309727 -0.056816
v -0.770540 0.310390 0.069788
v -0.815006 0.206787 0.003097
v 0.419161 0.501297 0.467872
v 0.530398 0.451222 0.432340
v 0.475240 0.415762 0.543069
v 0.473453 0.625685 -0.535103
v 0.519211 0.506575 -0.448710
v 0.478223 0.469545 -0.572258
v 0.759666 0.309639 -0.056538
v 0.770159 0.310807 0.069610
v 0.814929 0.207170 0.002932
v 0.000313 -0.889294 0.275670
v -0.040962 -0.896565 0.508909
v 0.000674 -0.827953 -0.178160
v -0.077170 -0.788062 -0.310617
v 0.037299 -0.896293 0.509465
v 0.077659 -0.788305 -0.310184
v -0.450153 -0.632856 0.562774
v -0.550169 -0.513204 0.463905
v -0.488175 -0.490855 0.584816
v -0.410978 -0.506593 -0.452286
v -0.516139 -0.456470 -0.419769
v -0.460109 -0.421975 -0.525119
v -0.757804 -0.316934 -0.054965
v -0.766557 -0.321295 0.069563
v -0.810683 -0.215644 0.001113
v 0.450141 -0.632931 0.562804
v 0.549982 -0.512965 0.464100
v 0.488207 -0.490764 0.584691
v 0.410653 -0.506494 -0.452579
v 0.515802 -0.456395 -0.419470
v 0.460125 -0.422015 -0.524980
v 0.757854 -0.316433 -0.055219
v 0.766499 -0.321300 0.069640
v 0.810801 -0.215831 0.001186
v 0.229775 -0.009256 0.829057
v 0.333205 -0.070969 0.788242
v -0.228155 -0.010668 0.828239
v -0.333131 -0.070729 0.789067
v 0.332411 0.061719 0.783558
v -0.332574 0.061934 0.783660
v 0.229732 0.020320 -0.835834
v 0.331173 -0.070936 -0.769684
v -0.226679 0.016110 -0.833953
v -0.333442 -0.066223 -0.772112
v 0.350247 0.092147 -0.831240
v -0.350376 0.092212 -0.831339
v -0.364320 0.735825 -0.009014
v -0.385129 0.713331 0.029428
v -0.395927 0.721438 -0.047838
v -0.434493 0.693857 -0.035523
v -0.429299 0.691830 0.013233
v 0.363530 0.735686 -0.009070
v 0.384633 0.713266 0.029570
v 0.395645 0.721477 -0.047913
v 0.434492 0.693765 -0.035612
v 0.429147 0.691695 0.013130
v -0.389458 -0.751332 -0.007869
v -0.425581 -0.740081 0.039885
v -0.417283 -0.740713 -0.045377
v -0.452499 -0.710051 -0.022225
v -0.462531 -0.715479 0.028020
v 0.389612 -0.751322 -0.007839
v 0.425778 -0.740373 0.039884
v 0.417349 -0.740729 -0.045223
v 0.452587 -0.710157 -0.022171
v 0.462808 -0.715382 0.028265
v -0.034323 -0.623659 0.857291
v 0.031120 -0.619240 0.853614
v -0.000267 -0.496985 0.866329
v 0.051785 -0.543315 0.860237
v -0.050272 -0.543568 0.859824
v -0.020740 0.450787 0.715084
v 0.023273 0.451177 0.716919
v -0.000069 0.406322 0.754827
v 0.035978 0.422441 0.740149
v -0.036272 0.422854 0.741846
v -0.025190 -0.451028 -0.699525
v 0.024220 -0.450055 -0.699349
v 0.001176 -0.397108 -0.754620
v 0.035366 -0.420134 -0.734062
v -0.040067 -0.421044 -0.732739
v -0.031707 0.577566 -0.833123
v 0.031917 0.577290 -0.833578
v 0.002746 0.481633 -0.876549
v 0.050469 0.517253 -0.858378
v -0.053944 0.517508 -0.861379
v 0.731805 0.037753 -0.443125
v 0.729454 -0.034361 -0.441081
v 0.709274 -0.018891 -0.481392
v 0.707790 0.024547 -0.482519
v 0.747116 0.004330 -0.417259
v 0.749314 0.038953 0.445562
v 0.746636 -0.040425 0.445828
v 0.720601 -0.025006 0.487107
v 0.721323 0.025038 0.489884
v 0.764068 -0.002539 0.426843
v -0.731695 0.037433 -0.442712
v -0.729500 -0.034320 -0.441075
v -0.709300 -0.018841 -0.480958
v -0.707743 0.025078 -0.482423
v -0.747402 0.004167 -0.417174
v -0.750499 0.040910 0.445817
v -0.746916 -0.040467 0.445128
v -0.720605 -0.025507 0.487171
v -0.721128 0.024265 0.490666
v -0.764470 -0.002929 0.426147
v -0.014365 0.880727 -0.045269
v 0.009199 0.885656 -0.050830
v -0.003020 0.881445 -0.040421
v -0.009792 0.892001 -0.066107
v -0.000706 0.878707 -0.032097
v 0.007579 0.899385 -0.068885
v -0.250873 0.650653 0.332775
v -0.207306 0.608177 0.437879
v -0.194347 0.672424 0.326929
v -0.285876 0.609052 0.390895
v -0.170235 0.647761 0.379700
v -0.270623 0.588407 0.438075
v -0.305096 0.779723 -0.455354
v -0.236792 0.796477 -0.595304
v -0.258529 0.811307 -0.493143
v -0.346811 0.767363 -0.509019
v -0.260819 0.929708 -0.594622
v -0.304770 0.750845 -0.556449
v -0.635658 0.460234 -0.208802
v -0.676728 0.354809 -0.278019
v -0.608965 0.462525 -0.275811
v -0.680379 0.410263 -0.174768
v -0.632924 0.406710 -0.309037
v -0.698487 0.358862 -0.209773
v -0.638800 0.458368 0.219511
v -0.701672 0.365809 0.275837
v -0.625676 0.450979 0.276015
v -0.686477 0.415685 0.190321
v -0.659508 0.403417 0.306713
v -0.715978 0.372040 0.219592
v 0.250394 0.650917 0.333298
v 0.208184 0.608516 0.437569
v 0.192329 0.672871 0.326041
v 0.169687 0.647853 0.379506
v 0.286295 0.609231 0.388975
v 0.269323 0.589640 0.436999
v 0.304305 0.779834 -0.455047
v 0.237702 0.796602 -0.595500
v 0.258447 0.811595 -0.493226
v 0.260884 0.929978 -0.594223
v 0.346752 0.767370 -0.509016
v 0.304843 0.750717 -0.556678
v 0.636038 0.460281 -0.208674
v 0.676246 0.354362 -0.276140
v 0.609376 0.463065 -0.275353
v 0.680644 0.410705 -0.174809
v 0.633522 0.406758 -0.309836
v 0.697815 0.358883 -0.210096
v 0.638854 0.458394 0.219756
v 0.701547 0.365761 0.275988
v 0.625332 0.450764 0.276146
v 0.686060 0.415519 0.190054
v 0.659586 0.403254 0.306841
v 0.715673 0.373114 0.219557
v -0.040334 -0.894694 0.025194
v 0.039542 -0.894917 0.026237
v -0.005878 -0.904111 0.050810
v -0.026234 -0.891267 0.006325
v 0.007325 -0.903870 0.051040
v 0.025137 -0.890021 0.005393
v -0.303133 -0.775687 0.472406
v -0.368167 -0.936071 0.725911
v -0.265657 -0.816854 0.509688
v -0.348508 -0.760379 0.548784
v -0.312850 -0.920341 0.640055
v -0.358534 -0.831829 0.676258
v -0.300422 -0.719277 -0.371948
v -0.211516 -0.618909 -0.446656
v -0.235709 -0.741702 -0.375367
v -0.304922 -0.636305 -0.393740
v -0.189419 -0.683010 -0.407824
v -0.269652 -0.598927 -0.439845
v -0.632702 -0.442659 -0.203948
v -0.678122 -0.355106 -0.271533
v -0.606338 -0.439371 -0.267472
v -0.683072 -0.402423 -0.168078
v -0.630418 -0.397182 -0.297737
v -0.698949 -0.360492 -0.204845
v -0.660976 -0.478312 0.230482
v -0.702511 -0.373719 0.290998
v -0.645282 -0.475682 0.292031
v -0.697012 -0.436136 0.203418
v -0.667808 -0.424521 0.318869
v -0.716371 -0.381880 0.234093
v 0.303549 -0.776098 0.472137
v 0.368050 -0.935896 0.725995
v 0.266657 -0.815972 0.509601
v 0.311675 -0.919136 0.641360
v 0.348576 -0.760885 0.548562
v 0.358524 -0.832022 0.676154
v 0.300079 -0.719756 -0.372714
v 0.208599 -0.617775 -0.445929
v 0.234194 -0.742074 -0.374978
v 0.188222 -0.682681 -0.406840
v 0.304247 -0.637739 -0.394366
v 0.271380 -0.599307 -0.439375
v 0.633087 -0.442654 -0.203947
v 0.677918 -0.355218 -0.271619
v 0.606536 -0.439206 -0.267485
v 0.682997 -0.402798 -0.168082
v 0.630381 -0.397404 -0.297715
v 0.699151 -0.360320 -0.204518
v 0.660911 -0.478368 0.230496
v 0.702420 -0.373749 0.291095
v 0.645199 -0.475722 0.291973
v 0.696962 -0.436111 0.203507
v 0.667737 -0.424590 0.318882
v 0.716250 -0.381887 0.233993
v -0.000015 -0.068659 0.889831
v 0.000886 0.051596 0.850184
v 0.055196 -0.043896 0.872766
v -0.056093 -0.043908 0.871851
v 0.052109 0.011415 0.858084
v -0.052041 0.012952 0.857374
v 0.388300 -0.310388 0.738770
v 0.485360 -0.229046 0.673071
v 0.433569 -0.339638 0.692165
v 0.482467 -0.293143 0.654019
v 0.396371 -0.232268 0.747141
v 0.443089 -0.196112 0.716578
v -0.388206 -0.310058 0.738744
v -0.485386 -0.228939 0.673084
v -0.433469 -0.339621 0.692286
v -0.482509 -0.293115 0.653937
v -0.395860 -0.232570 0.746858
v -0.443300 -0.196064 0.716474
v 0.378615 0.283221 0.708415
v 0.490301 0.223791 0.668222
v 0.426096 0.312414 0.668293
v 0.485878 0.279858 0.643375
v 0.387924 0.225097 0.729134
v 0.436552 0.197151 0.710024
v -0.378504 0.283141 0.708479
v -0.490741 0.223393 0.668105
v -0.426445 0.312768 0.667740
v -0.486337 0.279600 0.643592
v -0.387438 0.224991 0.729009
v -0.436615 0.197181 0.710105
v -0.001487 -0.058245 -0.849532
v 0.000855 0.087225 -0.916205
v 0.055291 -0.020911 -0.851296
v -0.054140 -0.021907 -0.850429
v 0.060165 0.051369 -0.890916
v -0.062771 0.053060 -0.890829
v 0.374680 -0.293246 -0.699117
v 0.477501 -0.229423 -0.655625
v 0.417644 -0.314388 -0.655973
v 0.470942 -0.285429 -0.639094
v 0.380324 -0.235699 -0.718954
v 0.435039 -0.208658 -0.699266
v -0.373721 -0.291996 -0.698226
v -0.477707 -0.229329 -0.655575
v -0.418223 -0.313902 -0.655844
v -0.470817 -0.285558 -0.638917
v -0.379738 -0.235583 -0.718905
v -0.435319 -0.209508 -0.699352
v 0.393176 0.316796 -0.786302
v 0.499595 0.239800 -0.706811
v 0.436575 0.341145 -0.723332
v 0.489084 0.297756 -0.689093
v 0.405963 0.252973 -0.809695
v 0.455141 0.220548 -0.766657
v -0.394545 0.316656 -0.786715
v -0.499565 0.239638 -0.706839
v -0.436819 0.341087 -0.722804
v -0.488967 0.297539 -0.689158
v -0.405746 0.253042 -0.809741
v -0.454944 0.220424 -0.767369
v 0.854163 0.002258 -0.067336
v 0.871847 0.000308 0.065875
v 0.858121 0.050459 -0.032517
v 0.866724 0.048297 0.027696
v 0.857716 -0.042763 -0.031942
v 0.867160 -0.045261 0.029982
v -0.853921 0.002229 -0.067386
v -0.871970 0.000263 0.066033
v -0.857796 0.050558 -0.032588
v -0.866673 0.048363 0.027851
v -0.857456 -0.042788 -0.031939
v -0.867095 -0.045420 0.030070
v -0.253593 0.780063 -0.001943
v -0.110502 0.835234 -0.013426
v -0.212783 0.784421 0.039536
v -0.227636 0.793918 -0.052917
v -0.143665 0.811612 0.029442
v -0.158515 0.820476 -0.053634
v -0.339995 0.704609 0.126087
v -0.294835 0.681749 0.227288
v -0.280222 0.730434 0.134191
v -0.375443 0.669175 0.169675
v -0.255631 0.719989 0.179074
v -0.354345 0.656916 0.222645
v -0.378029 0.736829 -0.153577
v -0.354057 0.753698 -0.292274
v -0.320629 0.764750 -0.159441
v -0.424068 0.715656 -0.204399
v -0.307941 0.771902 -0.230392
v -0.417644 0.727503 -0.274129
v -0.514438 0.643700 -0.101384
v -0.584796 0.559996 -0.157111
v -0.508384 0.647768 -0.161368
v -0.557852 0.596934 -0.072099
v -0.542336 0.608800 -0.193549
v -0.595955 0.556960 -0.097475
v -0.496887 0.624362 0.082940
v -0.570320 0.539015 0.150846
v -0.483366 0.616196 0.137287
v -0.545312 0.586614 0.053090
v -0.518966 0.573037 0.175051
v -0.584043 0.544217 0.089335
v 0.253573 0.779520 -0.002070
v 0.108630 0.834532 -0.015441
v 0.214470 0.783816 0.038339
v 0.228818 0.792833 -0.053687
v 0.143955 0.810983 0.029095
v 0.157424 0.820378 -0.054493
v 0.340536 0.704409 0.126226
v 0.295146 0.682074 0.228774
v 0.280229 0.729819 0.133764
v 0.375208 0.669255 0.169568
v 0.256046 0.720030 0.178216
v 0.353265 0.656612 0.222127
v 0.377946 0.736545 -0.153791
v 0.353774 0.753576 -0.292343
v 0.320971 0.764239 -0.159849
v 0.424077 0.715407 -0.204265
v 0.308357 0.771631 -0.230874
v 0.417915 0.727158 -0.274062
v 0.514619 0.643478 -0.101530
v 0.584839 0.560194 -0.156909
v 0.508301 0.647852 -0.161463
v 0.558170 0.597003 -0.072428
v 0.542400 0.608680 -0.192859
v 0.592933 0.554093 -0.097657
v 0.496877 0.624227 0.082949
v 0.570301 0.539184 0.151277
v 0.483602 0.615931 0.137822
v 0.544628 0.586780 0.052945
v 0.518654 0.573381 0.174682
v 0.584257 0.545684 0.089764
v -0.309554 -0.840103 -0.015577
v -0.169095 -0.881476 -0.021002
v -0.263413 -0.824070 0.034889
v -0.306325 -0.913762 -0.060425
v -0.192477 -0.845081 0.033604
v -0.229241 -0.918760 -0.062649
v -0.401490 -0.757486 0.159023
v -0.357410 -0.762925 0.291512
v -0.337620 -0.779527 0.163278
v -0.445933 -0.740345 0.213170
v -0.312055 -0.782859 0.229180
v -0.421787 -0.740246 0.278169
v -0.424725 -0.805385 -0.160627
v -0.400316 -0.811184 -0.306815
v -0.406879 -0.887363 -0.174933
v -0.437051 -0.742554 -0.203022
v -0.385825 -0.893875 -0.255182
v -0.431420 -0.745342 -0.272917
v -0.509205 -0.637061 -0.075615
v -0.569982 -0.538979 -0.139075
v -0.491966 -0.628822 -0.136340
v -0.555161 -0.595498 -0.046890
v -0.520430 -0.581347 -0.165446
v -0.588524 -0.546675 -0.079222
v -0.536106 -0.664369 0.107103
v -0.605664 -0.568344 0.169673
v -0.534635 -0.673167 0.168549
v -0.569006 -0.608612 0.072218
v -0.565305 -0.623685 0.206429
v -0.607215 -0.562838 0.107853
v 0.309452 -0.839895 -0.015637
v 0.168727 -0.881448 -0.021275
v 0.263559 -0.823870 0.034612
v 0.305680 -0.914161 -0.060197
v 0.191574 -0.845410 0.032914
v 0.229124 -0.918360 -0.062483
v 0.401771 -0.757358 0.159113
v 0.357360 -0.762542 0.291483
v 0.337700 -0.779891 0.163005
v 0.445933 -0.740281 0.213242
v 0.312125 -0.783804 0.229216
v 0.421690 -0.740161 0.278201
v 0.424793 -0.805416 -0.160750
v 0.400250 -0.811347 -0.306359
v 0.406717 -0.887402 -0.175145
v 0.436938 -0.742476 -0.202981
v 0.385851 -0.893835 -0.255430
v 0.431627 -0.745003 -0.272842
v 0.509284 -0.637125 -0.075508
v 0.569992 -0.538794 -0.138404
v 0.492141 -0.628729 -0.136218
v 0.555094 -0.595292 -0.046853
v 0.521121 -0.581295 -0.165848
v 0.588274 -0.546478 -0.079535
v 0.536252 -0.664185 0.106996
v 0.605586 -0.568555 0.169572
v 0.534637 -0.673244 0.168551
v 0.569291 -0.608330 0.072277
v 0.565331 -0.623781 0.206419
v 0.607347 -0.562773 0.107713
v -0.142376 -0.810593 0.883378
v -0.257199 -0.873465 0.823046
v -0.097712 -0.862458 0.863567
v -0.211643 -0.790509 0.862839
v -0.163235 -0.894298 0.831871
v -0.280641 -0.819107 0.841677
v 0.143767 -0.810178 0.883629
v 0.255056 -0.865387 0.815076
v 0.098593 -0.864035 0.866788
v 0.211341 -0.790233 0.862302
v 0.163912 -0.896983 0.832821
v 0.280307 -0.817107 0.840993
v -0.003122 -0.336400 0.911208
v 0.002220 -0.204389 1.005902
v 0.060822 -0.302252 0.909818
v -0.060850 -0.303227 0.914242
v 0.062944 -0.236751 0.933284
v -0.061208 -0.234468 0.933072
v 0.175753 -0.493043 0.864812
v 0.297494 -0.401577 0.816522
v 0.237396 -0.563065 0.847476
v 0.188711 -0.388759 0.868571
v 0.300721 -0.506225 0.824631
v 0.243516 -0.349657 0.846289
v -0.177386 -0.490668 0.859653
v -0.297456 -0.400538 0.816867
v -0.235353 -0.563628 0.845568
v -0.188111 -0.389309 0.869217
v -0.301316 -0.507060 0.825494
v -0.243971 -0.350442 0.847754
v -0.087251 0.502703 0.637119
v -0.149518 0.554118 0.540944
v -0.060250 0.539579 0.588504
v -0.147833 0.488823 0.640881
v -0.090223 0.565600 0.538666
v -0.180987 0.515287 0.594235
v 0.087306 0.502197 0.636490
v 0.152076 0.554372 0.540270
v 0.058980 0.536679 0.590002
v 0.150199 0.490383 0.636874
v 0.090335 0.564125 0.538550
v 0.180604 0.517468 0.592518
v -0.000221 0.312286 0.793072
v -0.001247 0.187441 0.826164
v 0.057586 0.282300 0.799009
v -0.056861 0.280804 0.799008
v 0.061488 0.218807 0.816262
v -0.060525 0.218717 0.817989
v 0.146604 0.386046 0.740632
v 0.268718 0.344333 0.728189
v 0.189754 0.414033 0.706812
v 0.158949 0.338976 0.763473
v 0.251076 0.392901 0.700108
v 0.221043 0.313447 0.759069
v -0.146555 0.387444 0.741481
v -0.269130 0.343177 0.728439
v -0.188271 0.413797 0.707365
v -0.159823 0.337042 0.761710
v -0.251052 0.394445 0.702513
v -0.220396 0.311627 0.759967
v -0.089680 -0.503314 -0.627178
v -0.153076 -0.558473 -0.543206
v -0.063704 -0.541150 -0.585286
v -0.148622 -0.490286 -0.627508
v -0.092649 -0.572347 -0.540561
v -0.184888 -0.514791 -0.585995
v 0.089195 -0.502990 -0.629231
v 0.153136 -0.557573 -0.541901
v 0.062590 -0.541898 -0.586117
v 0.150933 -0.491420 -0.629314
v 0.091986 -0.570818 -0.543568
v 0.181975 -0.515282 -0.585067
v -0.000221 -0.288250 -0.822665
v 0.000099 -0.189821 -0.853139
v 0.048851 -0.271977 -0.828432
v -0.052775 -0.270617 -0.827092
v 0.053572 -0.219900 -0.840798
v -0.054659 -0.218100 -0.839328
v 0.143494 -0.380469 -0.741057
v 0.260094 -0.335290 -0.732012
v 0.189393 -0.406579 -0.708105
v 0.152158 -0.334688 -0.776478
v 0.246495 -0.384845 -0.702584
v 0.208088 -0.310365 -0.770360
v -0.145386 -0.381941 -0.740837
v -0.260943 -0.335399 -0.731169
v -0.192466 -0.407750 -0.705920
v -0.154432 -0.331649 -0.773537
v -0.248678 -0.384381 -0.701935
v -0.208927 -0.307827 -0.769219
v -0.108769 0.687430 -0.779221
v -0.200893 0.771162 -0.697071
v -0.064202 0.766144 -0.741835
v -0.188823 0.666674 -0.783921
v -0.122783 0.778569 -0.695761
v -0.231566 0.706697 -0.735099
v 0.109796 0.689759 -0.780067
v 0.200830 0.771381 -0.697690
v 0.065371 0.759349 -0.740458
v 0.192441 0.667931 -0.785712
v 0.118053 0.775613 -0.692475
v 0.230756 0.706328 -0.734774
v -0.001908 0.353663 -0.962114
v -0.000638 0.232932 -0.996290
v 0.068199 0.324011 -0.966592
v -0.067410 0.324736 -0.969805
v 0.069845 0.262142 -0.989382
v -0.071427 0.259486 -0.987335
v 0.180344 0.468298 -0.867756
v 0.294048 0.393966 -0.842063
v 0.230463 0.512781 -0.832148
v 0.200338 0.393818 -0.910782
v 0.284901 0.469015 -0.808322
v 0.256845 0.363747 -0.907740
v -0.176642 0.467815 -0.866481
v -0.293884 0.393715 -0.843691
v -0.231680 0.511322 -0.833050
v -0.196321 0.395658 -0.911720
v -0.282629 0.471397 -0.810349
v -0.258660 0.363970 -0.909068
v 0.726264 0.142080 -0.396070
v 0.703027 0.252038 -0.342860
v 0.693164 0.189052 -0.432291
v 0.749621 0.152254 -0.336457
v 0.680189 0.244799 -0.407828
v 0.737506 0.204707 -0.308679
v 0.721587 -0.146154 -0.392660
v 0.698393 -0.252922 -0.336677
v 0.684616 -0.186729 -0.424401
v 0.742960 -0.152087 -0.334648
v 0.672719 -0.245786 -0.401025
v 0.734773 -0.206160 -0.305218
v 0.646460 -0.086311 -0.535526
v 0.566000 -0.159655 -0.599939
v 0.636080 -0.143203 -0.524377
v 0.615345 -0.058071 -0.578147
v 0.597694 -0.185075 -0.555383
v 0.573140 -0.095940 -0.611605
v 0.651958 0.088789 -0.550405
v 0.580583 0.168174 -0.627723
v 0.646726 0.153512 -0.539223
v 0.621406 0.065349 -0.594492
v 0.612376 0.192730 -0.574451
v 0.583693 0.104104 -0.631789
v 0.787993 0.000722 -0.298107
v 0.827644 0.000456 -0.176393
v 0.795637 0.051519 -0.269760
v 0.793585 -0.048918 -0.267661
v 0.813715 0.052139 -0.207267
v 0.810462 -0.052222 -0.207690
v 0.756422 0.145539 0.395570
v 0.742508 0.258725 0.335755
v 0.724179 0.186858 0.425335
v 0.780546 0.156337 0.337191
v 0.717448 0.242996 0.398568
v 0.774492 0.211920 0.306292
v 0.751788 -0.149190 0.391894
v 0.737374 -0.257239 0.342763
v 0.722163 -0.192488 0.423553
v 0.776320 -0.156764 0.337597
v 0.713474 -0.247407 0.401609
v 0.771641 -0.211449 0.309333
v 0.656384 -0.094377 0.549082
v 0.581997 -0.159039 0.614370
v 0.661326 -0.153881 0.528259
v 0.621044 -0.064848 0.596577
v 0.617840 -0.188336 0.562824
v 0.576370 -0.097070 0.629773
v 0.660701 0.092307 0.554406
v 0.574174 0.160907 0.613819
v 0.658156 0.150752 0.533314
v 0.618398 0.062686 0.599494
v 0.619122 0.187027 0.563367
v 0.576166 0.105441 0.634718
v 0.817144 0.002184 0.306660
v 0.851644 0.002915 0.182356
v 0.825697 0.053714 0.277075
v 0.818368 -0.050713 0.276545
v 0.841843 0.057655 0.216425
v 0.837989 -0.051264 0.217320
v -0.726134 0.142176 -0.396365
v -0.702838 0.251980 -0.343073
v -0.693205 0.189224 -0.432871
v -0.749509 0.152234 -0.336735
v -0.679827 0.245485 -0.408029
v -0.737186 0.204522 -0.309041
v -0.721287 -0.145829 -0.392593
v -0.697894 -0.253279 -0.336960
v -0.684529 -0.186956 -0.424273
v -0.742680 -0.151917 -0.335088
v -0.672667 -0.245976 -0.401240
v -0.734657 -0.205750 -0.305617
v -0.646355 -0.086231 -0.535682
v -0.565988 -0.159861 -0.599991
v -0.636111 -0.143294 -0.524184
v -0.614460 -0.058384 -0.577860
v -0.597718 -0.184899 -0.555430
v -0.573099 -0.096662 -0.611939
v -0.652768 0.087884 -0.550616
v -0.580443 0.167962 -0.627175
v -0.646924 0.153404 -0.539229
v -0.621631 0.065626 -0.594350
v -0.612687 0.193005 -0.574906
v -0.584015 0.104289 -0.631851
v -0.788011 0.000819 -0.297775
v -0.827711 0.000079 -0.176288
v -0.795307 0.051630 -0.269798
v -0.793185 -0.048781 -0.268034
v -0.813575 0.052227 -0.207241
v -0.810205 -0.052278 -0.207627
v -0.756421 0.145231 0.395299
v -0.742547 0.258703 0.335844
v -0.724503 0.186702 0.425414
v -0.780878 0.155738 0.337569
v -0.717329 0.242846 0.398619
v -0.774902 0.212057 0.306760
v -0.751827 -0.149327 0.391709
v -0.737226 -0.257324 0.342853
v -0.722362 -0.192813 0.423634
v -0.775887 -0.156879 0.337783
v -0.713437 -0.247627 0.401502
v -0.771837 -0.211895 0.309335
v -0.656180 -0.094115 0.548977
v -0.581463 -0.159715 0.614470
v -0.661521 -0.154210 0.528092
v -0.620552 -0.065398 0.595975
v -0.617686 -0.188863 0.563001
v -0.577091 -0.096474 0.629393
v -0.660910 0.092672 0.554385
v -0.574212 0.161258 0.614026
v -0.658504 0.150822 0.533247
v -0.618363 0.062687 0.599767
v -0.619233 0.187150 0.563283
v -0.575911 0.105220 0.634816
v -0.818171 0.003246 0.306593
v -0.851844 0.002781 0.182517
v -0.826512 0.053327 0.276689
v -0.819005 -0.050921 0.278143
v -0.842432 0.057311 0.216566
v -0.838392 -0.051487 0.217429
v -0.044038 0.823148 0.088508
v -0.120637 0.751879 0.209587
v -0.093109 0.801648 0.106250
v -0.133929 0.767554 0.162939
v -0.035399 0.796744 0.143053
v -0.068098 0.766063 0.203905
v -0.046781 0.867398 -0.183549
v -0.130127 0.842922 -0.359380
v -0.108275 0.843647 -0.186217
v -0.152556 0.827544 -0.262197
v -0.037507 0.867299 -0.269489
v -0.064406 0.863804 -0.378631
v 0.042752 0.821726 0.087829
v 0.118910 0.750573 0.211938
v 0.094100 0.800848 0.105678
v 0.133580 0.767300 0.163514
v 0.036293 0.795707 0.142251
v 0.068479 0.762986 0.202970
v 0.048242 0.865352 -0.183483
v 0.129471 0.841864 -0.359626
v 0.106863 0.843688 -0.186181
v 0.153659 0.826331 -0.261786
v 0.036218 0.866401 -0.270940
v 0.065023 0.862410 -0.374993
v -0.411646 0.558299 0.374262
v -0.519141 0.508723 0.333836
v -0.431586 0.575916 0.314024
v -0.486284 0.548503 0.296308
v -0.442112 0.517956 0.414028
v -0.498768 0.493260 0.393773
v -0.056721 0.669508 0.369676
v 0.054387 0.669414 0.371898
v -0.031808 0.635104 0.428900
v 0.029800 0.634570 0.429360
v -0.026660 0.714280 0.306467
v 0.025700 0.713463 0.306803
v -0.342588 0.509524 0.528277
v -0.390007 0.421778 0.607045
v -0.308165 0.488014 0.579238
v -0.332662 0.441957 0.618235
v -0.397004 0.485171 0.517426
v -0.423391 0.441136 0.555678
v -0.545830 0.728523 -0.465691
v -0.522945 0.574470 -0.352909
v -0.503115 0.689460 -0.375042
v -0.519856 0.627421 -0.329288
v -0.516914 0.645825 -0.481806
v -0.505571 0.581407 -0.422482
v -0.130742 0.880411 -0.562237
v 0.130666 0.879940 -0.562608
v -0.051895 0.830448 -0.594596
v 0.048663 0.833193 -0.597381
v -0.073224 0.893904 -0.501396
v 0.075657 0.890812 -0.501900
v -0.375640 0.634460 -0.613876
v -0.402766 0.485716 -0.661810
v -0.340151 0.604487 -0.666582
v -0.356784 0.530722 -0.692673
v -0.427356 0.590465 -0.577760
v -0.436598 0.514738 -0.602475
v -0.706257 0.406966 -0.056125
v -0.713055 0.407926 0.071115
v -0.674993 0.454358 -0.028129
v -0.676609 0.456235 0.035588
v -0.739317 0.357664 -0.027121
v -0.744524 0.358690 0.036883
v -0.580218 0.386791 -0.447290
v -0.542488 0.355068 -0.569777
v -0.602558 0.332171 -0.474818
v -0.584294 0.313324 -0.543396
v -0.539385 0.438295 -0.480831
v -0.520116 0.422753 -0.538812
v -0.764977 0.259931 -0.148593
v -0.821176 0.157178 -0.093144
v -0.777353 0.211442 -0.179717
v -0.807682 0.156388 -0.149605
v -0.778196 0.260461 -0.088812
v -0.808886 0.212839 -0.065058
v -0.610493 0.373461 0.431875
v -0.544751 0.333728 0.548404
v -0.631802 0.324780 0.460466
v -0.597248 0.301749 0.517757
v -0.557535 0.404592 0.464252
v -0.527603 0.385768 0.521696
v -0.786093 0.267777 0.163246
v -0.837497 0.156964 0.096542
v -0.805339 0.216895 0.190143
v -0.828609 0.160877 0.157805
v -0.792505 0.262185 0.102529
v -0.818860 0.206647 0.064223
v 0.410701 0.558322 0.374518
v 0.518828 0.508690 0.333749
v 0.430936 0.576760 0.314179
v 0.485421 0.549051 0.296220
v 0.442147 0.517997 0.412512
v 0.498193 0.493353 0.393910
v 0.343163 0.509968 0.528078
v 0.389038 0.422393 0.606638
v 0.306641 0.487545 0.578629
v 0.332363 0.441457 0.618204
v 0.397109 0.484585 0.518139
v 0.422618 0.441782 0.555623
v 0.545837 0.728656 -0.465853
v 0.523311 0.574761 -0.352979
v 0.503445 0.689606 -0.374986
v 0.519984 0.627521 -0.328932
v 0.517180 0.645779 -0.481856
v 0.505695 0.581595 -0.422579
v 0.375464 0.634437 -0.613522
v 0.402833 0.486059 -0.661649
v 0.339642 0.603847 -0.665952
v 0.356769 0.530595 -0.693277
v 0.427396 0.589998 -0.578229
v 0.436190 0.514677 -0.602685
v 0.706209 0.407215 -0.055981
v 0.713086 0.407932 0.070982
v 0.674939 0.454284 -0.027730
v 0.676155 0.456881 0.036530
v 0.738903 0.357462 -0.027614
v 0.743851 0.359306 0.036649
v 0.581245 0.386844 -0.445668
v 0.542183 0.355196 -0.570362
v 0.602664 0.332641 -0.475199
v 0.583994 0.312965 -0.544574
v 0.540103 0.437753 -0.479237
v 0.520007 0.423116 -0.539281
v 0.765379 0.260139 -0.148668
v 0.820400 0.157367 -0.093281
v 0.777305 0.211856 -0.179676
v 0.807389 0.156102 -0.149613
v 0.778051 0.260510 -0.088857
v 0.808784 0.212772 -0.064747
v 0.610378 0.373252 0.431757
v 0.544787 0.332993 0.549257
v 0.632063 0.324795 0.460340
v 0.597204 0.302372 0.517526
v 0.557073 0.404500 0.464468
v 0.527263 0.385412 0.521976
v 0.785709 0.268160 0.163117
v 0.837303 0.156968 0.096674
v 0.804938 0.216578 0.190204
v 0.828655 0.160881 0.157728
v 0.792384 0.262458 0.102417
v 0.818449 0.207449 0.064533
v -0.057515 -0.875066 0.179877
v -0.133366 -0.843797 0.355452
v -0.120942 -0.856365 0.176514
v -0.164579 -0.835199 0.255556
v -0.032349 -0.883096 0.269599
v -0.061326 -0.866926 0.378200
v -0.117341 -0.882246 -0.140283
v -0.193518 -0.872823 -0.307166
v -0.186831 -0.956141 -0.198991
v -0.240036 -0.943002 -0.273518
v -0.091757 -0.834967 -0.187573
v -0.121809 -0.829250 -0.267790
v 0.059737 -0.874874 0.180782
v 0.135260 -0.843886 0.356172
v 0.119352 -0.856457 0.173323
v 0.164947 -0.835717 0.253615
v 0.037351 -0.881753 0.271394
v 0.063979 -0.867003 0.379031
v 0.117827 -0.881682 -0.140294
v 0.193688 -0.872425 -0.306661
v 0.186726 -0.956490 -0.197640
v 0.243785 -0.943104 -0.273688
v 0.088402 -0.835448 -0.186849
v 0.124165 -0.829722 -0.267926
v -0.457775 -0.672391 0.445888
v -0.555628 -0.573264 0.371020
v -0.481336 -0.668620 0.372075
v -0.533710 -0.622236 0.341228
v -0.481824 -0.623998 0.483883
v -0.528708 -0.568941 0.439487
v -0.117168 -0.960109 0.679205
v 0.125284 -0.963378 0.670631
v -0.072984 -0.934010 0.705295
v 0.076620 -0.933263 0.706699
v -0.028524 -0.945193 0.612491
v 0.032589 -0.943462 0.609192
v -0.371876 -0.751450 0.718607
v -0.415935 -0.535046 0.692400
v -0.366306 -0.735727 0.767601
v -0.380844 -0.609659 0.753712
v -0.421455 -0.645040 0.638054
v -0.442392 -0.561933 0.637806
v -0.404153 -0.575121 -0.360023
v -0.508488 -0.512628 -0.320088
v -0.432190 -0.599575 -0.308904
v -0.479530 -0.560599 -0.284200
v -0.432249 -0.526618 -0.398434
v -0.484593 -0.499281 -0.379777
v -0.065504 -0.710264 -0.407145
v 0.064441 -0.706509 -0.409047
v -0.030898 -0.665290 -0.452070
v 0.031133 -0.662130 -0.454347
v -0.037112 -0.754824 -0.360716
v 0.035052 -0.756624 -0.359961
v -0.337991 -0.503627 -0.521185
v -0.389897 -0.418812 -0.593066
v -0.305668 -0.479017 -0.571185
v -0.332662 -0.436762 -0.606272
v -0.390594 -0.485603 -0.507251
v -0.413700 -0.444936 -0.542414
v -0.706848 -0.412609 -0.054345
v -0.713663 -0.420332 0.071074
v -0.676442 -0.461588 -0.024015
v -0.676433 -0.465653 0.039620
v -0.737253 -0.369476 -0.027478
v -0.741760 -0.370940 0.037423
v -0.573401 -0.382018 -0.431609
v -0.526011 -0.339771 -0.536954
v -0.590996 -0.332876 -0.459630
v -0.568664 -0.308061 -0.511368
v -0.534269 -0.412402 -0.452993
v -0.505839 -0.393564 -0.506702
v -0.760373 -0.271780 -0.148089
v -0.816865 -0.159093 -0.093179
v -0.771653 -0.213648 -0.178040
v -0.801258 -0.159871 -0.149993
v -0.775140 -0.267738 -0.087467
v -0.802440 -0.214332 -0.059351
v -0.620804 -0.399683 0.442735
v -0.553119 -0.357219 0.558395
v -0.635138 -0.336299 0.462631
v -0.600467 -0.315542 0.520807
v -0.571773 -0.449859 0.482376
v -0.539410 -0.432043 0.543976
v -0.782105 -0.270165 0.166345
v -0.835330 -0.155700 0.098880
v -0.798849 -0.214178 0.192574
v -0.823132 -0.160311 0.160647
v -0.788547 -0.270448 0.103001
v -0.811706 -0.212606 0.065624
v 0.457730 -0.672232 0.445893
v 0.555714 -0.573404 0.371036
v 0.481327 -0.668514 0.372129
v 0.533726 -0.622198 0.341232
v 0.481805 -0.623970 0.483850
v 0.528706 -0.569066 0.439505
v 0.371886 -0.751546 0.718624
v 0.415992 -0.535132 0.692509
v 0.366373 -0.735829 0.767779
v 0.380892 -0.610125 0.753802
v 0.421358 -0.645055 0.638067
v 0.442384 -0.561920 0.637833
v 0.404335 -0.574925 -0.360439
v 0.508718 -0.512531 -0.320007
v 0.432724 -0.599344 -0.308629
v 0.480197 -0.560200 -0.284261
v 0.432618 -0.526504 -0.398353
v 0.484872 -0.498808 -0.380037
v 0.338608 -0.503688 -0.521600
v 0.389809 -0.419209 -0.593096
v 0.306253 -0.480135 -0.570954
v 0.333357 -0.437060 -0.606476
v 0.390280 -0.485347 -0.507712
v 0.413679 -0.445152 -0.542388
v 0.706971 -0.412378 -0.054440
v 0.713639 -0.420281 0.071198
v 0.676651 -0.461492 -0.024001
v 0.676528 -0.465433 0.039613
v 0.737340 -0.369107 -0.027658
v 0.743667 -0.371120 0.037322
v 0.573166 -0.381981 -0.431907
v 0.525861 -0.339852 -0.537171
v 0.590747 -0.332886 -0.459747
v 0.568674 -0.308142 -0.511456
v 0.534250 -0.412469 -0.453214
v 0.505884 -0.393434 -0.506589
v 0.760417 -0.271282 -0.148408
v 0.816905 -0.159199 -0.093397
v 0.773131 -0.215256 -0.177618
v 0.800838 -0.160415 -0.149733
v 0.775053 -0.268065 -0.087579
v 0.802546 -0.214004 -0.059530
v 0.620890 -0.399558 0.442888
v 0.553143 -0.357344 0.558406
v 0.635073 -0.336172 0.462866
v 0.600316 -0.315405 0.521083
v 0.571330 -0.449812 0.482833
v 0.539266 -0.432041 0.543893
v 0.782371 -0.269997 0.166416
v 0.835422 -0.155592 0.098744
v 0.798878 -0.213998 0.192506
v 0.823013 -0.160211 0.160630
v 0.788609 -0.270392 0.102986
v 0.811784 -0.212694 0.065649
v 0.172921 -0.106046 0.862339
v 0.290122 -0.168497 0.816914
v 0.179154 -0.164655 0.872186
v 0.242138 -0.198302 0.850467
v 0.228664 -0.074930 0.835424
v 0.286462 -0.102780 0.816683
v -0.172270 -0.105497 0.859483
v -0.289918 -0.169307 0.816990
v -0.179134 -0.164641 0.872336
v -0.241500 -0.198004 0.851368
v -0.227454 -0.074952 0.835667
v -0.287789 -0.103908 0.817721
v 0.172909 0.085297 0.827477
v 0.287775 0.158089 0.784307
v 0.173707 0.149857 0.813201
v 0.236222 0.183134 0.793361
v 0.226953 0.057221 0.821167
v 0.284618 0.091106 0.797408
v -0.171758 0.088408 0.827169
v -0.288277 0.156721 0.783376
v -0.175206 0.152199 0.813373
v -0.232571 0.185001 0.792686
v -0.226413 0.056078 0.820120
v -0.284438 0.091238 0.797706
v 0.429828 -0.069244 0.740836
v 0.425548 0.066185 0.739903
v 0.478420 -0.036112 0.711442
v 0.474294 0.031038 0.715003
v 0.377633 -0.035842 0.767034
v 0.376433 0.029112 0.765799
v -0.429031 -0.069448 0.740495
v -0.425486 0.065982 0.740157
v -0.478239 -0.035882 0.710994
v -0.474285 0.030995 0.715087
v -0.377852 -0.034902 0.766856
v -0.376396 0.029669 0.765868
v 0.162546 -0.103952 -0.820778
v 0.273448 -0.179021 -0.781562
v 0.162012 -0.168666 -0.818489
v 0.219079 -0.204632 -0.796395
v 0.221348 -0.062368 -0.811791
v 0.275192 -0.105378 -0.787565
v -0.163843 -0.100295 -0.823663
v -0.275025 -0.179599 -0.781301
v -0.161466 -0.168450 -0.821480
v -0.218823 -0.200979 -0.796464
v -0.222209 -0.064219 -0.814124
v -0.275823 -0.112292 -0.785530
v 0.201073 0.115960 -0.947701
v 0.325164 0.192723 -0.936638
v 0.211009 0.191484 -0.980003
v 0.278870 0.222413 -0.978970
v 0.248428 0.084191 -0.897758
v 0.308719 0.122003 -0.895579
v -0.203243 0.113669 -0.943468
v -0.324768 0.193127 -0.934357
v -0.208833 0.193063 -0.980357
v -0.281803 0.224092 -0.977602
v -0.247712 0.081860 -0.895814
v -0.309616 0.122605 -0.895212
v 0.441024 -0.064501 -0.720150
v 0.451306 0.083545 -0.757655
v 0.488729 -0.026973 -0.696600
v 0.493611 0.045503 -0.711058
v 0.388016 -0.030194 -0.755005
v 0.393567 0.054085 -0.780206
v -0.440119 -0.065319 -0.720378
v -0.449715 0.084737 -0.757399
v -0.487735 -0.026701 -0.696262
v -0.493112 0.047190 -0.711822
v -0.387173 -0.030343 -0.755661
v -0.393138 0.052464 -0.778099
v -0.334419 0.736137 0.039190
v -0.346952 0.749840 -0.050434
v -0.276670 0.760403 0.043146
v -0.292179 0.770982 -0.049471
v -0.413404 0.686755 0.065138
v -0.304894 0.734451 0.088630
v -0.397128 0.679489 0.115913
v -0.432994 0.701876 -0.085542
v -0.333610 0.756237 -0.102768
v -0.432001 0.711075 -0.145289
v -0.468957 0.665002 -0.010869
v -0.472976 0.677221 -0.126104
v -0.514868 0.634806 -0.039527
v -0.450147 0.652545 0.100159
v -0.504886 0.633562 0.020545
v 0.334171 0.735971 0.039195
v 0.346689 0.749845 -0.050621
v 0.276877 0.760401 0.043025
v 0.292531 0.770720 -0.049004
v 0.413132 0.686729 0.065031
v 0.304987 0.734502 0.088330
v 0.397177 0.679406 0.116310
v 0.433001 0.702136 -0.085682
v 0.333547 0.755985 -0.102784
v 0.431843 0.711086 -0.145051
v 0.468978 0.664925 -0.011150
v 0.472966 0.677307 -0.126246
v 0.515059 0.634888 -0.039753
v 0.449821 0.652666 0.100138
v 0.505453 0.633320 0.020544
v -0.377611 -0.764969 0.043061
v -0.386319 -0.790661 -0.055629
v -0.326024 -0.791230 0.039236
v -0.352319 -0.849838 -0.060993
v -0.469905 -0.728998 0.088235
v -0.361461 -0.772975 0.099896
v -0.459104 -0.739378 0.146590
v -0.438643 -0.709343 -0.073838
v -0.397050 -0.840267 -0.109234
v -0.441254 -0.728709 -0.136423
v -0.492436 -0.682348 0.007978
v -0.468394 -0.675445 -0.104740
v -0.521756 -0.642361 -0.018073
v -0.507452 -0.714492 0.131179
v -0.531202 -0.648122 0.039891
v 0.377554 -0.765002 0.043064
v 0.386399 -0.790637 -0.055577
v 0.326119 -0.790881 0.039167
v 0.352186 -0.849986 -0.061199
v 0.470008 -0.728971 0.088321
v 0.361431 -0.772448 0.099904
v 0.459009 -0.739390 0.146549
v 0.438605 -0.709257 -0.073656
v 0.397076 -0.840305 -0.109196
v 0.441250 -0.728765 -0.136357
v 0.492539 -0.682338 0.008584
v 0.468458 -0.675335 -0.104547
v 0.522170 -0.641994 -0.017734
v 0.507668 -0.714460 0.131194
v 0.531391 -0.648368 0.039711
v -0.000208 -0.706315 0.871629
v -0.102484 -0.618440 0.861444
v -0.047322 -0.796555 0.879490
v -0.154803 -0.706088 0.860908
v 0.099593 -0.615497 0.861517
v 0.046855 -0.801459 0.883514
v 0.156260 -0.703040 0.859650
v 0.059953 -0.462361 0.875827
v -0.058058 -0.462563 0.871186
v 0.063134 -0.377589 0.888367
v -0.064082 -0.380222 0.892206
v 0.170940 -0.601547 0.854470
v 0.121200 -0.429104 0.877855
v -0.168445 -0.599254 0.855145
v -0.127235 -0.431000 0.875748
v 0.000915 0.480159 0.677681
v -0.067498 0.442252 0.717527
v -0.030597 0.510157 0.635662
v -0.108134 0.464851 0.679779
v 0.069629 0.443742 0.715976
v 0.028898 0.508878 0.634138
v 0.109412 0.465711 0.678183
v 0.039485 0.389425 0.766654
v -0.042016 0.389597 0.764065
v 0.053001 0.343552 0.783319
v -0.053239 0.340139 0.781542
v 0.128483 0.429088 0.713666
v 0.098095 0.364779 0.765985
v -0.126738 0.429900 0.714921
v -0.098984 0.365542 0.765218
v -0.002280 -0.484843 -0.664557
v -0.073931 -0.440772 -0.705048
v -0.030120 -0.513385 -0.625728
v -0.113129 -0.465350 -0.666409
v 0.073741 -0.442188 -0.703614
v 0.028263 -0.512263 -0.625960
v 0.113250 -0.465452 -0.669196
v 0.044437 -0.375779 -0.765665
v -0.046610 -0.374561 -0.764994
v 0.048997 -0.324088 -0.797969
v -0.050744 -0.325367 -0.798274
v 0.129754 -0.425546 -0.705355
v 0.095999 -0.352716 -0.772864
v -0.131639 -0.424469 -0.704077
v -0.100649 -0.356088 -0.771271
v -0.001552 0.638326 -0.809673
v -0.099746 0.566317 -0.836056
v -0.031285 0.704593 -0.780252
v -0.141880 0.615763 -0.808827
v 0.094517 0.563775 -0.838806
v 0.031089 0.705025 -0.780709
v 0.140755 0.615768 -0.810341
v 0.061985 0.450730 -0.893035
v -0.058254 0.448734 -0.891868
v 0.065764 0.388613 -0.931093
v -0.067687 0.390606 -0.931810
v 0.162367 0.544704 -0.836021
v 0.126427 0.424564 -0.901851
v -0.167421 0.541277 -0.837739
v -0.126844 0.421692 -0.901846
v 0.709139 0.070920 -0.475843
v 0.751845 0.045894 -0.392653
v 0.700139 0.130311 -0.457774
v 0.754086 0.097231 -0.365070
v 0.704064 -0.066206 -0.469785
v 0.749489 -0.044272 -0.389786
v 0.696595 -0.128396 -0.447614
v 0.750833 -0.094370 -0.363326
v 0.684216 0.005583 -0.517106
v 0.673221 -0.108906 -0.494687
v 0.652020 -0.025708 -0.545453
v 0.678176 0.112396 -0.507277
v 0.655173 0.031683 -0.551650
v 0.774073 0.049192 -0.331234
v 0.772079 -0.044639 -0.331556
v 0.726467 0.073012 0.473484
v 0.775809 0.046738 0.395376
v 0.729481 0.130760 0.451794
v 0.782802 0.098340 0.367833
v 0.720882 -0.076344 0.471442
v 0.773691 -0.046189 0.394626
v 0.723920 -0.133468 0.446832
v 0.778064 -0.098851 0.365452
v 0.691663 -0.000702 0.530534
v 0.693002 -0.116857 0.498712
v 0.658104 -0.030469 0.561146
v 0.694462 0.111352 0.503145
v 0.658750 0.029338 0.562288
v 0.800537 0.053195 0.337135
v 0.799086 -0.049004 0.336786
v -0.709398 0.071115 -0.476017
v -0.752050 0.046155 -0.392955
v -0.700137 0.129831 -0.457202
v -0.754273 0.097524 -0.365146
v -0.703890 -0.066156 -0.469488
v -0.749322 -0.044137 -0.389660
v -0.696432 -0.128388 -0.447565
v -0.750930 -0.094350 -0.363638
v -0.683876 0.005533 -0.516764
v -0.672868 -0.109007 -0.494348
v -0.651774 -0.025730 -0.545241
v -0.678059 0.111469 -0.506851
v -0.655445 0.031805 -0.551101
v -0.773836 0.049418 -0.330914
v -0.772285 -0.044734 -0.331731
v -0.726338 0.072382 0.473557
v -0.776512 0.046074 0.395795
v -0.729313 0.130571 0.451839
v -0.782765 0.097896 0.367496
v -0.720986 -0.075883 0.471209
v -0.773285 -0.045832 0.394899
v -0.723695 -0.133225 0.446939
v -0.777721 -0.099279 0.365522
v -0.691718 -0.000823 0.530694
v -0.692118 -0.116099 0.498558
v -0.657814 -0.030440 0.561325
v -0.694562 0.111228 0.502969
v -0.658649 0.029389 0.562395
v -0.800742 0.052603 0.336644
v -0.799040 -0.048105 0.336948
v -0.005901 0.874509 -0.027836
v -0.018408 0.880141 -0.056519
v -0.078930 0.838610 0.009992
v -0.086086 0.847298 -0.060268
v 0.011821 0.876043 -0.029208
v 0.015521 0.884864 -0.054635
v 0.077823 0.837308 0.011528
v 0.083726 0.847590 -0.060337
v 0.002837 0.866519 -0.003861
v -0.054828 0.834829 0.046081
v -0.014680 0.828573 0.077497
v -0.001135 0.884693 -0.099102
v -0.064868 0.859036 -0.113829
v -0.005739 0.878701 -0.163103
v 0.053666 0.835452 0.045728
v 0.013398 0.829599 0.075886
v 0.063175 0.859071 -0.112166
v 0.003943 0.877896 -0.164764
v -0.214731 0.692542 0.278051
v -0.311638 0.625714 0.335056
v -0.234483 0.708099 0.226411
v -0.332591 0.642329 0.279343
v -0.146573 0.620922 0.433000
v -0.244559 0.565475 0.487586
v -0.120895 0.592120 0.484876
v -0.213567 0.539886 0.540497
v -0.134868 0.689604 0.322108
v -0.175457 0.732080 0.219942
v -0.100076 0.730795 0.261667
v -0.327388 0.566157 0.437443
v -0.371258 0.599648 0.326428
v -0.383371 0.541962 0.428530
v -0.088685 0.629834 0.430653
v -0.078822 0.705368 0.314519
v -0.277431 0.525450 0.534963
v -0.364667 0.525017 0.479156
v -0.265632 0.798100 -0.396095
v -0.385870 0.759699 -0.436151
v -0.283439 0.780261 -0.306997
v -0.404206 0.741705 -0.350606
v -0.203046 0.843075 -0.619477
v -0.278890 0.731444 -0.610337
v -0.161804 0.801596 -0.651661
v -0.255668 0.717871 -0.670533
v -0.245625 0.981276 -0.530992
v -0.208851 0.814644 -0.332207
v -0.155047 0.886029 -0.464343
v -0.412446 0.744984 -0.549094
v -0.464904 0.735731 -0.410680
v -0.512618 0.729406 -0.545228
v -0.136031 0.849998 -0.611437
v -0.207666 0.999396 -0.531231
v -0.315412 0.673800 -0.641040
v -0.433745 0.673571 -0.568954
v -0.587876 0.514961 -0.248547
v -0.655327 0.459741 -0.145766
v -0.568928 0.565811 -0.222833
v -0.626067 0.507853 -0.122678
v -0.649516 0.353118 -0.344799
v -0.713520 0.306579 -0.243935
v -0.664842 0.300235 -0.380807
v -0.727061 0.256516 -0.278344
v -0.584228 0.457420 -0.345048
v -0.547944 0.570075 -0.287221
v -0.539534 0.514111 -0.383524
v -0.716369 0.360893 -0.143549
v -0.667986 0.454070 -0.086498
v -0.730016 0.357889 -0.083643
v -0.624324 0.345251 -0.412580
v -0.558473 0.447295 -0.414657
v -0.748222 0.261397 -0.210441
v -0.747796 0.310275 -0.115733
v -0.590288 0.491901 0.244231
v -0.654025 0.456602 0.159397
v -0.557131 0.531839 0.212039
v -0.620979 0.498856 0.124628
v -0.682685 0.354946 0.337160
v -0.739496 0.321072 0.253241
v -0.702233 0.302503 0.369024
v -0.758695 0.272999 0.279420
v -0.605795 0.439064 0.339672
v -0.539572 0.521420 0.271551
v -0.553579 0.468527 0.367853
v -0.728329 0.366254 0.161251
v -0.668099 0.456470 0.094435
v -0.742241 0.365359 0.102515
v -0.656554 0.338276 0.400940
v -0.583979 0.421102 0.402569
v -0.774075 0.268754 0.224313
v -0.768061 0.319881 0.135068
v 0.213671 0.692166 0.276228
v 0.310534 0.625999 0.334922
v 0.234271 0.707838 0.228783
v 0.331558 0.642816 0.279258
v 0.147137 0.621682 0.436365
v 0.245389 0.566873 0.486675
v 0.116688 0.592304 0.486872
v 0.213754 0.541277 0.538719
v 0.133932 0.689047 0.322184
v 0.173817 0.732383 0.219687
v 0.102809 0.731540 0.263100
v 0.090156 0.629104 0.431332
v 0.080316 0.703006 0.315730
v 0.326122 0.567485 0.438314
v 0.371183 0.599867 0.326321
v 0.382930 0.542077 0.428908
v 0.276670 0.526367 0.533416
v 0.363968 0.525481 0.479059
v 0.265507 0.797656 -0.396360
v 0.385902 0.759882 -0.436359
v 0.283266 0.780201 -0.307183
v 0.404344 0.741628 -0.350725
v 0.201633 0.843038 -0.619027
v 0.278968 0.731316 -0.611246
v 0.159061 0.801372 -0.649754
v 0.254936 0.717467 -0.670248
v 0.245474 0.981322 -0.530724
v 0.208933 0.813640 -0.331754
v 0.156386 0.886194 -0.461548
v 0.135533 0.849621 -0.611300
v 0.207466 0.998147 -0.531384
v 0.412236 0.744962 -0.549380
v 0.464759 0.735669 -0.410742
v 0.512498 0.729480 -0.545291
v 0.315492 0.674314 -0.640602
v 0.433872 0.673658 -0.569380
v 0.588244 0.515226 -0.247964
v 0.655719 0.460110 -0.145512
v 0.569067 0.566035 -0.222872
v 0.626427 0.508095 -0.122841
v 0.651138 0.351927 -0.343866
v 0.713299 0.306325 -0.244207
v 0.665810 0.300345 -0.381247
v 0.726387 0.256582 -0.278414
v 0.584977 0.456931 -0.344948
v 0.548557 0.569615 -0.287342
v 0.540148 0.513560 -0.383563
v 0.715660 0.361021 -0.143904
v 0.667998 0.454345 -0.087036
v 0.729459 0.358160 -0.083974
v 0.626017 0.346647 -0.412073
v 0.559237 0.447148 -0.413771
v 0.747031 0.259854 -0.210719
v 0.747748 0.310503 -0.115664
v 0.590118 0.492002 0.244444
v 0.653697 0.456710 0.159527
v 0.556972 0.531954 0.211877
v 0.620063 0.499508 0.124246
v 0.682650 0.354910 0.337147
v 0.739241 0.321391 0.253500
v 0.702195 0.302590 0.369064
v 0.758543 0.272879 0.279372
v 0.605434 0.439237 0.339478
v 0.539564 0.521692 0.271794
v 0.553753 0.469283 0.367602
v 0.728121 0.366948 0.161258
v 0.667240 0.456702 0.094560
v 0.742272 0.365528 0.102492
v 0.656629 0.338189 0.400870
v 0.583620 0.421294 0.401952
v 0.773883 0.269582 0.223915
v 0.767842 0.320788 0.135389
v -0.041420 -0.892789 0.047133
v -0.092402 -0.884640 -0.030263
v -0.118764 -0.867993 0.042288
v -0.156066 -0.898680 -0.059025
v 0.042125 -0.893578 0.048176
v 0.092202 -0.884670 -0.029997
v 0.118292 -0.868726 0.042478
v 0.154276 -0.898131 -0.057180
v -0.000650 -0.899052 0.094285
v -0.081004 -0.870829 0.102065
v -0.016598 -0.889280 0.181449
v 0.000863 -0.882445 -0.018469
v -0.141083 -0.903219 -0.099443
v -0.042913 -0.853853 -0.106586
v 0.080166 -0.870581 0.102166
v 0.015487 -0.889566 0.178723
v 0.144626 -0.902514 -0.099429
v 0.042489 -0.854172 -0.105591
v -0.258758 -0.789246 0.391830
v -0.369702 -0.742267 0.440937
v -0.291715 -0.783514 0.301612
v -0.394921 -0.740668 0.352197
v -0.307159 -0.970833 0.739851
v -0.362768 -0.887005 0.759523
v -0.238440 -0.943740 0.799389
v -0.338717 -0.861266 0.814552
v -0.211427 -0.902671 0.568236
v -0.212495 -0.812467 0.326496
v -0.115414 -0.866875 0.483193
v -0.379937 -0.735988 0.605000
v -0.431423 -0.712975 0.406467
v -0.429723 -0.679116 0.535828
v -0.220901 -0.984912 0.745420
v -0.109653 -0.940942 0.640796
v -0.355858 -0.825603 0.781798
v -0.396666 -0.705661 0.630401
v -0.288686 -0.808103 -0.362107
v -0.350693 -0.684431 -0.359717
v -0.341324 -0.869359 -0.330269
v -0.402519 -0.723579 -0.331592
v -0.153622 -0.639288 -0.451003
v -0.243670 -0.570213 -0.488740
v -0.121961 -0.607432 -0.496602
v -0.216319 -0.542170 -0.539364
v -0.172537 -0.749293 -0.371139
v -0.268038 -0.903643 -0.331135
v -0.150848 -0.801493 -0.327394
v -0.326437 -0.580522 -0.427924
v -0.394594 -0.644430 -0.335910
v -0.381068 -0.554050 -0.413900
v -0.096402 -0.657318 -0.450803
v -0.109577 -0.752861 -0.366805
v -0.276193 -0.523683 -0.529986
v -0.358185 -0.530083 -0.466352
v -0.580095 -0.483800 -0.233544
v -0.653017 -0.447635 -0.142383
v -0.550444 -0.532201 -0.199434
v -0.624232 -0.496790 -0.111000
v -0.645848 -0.350945 -0.336582
v -0.714516 -0.311760 -0.238192
v -0.657023 -0.302434 -0.372357
v -0.722830 -0.258592 -0.273256
v -0.581992 -0.432829 -0.331835
v -0.529867 -0.522530 -0.259727
v -0.539383 -0.469243 -0.358971
v -0.719912 -0.360613 -0.144829
v -0.668535 -0.455162 -0.085014
v -0.732662 -0.362892 -0.086585
v -0.615231 -0.348867 -0.402347
v -0.558188 -0.426326 -0.397719
v -0.744423 -0.264054 -0.208150
v -0.748008 -0.317500 -0.115276
v -0.621980 -0.525563 0.263202
v -0.668964 -0.473550 0.169852
v -0.595997 -0.574823 0.237528
v -0.640478 -0.515733 0.142000
v -0.687738 -0.369244 0.348516
v -0.736936 -0.322756 0.260718
v -0.700667 -0.304957 0.375558
v -0.753487 -0.266287 0.284129
v -0.627417 -0.471804 0.358575
v -0.576412 -0.576220 0.302514
v -0.580828 -0.519750 0.397723
v -0.731904 -0.378963 0.166734
v -0.674024 -0.468487 0.106312
v -0.740792 -0.375354 0.101396
v -0.663320 -0.355812 0.408133
v -0.600939 -0.460508 0.421919
v -0.768617 -0.271097 0.228158
v -0.763924 -0.322094 0.137625
v 0.259695 -0.789311 0.391858
v 0.369506 -0.742515 0.440758
v 0.291712 -0.783009 0.301707
v 0.394898 -0.740668 0.352103
v 0.307522 -0.970062 0.738869
v 0.362937 -0.887224 0.759557
v 0.238100 -0.938133 0.794962
v 0.337276 -0.861111 0.815057
v 0.211595 -0.901471 0.568139
v 0.213376 -0.812691 0.326151
v 0.115296 -0.866092 0.484076
v 0.223445 -0.983470 0.747020
v 0.109592 -0.940678 0.638353
v 0.379829 -0.736125 0.605052
v 0.431303 -0.712758 0.406513
v 0.429593 -0.679107 0.535902
v 0.356020 -0.825966 0.781882
v 0.396603 -0.705768 0.630424
v 0.289551 -0.807842 -0.362060
v 0.350047 -0.685260 -0.359804
v 0.341209 -0.869024 -0.330193
v 0.402505 -0.723697 -0.331355
v 0.154642 -0.640207 -0.453216
v 0.242503 -0.568905 -0.489520
v 0.121211 -0.605120 -0.497887
v 0.213154 -0.543241 -0.538976
v 0.177299 -0.748004 -0.373711
v 0.268763 -0.903690 -0.331160
v 0.149565 -0.801461 -0.327583
v 0.092799 -0.655365 -0.451828
v 0.104999 -0.751658 -0.364408
v 0.326749 -0.581153 -0.428147
v 0.394201 -0.644596 -0.335859
v 0.380672 -0.554315 -0.414284
v 0.276374 -0.523709 -0.530603
v 0.358198 -0.529962 -0.466473
v 0.580961 -0.483594 -0.233703
v 0.653313 -0.447822 -0.142291
v 0.551125 -0.531830 -0.199331
v 0.624271 -0.496709 -0.110959
v 0.645677 -0.351110 -0.336776
v 0.714727 -0.311633 -0.237723
v 0.656799 -0.302630 -0.372566
v 0.723537 -0.259131 -0.273453
v 0.582288 -0.432891 -0.331449
v 0.530498 -0.522373 -0.259949
v 0.539994 -0.469273 -0.359185
v 0.719990 -0.360560 -0.144270
v 0.668813 -0.455272 -0.085154
v 0.732295 -0.362832 -0.086481
v 0.615082 -0.348861 -0.402370
v 0.558275 -0.426272 -0.398082
v 0.744209 -0.263987 -0.207905
v 0.747689 -0.316082 -0.115155
v 0.621929 -0.525592 0.263153
v 0.668991 -0.473563 0.169859
v 0.595939 -0.574897 0.237519
v 0.640373 -0.515815 0.141939
v 0.687675 -0.369262 0.348615
v 0.736876 -0.322791 0.260856
v 0.700944 -0.304971 0.375662
v 0.753666 -0.266431 0.283867
v 0.627216 -0.471771 0.358629
v 0.576377 -0.576200 0.302524
v 0.580751 -0.519712 0.397681
v 0.731821 -0.379046 0.166774
v 0.674009 -0.468397 0.106379
v 0.740716 -0.375298 0.101389
v 0.663206 -0.355817 0.408319
v 0.600916 -0.460764 0.421949
v 0.768946 -0.270995 0.228077
v 0.763956 -0.322089 0.137515
v 0.059439 -0.100217 0.899898
v -0.060126 -0.098633 0.896635
v 0.060025 -0.164724 0.931174
v -0.060514 -0.164441 0.927851
v 0.058581 0.082242 0.843234
v -0.057318 0.085171 0.844792
v 0.060607 0.155849 0.830218
v -0.058823 0.155886 0.829981
v 0.108719 -0.016272 0.860272
v 0.119457 -0.133374 0.892108
v 0.167021 -0.042606 0.850620
v -0.109473 -0.013331 0.859036
v -0.118790 -0.132809 0.890032
v -0.168168 -0.043185 0.850414
v 0.116574 0.117829 0.830329
v 0.169010 0.020235 0.841511
v -0.117086 0.117050 0.833111
v -0.168878 0.024119 0.839707
v 0.385622 -0.391661 0.737746
v 0.342060 -0.273075 0.781604
v 0.344689 -0.446219 0.784000
v 0.294110 -0.314339 0.814419
v 0.525149 -0.256976 0.625981
v 0.489864 -0.162031 0.691100
v 0.570779 -0.222752 0.597359
v 0.533453 -0.129699 0.662133
v 0.468120 -0.374450 0.648595
v 0.386100 -0.492462 0.743024
v 0.456642 -0.465345 0.642116
v 0.564854 -0.288939 0.576451
v 0.504029 -0.405437 0.600217
v 0.391355 -0.164775 0.754145
v 0.296802 -0.235607 0.815931
v 0.338232 -0.135488 0.788267
v 0.481956 -0.098497 0.703461
v 0.385089 -0.099814 0.762876
v -0.385594 -0.391026 0.737743
v -0.342096 -0.272840 0.781794
v -0.344528 -0.447115 0.783632
v -0.294432 -0.313958 0.815444
v -0.525158 -0.256962 0.625977
v -0.489835 -0.161650 0.691135
v -0.570753 -0.222764 0.597335
v -0.532614 -0.130148 0.662905
v -0.468131 -0.374508 0.648539
v -0.386005 -0.492356 0.743061
v -0.456654 -0.465374 0.641981
v -0.564907 -0.289196 0.576308
v -0.504056 -0.405397 0.600111
v -0.391375 -0.164870 0.754036
v -0.296713 -0.236126 0.819058
v -0.338847 -0.135467 0.788801
v -0.482093 -0.098515 0.703204
v -0.385291 -0.099946 0.762088
v 0.367253 0.341421 0.682352
v 0.332173 0.253973 0.744195
v 0.311601 0.369371 0.695644
v 0.279956 0.282941 0.752696
v 0.530962 0.252343 0.621176
v 0.485011 0.160603 0.688224
v 0.574105 0.218726 0.592893
v 0.530331 0.132328 0.663429
v 0.461816 0.337101 0.619643
v 0.355061 0.395542 0.652273
v 0.441242 0.392421 0.591051
v 0.563556 0.278353 0.569884
v 0.493681 0.365249 0.574546
v 0.389503 0.165017 0.745102
v 0.286607 0.220283 0.768862
v 0.340775 0.127796 0.772706
v 0.479515 0.099210 0.702748
v 0.383238 0.096321 0.756537
v -0.367110 0.341343 0.682402
v -0.332729 0.253050 0.743830
v -0.311701 0.369115 0.695871
v -0.279484 0.282393 0.752395
v -0.531330 0.252211 0.621293
v -0.485080 0.160632 0.688485
v -0.574372 0.218845 0.592770
v -0.530369 0.132671 0.663548
v -0.461522 0.337815 0.618563
v -0.355629 0.396489 0.652649
v -0.443229 0.393236 0.590700
v -0.563345 0.278263 0.569761
v -0.493707 0.365074 0.573782
v -0.389502 0.165245 0.745246
v -0.285288 0.217986 0.770364
v -0.340887 0.128296 0.772452
v -0.479647 0.099218 0.702807
v -0.383297 0.096017 0.756506
v 0.050062 -0.095647 -0.843767
v -0.056582 -0.095164 -0.843439
v 0.050317 -0.163359 -0.842703
v -0.054963 -0.164690 -0.844414
v 0.066567 0.122760 -0.937053
v -0.070203 0.122742 -0.942504
v 0.070096 0.191601 -0.975652
v -0.071892 0.193531 -0.972672
v 0.113949 0.019143 -0.861036
v 0.103076 -0.131743 -0.835722
v 0.166272 -0.022804 -0.833243
v -0.112457 0.015752 -0.859080
v -0.107679 -0.132950 -0.837740
v -0.169538 -0.021425 -0.833973
v 0.138085 0.150401 -0.964127
v 0.180034 0.048939 -0.882234
v -0.139446 0.148985 -0.963432
v -0.181955 0.049538 -0.883305
v 0.364142 -0.340072 -0.672980
v 0.324553 -0.262542 -0.738333
v 0.314003 -0.359604 -0.692811
v 0.268607 -0.285840 -0.756655
v 0.514468 -0.256016 -0.610754
v 0.481508 -0.170513 -0.670549
v 0.555547 -0.220634 -0.584667
v 0.527833 -0.135464 -0.647163
v 0.452394 -0.345081 -0.606653
v 0.356111 -0.389463 -0.642547
v 0.435337 -0.402497 -0.576250
v 0.544219 -0.282408 -0.562048
v 0.479105 -0.372244 -0.556170
v 0.385666 -0.175661 -0.731079
v 0.273593 -0.233820 -0.773832
v 0.331703 -0.146196 -0.762046
v 0.485629 -0.100061 -0.683200
v 0.388293 -0.106363 -0.742640
v -0.363993 -0.340613 -0.671523
v -0.325482 -0.263341 -0.738645
v -0.313178 -0.361177 -0.690971
v -0.268513 -0.283963 -0.757153
v -0.514419 -0.255989 -0.610778
v -0.481822 -0.170738 -0.670511
v -0.555607 -0.220665 -0.585070
v -0.527863 -0.135303 -0.647179
v -0.452624 -0.344635 -0.606512
v -0.355475 -0.389715 -0.641819
v -0.435574 -0.401756 -0.576231
v -0.544269 -0.282405 -0.562096
v -0.479325 -0.372303 -0.555965
v -0.384244 -0.175375 -0.731094
v -0.274366 -0.233349 -0.772334
v -0.329819 -0.147395 -0.761162
v -0.485090 -0.100481 -0.683388
v -0.388652 -0.104543 -0.741084
v 0.379656 0.383226 -0.753460
v 0.356242 0.289548 -0.849734
v 0.329885 0.422776 -0.782233
v 0.307162 0.324058 -0.886150
v 0.533432 0.267095 -0.649663
v 0.504019 0.181498 -0.720454
v 0.574493 0.232660 -0.612795
v 0.548673 0.142797 -0.677427
v 0.468666 0.368217 -0.662173
v 0.369015 0.453384 -0.720828
v 0.455098 0.444398 -0.628859
v 0.563118 0.291986 -0.597070
v 0.499027 0.399184 -0.600549
v 0.411314 0.191594 -0.821889
v 0.322448 0.261119 -0.929147
v 0.362089 0.163698 -0.873375
v 0.501819 0.116405 -0.723698
v 0.404392 0.123929 -0.806708
v -0.379932 0.383151 -0.754146
v -0.357706 0.290082 -0.848179
v -0.330021 0.422774 -0.781600
v -0.307461 0.324881 -0.885815
v -0.533359 0.266999 -0.649883
v -0.504231 0.181642 -0.720954
v -0.574398 0.232575 -0.612707
v -0.548645 0.142524 -0.677128
v -0.469050 0.368200 -0.661873
v -0.369219 0.452968 -0.721158
v -0.455378 0.444719 -0.629109
v -0.563353 0.292024 -0.597343
v -0.497091 0.399242 -0.600269
v -0.408849 0.191047 -0.817404
v -0.323270 0.261042 -0.927928
v -0.361743 0.162484 -0.870008
v -0.501491 0.116614 -0.723424
v -0.405108 0.124491 -0.806483
v 0.844881 0.052383 -0.089053
v 0.843375 -0.045506 -0.092394
v 0.832198 0.049916 -0.147194
v 0.829307 -0.049394 -0.148087
v 0.866159 0.053242 0.094203
v 0.866721 -0.051401 0.094467
v 0.855803 0.057519 0.151479
v 0.851906 -0.051019 0.154356
v 0.854318 0.101127 -0.003470
v 0.828686 0.105136 -0.120224
v 0.831777 0.156610 -0.032153
v 0.851918 0.107719 0.126062
v 0.840325 0.154653 0.033886
v 0.852624 -0.099928 0.000250
v 0.825707 -0.104280 -0.119239
v 0.828316 -0.157382 -0.032858
v 0.847149 -0.103852 0.128594
v 0.837604 -0.157000 0.033384
v -0.844623 0.052194 -0.089076
v -0.843209 -0.045691 -0.092384
v -0.832170 0.050002 -0.147258
v -0.829159 -0.049545 -0.148224
v -0.866398 0.053196 0.094450
v -0.866741 -0.051384 0.094597
v -0.856196 0.057670 0.151452
v -0.851986 -0.051184 0.154421
v -0.854140 0.101350 -0.003677
v -0.828742 0.104885 -0.120282
v -0.832145 0.156343 -0.032022
v -0.851914 0.107828 0.126122
v -0.840785 0.154277 0.033899
v -0.852652 -0.099924 0.000350
v -0.825835 -0.103996 -0.119509
v -0.828356 -0.157256 -0.032923
v -0.847283 -0.103737 0.128883
v -0.837567 -0.156965 0.033403
v -0.180004 0.785397 0.081655
v -0.217463 0.755947 0.129057
v -0.205993 0.807375 -0.108887
v -0.253232 0.791308 -0.171190
v -0.151141 0.780211 0.120373
v -0.180000 0.817689 -0.180498
v -0.411700 0.631623 0.212235
v -0.467452 0.607260 0.197479
v -0.449570 0.590011 0.255197
v -0.463222 0.692736 -0.248952
v -0.502683 0.650812 -0.223123
v -0.500508 0.669491 -0.294081
v -0.596081 0.551440 -0.035180
v -0.592471 0.547941 0.027434
v -0.640391 0.502434 0.001641
v 0.180778 0.784110 0.081042
v 0.216495 0.754366 0.128888
v 0.206515 0.806429 -0.110083
v 0.253309 0.791169 -0.169716
v 0.150609 0.779100 0.120418
v 0.179452 0.817552 -0.180695
v 0.410915 0.631362 0.211385
v 0.466501 0.604308 0.197080
v 0.448412 0.589725 0.254374
v 0.462882 0.692757 -0.248454
v 0.502549 0.650911 -0.223260
v 0.500775 0.669334 -0.294089
v 0.596596 0.552035 -0.035310
v 0.592641 0.548841 0.027814
v 0.641817 0.503420 0.003351
v -0.228582 -0.824151 0.101387
v -0.270157 -0.804514 0.168655
v -0.289259 -0.959482 -0.120110
v -0.343575 -0.950892 -0.195052
v -0.195586 -0.831117 0.172000
v -0.271069 -0.974827 -0.204443
v -0.477346 -0.714765 0.260231
v -0.524553 -0.677788 0.235058
v -0.506863 -0.676379 0.301534
v -0.446515 -0.676663 -0.229539
v -0.473167 -0.623301 -0.193680
v -0.454275 -0.614721 -0.252901
v -0.598122 -0.555200 -0.021592
v -0.604057 -0.559166 0.041793
v -0.637589 -0.509957 0.008565
v 0.227906 -0.823711 0.101985
v 0.269818 -0.803586 0.169136
v 0.288600 -0.959701 -0.119550
v 0.343215 -0.951075 -0.195249
v 0.195859 -0.829129 0.172377
v 0.271142 -0.975377 -0.203401
v 0.477292 -0.714670 0.260209
v 0.524447 -0.677887 0.235005
v 0.506986 -0.676453 0.301596
v 0.446686 -0.676314 -0.229433
v 0.473502 -0.623051 -0.193456
v 0.454670 -0.614428 -0.253038
v 0.598448 -0.555012 -0.021584
v 0.604253 -0.559063 0.041954
v 0.637773 -0.509923 0.008654
v -0.054591 -0.884014 0.818289
v 0.058464 -0.881656 0.811035
v -0.288167 -0.729698 0.839249
v -0.300714 -0.623590 0.840510
v 0.000667 -0.904154 0.758212
v -0.354960 -0.673741 0.822425
v 0.287923 -0.729898 0.839198
v 0.300732 -0.623510 0.840239
v 0.355169 -0.673593 0.822468
v 0.125552 -0.269644 0.899130
v 0.188855 -0.306377 0.874358
v -0.123642 -0.266331 0.897331
v -0.189742 -0.302141 0.873519
v 0.182681 -0.233095 0.876973
v -0.184959 -0.232652 0.877219
v -0.031814 0.570026 0.536947
v 0.030513 0.568055 0.536613
v -0.208230 0.477365 0.633075
v -0.231263 0.443928 0.670367
v 0.000058 0.600205 0.484314
v -0.269785 0.462215 0.623457
v 0.209547 0.479815 0.630412
v 0.229758 0.442868 0.668116
v 0.270796 0.463885 0.624285
v 0.115723 0.249426 0.801557
v 0.171263 0.279690 0.781898
v -0.115082 0.252417 0.802135
v -0.171776 0.280134 0.782402
v 0.173213 0.215150 0.799103
v -0.176400 0.216914 0.799056
v -0.033630 -0.579761 -0.540924
v 0.033436 -0.579531 -0.542024
v -0.210677 -0.473887 -0.623951
v -0.232515 -0.430142 -0.661059
v 0.000471 -0.620902 -0.496821
v -0.269578 -0.453203 -0.618715
v 0.211625 -0.474898 -0.623727
v 0.231641 -0.430445 -0.661651
v 0.268860 -0.454370 -0.617438
v 0.102986 -0.249777 -0.823557
v 0.154185 -0.280071 -0.802458
v -0.106887 -0.247771 -0.821481
v -0.158380 -0.278049 -0.800386
v 0.158690 -0.229455 -0.812349
v -0.163447 -0.228686 -0.813659
v -0.036501 0.778746 -0.693283
v 0.041389 0.778703 -0.691381
v -0.264278 0.635945 -0.766305
v -0.276177 0.554109 -0.787940
v -0.000895 0.797153 -0.639338
v -0.306731 0.579021 -0.728384
v 0.266592 0.635692 -0.765978
v 0.278471 0.553735 -0.791047
v 0.307062 0.578587 -0.727793
v 0.142806 0.296778 -0.974984
v 0.210310 0.334646 -0.955931
v -0.147317 0.296262 -0.979920
v -0.208549 0.331991 -0.954690
v 0.217774 0.264723 -0.991768
v -0.214836 0.266690 -0.991177
v 0.657826 0.235052 -0.469042
v 0.635860 0.215111 -0.522707
v 0.768664 0.153966 -0.274769
v 0.795504 0.101018 -0.240615
v 0.622163 0.275724 -0.504808
v 0.788917 0.156942 -0.213106
v 0.647756 -0.230185 -0.457134
v 0.623598 -0.207502 -0.507792
v 0.764587 -0.153076 -0.271594
v 0.790087 -0.101359 -0.240469
v 0.607259 -0.272350 -0.486897
v 0.782942 -0.157247 -0.210089
v 0.577594 -0.027121 -0.619563
v 0.582672 0.042041 -0.629328
v 0.536956 0.007545 -0.662973
v 0.689966 0.232067 0.457073
v 0.665741 0.213694 0.508838
v 0.799681 0.158900 0.277174
v 0.825569 0.107624 0.248499
v 0.645756 0.267683 0.485600
v 0.816552 0.159635 0.217359
v 0.685737 -0.233020 0.455076
v 0.662200 -0.216069 0.505370
v 0.796710 -0.160234 0.281917
v 0.820258 -0.105060 0.251949
v 0.645465 -0.272413 0.487234
v 0.811088 -0.158613 0.221900
v 0.575997 -0.032200 0.642235
v 0.573509 0.034522 0.643324
v 0.530381 -0.000289 0.679623
v -0.657963 0.235101 -0.469843
v -0.635960 0.214519 -0.522993
v -0.768522 0.154474 -0.275030
v -0.795456 0.101077 -0.240897
v -0.622029 0.275645 -0.505200
v -0.789307 0.156726 -0.213242
v -0.647705 -0.230234 -0.457270
v -0.623663 -0.207862 -0.507877
v -0.763724 -0.154088 -0.271062
v -0.790603 -0.100688 -0.241097
v -0.607323 -0.272357 -0.486930
v -0.782336 -0.156787 -0.209924
v -0.577258 -0.027782 -0.620105
v -0.582559 0.041762 -0.628912
v -0.537035 0.007818 -0.662507
v -0.689898 0.232584 0.457427
v -0.665662 0.213591 0.508629
v -0.799820 0.159254 0.277083
v -0.826226 0.107401 0.247913
v -0.645690 0.267621 0.485776
v -0.816474 0.159472 0.217329
v -0.685847 -0.232803 0.455094
v -0.662106 -0.216346 0.505361
v -0.796681 -0.159785 0.282477
v -0.820739 -0.105048 0.252043
v -0.645512 -0.272410 0.486934
v -0.810992 -0.158486 0.221916
v -0.575260 -0.032711 0.640153
v -0.573414 0.034321 0.642787
v -0.530297 -0.000166 0.679166
v -0.020360 0.773151 0.197578
v 0.021254 0.771631 0.196538
v 0.002100 0.748043 0.250247
v -0.025608 0.871045 -0.365041
v 0.025298 0.873344 -0.362763
v -0.001343 0.893486 -0.445895
v -0.474772 0.477962 0.453160
v -0.452328 0.463365 0.505770
v -0.502953 0.438239 0.489842
v -0.492644 0.568604 -0.487624
v -0.466009 0.542400 -0.540974
v -0.499661 0.492658 -0.510037
v -0.770039 0.307845 0.004753
v -0.790443 0.261497 -0.029305
v -0.794364 0.258620 0.037463
v 0.475431 0.478180 0.453622
v 0.452252 0.463077 0.505982
v 0.502590 0.438349 0.490125
v 0.492637 0.568533 -0.487838
v 0.466154 0.542366 -0.540784
v 0.499839 0.494230 -0.509732
v 0.769862 0.308133 0.004577
v 0.790295 0.261773 -0.029452
v 0.794350 0.259112 0.037575
v -0.018001 -0.882760 0.387978
v 0.017325 -0.883293 0.387722
v -0.000525 -0.901327 0.507495
v -0.040860 -0.810199 -0.245428
v 0.044880 -0.809873 -0.246233
v 0.000661 -0.788296 -0.307008
v -0.498971 -0.570466 0.508405
v -0.468571 -0.568390 0.575578
v -0.516965 -0.511638 0.523657
v -0.461470 -0.482859 -0.436458
v -0.437830 -0.466257 -0.490491
v -0.486566 -0.444425 -0.477040
v -0.763722 -0.318288 0.002996
v -0.785805 -0.265714 -0.027101
v -0.787700 -0.265848 0.035956
v 0.498973 -0.570539 0.508399
v 0.468574 -0.568494 0.575602
v 0.516986 -0.511617 0.523490
v 0.461029 -0.482273 -0.436974
v 0.437872 -0.465812 -0.490272
v 0.486724 -0.444317 -0.476654
v 0.763771 -0.318304 0.002978
v 0.785628 -0.265352 -0.027094
v 0.787776 -0.265911 0.035897
v 0.279620 -0.038614 0.812713
v 0.280690 0.025608 0.810134
v 0.328602 -0.006443 0.790155
v -0.278959 -0.038452 0.813193
v -0.280043 0.025199 0.810120
v -0.327533 -0.006794 0.791096
v 0.280534 -0.026453 -0.803683
v 0.290808 0.053375 -0.842114
v 0.337603 0.014099 -0.796264
v -0.279540 -0.026385 -0.802856
v -0.292619 0.050105 -0.839889
v -0.338542 0.015190 -0.792420
f 1 647 644
f 1 644 643
f 1 643 645
f 1 645 646
f 1 646 647
f 2 649 652
f 6 672 670
f 12 702 699
f 11 696 695
f 8 679 681
f 4 662 659
f 4 659 658
f 4 658 660
f 4 660 661
f 4 661 662
f 5 666 665
f 3 654 657
f 7 673 677
f 9 685 686
f 10 692 688
f 12 701 698
f 6 669 668
f 2 650 648
f 8 682 678
f 11 697 693
f 6 671 669
f 12 700 701
f 11 694 697
f 8 680 682
f 2 651 650
f 10 690 689
f 5 663 664
f 3 655 653
f 7 676 674
f 9 687 684
f 10 691 690
f 5 667 663
f 3 656 655
f 7 675 676
f 9 683 687
f 6 668 672
f 2 648 649
f 8 678 679
f 11 693 696
f 12 698 702
f 10 688 691
f 5 665 667
f 3 657 656
f 7 677 675
f 9 686 683
f 5 664 666
f 3 653 654
f 7 674 673
f 9 684 685
f 10 689 692
f 6 670 671
f 12 699 700
f 11 695 694
f 8 681 680
f 2 652 651
f 35 837 838
f 18 735 736
f 19 742 741
f 40 868 867
f 42 880 879
f 34 832 831
f 33 827 828
f 25 778 780
f 36 844 846
f 20 749 747
f 32 819 820
f 23 765 767
f 24 773 771
f 37 850 849
f 41 876 875
f 34 833 834
f 33 826 825
f 25 779 777
f 36 845 843
f 20 748 750
f 17 729 727
f 14 711 709
f 13 706 703
f 15 718 715
f 16 724 721
f 18 737 733
f 35 839 835
f 42 882 878
f 40 870 866
f 19 744 740
f 30 807 805
f 27 789 787
f 22 762 758
f 28 797 793
f 29 802 799
f 32 821 817
f 23 766 763
f 24 774 770
f 37 852 848
f 41 874 872
f 35 838 836
f 18 736 734
f 19 741 739
f 40 867 865
f 42 879 877
f 34 831 829
f 33 828 824
f 25 780 776
f 36 846 842
f 20 747 745
f 32 820 818
f 23 767 764
f 24 771 769
f 37 849 847
f 41 875 871
f 34 834 830
f 33 825 823
f 25 777 775
f 36 843 841
f 20 750 746
f 14 714 710
f 13 707 704
f 15 719 716
f 16 725 722
f 17 732 728
f 21 755 752
f 31 814 811
f 26 784 781
f 38 857 853
f 39 862 860
f 27 792 788
f 22 759 757
f 28 796 794
f 29 803 800
f 30 810 806
f 31 815 812
f 26 785 782
f 38 856 854
f 39 863 859
f 21 754 751
f 14 712 714
f 13 705 707
f 15 717 719
f 16 723 725
f 17 730 732
f 21 753 755
f 31 816 814
f 26 786 784
f 38 858 857
f 39 861 862
f 27 791 792
f 22 761 759
f 28 795 796
f 29 801 803
f 30 808 810
f 31 813 815
f 26 783 785
f 38 855 856
f 39 864 863
f 21 756 754
f 14 709 712
f 13 703 705
f 15 715 717
f 16 721 723
f 17 727 730
f 21 751 753
f 31 812 816
f 26 782 786
f 38 854 858
f 39 859 861
f 27 787 791
f 22 758 761
f 28 793 795
f 29 799 801
f 30 805 808
f 31 811 813
f 26 781 783
f 38 853 855
f 39 860 864
f 21 752 756
f 17 728 731
f 14 710 713
f 13 704 708
f 15 716 720
f 16 722 726
f 18 734 738
f 35 836 840
f 42 877 881
f 40 865 869
f 19 739 743
f 30 806 809
f 27 788 790
f 22 757 760
f 28 794 798
f 29 800 804
f 32 818 822
f 23 764 768
f 24 769 772
f 37 847 851
f 41 871 873
f 35 835 837
f 18 733 735
f 19 740 742
f 40 866 868
f 42 878 880
f 34 830 832
f 33 823 827
f 25 775 778
f 36 841 844
f 20 746 749
f 32 817 819
f 23 763 765
f 24 770 773
f 37 848 850
f 41 872 876
f 34 829 833
f 33 824 826
f 25 776 779
f 36 842 845
f 20 745 748
f 17 731 729
f 14 713 711
f 13 708 706
f 15 720 718
f 16 726 724
f 18 738 737
f 35 840 839
f 42 881 882
f 40 869 870
f 19 743 744
f 30 809 807
f 27 790 789
f 22 760 762
f 28 798 797
f 29 804 802
f 32 822 821
f 23 768 766
f 24 772 774
f 37 851 852
f 41 873 874
f 107 1269 1270
f 103 1245 1246
f 104 1252 1251
f 110 1288 1287
f 113 1306 1305
f 118 1336 1335
f 154 1551 1552
f 141 1473 1474
f 162 1599 1600
f 121 1354 1353
f 142 1479 1480
f 129 1401 1402
f 130 1408 1407
f 144 1492 1491
f 146 1504 1503
f 151 1533 1534
f 131 1414 1413
f 136 1444 1443
f 161 1594 1593
f 126 1383 1384
f 116 1323 1324
f 108 1275 1276
f 106 1263 1264
f 112 1299 1300
f 115 1317 1318
f 119 1341 1342
f 156 1564 1563
f 139 1462 1461
f 160 1588 1587
f 120 1347 1348
f 149 1521 1522
f 132 1420 1419
f 128 1395 1396
f 145 1497 1498
f 148 1515 1516
f 155 1557 1558
f 133 1425 1426
f 134 1431 1432
f 157 1570 1569
f 124 1372 1371
f 109 1282 1281
f 105 1258 1257
f 111 1294 1293
f 114 1312 1311
f 117 1330 1329
f 125 1378 1377
f 152 1540 1539
f 137 1449 1450
f 158 1575 1576
f 123 1365 1366
f 143 1486 1485
f 127 1390 1389
f 135 1437 1438
f 147 1510 1509
f 150 1528 1527
f 153 1546 1545
f 140 1468 1467
f 138 1455 1456
f 159 1581 1582
f 122 1359 1360
f 107 1272 1271
f 103 1248 1247
f 104 1253 1254
f 110 1289 1290
f 113 1307 1308
f 118 1337 1338
f 154 1554 1553
f 141 1476 1475
f 162 1602 1601
f 121 1355 1356
f 142 1482 1481
f 129 1404 1403
f 130 1409 1410
f 144 1493 1494
f 146 1505 1506
f 151 1536 1535
f 131 1415 1416
f 136 1445 1446
f 161 1595 1596
f 126 1386 1385
f 47 909 907
f 44 891 889
f 43 886 883
f 45 898 895
f 46 904 901
f 49 922 919
f 72 1060 1057
f 102 1240 1237
f 96 1204 1201
f 79 1102 1099
f 62 999 997
f 59 981 979
f 58 976 973
f 60 988 985
f 61 994 991
f 66 1024 1021
f 54 952 949
f 73 1066 1063
f 85 1138 1135
f 92 1179 1177
f 101 1233 1231
f 69 1041 1039
f 50 927 925
f 82 1119 1117
f 97 1209 1207
f 71 1053 1051
f 100 1228 1225
f 94 1192 1189
f 80 1108 1105
f 51 933 931
f 90 1167 1165
f 63 1005 1003
f 55 957 955
f 76 1083 1081
f 87 1150 1147
f 91 1174 1171
f 67 1029 1027
f 56 963 961
f 75 1077 1075
f 83 1126 1123
f 68 1036 1033
f 48 915 913
f 78 1095 1093
f 93 1185 1183
f 98 1216 1213
f 88 1155 1153
f 65 1018 1015
f 57 970 967
f 77 1090 1087
f 86 1143 1141
f 64 1012 1009
f 53 945 943
f 74 1071 1069
f 84 1131 1129
f 89 1162 1159
f 70 1047 1045
f 99 1221 1219
f 95 1197 1195
f 81 1114 1111
f 52 940 937
f 109 1284 1280
f 105 1260 1256
f 111 1296 1292
f 114 1314 1310
f 117 1332 1328
f 125 1380 1376
f 152 1542 1538
f 137 1451 1447
f 158 1577 1573
f 123 1367 1363
f 143 1488 1484
f 127 1392 1388
f 135 1439 1435
f 147 1512 1508
f 150 1530 1526
f 153 1548 1544
f 140 1470 1466
f 138 1457 1453
f 159 1583 1579
f 122 1361 1357
f 107 1270 1268
f 103 1246 1244
f 104 1251 1249
f 110 1287 1285
f 113 1305 1303
f 118 1335 1333
f 154 1552 1550
f 141 1474 1472
f 162 1600 1598
f 121 1353 1351
f 142 1480 1478
f 129 1402 1400
f 130 1407 1405
f 144 1491 1489
f 146 1503 1501
f 151 1534 1532
f 131 1413 1411
f 136 1443 1441
f 161 1593 1591
f 126 1384 1382
f 116 1324 1322
f 108 1276 1274
f 106 1264 1262
f 112 1300 1298
f 115 1318 1316
f 119 1342 1340
f 156 1563 1561
f 139 1461 1459
f 160 1587 1585
f 120 1348 1346
f 149 1522 1520
f 132 1419 1417
f 128 1396 1394
f 145 1498 1496
f 148 1516 1514
f 155 1558 1556
f 133 1426 1424
f 134 1432 1430
f 157 1569 1567
f 124 1371 1369
f 109 1281 1279
f 105 1257 1255
f 111 1293 1291
f 114 1311 1309
f 117 1329 1327
f 125 1377 1375
f 152 1539 1537
f 137 1450 1448
f 158 1576 1574
f 123 1366 1364
f 143 1485 1483
f 127 1389 1387
f 135 1438 1436
f 147 1509 1507
f 150 1527 1525
f 153 1545 1543
f 140 1467 1465
f 138 1456 1454
f 159 1582 1580
f 122 1360 1358
f 107 1271 1267
f 103 1247 1243
f 104 1254 1250
f 110 1290 1286
f 113 1308 1304
f 118 1338 1334
f 154 1553 1549
f 141 1475 1471
f 162 1601 1597
f 121 1356 1352
f 142 1481 1477
f 129 1403 1399
f 130 1410 1406
f 144 1494 1490
f 146 1506 1502
f 151 1535 1531
f 131 1416 1412
f 136 1446 1442
f 161 1596 1592
f 126 1385 1381
f 44 894 890
f 43 887 884
f 45 899 896
f 46 905 902
f 47 912 908
f 52 941 938
f 70 1050 1046
f 99 1224 1220
f 95 1200 1196
f 81 1115 1112
f 59 984 980
f 58 977 974
f 60 989 986
f 61 995 992
f 62 1002 998
f 65 1019 1016
f 57 971 968
f 77 1091 1088
f 86 1146 1142
f 88 1158 1154
f 98 1217 1214
f 68 1037 1034
f 48 918 914
f 78 1098 1094
f 93 1188 1184
f 69 1044 1040
f 101 1236 1232
f 97 1212 1208
f 82 1122 1118
f 50 930 926
f 89 1163 1160
f 64 1013 1010
f 53 948 944
f 74 1074 1070
f 84 1134 1130
f 90 1170 1166
f 63 1008 1004
f 55 960 956
f 76 1086 1082
f 87 1151 1148
f 72 1061 1058
f 49 923 920
f 79 1103 1100
f 96 1205 1202
f 102 1241 1238
f 91 1175 1172
f 67 1032 1028
f 56 966 962
f 75 1080 1076
f 83 1127 1124
f 66 1025 1022
f 54 953 950
f 73 1067 1064
f 85 1139 1136
f 92 1182 1178
f 71 1056 1052
f 100 1229 1226
f 94 1193 1190
f 80 1109 1106
f 51 936 932
f 116 1325 1321
f 108 1277 1273
f 106 1265 1261
f 112 1301 1297
f 115 1319 1315
f 119 1343 1339
f 156 1566 1562
f 139 1464 1460
f 160 1590 1586
f 120 1349 1345
f 149 1523 1519
f 132 1422 1418
f 128 1397 1393
f 145 1499 1495
f 148 1517 1513
f 155 1559 1555
f 133 1427 1423
f 134 1433 1429
f 157 1572 1568
f 124 1374 1370
f 44 892 894
f 43 885 887
f 45 897 899
f 46 903 905
f 47 910 912
f 52 939 941
f 70 1048 1050
f 99 1222 1224
f 95 1198 1200
f 81 1113 1115
f 59 982 984
f 58 975 977
f 60 987 989
f 61 993 995
f 62 1000 1002
f 65 1017 1019
f 57 969 971
f 77 1089 1091
f 86 1144 1146
f 88 1156 1158
f 98 1215 1217
f 68 1035 1037
f 48 916 918
f 78 1096 1098
f 93 1186 1188
f 69 1042 1044
f 101 1234 1236
f 97 1210 1212
f 82 1120 1122
f 50 928 930
f 89 1161 1163
f 64 1011 1013
f 53 946 948
f 74 1072 1074
f 84 1132 1134
f 90 1168 1170
f 63 1006 1008
f 55 958 960
f 76 1084 1086
f 87 1149 1151
f 72 1059 1061
f 49 921 923
f 79 1101 1103
f 96 1203 1205
f 102 1239 1241
f 91 1173 1175
f 67 1030 1032
f 56 964 966
f 75 1078 1080
f 83 1125 1127
f 66 1023 1025
f 54 951 953
f 73 1065 1067
f 85 1137 1139
f 92 1180 1182
f 71 1054 1056
f 100 1227 1229
f 94 1191 1193
f 80 1107 1109
f 51 934 936
f 116 1326 1325
f 108 1278 1277
f 106 1266 1265
f 112 1302 1301
f 115 1320 1319
f 119 1344 1343
f 156 1565 1566
f 139 1463 1464
f 160 1589 1590
f 120 1350 1349
f 149 1524 1523
f 132 1421 1422
f 128 1398 1397
f 145 1500 1499
f 148 1518 1517
f 155 1560 1559
f 133 1428 1427
f 134 1434 1433
f 157 1571 1572
f 124 1373 1374
f 44 889 892
f 43 883 885
f 45 895 897
f 46 901 903
f 47 907 910
f 52 937 939
f 70 1045 1048
f 99 1219 1222
f 95 1195 1198
f 81 1111 1113
f 59 979 982
f 58 973 975
f 60 985 987
f 61 991 993
f 62 997 1000
f 65 1015 1017
f 57 967 969
f 77 1087 1089
f 86 1141 1144
f 88 1153 1156
f 98 1213 1215
f 68 1033 1035
f 48 913 916
f 78 1093 1096
f 93 1183 1186
f 69 1039 1042
f 101 1231 1234
f 97 1207 1210
f 82 1117 1120
f 50 925 928
f 89 1159 1161
f 64 1009 1011
f 53 943 946
f 74 1069 1072
f 84 1129 1132
f 90 1165 1168
f 63 1003 1006
f 55 955 958
f 76 1081 1084
f 87 1147 1149
f 72 1057 1059
f 49 919 921
f 79 1099 1101
f 96 1201 1203
f 102 1237 1239
f 91 1171 1173
f 67 1027 1030
f 56 961 964
f 75 1075 1078
f 83 1123 1125
f 66 1021 1023
f 54 949 951
f 73 1063 1065
f 85 1135 1137
f 92 1177 1180
f 71 1051 1054
f 100 1225 1227
f 94 1189 1191
f 80 1105 1107
f 51 931 934
f 116 1322 1326
f 108 1274 1278
f 106 1262 1266
f 112 1298 1302
f 115 1316 1320
f 119 1340 1344
f 156 1561 1565
f 139 1459 1463
f 160 1585 1589
f 120 1346 1350
f 149 1520 1524
f 132 1417 1421
f 128 1394 1398
f 145 1496 1500
f 148 1514 1518
f 155 1556 1560
f 133 1424 1428
f 134 1430 1434
f 157 1567 1571
f 124 1369 1373
f 47 908 911
f 44 890 893
f 43 884 888
f 45 896 900
f 46 902 906
f 49 920 924
f 72 1058 1062
f 102 1238 1242
f 96 1202 1206
f 79 1100 1104
f 62 998 1001
f 59 980 983
f 58 974 978
f 60 986 990
f 61 992 996
f 66 1022 1026
f 54 950 954
f 73 1064 1068
f 85 1136 1140
f 92 1178 1181
f 101 1232 1235
f 69 1040 1043
f 50 926 929
f 82 1118 1121
f 97 1208 1211
f 71 1052 1055
f 100 1226 1230
f 94 1190 1194
f 80 1106 1110
f 51 932 935
f 90 1166 1169
f 63 1004 1007
f 55 956 959
f 76 1082 1085
f 87 1148 1152
f 91 1172 1176
f 67 1028 1031
f 56 962 965
f 75 1076 1079
f 83 1124 1128
f 68 1034 1038
f 48 914 917
f 78 1094 1097
f 93 1184 1187
f 98 1214 1218
f 88 1154 1157
f 65 1016 1020
f 57 968 972
f 77 1088 1092
f 86 1142 1145
f 64 1010 1014
f 53 944 947
f 74 1070 1073
f 84 1130 1133
f 89 1160 1164
f 70 1046 1049
f 99 1220 1223
f 95 1196 1199
f 81 1112 1116
f 52 938 942
f 109 1279 1283
f 105 1255 1259
f 111 1291 1295
f 114 1309 1313
f 117 1327 1331
f 125 1375 1379
f 152 1537 1541
f 137 1448 1452
f 158 1574 1578
f 123 1364 1368
f 143 1483 1487
f 127 1387 1391
f 135 1436 1440
f 147 1507 1511
f 150 1525 1529
f 153 1543 1547
f 140 1465 1469
f 138 1454 1458
f 159 1580 1584
f 122 1358 1362
f 107 1267 1269
f 103 1243 1245
f 104 1250 1252
f 110 1286 1288
f 113 1304 1306
f 118 1334 1336
f 154 1549 1551
f 141 1471 1473
f 162 1597 1599
f 121 1352 1354
f 142 1477 1479
f 129 1399 1401
f 130 1406 1408
f 144 1490 1492
f 146 1502 1504
f 151 1531 1533
f 131 1412 1414
f 136 1442 1444
f 161 1592 1594
f 126 1381 1383
f 116 1321 1323
f 108 1273 1275
f 106 1261 1263
f 112 1297 1299
f 115 1315 1317
f 119 1339 1341
f 156 1562 1564
f 139 1460 1462
f 160 1586 1588
f 120 1345 1347
f 149 1519 1521
f 132 1418 1420
f 128 1393 1395
f 145 1495 1497
f 148 1513 1515
f 155 1555 1557
f 133 1423 1425
f 134 1429 1431
f 157 1568 1570
f 124 1370 1372
f 109 1280 1282
f 105 1256 1258
f 111 1292 1294
f 114 1310 1312
f 117 1328 1330
f 125 1376 1378
f 152 1538 1540
f 137 1447 1449
f 158 1573 1575
f 123 1363 1365
f 143 1484 1486
f 127 1388 1390
f 135 1435 1437
f 147 1508 1510
f 150 1526 1528
f 153 1544 1546
f 140 1466 1468
f 138 1453 1455
f 159 1579 1581
f 122 1357 1359
f 107 1268 1272
f 103 1244 1248
f 104 1249 1253
f 110 1285 1289
f 113 1303 1307
f 118 1333 1337
f 154 1550 1554
f 141 1472 1476
f 162 1598 1602
f 121 1351 1355
f 142 1478 1482
f 129 1400 1404
f 130 1405 1409
f 144 1489 1493
f 146 1501 1505
f 151 1532 1536
f 131 1411 1415
f 136 1441 1445
f 161 1591 1595
f 126 1382 1386
f 47 911 909
f 44 893 891
f 43 888 886
f 45 900 898
f 46 906 904
f 49 924 922
f 72 1062 1060
f 102 1242 1240
f 96 1206 1204
f 79 1104 1102
f 62 1001 999
f 59 983 981
f 58 978 976
f 60 990 988
f 61 996 994
f 66 1026 1024
f 54 954 952
f 73 1068 1066
f 85 1140 1138
f 92 1181 1179
f 101 1235 1233
f 69 1043 1041
f 50 929 927
f 82 1121 1119
f 97 1211 1209
f 71 1055 1053
f 100 1230 1228
f 94 1194 1192
f 80 1110 1108
f 51 935 933
f 90 1169 1167
f 63 1007 1005
f 55 959 957
f 76 1085 1083
f 87 1152 1150
f 91 1176 1174
f 67 1031 1029
f 56 965 963
f 75 1079 1077
f 83 1128 1126
f 68 1038 1036
f 48 917 915
f 78 1097 1095
f 93 1187 1185
f 98 1218 1216
f 88 1157 1155
f 65 1020 1018
f 57 972 970
f 77 1092 1090
f 86 1145 1143
f 64 1014 1012
f 53 947 945
f 74 1073 1071
f 84 1133 1131
f 89 1164 1162
f 70 1049 1047
f 99 1223 1221
f 95 1199 1197
f 81 1116 1114
f 52 942 940
f 109 1283 1284
f 105 1259 1260
f 111 1295 1296
f 114 1313 1314
f 117 1331 1332
f 125 1379 1380
f 152 1541 1542
f 137 1452 1451
f 158 1578 1577
f 123 1368 1367
f 143 1487 1488
f 127 1391 1392
f 135 1440 1439
f 147 1511 1512
f 150 1529 1530
f 153 1547 1548
f 140 1469 1470
f 138 1458 1457
f 159 1584 1583
f 122 1362 1361
f 407 1609 1616
f 403 1605 1608
f 404 1611 1606
f 410 1614 1612
f 413 1617 1615
f 422 1631 1624
f 486 1688 1692
f 573 1775 1782
f 561 1763 1765
f 512 1719 1714
f 452 1654 1661
f 448 1650 1653
f 449 1656 1651
f 455 1659 1657
f 458 1662 1660
f 470 1672 1675
f 437 1646 1639
f 494 1706 1696
f 531 1735 1733
f 539 1741 1751
f 568 1770 1779
f 478 1680 1683
f 419 1621 1626
f 509 1711 1721
f 554 1756 1766
f 482 1684 1689
f 576 1780 1778
f 558 1767 1760
f 516 1722 1718
f 425 1627 1629
f 542 1744 1747
f 463 1668 1665
f 434 1636 1641
f 497 1699 1704
f 528 1730 1737
f 546 1748 1750
f 464 1666 1676
f 440 1642 1644
f 500 1705 1702
f 524 1736 1726
f 479 1691 1681
f 418 1623 1620
f 508 1713 1710
f 553 1764 1755
f 569 1781 1771
f 538 1749 1740
f 471 1677 1673
f 443 1645 1647
f 501 1703 1707
f 523 1725 1734
f 467 1674 1669
f 433 1638 1635
f 493 1695 1698
f 527 1732 1729
f 543 1752 1745
f 485 1690 1687
f 572 1777 1774
f 557 1759 1762
f 515 1717 1720
f 428 1630 1632
f 591 2191 2189
f 587 1885 1883
f 588 1901 1903
f 594 2279 2281
f 597 2315 2317
f 600 2171 2173
f 634 2160 2158
f 619 2016 2012
f 639 2214 2210
f 602 1919 1924
f 624 2137 2135
f 608 1978 1973
f 610 1991 1996
f 627 2225 2227
f 630 2302 2304
f 635 2178 2176
f 615 2153 2155
f 617 2009 2014
f 637 2207 2212
f 604 1926 1922
f 416 1857 1864
f 408 1803 1810
f 406 1786 1795
f 412 1822 1831
f 415 1840 1849
f 424 1876 1887
f 492 2182 2193
f 582 2312 2321
f 565 2276 2285
f 514 1898 1907
f 461 2091 2098
f 453 2037 2044
f 451 1952 1961
f 457 2056 2067
f 460 2074 2083
f 475 2128 2139
f 439 1966 1975
f 496 1988 1997
f 533 2222 2231
f 551 2293 2298
f 579 2185 2190
f 483 1879 1884
f 426 1893 1900
f 521 2271 2278
f 566 2307 2314
f 489 2163 2170
f 578 2150 2159
f 560 2006 2015
f 518 2204 2213
f 429 1911 1918
f 547 2131 2136
f 465 1969 1977
f 441 1983 1990
f 504 2217 2224
f 537 2290 2301
f 550 2168 2177
f 476 2145 2152
f 444 2001 2008
f 502 2199 2206
f 526 1916 1925
f 481 1808 1817
f 420 1789 1797
f 510 1825 1833
f 555 1843 1851
f 571 1862 1871
f 540 1933 1941
f 473 2110 2119
f 447 2020 2029
f 507 2236 2247
f 534 2257 2262
f 469 2042 2051
f 435 1947 1954
f 498 2059 2064
f 529 2077 2085
f 545 2096 2105
f 487 2113 2121
f 574 2023 2031
f 562 2239 2244
f 520 2254 2265
f 432 1930 1939
f 589 1818 1814
f 583 1798 1793
f 586 1834 1829
f 593 1852 1847
f 596 1872 1868
f 599 1942 1937
f 633 2120 2124
f 620 2030 2034
f 640 2248 2250
f 603 2263 2261
f 622 2052 2050
f 607 1955 1960
f 612 2065 2063
f 626 2086 2081
f 629 2106 2102
f 631 2122 2117
f 614 2032 2027
f 618 2245 2243
f 641 2266 2268
f 605 1940 1944
f 409 1813 1804
f 405 1792 1785
f 411 1828 1821
f 414 1846 1839
f 417 1867 1858
f 431 1936 1929
f 488 2123 2114
f 575 2033 2024
f 563 2249 2240
f 519 2260 2253
f 454 2049 2038
f 450 1959 1951
f 456 2062 2055
f 459 2080 2073
f 462 2101 2092
f 472 2116 2109
f 446 2026 2019
f 506 2242 2235
f 535 2267 2258
f 541 1943 1934
f 570 1869 1861
f 480 1815 1807
f 421 1799 1790
f 511 1835 1826
f 556 1853 1844
f 484 1889 1880
f 580 2195 2186
f 567 2319 2308
f 522 2283 2272
f 427 1905 1894
f 544 2103 2095
f 468 2046 2041
f 436 1957 1948
f 499 2069 2060
f 530 2087 2078
f 548 2141 2132
f 466 1979 1970
f 442 1993 1984
f 505 2229 2218
f 536 2296 2289
f 491 2188 2181
f 423 1882 1875
f 513 1902 1897
f 564 2280 2275
f 581 2316 2311
f 549 2172 2167
f 477 2157 2146
f 445 2011 2002
f 503 2209 2200
f 525 1923 1915
f 474 2134 2127
f 438 1972 1965
f 495 1995 1987
f 532 2226 2221
f 552 2303 2294
f 490 2175 2164
f 577 2154 2149
f 559 2013 2005
f 517 2211 2203
f 430 1921 1912
f 590 1865 1870
f 584 1811 1816
f 585 1796 1800
f 592 1832 1836
f 595 1850 1854
f 598 1888 1890
f 636 2194 2196
f 621 2322 2320
f 642 2286 2284
f 601 1908 1906
f 623 2099 2104
f 611 2045 2047
f 609 1962 1958
f 625 2068 2070
f 628 2084 2088
f 632 2140 2142
f 613 1976 1980
f 616 1998 1994
f 638 2232 2230
f 606 2299 2297
f 407 2330 2329
f 403 2324 2323
f 404 2325 2326
f 410 2332 2333
f 413 2335 2336
f 422 2344 2345
f 486 2410 2409
f 573 2497 2496
f 561 2486 2485
f 512 2434 2435
f 452 2375 2374
f 448 2369 2368
f 449 2370 2371
f 455 2377 2378
f 458 2380 2381
f 470 2393 2392
f 437 2359 2360
f 494 2415 2416
f 531 2455 2456
f 539 2461 2460
f 568 2489 2488
f 478 2399 2398
f 419 2341 2340
f 509 2431 2430
f 554 2476 2475
f 482 2405 2404
f 576 2500 2501
f 558 2481 2482
f 516 2439 2440
f 425 2348 2347
f 542 2465 2464
f 463 2383 2384
f 434 2356 2355
f 497 2420 2419
f 528 2452 2451
f 546 2471 2470
f 464 2386 2385
f 440 2363 2362
f 500 2422 2423
f 524 2445 2446
f 479 2400 2401
f 418 2338 2339
f 508 2428 2429
f 553 2473 2474
f 569 2490 2491
f 538 2458 2459
f 471 2394 2395
f 443 2366 2365
f 501 2425 2424
f 523 2444 2443
f 467 2389 2390
f 433 2353 2354
f 493 2414 2413
f 527 2449 2450
f 543 2466 2467
f 485 2407 2408
f 572 2494 2495
f 557 2480 2479
f 515 2438 2437
f 428 2351 2350
f 591 2510 2511
f 587 2504 2505
f 588 2508 2507
f 594 2514 2513
f 597 2517 2516
f 600 2520 2519
f 634 2554 2556
f 619 2539 2540
f 639 2560 2561
f 602 2523 2521
f 624 2543 2544
f 608 2527 2529
f 610 2532 2530
f 627 2547 2546
f 630 2550 2549
f 635 2552 2553
f 615 2535 2534
f 617 2538 2536
f 637 2558 2557
f 604 2524 2525
f 167 1607 647
f 164 1603 644
f 163 1604 643
f 165 1610 645
f 166 1613 646
f 169 1622 649
f 192 1686 672
f 222 1773 702
f 216 1761 696
f 199 1712 679
f 182 1652 662
f 179 1648 659
f 178 1649 658
f 180 1655 660
f 181 1658 661
f 186 1670 666
f 174 1637 654
f 193 1694 673
f 205 1731 685
f 212 1739 692
f 221 1768 701
f 189 1678 669
f 170 1619 650
f 202 1709 682
f 217 1754 697
f 191 1682 671
f 220 1776 700
f 214 1758 694
f 200 1716 680
f 171 1625 651
f 210 1742 690
f 183 1663 663
f 175 1634 655
f 196 1697 676
f 207 1728 687
f 211 1746 691
f 187 1664 667
f 176 1640 656
f 195 1700 675
f 203 1724 683
f 188 1679 668
f 168 1618 648
f 198 1708 678
f 213 1753 693
f 218 1769 698
f 208 1738 688
f 185 1671 665
f 177 1643 657
f 197 1701 677
f 206 1723 686
f 184 1667 664
f 173 1633 653
f 194 1693 674
f 204 1727 684
f 209 1743 689
f 190 1685 670
f 219 1772 699
f 215 1757 695
f 201 1715 681
f 172 1628 652
f 357 2187 837
f 255 1881 735
f 262 1899 742
f 388 2277 868
f 400 2313 880
f 352 2169 832
f 347 2156 827
f 298 2010 778
f 364 2208 844
f 269 1917 749
f 339 2133 819
f 285 1971 765
f 293 1989 773
f 370 2223 850
f 396 2300 876
f 353 2174 833
f 346 2151 826
f 299 2007 779
f 365 2205 845
f 268 1920 748
f 249 1855 729
f 231 1801 711
f 226 1784 706
f 238 1820 718
f 244 1838 724
f 257 1874 737
f 359 2180 839
f 402 2310 882
f 390 2274 870
f 264 1896 744
f 327 2089 807
f 309 2035 789
f 282 1950 762
f 317 2054 797
f 322 2072 802
f 341 2126 821
f 286 1964 766
f 294 1986 774
f 372 2220 852
f 394 2291 874
f 358 2183 838
f 256 1877 736
f 261 1891 741
f 387 2269 867
f 399 2305 879
f 351 2161 831
f 348 2148 828
f 300 2004 780
f 366 2202 846
f 267 1909 747
f 340 2129 820
f 287 1967 767
f 291 1981 771
f 369 2215 849
f 395 2288 875
f 354 2166 834
f 345 2143 825
f 297 1999 777
f 363 2197 843
f 270 1914 750
f 234 1806 714
f 227 1787 707
f 239 1823 719
f 245 1841 725
f 252 1860 732
f 275 1931 755
f 334 2108 814
f 304 2018 784
f 377 2234 857
f 382 2255 862
f 312 2040 792
f 279 1945 759
f 316 2057 796
f 323 2075 803
f 330 2094 810
f 335 2111 815
f 305 2021 785
f 376 2237 856
f 383 2252 863
f 274 1928 754
f 232 1812 712
f 225 1791 705
f 237 1827 717
f 243 1845 723
f 250 1866 730
f 273 1935 753
f 336 2118 816
f 306 2028 786
f 378 2246 858
f 381 2259 861
f 311 2048 791
f 281 1953 761
f 315 2061 795
f 321 2079 801
f 328 2100 808
f 333 2115 813
f 303 2025 783
f 375 2241 855
f 384 2264 864
f 276 1938 756
f 229 1802 709
f 223 1783 703
f 235 1819 715
f 241 1837 721
f 247 1856 727
f 271 1927 751
f 332 2112 812
f 302 2022 782
f 374 2238 854
f 379 2251 859
f 307 2036 787
f 278 1949 758
f 313 2053 793
f 319 2071 799
f 325 2090 805
f 331 2107 811
f 301 2017 781
f 373 2233 853
f 380 2256 860
f 272 1932 752
f 248 1859 728
f 230 1805 710
f 224 1788 704
f 236 1824 716
f 242 1842 722
f 254 1878 734
f 356 2184 836
f 397 2306 877
f 385 2270 865
f 259 1892 739
f 326 2093 806
f 308 2039 788
f 277 1946 757
f 314 2058 794
f 320 2076 800
f 338 2130 818
f 284 1968 764
f 289 1982 769
f 367 2216 847
f 391 2287 871
f 355 2179 835
f 253 1873 733
f 260 1895 740
f 386 2273 866
f 398 2309 878
f 350 2165 830
f 343 2144 823
f 295 2000 775
f 361 2198 841
f 266 1913 746
f 337 2125 817
f 283 1963 763
f 290 1985 770
f 368 2219 848
f 392 2292 872
f 349 2162 829
f 344 2147 824
f 296 2003 776
f 362 2201 842
f 265 1910 745
f 251 1863 731
f 233 1809 713
f 228 1794 708
f 240 1830 720
f 246 1848 726
f 258 1886 738
f 360 2192 840
f 401 2318 881
f 389 2282 869
f 263 1904 743
f 329 2097 809
f 310 2043 790
f 280 1956 760
f 318 2066 798
f 324 2082 804
f 342 2138 822
f 288 1974 768
f 292 1992 772
f 371 2228 851
f 393 2295 873
f 409 2331 1269
f 405 2327 1245
f 411 2328 1252
f 414 2334 1288
f 417 2337 1306
f 431 2346 1336
f 488 2412 1551
f 575 2499 1473
f 563 2487 1599
f 519 2436 1354
f 454 2376 1479
f 450 2372 1401
f 456 2373 1408
f 459 2379 1492
f 462 2382 1504
f 472 2396 1533
f 446 2361 1414
f 506 2418 1444
f 535 2457 1594
f 541 2463 1383
f 570 2492 1323
f 480 2402 1275
f 421 2343 1263
f 511 2433 1299
f 556 2478 1317
f 484 2406 1341
f 580 2502 1564
f 567 2484 1462
f 522 2442 1588
f 427 2349 1347
f 544 2468 1521
f 468 2387 1420
f 436 2358 1395
f 499 2421 1497
f 530 2454 1515
f 548 2472 1557
f 466 2388 1425
f 442 2364 1431
f 505 2426 1570
f 536 2448 1372
f 491 2403 1282
f 423 2342 1258
f 513 2432 1294
f 564 2477 1312
f 581 2493 1330
f 549 2462 1378
f 477 2397 1540
f 445 2367 1449
f 503 2427 1575
f 525 2447 1365
f 474 2391 1486
f 438 2357 1390
f 495 2417 1437
f 532 2453 1510
f 552 2469 1528
f 490 2411 1546
f 577 2498 1468
f 559 2483 1455
f 517 2441 1581
f 430 2352 1359
f 590 2509 1272
f 584 2503 1248
f 585 2506 1253
f 592 2512 1289
f 595 2515 1307
f 598 2518 1337
f 636 2555 1554
f 621 2541 1476
f 642 2562 1602
f 601 2522 1355
f 623 2542 1482
f 611 2528 1404
f 609 2531 1409
f 625 2545 1493
f 628 2548 1505
f 632 2551 1536
f 613 2533 1415
f 616 2537 1445
f 638 2559 1595
f 606 2526 1386
f 407 1616 909
f 403 1608 891
f 404 1606 886
f 410 1612 898
f 413 1615 904
f 422 1624 922
f 486 1692 1060
f 573 1782 1240
f 561 1765 1204
f 512 1714 1102
f 452 1661 999
f 448 1653 981
f 449 1651 976
f 455 1657 988
f 458 1660 994
f 470 1675 1024
f 437 1639 952
f 494 1696 1066
f 531 1733 1138
f 539 1751 1179
f 568 1779 1233
f 478 1683 1041
f 419 1626 927
f 509 1721 1119
f 554 1766 1209
f 482 1689 1053
f 576 1778 1228
f 558 1760 1192
f 516 1718 1108
f 425 1629 933
f 542 1747 1167
f 463 1665 1005
f 434 1641 957
f 497 1704 1083
f 528 1737 1150
f 546 1750 1174
f 464 1676 1029
f 440 1644 963
f 500 1702 1077
f 524 1726 1126
f 479 1681 1036
f 418 1620 915
f 508 1710 1095
f 553 1755 1185
f 569 1771 1216
f 538 1740 1155
f 471 1673 1018
f 443 1647 970
f 501 1707 1090
f 523 1734 1143
f 467 1669 1012
f 433 1635 945
f 493 1698 1071
f 527 1729 1131
f 543 1745 1162
f 485 1687 1047
f 572 1774 1221
f 557 1762 1197
f 515 1720 1114
f 428 1632 940
f 591 2189 1284
f 587 1883 1260
f 588 1903 1296
f 594 2281 1314
f 597 2317 1332
f 600 2173 1380
f 634 2158 1542
f 619 2012 1451
f 639 2210 1577
f 602 1924 1367
f 624 2135 1488
f 608 1973 1392
f 610 1996 1439
f 627 2227 1512
f 630 2304 1530
f 635 2176 1548
f 615 2155 1470
f 617 2014 1457
f 637 2212 1583
f 604 1922 1361
f 416 1864 1270
f 408 1810 1246
f 406 1795 1251
f 412 1831 1287
f 415 1849 1305
f 424 1887 1335
f 492 2193 1552
f 582 2321 1474
f 565 2285 1600
f 514 1907 1353
f 461 2098 1480
f 453 2044 1402
f 451 1961 1407
f 457 2067 1491
f 460 2083 1503
f 475 2139 1534
f 439 1975 1413
f 496 1997 1443
f 533 2231 1593
f 551 2298 1384
f 579 2190 1324
f 483 1884 1276
f 426 1900 1264
f 521 2278 1300
f 566 2314 1318
f 489 2170 1342
f 578 2159 1563
f 560 2015 1461
f 518 2213 1587
f 429 1918 1348
f 547 2136 1522
f 465 1977 1419
f 441 1990 1396
f 504 2224 1498
f 537 2301 1516
f 550 2177 1558
f 476 2152 1426
f 444 2008 1432
f 502 2206 1569
f 526 1925 1371
f 481 1817 1281
f 420 1797 1257
f 510 1833 1293
f 555 1851 1311
f 571 1871 1329
f 540 1941 1377
f 473 2119 1539
f 447 2029 1450
f 507 2247 1576
f 534 2262 1366
f 469 2051 1485
f 435 1954 1389
f 498 2064 1438
f 529 2085 1509
f 545 2105 1527
f 487 2121 1545
f 574 2031 1467
f 562 2244 1456
f 520 2265 1582
f 432 1939 1360
f 589 1814 1271
f 583 1793 1247
f 586 1829 1254
f 593 1847 1290
f 596 1868 1308
f 599 1937 1338
f 633 2124 1553
f 620 2034 1475
f 640 2250 1601
f 603 2261 1356
f 622 2050 1481
f 607 1960 1403
f 612 2063 1410
f 626 2081 1494
f 629 2102 1506
f 631 2117 1535
f 614 2027 1416
f 618 2243 1446
f 641 2268 1596
f 605 1944 1385
f 409 1804 894
f 405 1785 887
f 411 1821 899
f 414 1839 905
f 417 1858 912
f 431 1929 941
f 488 2114 1050
f 575 2024 1224
f 563 2240 1200
f 519 2253 1115
f 454 2038 984
f 450 1951 977
f 456 2055 989
f 459 2073 995
f 462 2092 1002
f 472 2109 1019
f 446 2019 971
f 506 2235 1091
f 535 2258 1146
f 541 1934 1158
f 570 1861 1217
f 480 1807 1037
f 421 1790 918
f 511 1826 1098
f 556 1844 1188
f 484 1880 1044
f 580 2186 1236
f 567 2308 1212
f 522 2272 1122
f 427 1894 930
f 544 2095 1163
f 468 2041 1013
f 436 1948 948
f 499 2060 1074
f 530 2078 1134
f 548 2132 1170
f 466 1970 1008
f 442 1984 960
f 505 2218 1086
f 536 2289 1151
f 491 2181 1061
f 423 1875 923
f 513 1897 1103
f 564 2275 1205
f 581 2311 1241
f 549 2167 1175
f 477 2146 1032
f 445 2002 966
f 503 2200 1080
f 525 1915 1127
f 474 2127 1025
f 438 1965 953
f 495 1987 1067
f 532 2221 1139
f 552 2294 1182
f 490 2164 1056
f 577 2149 1229
f 559 2005 1193
f 517 2203 1109
f 430 1912 936
f 590 1870 1325
f 584 1816 1277
f 585 1800 1265
f 592 1836 1301
f 595 1854 1319
f 598 1890 1343
f 636 2196 1566
f 621 2320 1464
f 642 2284 1590
f 601 1906 1349
f 623 2104 1523
f 611 2047 1422
f 609 1958 1397
f 625 2070 1499
f 628 2088 1517
f 632 2142 1559
f 613 1980 1427
f 616 1994 1433
f 638 2230 1572
f 606 2297 1374
f 407 2329 892
f 403 2323 885
f 404 2326 897
f 410 2333 903
f 413 2336 910
f 422 2345 939
f 486 2409 1048
f 573 2496 1222
f 561 2485 1198
f 512 2435 1113
f 452 2374 982
f 448 2368 975
f 449 2371 987
f 455 2378 993
f 458 2381 1000
f 470 2392 1017
f 437 2360 969
f 494 2416 1089
f 531 2456 1144
f 539 2460 1156
f 568 2488 1215
f 478 2398 1035
f 419 2340 916
f 509 2430 1096
f 554 2475 1186
f 482 2404 1042
f 576 2501 1234
f 558 2482 1210
f 516 2440 1120
f 425 2347 928
f 542 2464 1161
f 463 2384 1011
f 434 2355 946
f 497 2419 1072
f 528 2451 1132
f 546 2470 1168
f 464 2385 1006
f 440 2362 958
f 500 2423 1084
f 524 2446 1149
f 479 2401 1059
f 418 2339 921
f 508 2429 1101
f 553 2474 1203
f 569 2491 1239
f 538 2459 1173
f 471 2395 1030
f 443 2365 964
f 501 2424 1078
f 523 2443 1125
f 467 2390 1023
f 433 2354 951
f 493 2413 1065
f 527 2450 1137
f 543 2467 1180
f 485 2408 1054
f 572 2495 1227
f 557 2479 1191
f 515 2437 1107
f 428 2350 934
f 591 2511 1326
f 587 2505 1278
f 588 2507 1266
f 594 2513 1302
f 597 2516 1320
f 600 2519 1344
f 634 2556 1565
f 619 2540 1463
f 639 2561 1589
f 602 2521 1350
f 624 2544 1524
f 608 2529 1421
f 610 2530 1398
f 627 2546 1500
f 630 2549 1518
f 635 2553 1560
f 615 2534 1428
f 617 2536 1434
f 637 2557 1571
f 604 2525 1373
f 164 1609 889
f 163 1605 883
f 165 1611 895
f 166 1614 901
f 167 1617 907
f 172 1631 937
f 190 1688 1045
f 219 1775 1219
f 215 1763 1195
f 201 1719 1111
f 179 1654 979
f 178 1650 973
f 180 1656 985
f 181 1659 991
f 182 1662 997
f 185 1672 1015
f 177 1646 967
f 197 1706 1087
f 206 1735 1141
f 208 1741 1153
f 218 1770 1213
f 188 1680 1033
f 168 1621 913
f 198 1711 1093
f 213 1756 1183
f 189 1684 1039
f 221 1780 1231
f 217 1767 1207
f 202 1722 1117
f 170 1627 925
f 209 1744 1159
f 184 1668 1009
f 173 1636 943
f 194 1699 1069
f 204 1730 1129
f 210 1748 1165
f 183 1666 1003
f 175 1642 955
f 196 1705 1081
f 207 1736 1147
f 192 1691 1057
f 169 1623 919
f 199 1713 1099
f 216 1764 1201
f 222 1781 1237
f 211 1749 1171
f 187 1677 1027
f 176 1645 961
f 195 1703 1075
f 203 1725 1123
f 186 1674 1021
f 174 1638 949
f 193 1695 1063
f 205 1732 1135
f 212 1752 1177
f 191 1690 1051
f 220 1777 1225
f 214 1759 1189
f 200 1717 1105
f 171 1630 931
f 358 2191 1322
f 256 1885 1274
f 261 1901 1262
f 387 2279 1298
f 399 2315 1316
f 351 2171 1340
f 348 2160 1561
f 300 2016 1459
f 366 2214 1585
f 267 1919 1346
f 340 2137 1520
f 287 1978 1417
f 291 1991 1394
f 369 2225 1496
f 395 2302 1514
f 354 2178 1556
f 345 2153 1424
f 297 2009 1430
f 363 2207 1567
f 270 1926 1369
f 247 1857 908
f 229 1803 890
f 223 1786 884
f 235 1822 896
f 241 1840 902
f 253 1876 920
f 355 2182 1058
f 398 2312 1238
f 386 2276 1202
f 260 1898 1100
f 325 2091 998
f 307 2037 980
f 278 1952 974
f 313 2056 986
f 319 2074 992
f 337 2128 1022
f 283 1966 950
f 290 1988 1064
f 368 2222 1136
f 392 2293 1178
f 356 2185 1232
f 254 1879 1040
f 259 1893 926
f 385 2271 1118
f 397 2307 1208
f 349 2163 1052
f 344 2150 1226
f 296 2006 1190
f 362 2204 1106
f 265 1911 932
f 338 2131 1166
f 284 1969 1004
f 289 1983 956
f 367 2217 1082
f 391 2290 1148
f 350 2168 1172
f 343 2145 1028
f 295 2001 962
f 361 2199 1076
f 266 1916 1124
f 230 1808 1034
f 224 1789 914
f 236 1825 1094
f 242 1843 1184
f 248 1862 1214
f 272 1933 1154
f 331 2110 1016
f 301 2020 968
f 373 2236 1088
f 380 2257 1142
f 308 2042 1010
f 277 1947 944
f 314 2059 1070
f 320 2077 1130
f 326 2096 1160
f 332 2113 1046
f 302 2023 1220
f 374 2239 1196
f 379 2254 1112
f 271 1930 938
f 234 1818 1279
f 227 1798 1255
f 239 1834 1291
f 245 1852 1309
f 252 1872 1327
f 275 1942 1375
f 334 2120 1537
f 304 2030 1448
f 377 2248 1574
f 382 2263 1364
f 312 2052 1483
f 279 1955 1387
f 316 2065 1436
f 323 2086 1507
f 330 2106 1525
f 335 2122 1543
f 305 2032 1465
f 376 2245 1454
f 383 2266 1580
f 274 1940 1358
f 232 1813 1267
f 225 1792 1243
f 237 1828 1250
f 243 1846 1286
f 250 1867 1304
f 273 1936 1334
f 336 2123 1549
f 306 2033 1471
f 378 2249 1597
f 381 2260 1352
f 311 2049 1477
f 281 1959 1399
f 315 2062 1406
f 321 2080 1490
f 328 2101 1502
f 333 2116 1531
f 303 2026 1412
f 375 2242 1442
f 384 2267 1592
f 276 1943 1381
f 251 1869 1321
f 233 1815 1273
f 228 1799 1261
f 240 1835 1297
f 246 1853 1315
f 258 1889 1339
f 360 2195 1562
f 401 2319 1460
f 389 2283 1586
f 263 1905 1345
f 329 2103 1519
f 310 2046 1418
f 280 1957 1393
f 318 2069 1495
f 324 2087 1513
f 342 2141 1555
f 288 1979 1423
f 292 1993 1429
f 371 2229 1568
f 393 2296 1370
f 357 2188 1280
f 255 1882 1256
f 262 1902 1292
f 388 2280 1310
f 400 2316 1328
f 352 2172 1376
f 347 2157 1538
f 298 2011 1447
f 364 2209 1573
f 269 1923 1363
f 339 2134 1484
f 285 1972 1388
f 293 1995 1435
f 370 2226 1508
f 396 2303 1526
f 353 2175 1544
f 346 2154 1466
f 299 2013 1453
f 365 2211 1579
f 268 1921 1357
f 249 1865 1268
f 231 1811 1244
f 226 1796 1249
f 238 1832 1285
f 244 1850 1303
f 257 1888 1333
f 359 2194 1550
f 402 2322 1472
f 390 2286 1598
f 264 1908 1351
f 327 2099 1478
f 309 2045 1400
f 282 1962 1405
f 317 2068 1489
f 322 2084 1501
f 341 2140 1532
f 286 1976 1411
f 294 1998 1441
f 372 2232 1591
f 394 2299 1382
f 416 2330 911
f 408 2324 893
f 406 2325 888
f 412 2332 900
f 415 2335 906
f 424 2344 924
f 492 2410 1062
f 582 2497 1242
f 565 2486 1206
f 514 2434 1104
f 461 2375 1001
f 453 2369 983
f 451 2370 978
f 457 2377 990
f 460 2380 996
f 475 2393 1026
f 439 2359 954
f 496 2415 1068
f 533 2455 1140
f 551 2461 1181
f 579 2489 1235
f 483 2399 1043
f 426 2341 929
f 521 2431 1121
f 566 2476 1211
f 489 2405 1055
f 578 2500 1230
f 560 2481 1194
f 518 2439 1110
f 429 2348 935
f 547 2465 1169
f 465 2383 1007
f 441 2356 959
f 504 2420 1085
f 537 2452 1152
f 550 2471 1176
f 476 2386 1031
f 444 2363 965
f 502 2422 1079
f 526 2445 1128
f 481 2400 1038
f 420 2338 917
f 510 2428 1097
f 555 2473 1187
f 571 2490 1218
f 540 2458 1157
f 473 2394 1020
f 447 2366 972
f 507 2425 1092
f 534 2444 1145
f 469 2389 1014
f 435 2353 947
f 498 2414 1073
f 529 2449 1133
f 545 2466 1164
f 487 2407 1049
f 574 2494 1223
f 562 2480 1199
f 520 2438 1116
f 432 2351 942
f 589 2510 1283
f 583 2504 1259
f 586 2508 1295
f 593 2514 1313
f 596 2517 1331
f 599 2520 1379
f 633 2554 1541
f 620 2539 1452
f 640 2560 1578
f 603 2523 1368
f 622 2543 1487
f 607 2527 1391
f 612 2532 1440
f 626 2547 1511
f 629 2550 1529
f 631 2552 1547
f 614 2535 1469
f 618 2538 1458
f 641 2558 1584
f 605 2524 1362
f 164 1607 1609
f 163 1603 1605
f 165 1604 1611
f 166 1610 1614
f 167 1613 1617
f 172 1622 1631
f 190 1686 1688
f 219 1773 1775
f 215 1761 1763
f 201 1712 1719
f 179 1652 1654
f 178 1648 1650
f 180 1649 1656
f 181 1655 1659
f 182 1658 1662
f 185 1670 1672
f 177 1637 1646
f 197 1694 1706
f 206 1731 1735
f 208 1739 1741
f 218 1768 1770
f 188 1678 1680
f 168 1619 1621
f 198 1709 1711
f 213 1754 1756
f 189 1682 1684
f 221 1776 1780
f 217 1758 1767
f 202 1716 1722
f 170 1625 1627
f 209 1742 1744
f 184 1663 1668
f 173 1634 1636
f 194 1697 1699
f 204 1728 1730
f 210 1746 1748
f 183 1664 1666
f 175 1640 1642
f 196 1700 1705
f 207 1724 1736
f 192 1679 1691
f 169 1618 1623
f 199 1708 1713
f 216 1753 1764
f 222 1769 1781
f 211 1738 1749
f 187 1671 1677
f 176 1643 1645
f 195 1701 1703
f 203 1723 1725
f 186 1667 1674
f 174 1633 1638
f 193 1693 1695
f 205 1727 1732
f 212 1743 1752
f 191 1685 1690
f 220 1772 1777
f 214 1757 1759
f 200 1715 1717
f 171 1628 1630
f 358 2187 2191
f 256 1881 1885
f 261 1899 1901
f 387 2277 2279
f 399 2313 2315
f 351 2169 2171
f 348 2156 2160
f 300 2010 2016
f 366 2208 2214
f 267 1917 1919
f 340 2133 2137
f 287 1971 1978
f 291 1989 1991
f 369 2223 2225
f 395 2300 2302
f 354 2174 2178
f 345 2151 2153
f 297 2007 2009
f 363 2205 2207
f 270 1920 1926
f 247 1855 1857
f 229 1801 1803
f 223 1784 1786
f 235 1820 1822
f 241 1838 1840
f 253 1874 1876
f 355 2180 2182
f 398 2310 2312
f 386 2274 2276
f 260 1896 1898
f 325 2089 2091
f 307 2035 2037
f 278 1950 1952
f 313 2054 2056
f 319 2072 2074
f 337 2126 2128
f 283 1964 1966
f 290 1986 1988
f 368 2220 2222
f 392 2291 2293
f 356 2183 2185
f 254 1877 1879
f 259 1891 1893
f 385 2269 2271
f 397 2305 2307
f 349 2161 2163
f 344 2148 2150
f 296 2004 2006
f 362 2202 2204
f 265 1909 1911
f 338 2129 2131
f 284 1967 1969
f 289 1981 1983
f 367 2215 2217
f 391 2288 2290
f 350 2166 2168
f 343 2143 2145
f 295 1999 2001
f 361 2197 2199
f 266 1914 1916
f 230 1806 1808
f 224 1787 1789
f 236 1823 1825
f 242 1841 1843
f 248 1860 1862
f 272 1931 1933
f 331 2108 2110
f 301 2018 2020
f 373 2234 2236
f 380 2255 2257
f 308 2040 2042
f 277 1945 1947
f 314 2057 2059
f 320 2075 2077
f 326 2094 2096
f 332 2111 2113
f 302 2021 2023
f 374 2237 2239
f 379 2252 2254
f 271 1928 1930
f 234 1812 1818
f 227 1791 1798
f 239 1827 1834
f 245 1845 1852
f 252 1866 1872
f 275 1935 1942
f 334 2118 2120
f 304 2028 2030
f 377 2246 2248
f 382 2259 2263
f 312 2048 2052
f 279 1953 1955
f 316 2061 2065
f 323 2079 2086
f 330 2100 2106
f 335 2115 2122
f 305 2025 2032
f 376 2241 2245
f 383 2264 2266
f 274 1938 1940
f 232 1802 1813
f 225 1783 1792
f 237 1819 1828
f 243 1837 1846
f 250 1856 1867
f 273 1927 1936
f 336 2112 2123
f 306 2022 2033
f 378 2238 2249
f 381 2251 2260
f 311 2036 2049
f 281 1949 1959
f 315 2053 2062
f 321 2071 2080
f 328 2090 2101
f 333 2107 2116
f 303 2017 2026
f 375 2233 2242
f 384 2256 2267
f 276 1932 1943
f 251 1859 1869
f 233 1805 1815
f 228 1788 1799
f 240 1824 1835
f 246 1842 1853
f 258 1878 1889
f 360 2184 2195
f 401 2306 2319
f 389 2270 2283
f 263 1892 1905
f 329 2093 2103
f 310 2039 2046
f 280 1946 1957
f 318 2058 2069
f 324 2076 2087
f 342 2130 2141
f 288 1968 1979
f 292 1982 1993
f 371 2216 2229
f 393 2287 2296
f 357 2179 2188
f 255 1873 1882
f 262 1895 1902
f 388 2273 2280
f 400 2309 2316
f 352 2165 2172
f 347 2144 2157
f 298 2000 2011
f 364 2198 2209
f 269 1913 1923
f 339 2125 2134
f 285 1963 1972
f 293 1985 1995
f 370 2219 2226
f 396 2292 2303
f 353 2162 2175
f 346 2147 2154
f 299 2003 2013
f 365 2201 2211
f 268 1910 1921
f 249 1863 1865
f 231 1809 1811
f 226 1794 1796
f 238 1830 1832
f 244 1848 1850
f 257 1886 1888
f 359 2192 2194
f 402 2318 2322
f 390 2282 2286
f 264 1904 1908
f 327 2097 2099
f 309 2043 2045
f 282 1956 1962
f 317 2066 2068
f 322 2082 2084
f 341 2138 2140
f 286 1974 1976
f 294 1992 1998
f 372 2228 2232
f 394 2295 2299
f 416 2331 2330
f 408 2327 2324
f 406 2328 2325
f 412 2334 2332
f 415 2337 2335
f 424 2346 2344
f 492 2412 2410
f 582 2499 2497
f 565 2487 2486
f 514 2436 2434
f 461 2376 2375
f 453 2372 2369
f 451 2373 2370
f 457 2379 2377
f 460 2382 2380
f 475 2396 2393
f 439 2361 2359
f 496 2418 2415
f 533 2457 2455
f 551 2463 2461
f 579 2492 2489
f 483 2402 2399
f 426 2343 2341
f 521 2433 2431
f 566 2478 2476
f 489 2406 2405
f 578 2502 2500
f 560 2484 2481
f 518 2442 2439
f 429 2349 2348
f 547 2468 2465
f 465 2387 2383
f 441 2358 2356
f 504 2421 2420
f 537 2454 2452
f 550 2472 2471
f 476 2388 2386
f 444 2364 2363
f 502 2426 2422
f 526 2448 2445
f 481 2403 2400
f 420 2342 2338
f 510 2432 2428
f 555 2477 2473
f 571 2493 2490
f 540 2462 2458
f 473 2397 2394
f 447 2367 2366
f 507 2427 2425
f 534 2447 2444
f 469 2391 2389
f 435 2357 2353
f 498 2417 2414
f 529 2453 2449
f 545 2469 2466
f 487 2411 2407
f 574 2498 2494
f 562 2483 2480
f 520 2441 2438
f 432 2352 2351
f 589 2509 2510
f 583 2503 2504
f 586 2506 2508
f 593 2512 2514
f 596 2515 2517
f 599 2518 2520
f 633 2555 2554
f 620 2541 2539
f 640 2562 2560
f 603 2522 2523
f 622 2542 2543
f 607 2528 2527
f 612 2531 2532
f 626 2545 2547
f 629 2548 2550
f 631 2551 2552
f 614 2533 2535
f 618 2537 2538
f 641 2559 2558
f 605 2526 2524
f 164 644 1607
f 163 643 1603
f 165 645 1604
f 166 646 1610
f 167 647 1613
f 172 652 1622
f 190 670 1686
f 219 699 1773
f 215 695 1761
f 201 681 1712
f 179 659 1652
f 178 658 1648
f 180 660 1649
f 181 661 1655
f 182 662 1658
f 185 665 1670
f 177 657 1637
f 197 677 1694
f 206 686 1731
f 208 688 1739
f 218 698 1768
f 188 668 1678
f 168 648 1619
f 198 678 1709
f 213 693 1754
f 189 669 1682
f 221 701 1776
f 217 697 1758
f 202 682 1716
f 170 650 1625
f 209 689 1742
f 184 664 1663
f 173 653 1634
f 194 674 1697
f 204 684 1728
f 210 690 1746
f 183 663 1664
f 175 655 1640
f 196 676 1700
f 207 687 1724
f 192 672 1679
f 169 649 1618
f 199 679 1708
f 216 696 1753
f 222 702 1769
f 211 691 1738
f 187 667 1671
f 176 656 1643
f 195 675 1701
f 203 683 1723
f 186 666 1667
f 174 654 1633
f 193 673 1693
f 205 685 1727
f 212 692 1743
f 191 671 1685
f 220 700 1772
f 214 694 1757
f 200 680 1715
f 171 651 1628
f 358 838 2187
f 256 736 1881
f 261 741 1899
f 387 867 2277
f 399 879 2313
f 351 831 2169
f 348 828 2156
f 300 780 2010
f 366 846 2208
f 267 747 1917
f 340 820 2133
f 287 767 1971
f 291 771 1989
f 369 849 2223
f 395 875 2300
f 354 834 2174
f 345 825 2151
f 297 777 2007
f 363 843 2205
f 270 750 1920
f 247 727 1855
f 229 709 1801
f 223 703 1784
f 235 715 1820
f 241 721 1838
f 253 733 1874
f 355 835 2180
f 398 878 2310
f 386 866 2274
f 260 740 1896
f 325 805 2089
f 307 787 2035
f 278 758 1950
f 313 793 2054
f 319 799 2072
f 337 817 2126
f 283 763 1964
f 290 770 1986
f 368 848 2220
f 392 872 2291
f 356 836 2183
f 254 734 1877
f 259 739 1891
f 385 865 2269
f 397 877 2305
f 349 829 2161
f 344 824 2148
f 296 776 2004
f 362 842 2202
f 265 745 1909
f 338 818 2129
f 284 764 1967
f 289 769 1981
f 367 847 2215
f 391 871 2288
f 350 830 2166
f 343 823 2143
f 295 775 1999
f 361 841 2197
f 266 746 1914
f 230 710 1806
f 224 704 1787
f 236 716 1823
f 242 722 1841
f 248 728 1860
f 272 752 1931
f 331 811 2108
f 301 781 2018
f 373 853 2234
f 380 860 2255
f 308 788 2040
f 277 757 1945
f 314 794 2057
f 320 800 2075
f 326 806 2094
f 332 812 2111
f 302 782 2021
f 374 854 2237
f 379 859 2252
f 271 751 1928
f 234 714 1812
f 227 707 1791
f 239 719 1827
f 245 725 1845
f 252 732 1866
f 275 755 1935
f 334 814 2118
f 304 784 2028
f 377 857 2246
f 382 862 2259
f 312 792 2048
f 279 759 1953
f 316 796 2061
f 323 803 2079
f 330 810 2100
f 335 815 2115
f 305 785 2025
f 376 856 2241
f 383 863 2264
f 274 754 1938
f 232 712 1802
f 225 705 1783
f 237 717 1819
f 243 723 1837
f 250 730 1856
f 273 753 1927
f 336 816 2112
f 306 786 2022
f 378 858 2238
f 381 861 2251
f 311 791 2036
f 281 761 1949
f 315 795 2053
f 321 801 2071
f 328 808 2090
f 333 813 2107
f 303 783 2017
f 375 855 2233
f 384 864 2256
f 276 756 1932
f 251 731 1859
f 233 713 1805
f 228 708 1788
f 240 720 1824
f 246 726 1842
f 258 738 1878
f 360 840 2184
f 401 881 2306
f 389 869 2270
f 263 743 1892
f 329 809 2093
f 310 790 2039
f 280 760 1946
f 318 798 2058
f 324 804 2076
f 342 822 2130
f 288 768 1968
f 292 772 1982
f 371 851 2216
f 393 873 2287
f 357 837 2179
f 255 735 1873
f 262 742 1895
f 388 868 2273
f 400 880 2309
f 352 832 2165
f 347 827 2144
f 298 778 2000
f 364 844 2198
f 269 749 1913
f 339 819 2125
f 285 765 1963
f 293 773 1985
f 370 850 2219
f 396 876 2292
f 353 833 2162
f 346 826 2147
f 299 779 2003
f 365 845 2201
f 268 748 1910
f 249 729 1863
f 231 711 1809
f 226 706 1794
f 238 718 1830
f 244 724 1848
f 257 737 1886
f 359 839 2192
f 402 882 2318
f 390 870 2282
f 264 744 1904
f 327 807 2097
f 309 789 2043
f 282 762 1956
f 317 797 2066
f 322 802 2082
f 341 821 2138
f 286 766 1974
f 294 774 1992
f 372 852 2228
f 394 874 2295
f 416 1270 2331
f 408 1246 2327
f 406 1251 2328
f 412 1287 2334
f 415 1305 2337
f 424 1335 2346
f 492 1552 2412
f 582 1474 2499
f 565 1600 2487
f 514 1353 2436
f 461 1480 2376
f 453 1402 2372
f 451 1407 2373
f 457 1491 2379
f 460 1503 2382
f 475 1534 2396
f 439 1413 2361
f 496 1443 2418
f 533 1593 2457
f 551 1384 2463
f 579 1324 2492
f 483 1276 2402
f 426 1264 2343
f 521 1300 2433
f 566 1318 2478
f 489 1342 2406
f 578 1563 2502
f 560 1461 2484
f 518 1587 2442
f 429 1348 2349
f 547 1522 2468
f 465 1419 2387
f 441 1396 2358
f 504 1498 2421
f 537 1516 2454
f 550 1558 2472
f 476 1426 2388
f 444 1432 2364
f 502 1569 2426
f 526 1371 2448
f 481 1281 2403
f 420 1257 2342
f 510 1293 2432
f 555 1311 2477
f 571 1329 2493
f 540 1377 2462
f 473 1539 2397
f 447 1450 2367
f 507 1576 2427
f 534 1366 2447
f 469 1485 2391
f 435 1389 2357
f 498 1438 2417
f 529 1509 2453
f 545 1527 2469
f 487 1545 2411
f 574 1467 2498
f 562 1456 2483
f 520 1582 2441
f 432 1360 2352
f 589 1271 2509
f 583 1247 2503
f 586 1254 2506
f 593 1290 2512
f 596 1308 2515
f 599 1338 2518
f 633 1553 2555
f 620 1475 2541
f 640 1601 2562
f 603 1356 2522
f 622 1481 2542
f 607 1403 2528
f 612 1410 2531
f 626 1494 2545
f 629 1506 2548
f 631 1535 2551
f 614 1416 2533
f 618 1446 2537
f 641 1596 2559
f 605 1385 2526
f 167 907 1616
f 164 889 1608
f 163 883 1606
f 165 895 1612
f 166 901 1615
f 169 919 1624
f 192 1057 1692
f 222 1237 1782
f 216 1201 1765
f 199 1099 1714
f 182 997 1661
f 179 979 1653
f 178 973 1651
f 180 985 1657
f 181 991 1660
f 186 1021 1675
f 174 949 1639
f 193 1063 1696
f 205 1135 1733
f 212 1177 1751
f 221 1231 1779
f 189 1039 1683
f 170 925 1626
f 202 1117 1721
f 217 1207 1766
f 191 1051 1689
f 220 1225 1778
f 214 1189 1760
f 200 1105 1718
f 171 931 1629
f 210 1165 1747
f 183 1003 1665
f 175 955 1641
f 196 1081 1704
f 207 1147 1737
f 211 1171 1750
f 187 1027 1676
f 176 961 1644
f 195 1075 1702
f 203 1123 1726
f 188 1033 1681
f 168 913 1620
f 198 1093 1710
f 213 1183 1755
f 218 1213 1771
f 208 1153 1740
f 185 1015 1673
f 177 967 1647
f 197 1087 1707
f 206 1141 1734
f 184 1009 1669
f 173 943 1635
f 194 1069 1698
f 204 1129 1729
f 209 1159 1745
f 190 1045 1687
f 219 1219 1774
f 215 1195 1762
f 201 1111 1720
f 172 937 1632
f 357 1280 2189
f 255 1256 1883
f 262 1292 1903
f 388 1310 2281
f 400 1328 2317
f 352 1376 2173
f 347 1538 2158
f 298 1447 2012
f 364 1573 2210
f 269 1363 1924
f 339 1484 2135
f 285 1388 1973
f 293 1435 1996
f 370 1508 2227
f 396 1526 2304
f 353 1544 2176
f 346 1466 2155
f 299 1453 2014
f 365 1579 2212
f 268 1357 1922
f 249 1268 1864
f 231 1244 1810
f 226 1249 1795
f 238 1285 1831
f 244 1303 1849
f 257 1333 1887
f 359 1550 2193
f 402 1472 2321
f 390 1598 2285
f 264 1351 1907
f 327 1478 2098
f 309 1400 2044
f 282 1405 1961
f 317 1489 2067
f 322 1501 2083
f 341 1532 2139
f 286 1411 1975
f 294 1441 1997
f 372 1591 2231
f 394 1382 2298
f 358 1322 2190
f 256 1274 1884
f 261 1262 1900
f 387 1298 2278
f 399 1316 2314
f 351 1340 2170
f 348 1561 2159
f 300 1459 2015
f 366 1585 2213
f 267 1346 1918
f 340 1520 2136
f 287 1417 1977
f 291 1394 1990
f 369 1496 2224
f 395 1514 2301
f 354 1556 2177
f 345 1424 2152
f 297 1430 2008
f 363 1567 2206
f 270 1369 1925
f 234 1279 1817
f 227 1255 1797
f 239 1291 1833
f 245 1309 1851
f 252 1327 1871
f 275 1375 1941
f 334 1537 2119
f 304 1448 2029
f 377 1574 2247
f 382 1364 2262
f 312 1483 2051
f 279 1387 1954
f 316 1436 2064
f 323 1507 2085
f 330 1525 2105
f 335 1543 2121
f 305 1465 2031
f 376 1454 2244
f 383 1580 2265
f 274 1358 1939
f 232 1267 1814
f 225 1243 1793
f 237 1250 1829
f 243 1286 1847
f 250 1304 1868
f 273 1334 1937
f 336 1549 2124
f 306 1471 2034
f 378 1597 2250
f 381 1352 2261
f 311 1477 2050
f 281 1399 1960
f 315 1406 2063
f 321 1490 2081
f 328 1502 2102
f 333 1531 2117
f 303 1412 2027
f 375 1442 2243
f 384 1592 2268
f 276 1381 1944
f 229 890 1804
f 223 884 1785
f 235 896 1821
f 241 902 1839
f 247 908 1858
f 271 938 1929
f 332 1046 2114
f 302 1220 2024
f 374 1196 2240
f 379 1112 2253
f 307 980 2038
f 278 974 1951
f 313 986 2055
f 319 992 2073
f 325 998 2092
f 331 1016 2109
f 301 968 2019
f 373 1088 2235
f 380 1142 2258
f 272 1154 1934
f 248 1214 1861
f 230 1034 1807
f 224 914 1790
f 236 1094 1826
f 242 1184 1844
f 254 1040 1880
f 356 1232 2186
f 397 1208 2308
f 385 1118 2272
f 259 926 1894
f 326 1160 2095
f 308 1010 2041
f 277 944 1948
f 314 1070 2060
f 320 1130 2078
f 338 1166 2132
f 284 1004 1970
f 289 956 1984
f 367 1082 2218
f 391 1148 2289
f 355 1058 2181
f 253 920 1875
f 260 1100 1897
f 386 1202 2275
f 398 1238 2311
f 350 1172 2167
f 343 1028 2146
f 295 962 2002
f 361 1076 2200
f 266 1124 1915
f 337 1022 2127
f 283 950 1965
f 290 1064 1987
f 368 1136 2221
f 392 1178 2294
f 349 1052 2164
f 344 1226 2149
f 296 1190 2005
f 362 1106 2203
f 265 932 1912
f 251 1321 1870
f 233 1273 1816
f 228 1261 1800
f 240 1297 1836
f 246 1315 1854
f 258 1339 1890
f 360 1562 2196
f 401 1460 2320
f 389 1586 2284
f 263 1345 1906
f 329 1519 2104
f 310 1418 2047
f 280 1393 1958
f 318 1495 2070
f 324 1513 2088
f 342 1555 2142
f 288 1423 1980
f 292 1429 1994
f 371 1568 2230
f 393 1370 2297
f 409 894 2329
f 405 887 2323
f 411 899 2326
f 414 905 2333
f 417 912 2336
f 431 941 2345
f 488 1050 2409
f 575 1224 2496
f 563 1200 2485
f 519 1115 2435
f 454 984 2374
f 450 977 2368
f 456 989 2371
f 459 995 2378
f 462 1002 2381
f 472 1019 2392
f 446 971 2360
f 506 1091 2416
f 535 1146 2456
f 541 1158 2460
f 570 1217 2488
f 480 1037 2398
f 421 918 2340
f 511 1098 2430
f 556 1188 2475
f 484 1044 2404
f 580 1236 2501
f 567 1212 2482
f 522 1122 2440
f 427 930 2347
f 544 1163 2464
f 468 1013 2384
f 436 948 2355
f 499 1074 2419
f 530 1134 2451
f 548 1170 2470
f 466 1008 2385
f 442 960 2362
f 505 1086 2423
f 536 1151 2446
f 491 1061 2401
f 423 923 2339
f 513 1103 2429
f 564 1205 2474
f 581 1241 2491
f 549 1175 2459
f 477 1032 2395
f 445 966 2365
f 503 1080 2424
f 525 1127 2443
f 474 1025 2390
f 438 953 2354
f 495 1067 2413
f 532 1139 2450
f 552 1182 2467
f 490 1056 2408
f 577 1229 2495
f 559 1193 2479
f 517 1109 2437
f 430 936 2350
f 590 1325 2511
f 584 1277 2505
f 585 1265 2507
f 592 1301 2513
f 595 1319 2516
f 598 1343 2519
f 636 1566 2556
f 621 1464 2540
f 642 1590 2561
f 601 1349 2521
f 623 1523 2544
f 611 1422 2529
f 609 1397 2530
f 625 1499 2546
f 628 1517 2549
f 632 1559 2553
f 613 1427 2534
f 616 1433 2536
f 638 1572 2557
f 606 1374 2525
f 407 892 1609
f 403 885 1605
f 404 897 1611
f 410 903 1614
f 413 910 1617
f 422 939 1631
f 486 1048 1688
f 573 1222 1775
f 561 1198 1763
f 512 1113 1719
f 452 982 1654
f 448 975 1650
f 449 987 1656
f 455 993 1659
f 458 1000 1662
f 470 1017 1672
f 437 969 1646
f 494 1089 1706
f 531 1144 1735
f 539 1156 1741
f 568 1215 1770
f 478 1035 1680
f 419 916 1621
f 509 1096 1711
f 554 1186 1756
f 482 1042 1684
f 576 1234 1780
f 558 1210 1767
f 516 1120 1722
f 425 928 1627
f 542 1161 1744
f 463 1011 1668
f 434 946 1636
f 497 1072 1699
f 528 1132 1730
f 546 1168 1748
f 464 1006 1666
f 440 958 1642
f 500 1084 1705
f 524 1149 1736
f 479 1059 1691
f 418 921 1623
f 508 1101 1713
f 553 1203 1764
f 569 1239 1781
f 538 1173 1749
f 471 1030 1677
f 443 964 1645
f 501 1078 1703
f 523 1125 1725
f 467 1023 1674
f 433 951 1638
f 493 1065 1695
f 527 1137 1732
f 543 1180 1752
f 485 1054 1690
f 572 1227 1777
f 557 1191 1759
f 515 1107 1717
f 428 934 1630
f 591 1326 2191
f 587 1278 1885
f 588 1266 1901
f 594 1302 2279
f 597 1320 2315
f 600 1344 2171
f 634 1565 2160
f 619 1463 2016
f 639 1589 2214
f 602 1350 1919
f 624 1524 2137
f 608 1421 1978
f 610 1398 1991
f 627 1500 2225
f 630 1518 2302
f 635 1560 2178
f 615 1428 2153
f 617 1434 2009
f 637 1571 2207
f 604 1373 1926
f 416 911 1857
f 408 893 1803
f 406 888 1786
f 412 900 1822
f 415 906 1840
f 424 924 1876
f 492 1062 2182
f 582 1242 2312
f 565 1206 2276
f 514 1104 1898
f 461 1001 2091
f 453 983 2037
f 451 978 1952
f 457 990 2056
f 460 996 2074
f 475 1026 2128
f 439 954 1966
f 496 1068 1988
f 533 1140 2222
f 551 1181 2293
f 579 1235 2185
f 483 1043 1879
f 426 929 1893
f 521 1121 2271
f 566 1211 2307
f 489 1055 2163
f 578 1230 2150
f 560 1194 2006
f 518 1110 2204
f 429 935 1911
f 547 1169 2131
f 465 1007 1969
f 441 959 1983
f 504 1085 2217
f 537 1152 2290
f 550 1176 2168
f 476 1031 2145
f 444 965 2001
f 502 1079 2199
f 526 1128 1916
f 481 1038 1808
f 420 917 1789
f 510 1097 1825
f 555 1187 1843
f 571 1218 1862
f 540 1157 1933
f 473 1020 2110
f 447 972 2020
f 507 1092 2236
f 534 1145 2257
f 469 1014 2042
f 435 947 1947
f 498 1073 2059
f 529 1133 2077
f 545 1164 2096
f 487 1049 2113
f 574 1223 2023
f 562 1199 2239
f 520 1116 2254
f 432 942 1930
f 589 1283 1818
f 583 1259 1798
f 586 1295 1834
f 593 1313 1852
f 596 1331 1872
f 599 1379 1942
f 633 1541 2120
f 620 1452 2030
f 640 1578 2248
f 603 1368 2263
f 622 1487 2052
f 607 1391 1955
f 612 1440 2065
f 626 1511 2086
f 629 1529 2106
f 631 1547 2122
f 614 1469 2032
f 618 1458 2245
f 641 1584 2266
f 605 1362 1940
f 409 1269 1813
f 405 1245 1792
f 411 1252 1828
f 414 1288 1846
f 417 1306 1867
f 431 1336 1936
f 488 1551 2123
f 575 1473 2033
f 563 1599 2249
f 519 1354 2260
f 454 1479 2049
f 450 1401 1959
f 456 1408 2062
f 459 1492 2080
f 462 1504 2101
f 472 1533 2116
f 446 1414 2026
f 506 1444 2242
f 535 1594 2267
f 541 1383 1943
f 570 1323 1869
f 480 1275 1815
f 421 1263 1799
f 511 1299 1835
f 556 1317 1853
f 484 1341 1889
f 580 1564 2195
f 567 1462 2319
f 522 1588 2283
f 427 1347 1905
f 544 1521 2103
f 468 1420 2046
f 436 1395 1957
f 499 1497 2069
f 530 1515 2087
f 548 1557 2141
f 466 1425 1979
f 442 1431 1993
f 505 1570 2229
f 536 1372 2296
f 491 1282 2188
f 423 1258 1882
f 513 1294 1902
f 564 1312 2280
f 581 1330 2316
f 549 1378 2172
f 477 1540 2157
f 445 1449 2011
f 503 1575 2209
f 525 1365 1923
f 474 1486 2134
f 438 1390 1972
f 495 1437 1995
f 532 1510 2226
f 552 1528 2303
f 490 1546 2175
f 577 1468 2154
f 559 1455 2013
f 517 1581 2211
f 430 1359 1921
f 590 1272 1865
f 584 1248 1811
f 585 1253 1796
f 592 1289 1832
f 595 1307 1850
f 598 1337 1888
f 636 1554 2194
f 621 1476 2322
f 642 1602 2286
f 601 1355 1908
f 623 1482 2099
f 611 1404 2045
f 609 1409 1962
f 625 1493 2068
f 628 1505 2084
f 632 1536 2140
f 613 1415 1976
f 616 1445 1998
f 638 1595 2232
f 606 1386 2299
f 407 909 2330
f 403 891 2324
f 404 886 2325
f 410 898 2332
f 413 904 2335
f 422 922 2344
f 486 1060 2410
f 573 1240 2497
f 561 1204 2486
f 512 1102 2434
f 452 999 2375
f 448 981 2369
f 449 976 2370
f 455 988 2377
f 458 994 2380
f 470 1024 2393
f 437 952 2359
f 494 1066 2415
f 531 1138 2455
f 539 1179 2461
f 568 1233 2489
f 478 1041 2399
f 419 927 2341
f 509 1119 2431
f 554 1209 2476
f 482 1053 2405
f 576 1228 2500
f 558 1192 2481
f 516 1108 2439
f 425 933 2348
f 542 1167 2465
f 463 1005 2383
f 434 957 2356
f 497 1083 2420
f 528 1150 2452
f 546 1174 2471
f 464 1029 2386
f 440 963 2363
f 500 1077 2422
f 524 1126 2445
f 479 1036 2400
f 418 915 2338
f 508 1095 2428
f 553 1185 2473
f 569 1216 2490
f 538 1155 2458
f 471 1018 2394
f 443 970 2366
f 501 1090 2425
f 523 1143 2444
f 467 1012 2389
f 433 945 2353
f 493 1071 2414
f 527 1131 2449
f 543 1162 2466
f 485 1047 2407
f 572 1221 2494
f 557 1197 2480
f 515 1114 2438
f 428 940 2351
f 591 1284 2510
f 587 1260 2504
f 588 1296 2508
f 594 1314 2514
f 597 1332 2517
f 600 1380 2520
f 634 1542 2554
f 619 1451 2539
f 639 1577 2560
f 602 1367 2523
f 624 1488 2543
f 608 1392 2527
f 610 1439 2532
f 627 1512 2547
f 630 1530 2550
f 635 1548 2552
f 615 1470 2535
f 617 1457 2538
f 637 1583 2558
f 604 1361 2524
f 167 1616 1607
f 164 1608 1603
f 163 1606 1604
f 165 1612 1610
f 166 1615 1613
f 169 1624 1622
f 192 1692 1686
f 222 1782 1773
f 216 1765 1761
f 199 1714 1712
f 182 1661 1652
f 179 1653 1648
f 178 1651 1649
f 180 1657 1655
f 181 1660 1658
f 186 1675 1670
f 174 1639 1637
f 193 1696 1694
f 205 1733 1731
f 212 1751 1739
f 221 1779 1768
f 189 1683 1678
f 170 1626 1619
f 202 1721 1709
f 217 1766 1754
f 191 1689 1682
f 220 1778 1776
f 214 1760 1758
f 200 1718 1716
f 171 1629 1625
f 210 1747 1742
f 183 1665 1663
f 175 1641 1634
f 196 1704 1697
f 207 1737 1728
f 211 1750 1746
f 187 1676 1664
f 176 1644 1640
f 195 1702 1700
f 203 1726 1724
f 188 1681 1679
f 168 1620 1618
f 198 1710 1708
f 213 1755 1753
f 218 1771 1769
f 208 1740 1738
f 185 1673 1671
f 177 1647 1643
f 197 1707 1701
f 206 1734 1723
f 184 1669 1667
f 173 1635 1633
f 194 1698 1693
f 204 1729 1727
f 209 1745 1743
f 190 1687 1685
f 219 1774 1772
f 215 1762 1757
f 201 1720 1715
f 172 1632 1628
f 357 2189 2187
f 255 1883 1881
f 262 1903 1899
f 388 2281 2277
f 400 2317 2313
f 352 2173 2169
f 347 2158 2156
f 298 2012 2010
f 364 2210 2208
f 269 1924 1917
f 339 2135 2133
f 285 1973 1971
f 293 1996 1989
f 370 2227 2223
f 396 2304 2300
f 353 2176 2174
f 346 2155 2151
f 299 2014 2007
f 365 2212 2205
f 268 1922 1920
f 249 1864 1855
f 231 1810 1801
f 226 1795 1784
f 238 1831 1820
f 244 1849 1838
f 257 1887 1874
f 359 2193 2180
f 402 2321 2310
f 390 2285 2274
f 264 1907 1896
f 327 2098 2089
f 309 2044 2035
f 282 1961 1950
f 317 2067 2054
f 322 2083 2072
f 341 2139 2126
f 286 1975 1964
f 294 1997 1986
f 372 2231 2220
f 394 2298 2291
f 358 2190 2183
f 256 1884 1877
f 261 1900 1891
f 387 2278 2269
f 399 2314 2305
f 351 2170 2161
f 348 2159 2148
f 300 2015 2004
f 366 2213 2202
f 267 1918 1909
f 340 2136 2129
f 287 1977 1967
f 291 1990 1981
f 369 2224 2215
f 395 2301 2288
f 354 2177 2166
f 345 2152 2143
f 297 2008 1999
f 363 2206 2197
f 270 1925 1914
f 234 1817 1806
f 227 1797 1787
f 239 1833 1823
f 245 1851 1841
f 252 1871 1860
f 275 1941 1931
f 334 2119 2108
f 304 2029 2018
f 377 2247 2234
f 382 2262 2255
f 312 2051 2040
f 279 1954 1945
f 316 2064 2057
f 323 2085 2075
f 330 2105 2094
f 335 2121 2111
f 305 2031 2021
f 376 2244 2237
f 383 2265 2252
f 274 1939 1928
f 232 1814 1812
f 225 1793 1791
f 237 1829 1827
f 243 1847 1845
f 250 1868 1866
f 273 1937 1935
f 336 2124 2118
f 306 2034 2028
f 378 2250 2246
f 381 2261 2259
f 311 2050 2048
f 281 1960 1953
f 315 2063 2061
f 321 2081 2079
f 328 2102 2100
f 333 2117 2115
f 303 2027 2025
f 375 2243 2241
f 384 2268 2264
f 276 1944 1938
f 229 1804 1802
f 223 1785 1783
f 235 1821 1819
f 241 1839 1837
f 247 1858 1856
f 271 1929 1927
f 332 2114 2112
f 302 2024 2022
f 374 2240 2238
f 379 2253 2251
f 307 2038 2036
f 278 1951 1949
f 313 2055 2053
f 319 2073 2071
f 325 2092 2090
f 331 2109 2107
f 301 2019 2017
f 373 2235 2233
f 380 2258 2256
f 272 1934 1932
f 248 1861 1859
f 230 1807 1805
f 224 1790 1788
f 236 1826 1824
f 242 1844 1842
f 254 1880 1878
f 356 2186 2184
f 397 2308 2306
f 385 2272 2270
f 259 1894 1892
f 326 2095 2093
f 308 2041 2039
f 277 1948 1946
f 314 2060 2058
f 320 2078 2076
f 338 2132 2130
f 284 1970 1968
f 289 1984 1982
f 367 2218 2216
f 391 2289 2287
f 355 2181 2179
f 253 1875 1873
f 260 1897 1895
f 386 2275 2273
f 398 2311 2309
f 350 2167 2165
f 343 2146 2144
f 295 2002 2000
f 361 2200 2198
f 266 1915 1913
f 337 2127 2125
f 283 1965 1963
f 290 1987 1985
f 368 2221 2219
f 392 2294 2292
f 349 2164 2162
f 344 2149 2147
f 296 2005 2003
f 362 2203 2201
f 265 1912 1910
f 251 1870 1863
f 233 1816 1809
f 228 1800 1794
f 240 1836 1830
f 246 1854 1848
f 258 1890 1886
f 360 2196 2192
f 401 2320 2318
f 389 2284 2282
f 263 1906 1904
f 329 2104 2097
f 310 2047 2043
f 280 1958 1956
f 318 2070 2066
f 324 2088 2082
f 342 2142 2138
f 288 1980 1974
f 292 1994 1992
f 371 2230 2228
f 393 2297 2295
f 409 2329 2331
f 405 2323 2327
f 411 2326 2328
f 414 2333 2334
f 417 2336 2337
f 431 2345 2346
f 488 2409 2412
f 575 2496 2499
f 563 2485 2487
f 519 2435 2436
f 454 2374 2376
f 450 2368 2372
f 456 2371 2373
f 459 2378 2379
f 462 2381 2382
f 472 2392 2396
f 446 2360 2361
f 506 2416 2418
f 535 2456 2457
f 541 2460 2463
f 570 2488 2492
f 480 2398 2402
f 421 2340 2343
f 511 2430 2433
f 556 2475 2478
f 484 2404 2406
f 580 2501 2502
f 567 2482 2484
f 522 2440 2442
f 427 2347 2349
f 544 2464 2468
f 468 2384 2387
f 436 2355 2358
f 499 2419 2421
f 530 2451 2454
f 548 2470 2472
f 466 2385 2388
f 442 2362 2364
f 505 2423 2426
f 536 2446 2448
f 491 2401 2403
f 423 2339 2342
f 513 2429 2432
f 564 2474 2477
f 581 2491 2493
f 549 2459 2462
f 477 2395 2397
f 445 2365 2367
f 503 2424 2427
f 525 2443 2447
f 474 2390 2391
f 438 2354 2357
f 495 2413 2417
f 532 2450 2453
f 552 2467 2469
f 490 2408 2411
f 577 2495 2498
f 559 2479 2483
f 517 2437 2441
f 430 2350 2352
f 590 2511 2509
f 584 2505 2503
f 585 2507 2506
f 592 2513 2512
f 595 2516 2515
f 598 2519 2518
f 636 2556 2555
f 621 2540 2541
f 642 2561 2562
f 601 2521 2522
f 623 2544 2542
f 611 2529 2528
f 609 2530 2531
f 625 2546 2545
f 628 2549 2548
f 632 2553 2551
f 613 2534 2533
f 616 2536 2537
f 638 2557 2559
f 606 2525 2526
f 1607 644 647
f 1603 643 644
f 1604 645 643
f 1610 646 645
f 1613 647 646
f 1622 652 649
f 1686 670 672
f 1773 699 702
f 1761 695 696
f 1712 681 679
f 1652 659 662
f 1648 658 659
f 1649 660 658
f 1655 661 660
f 1658 662 661
f 1670 665 666
f 1637 657 654
f 1694 677 673
f 1731 686 685
f 1739 688 692
f 1768 698 701
f 1678 668 669
f 1619 648 650
f 1709 678 682
f 1754 693 697
f 1682 669 671
f 1776 701 700
f 1758 697 694
f 1716 682 680
f 1625 650 651
f 1742 689 690
f 1663 664 663
f 1634 653 655
f 1697 674 676
f 1728 684 687
f 1746 690 691
f 1664 663 667
f 1640 655 656
f 1700 676 675
f 1724 687 683
f 1679 672 668
f 1618 649 648
f 1708 679 678
f 1753 696 693
f 1769 702 698
f 1738 691 688
f 1671 667 665
f 1643 656 657
f 1701 675 677
f 1723 683 686
f 1667 666 664
f 1633 654 653
f 1693 673 674
f 1727 685 684
f 1743 692 689
f 1685 671 670
f 1772 700 699
f 1757 694 695
f 1715 680 681
f 1628 651 652
f 2187 838 837
f 1881 736 735
f 1899 741 742
f 2277 867 868
f 2313 879 880
f 2169 831 832
f 2156 828 827
f 2010 780 778
f 2208 846 844
f 1917 747 749
f 2133 820 819
f 1971 767 765
f 1989 771 773
f 2223 849 850
f 2300 875 876
f 2174 834 833
f 2151 825 826
f 2007 777 779
f 2205 843 845
f 1920 750 748
f 1855 727 729
f 1801 709 711
f 1784 703 706
f 1820 715 718
f 1838 721 724
f 1874 733 737
f 2180 835 839
f 2310 878 882
f 2274 866 870
f 1896 740 744
f 2089 805 807
f 2035 787 789
f 1950 758 762
f 2054 793 797
f 2072 799 802
f 2126 817 821
f 1964 763 766
f 1986 770 774
f 2220 848 852
f 2291 872 874
f 2183 836 838
f 1877 734 736
f 1891 739 741
f 2269 865 867
f 2305 877 879
f 2161 829 831
f 2148 824 828
f 2004 776 780
f 2202 842 846
f 1909 745 747
f 2129 818 820
f 1967 764 767
f 1981 769 771
f 2215 847 849
f 2288 871 875
f 2166 830 834
f 2143 823 825
f 1999 775 777
f 2197 841 843
f 1914 746 750
f 1806 710 714
f 1787 704 707
f 1823 716 719
f 1841 722 725
f 1860 728 732
f 1931 752 755
f 2108 811 814
f 2018 781 784
f 2234 853 857
f 2255 860 862
f 2040 788 792
f 1945 757 759
f 2057 794 796
f 2075 800 803
f 2094 806 810
f 2111 812 815
f 2021 782 785
f 2237 854 856
f 2252 859 863
f 1928 751 754
f 1812 714 712
f 1791 707 705
f 1827 719 717
f 1845 725 723
f 1866 732 730
f 1935 755 753
f 2118 814 816
f 2028 784 786
f 2246 857 858
f 2259 862 861
f 2048 792 791
f 1953 759 761
f 2061 796 795
f 2079 803 801
f 2100 810 808
f 2115 815 813
f 2025 785 783
f 2241 856 855
f 2264 863 864
f 1938 754 756
f 1802 712 709
f 1783 705 703
f 1819 717 715
f 1837 723 721
f 1856 730 727
f 1927 753 751
f 2112 816 812
f 2022 786 782
f 2238 858 854
f 2251 861 859
f 2036 791 787
f 1949 761 758
f 2053 795 793
f 2071 801 799
f 2090 808 805
f 2107 813 811
f 2017 783 781
f 2233 855 853
f 2256 864 860
f 1932 756 752
f 1859 731 728
f 1805 713 710
f 1788 708 704
f 1824 720 716
f 1842 726 722
f 1878 738 734
f 2184 840 836
f 2306 881 877
f 2270 869 865
f 1892 743 739
f 2093 809 806
f 2039 790 788
f 1946 760 757
f 2058 798 794
f 2076 804 800
f 2130 822 818
f 1968 768 764
f 1982 772 769
f 2216 851 847
f 2287 873 871
f 2179 837 835
f 1873 735 733
f 1895 742 740
f 2273 868 866
f 2309 880 878
f 2165 832 830
f 2144 827 823
f 2000 778 775
f 2198 844 841
f 1913 749 746
f 2125 819 817
f 1963 765 763
f 1985 773 770
f 2219 850 848
f 2292 876 872
f 2162 833 829
f 2147 826 824
f 2003 779 776
f 2201 845 842
f 1910 748 745
f 1863 729 731
f 1809 711 713
f 1794 706 708
f 1830 718 720
f 1848 724 726
f 1886 737 738
f 2192 839 840
f 2318 882 881
f 2282 870 869
f 1904 744 743
f 2097 807 809
f 2043 789 790
f 1956 762 760
f 2066 797 798
f 2082 802 804
f 2138 821 822
f 1974 766 768
f 1992 774 772
f 2228 852 851
f 2295 874 873
f 2331 1270 1269
f 2327 1246 1245
f 2328 1251 1252
f 2334 1287 1288
f 2337 1305 1306
f 2346 1335 1336
f 2412 1552 1551
f 2499 1474 1473
f 2487 1600 1599
f 2436 1353 1354
f 2376 1480 1479
f 2372 1402 1401
f 2373 1407 1408
f 2379 1491 1492
f 2382 1503 1504
f 2396 1534 1533
f 2361 1413 1414
f 2418 1443 1444
f 2457 1593 1594
f 2463 1384 1383
f 2492 1324 1323
f 2402 1276 1275
f 2343 1264 1263
f 2433 1300 1299
f 2478 1318 1317
f 2406 1342 1341
f 2502 1563 1564
f 2484 1461 1462
f 2442 1587 1588
f 2349 1348 1347
f 2468 1522 1521
f 2387 1419 1420
f 2358 1396 1395
f 2421 1498 1497
f 2454 1516 1515
f 2472 1558 1557
f 2388 1426 1425
f 2364 1432 1431
f 2426 1569 1570
f 2448 1371 1372
f 2403 1281 1282
f 2342 1257 1258
f 2432 1293 1294
f 2477 1311 1312
f 2493 1329 1330
f 2462 1377 1378
f 2397 1539 1540
f 2367 1450 1449
f 2427 1576 1575
f 2447 1366 1365
f 2391 1485 1486
f 2357 1389 1390
f 2417 1438 1437
f 2453 1509 1510
f 2469 1527 1528
f 2411 1545 1546
f 2498 1467 1468
f 2483 1456 1455
f 2441 1582 1581
f 2352 1360 1359
f 2509 1271 1272
f 2503 1247 1248
f 2506 1254 1253
f 2512 1290 1289
f 2515 1308 1307
f 2518 1338 1337
f 2555 1553 1554
f 2541 1475 1476
f 2562 1601 1602
f 2522 1356 1355
f 2542 1481 1482
f 2528 1403 1404
f 2531 1410 1409
f 2545 1494 1493
f 2548 1506 1505
f 2551 1535 1536
f 2533 1416 1415
f 2537 1446 1445
f 2559 1596 1595
f 2526 1385 1386
f 1616 907 909
f 1608 889 891
f 1606 883 886
f 1612 895 898
f 1615 901 904
f 1624 919 922
f 1692 1057 1060
f 1782 1237 1240
f 1765 1201 1204
f 1714 1099 1102
f 1661 997 999
f 1653 979 981
f 1651 973 976
f 1657 985 988
f 1660 991 994
f 1675 1021 1024
f 1639 949 952
f 1696 1063 1066
f 1733 1135 1138
f 1751 1177 1179
f 1779 1231 1233
f 1683 1039 1041
f 1626 925 927
f 1721 1117 1119
f 1766 1207 1209
f 1689 1051 1053
f 1778 1225 1228
f 1760 1189 1192
f 1718 1105 1108
f 1629 931 933
f 1747 1165 1167
f 1665 1003 1005
f 1641 955 957
f 1704 1081 1083
f 1737 1147 1150
f 1750 1171 1174
f 1676 1027 1029
f 1644 961 963
f 1702 1075 1077
f 1726 1123 1126
f 1681 1033 1036
f 1620 913 915
f 1710 1093 1095
f 1755 1183 1185
f 1771 1213 1216
f 1740 1153 1155
f 1673 1015 1018
f 1647 967 970
f 1707 1087 1090
f 1734 1141 1143
f 1669 1009 1012
f 1635 943 945
f 1698 1069 1071
f 1729 1129 1131
f 1745 1159 1162
f 1687 1045 1047
f 1774 1219 1221
f 1762 1195 1197
f 1720 1111 1114
f 1632 937 940
f 2189 1280 1284
f 1883 1256 1260
f 1903 1292 1296
f 2281 1310 1314
f 2317 1328 1332
f 2173 1376 1380
f 2158 1538 1542
f 2012 1447 1451
f 2210 1573 1577
f 1924 1363 1367
f 2135 1484 1488
f 1973 1388 1392
f 1996 1435 1439
f 2227 1508 1512
f 2304 1526 1530
f 2176 1544 1548
f 2155 1466 1470
f 2014 1453 1457
f 2212 1579 1583
f 1922 1357 1361
f 1864 1268 1270
f 1810 1244 1246
f 1795 1249 1251
f 1831 1285 1287
f 1849 1303 1305
f 1887 1333 1335
f 2193 1550 1552
f 2321 1472 1474
f 2285 1598 1600
f 1907 1351 1353
f 2098 1478 1480
f 2044 1400 1402
f 1961 1405 1407
f 2067 1489 1491
f 2083 1501 1503
f 2139 1532 1534
f 1975 1411 1413
f 1997 1441 1443
f 2231 1591 1593
f 2298 1382 1384
f 2190 1322 1324
f 1884 1274 1276
f 1900 1262 1264
f 2278 1298 1300
f 2314 1316 1318
f 2170 1340 1342
f 2159 1561 1563
f 2015 1459 1461
f 2213 1585 1587
f 1918 1346 1348
f 2136 1520 1522
f 1977 1417 1419
f 1990 1394 1396
f 2224 1496 1498
f 2301 1514 1516
f 2177 1556 1558
f 2152 1424 1426
f 2008 1430 1432
f 2206 1567 1569
f 1925 1369 1371
f 1817 1279 1281
f 1797 1255 1257
f 1833 1291 1293
f 1851 1309 1311
f 1871 1327 1329
f 1941 1375 1377
f 2119 1537 1539
f 2029 1448 1450
f 2247 1574 1576
f 2262 1364 1366
f 2051 1483 1485
f 1954 1387 1389
f 2064 1436 1438
f 2085 1507 1509
f 2105 1525 1527
f 2121 1543 1545
f 2031 1465 1467
f 2244 1454 1456
f 2265 1580 1582
f 1939 1358 1360
f 1814 1267 1271
f 1793 1243 1247
f 1829 1250 1254
f 1847 1286 1290
f 1868 1304 1308
f 1937 1334 1338
f 2124 1549 1553
f 2034 1471 1475
f 2250 1597 1601
f 2261 1352 1356
f 2050 1477 1481
f 1960 1399 1403
f 2063 1406 1410
f 2081 1490 1494
f 2102 1502 1506
f 2117 1531 1535
f 2027 1412 1416
f 2243 1442 1446
f 2268 1592 1596
f 1944 1381 1385
f 1804 890 894
f 1785 884 887
f 1821 896 899
f 1839 902 905
f 1858 908 912
f 1929 938 941
f 2114 1046 1050
f 2024 1220 1224
f 2240 1196 1200
f 2253 1112 1115
f 2038 980 984
f 1951 974 977
f 2055 986 989
f 2073 992 995
f 2092 998 1002
f 2109 1016 1019
f 2019 968 971
f 2235 1088 1091
f 2258 1142 1146
f 1934 1154 1158
f 1861 1214 1217
f 1807 1034 1037
f 1790 914 918
f 1826 1094 1098
f 1844 1184 1188
f 1880 1040 1044
f 2186 1232 1236
f 2308 1208 1212
f 2272 1118 1122
f 1894 926 930
f 2095 1160 1163
f 2041 1010 1013
f 1948 944 948
f 2060 1070 1074
f 2078 1130 1134
f 2132 1166 1170
f 1970 1004 1008
f 1984 956 960
f 2218 1082 1086
f 2289 1148 1151
f 2181 1058 1061
f 1875 920 923
f 1897 1100 1103
f 2275 1202 1205
f 2311 1238 1241
f 2167 1172 1175
f 2146 1028 1032
f 2002 962 966
f 2200 1076 1080
f 1915 1124 1127
f 2127 1022 1025
f 1965 950 953
f 1987 1064 1067
f 2221 1136 1139
f 2294 1178 1182
f 2164 1052 1056
f 2149 1226 1229
f 2005 1190 1193
f 2203 1106 1109
f 1912 932 936
f 1870 1321 1325
f 1816 1273 1277
f 1800 1261 1265
f 1836 1297 1301
f 1854 1315 1319
f 1890 1339 1343
f 2196 1562 1566
f 2320 1460 1464
f 2284 1586 1590
f 1906 1345 1349
f 2104 1519 1523
f 2047 1418 1422
f 1958 1393 1397
f 2070 1495 1499
f 2088 1513 1517
f 2142 1555 1559
f 1980 1423 1427
f 1994 1429 1433
f 2230 1568 1572
f 2297 1370 1374
f 2329 894 892
f 2323 887 885
f 2326 899 897
f 2333 905 903
f 2336 912 910
f 2345 941 939
f 2409 1050 1048
f 2496 1224 1222
f 2485 1200 1198
f 2435 1115 1113
f 2374 984 982
f 2368 977 975
f 2371 989 987
f 2378 995 993
f 2381 1002 1000
f 2392 1019 1017
f 2360 971 969
f 2416 1091 1089
f 2456 1146 1144
f 2460 1158 1156
f 2488 1217 1215
f 2398 1037 1035
f 2340 918 916
f 2430 1098 1096
f 2475 1188 1186
f 2404 1044 1042
f 2501 1236 1234
f 2482 1212 1210
f 2440 1122 1120
f 2347 930 928
f 2464 1163 1161
f 2384 1013 1011
f 2355 948 946
f 2419 1074 1072
f 2451 1134 1132
f 2470 1170 1168
f 2385 1008 1006
f 2362 960 958
f 2423 1086 1084
f 2446 1151 1149
f 2401 1061 1059
f 2339 923 921
f 2429 1103 1101
f 2474 1205 1203
f 2491 1241 1239
f 2459 1175 1173
f 2395 1032 1030
f 2365 966 964
f 2424 1080 1078
f 2443 1127 1125
f 2390 1025 1023
f 2354 953 951
f 2413 1067 1065
f 2450 1139 1137
f 2467 1182 1180
f 2408 1056 1054
f 2495 1229 1227
f 2479 1193 1191
f 2437 1109 1107
f 2350 936 934
f 2511 1325 1326
f 2505 1277 1278
f 2507 1265 1266
f 2513 1301 1302
f 2516 1319 1320
f 2519 1343 1344
f 2556 1566 1565
f 2540 1464 1463
f 2561 1590 1589
f 2521 1349 1350
f 2544 1523 1524
f 2529 1422 1421
f 2530 1397 1398
f 2546 1499 1500
f 2549 1517 1518
f 2553 1559 1560
f 2534 1427 1428
f 2536 1433 1434
f 2557 1572 1571
f 2525 1374 1373
f 1609 892 889
f 1605 885 883
f 1611 897 895
f 1614 903 901
f 1617 910 907
f 1631 939 937
f 1688 1048 1045
f 1775 1222 1219
f 1763 1198 1195
f 1719 1113 1111
f 1654 982 979
f 1650 975 973
f 1656 987 985
f 1659 993 991
f 1662 1000 997
f 1672 1017 1015
f 1646 969 967
f 1706 1089 1087
f 1735 1144 1141
f 1741 1156 1153
f 1770 1215 1213
f 1680 1035 1033
f 1621 916 913
f 1711 1096 1093
f 1756 1186 1183
f 1684 1042 1039
f 1780 1234 1231
f 1767 1210 1207
f 1722 1120 1117
f 1627 928 925
f 1744 1161 1159
f 1668 1011 1009
f 1636 946 943
f 1699 1072 1069
f 1730 1132 1129
f 1748 1168 1165
f 1666 1006 1003
f 1642 958 955
f 1705 1084 1081
f 1736 1149 1147
f 1691 1059 1057
f 1623 921 919
f 1713 1101 1099
f 1764 1203 1201
f 1781 1239 1237
f 1749 1173 1171
f 1677 1030 1027
f 1645 964 961
f 1703 1078 1075
f 1725 1125 1123
f 1674 1023 1021
f 1638 951 949
f 1695 1065 1063
f 1732 1137 1135
f 1752 1180 1177
f 1690 1054 1051
f 1777 1227 1225
f 1759 1191 1189
f 1717 1107 1105
f 1630 934 931
f 2191 1326 1322
f 1885 1278 1274
f 1901 1266 1262
f 2279 1302 1298
f 2315 1320 1316
f 2171 1344 1340
f 2160 1565 1561
f 2016 1463 1459
f 2214 1589 1585
f 1919 1350 1346
f 2137 1524 1520
f 1978 1421 1417
f 1991 1398 1394
f 2225 1500 1496
f 2302 1518 1514
f 2178 1560 1556
f 2153 1428 1424
f 2009 1434 1430
f 2207 1571 1567
f 1926 1373 1369
f 1857 911 908
f 1803 893 890
f 1786 888 884
f 1822 900 896
f 1840 906 902
f 1876 924 920
f 2182 1062 1058
f 2312 1242 1238
f 2276 1206 1202
f 1898 1104 1100
f 2091 1001 998
f 2037 983 980
f 1952 978 974
f 2056 990 986
f 2074 996 992
f 2128 1026 1022
f 1966 954 950
f 1988 1068 1064
f 2222 1140 1136
f 2293 1181 1178
f 2185 1235 1232
f 1879 1043 1040
f 1893 929 926
f 2271 1121 1118
f 2307 1211 1208
f 2163 1055 1052
f 2150 1230 1226
f 2006 1194 1190
f 2204 1110 1106
f 1911 935 932
f 2131 1169 1166
f 1969 1007 1004
f 1983 959 956
f 2217 1085 1082
f 2290 1152 1148
f 2168 1176 1172
f 2145 1031 1028
f 2001 965 962
f 2199 1079 1076
f 1916 1128 1124
f 1808 1038 1034
f 1789 917 914
f 1825 1097 1094
f 1843 1187 1184
f 1862 1218 1214
f 1933 1157 1154
f 2110 1020 1016
f 2020 972 968
f 2236 1092 1088
f 2257 1145 1142
f 2042 1014 1010
f 1947 947 944
f 2059 1073 1070
f 2077 1133 1130
f 2096 1164 1160
f 2113 1049 1046
f 2023 1223 1220
f 2239 1199 1196
f 2254 1116 1112
f 1930 942 938
f 1818 1283 1279
f 1798 1259 1255
f 1834 1295 1291
f 1852 1313 1309
f 1872 1331 1327
f 1942 1379 1375
f 2120 1541 1537
f 2030 1452 1448
f 2248 1578 1574
f 2263 1368 1364
f 2052 1487 1483
f 1955 1391 1387
f 2065 1440 1436
f 2086 1511 1507
f 2106 1529 1525
f 2122 1547 1543
f 2032 1469 1465
f 2245 1458 1454
f 2266 1584 1580
f 1940 1362 1358
f 1813 1269 1267
f 1792 1245 1243
f 1828 1252 1250
f 1846 1288 1286
f 1867 1306 1304
f 1936 1336 1334
f 2123 1551 1549
f 2033 1473 1471
f 2249 1599 1597
f 2260 1354 1352
f 2049 1479 1477
f 1959 1401 1399
f 2062 1408 1406
f 2080 1492 1490
f 2101 1504 1502
f 2116 1533 1531
f 2026 1414 1412
f 2242 1444 1442
f 2267 1594 1592
f 1943 1383 1381
f 1869 1323 1321
f 1815 1275 1273
f 1799 1263 1261
f 1835 1299 1297
f 1853 1317 1315
f 1889 1341 1339
f 2195 1564 1562
f 2319 1462 1460
f 2283 1588 1586
f 1905 1347 1345
f 2103 1521 1519
f 2046 1420 1418
f 1957 1395 1393
f 2069 1497 1495
f 2087 1515 1513
f 2141 1557 1555
f 1979 1425 1423
f 1993 1431 1429
f 2229 1570 1568
f 2296 1372 1370
f 2188 1282 1280
f 1882 1258 1256
f 1902 1294 1292
f 2280 1312 1310
f 2316 1330 1328
f 2172 1378 1376
f 2157 1540 1538
f 2011 1449 1447
f 2209 1575 1573
f 1923 1365 1363
f 2134 1486 1484
f 1972 1390 1388
f 1995 1437 1435
f 2226 1510 1508
f 2303 1528 1526
f 2175 1546 1544
f 2154 1468 1466
f 2013 1455 1453
f 2211 1581 1579
f 1921 1359 1357
f 1865 1272 1268
f 1811 1248 1244
f 1796 1253 1249
f 1832 1289 1285
f 1850 1307 1303
f 1888 1337 1333
f 2194 1554 1550
f 2322 1476 1472
f 2286 1602 1598
f 1908 1355 1351
f 2099 1482 1478
f 2045 1404 1400
f 1962 1409 1405
f 2068 1493 1489
f 2084 1505 1501
f 2140 1536 1532
f 1976 1415 1411
f 1998 1445 1441
f 2232 1595 1591
f 2299 1386 1382
f 2330 909 911
f 2324 891 893
f 2325 886 888
f 2332 898 900
f 2335 904 906
f 2344 922 924
f 2410 1060 1062
f 2497 1240 1242
f 2486 1204 1206
f 2434 1102 1104
f 2375 999 1001
f 2369 981 983
f 2370 976 978
f 2377 988 990
f 2380 994 996
f 2393 1024 1026
f 2359 952 954
f 2415 1066 1068
f 2455 1138 1140
f 2461 1179 1181
f 2489 1233 1235
f 2399 1041 1043
f 2341 927 929
f 2431 1119 1121
f 2476 1209 1211
f 2405 1053 1055
f 2500 1228 1230
f 2481 1192 1194
f 2439 1108 1110
f 2348 933 935
f 2465 1167 1169
f 2383 1005 1007
f 2356 957 959
f 2420 1083 1085
f 2452 1150 1152
f 2471 1174 1176
f 2386 1029 1031
f 2363 963 965
f 2422 1077 1079
f 2445 1126 1128
f 2400 1036 1038
f 2338 915 917
f 2428 1095 1097
f 2473 1185 1187
f 2490 1216 1218
f 2458 1155 1157
f 2394 1018 1020
f 2366 970 972
f 2425 1090 1092
f 2444 1143 1145
f 2389 1012 1014
f 2353 945 947
f 2414 1071 1073
f 2449 1131 1133
f 2466 1162 1164
f 2407 1047 1049
f 2494 1221 1223
f 2480 1197 1199
f 2438 1114 1116
f 2351 940 942
f 2510 1284 1283
f 2504 1260 1259
f 2508 1296 1295
f 2514 1314 1313
f 2517 1332 1331
f 2520 1380 1379
f 2554 1542 1541
f 2539 1451 1452
f 2560 1577 1578
f 2523 1367 1368
f 2543 1488 1487
f 2527 1392 1391
f 2532 1439 1440
f 2547 1512 1511
f 2550 1530 1529
f 2552 1548 1547
f 2535 1470 1469
f 2538 1457 1458
f 2558 1583 1584
f 2524 1361 1362
f 1607 1616 1609
f 1603 1608 1605
f 1604 1606 1611
f 1610 1612 1614
f 1613 1615 1617
f 1622 1624 1631
f 1686 1692 1688
f 1773 1782 1775
f 1761 1765 1763
f 1712 1714 1719
f 1652 1661 1654
f 1648 1653 1650
f 1649 1651 1656
f 1655 1657 1659
f 1658 1660 1662
f 1670 1675 1672
f 1637 1639 1646
f 1694 1696 1706
f 1731 1733 1735
f 1739 1751 1741
f 1768 1779 1770
f 1678 1683 1680
f 1619 1626 1621
f 1709 1721 1711
f 1754 1766 1756
f 1682 1689 1684
f 1776 1778 1780
f 1758 1760 1767
f 1716 1718 1722
f 1625 1629 1627
f 1742 1747 1744
f 1663 1665 1668
f 1634 1641 1636
f 1697 1704 1699
f 1728 1737 1730
f 1746 1750 1748
f 1664 1676 1666
f 1640 1644 1642
f 1700 1702 1705
f 1724 1726 1736
f 1679 1681 1691
f 1618 1620 1623
f 1708 1710 1713
f 1753 1755 1764
f 1769 1771 1781
f 1738 1740 1749
f 1671 1673 1677
f 1643 1647 1645
f 1701 1707 1703
f 1723 1734 1725
f 1667 1669 1674
f 1633 1635 1638
f 1693 1698 1695
f 1727 1729 1732
f 1743 1745 1752
f 1685 1687 1690
f 1772 1774 1777
f 1757 1762 1759
f 1715 1720 1717
f 1628 1632 1630
f 2187 2189 2191
f 1881 1883 1885
f 1899 1903 1901
f 2277 2281 2279
f 2313 2317 2315
f 2169 2173 2171
f 2156 2158 2160
f 2010 2012 2016
f 2208 2210 2214
f 1917 1924 1919
f 2133 2135 2137
f 1971 1973 1978
f 1989 1996 1991
f 2223 2227 2225
f 2300 2304 2302
f 2174 2176 2178
f 2151 2155 2153
f 2007 2014 2009
f 2205 2212 2207
f 1920 1922 1926
f 1855 1864 1857
f 1801 1810 1803
f 1784 1795 1786
f 1820 1831 1822
f 1838 1849 1840
f 1874 1887 1876
f 2180 2193 2182
f 2310 2321 2312
f 2274 2285 2276
f 1896 1907 1898
f 2089 2098 2091
f 2035 2044 2037
f 1950 1961 1952
f 2054 2067 2056
f 2072 2083 2074
f 2126 2139 2128
f 1964 1975 1966
f 1986 1997 1988
f 2220 2231 2222
f 2291 2298 2293
f 2183 2190 2185
f 1877 1884 1879
f 1891 1900 1893
f 2269 2278 2271
f 2305 2314 2307
f 2161 2170 2163
f 2148 2159 2150
f 2004 2015 2006
f 2202 2213 2204
f 1909 1918 1911
f 2129 2136 2131
f 1967 1977 1969
f 1981 1990 1983
f 2215 2224 2217
f 2288 2301 2290
f 2166 2177 2168
f 2143 2152 2145
f 1999 2008 2001
f 2197 2206 2199
f 1914 1925 1916
f 1806 1817 1808
f 1787 1797 1789
f 1823 1833 1825
f 1841 1851 1843
f 1860 1871 1862
f 1931 1941 1933
f 2108 2119 2110
f 2018 2029 2020
f 2234 2247 2236
f 2255 2262 2257
f 2040 2051 2042
f 1945 1954 1947
f 2057 2064 2059
f 2075 2085 2077
f 2094 2105 2096
f 2111 2121 2113
f 2021 2031 2023
f 2237 2244 2239
f 2252 2265 2254
f 1928 1939 1930
f 1812 1814 1818
f 1791 1793 1798
f 1827 1829 1834
f 1845 1847 1852
f 1866 1868 1872
f 1935 1937 1942
f 2118 2124 2120
f 2028 2034 2030
f 2246 2250 2248
f 2259 2261 2263
f 2048 2050 2052
f 1953 1960 1955
f 2061 2063 2065
f 2079 2081 2086
f 2100 2102 2106
f 2115 2117 2122
f 2025 2027 2032
f 2241 2243 2245
f 2264 2268 2266
f 1938 1944 1940
f 1802 1804 1813
f 1783 1785 1792
f 1819 1821 1828
f 1837 1839 1846
f 1856 1858 1867
f 1927 1929 1936
f 2112 2114 2123
f 2022 2024 2033
f 2238 2240 2249
f 2251 2253 2260
f 2036 2038 2049
f 1949 1951 1959
f 2053 2055 2062
f 2071 2073 2080
f 2090 2092 2101
f 2107 2109 2116
f 2017 2019 2026
f 2233 2235 2242
f 2256 2258 2267
f 1932 1934 1943
f 1859 1861 1869
f 1805 1807 1815
f 1788 1790 1799
f 1824 1826 1835
f 1842 1844 1853
f 1878 1880 1889
f 2184 2186 2195
f 2306 2308 2319
f 2270 2272 2283
f 1892 1894 1905
f 2093 2095 2103
f 2039 2041 2046
f 1946 1948 1957
f 2058 2060 2069
f 2076 2078 2087
f 2130 2132 2141
f 1968 1970 1979
f 1982 1984 1993
f 2216 2218 2229
f 2287 2289 2296
f 2179 2181 2188
f 1873 1875 1882
f 1895 1897 1902
f 2273 2275 2280
f 2309 2311 2316
f 2165 2167 2172
f 2144 2146 2157
f 2000 2002 2011
f 2198 2200 2209
f 1913 1915 1923
f 2125 2127 2134
f 1963 1965 1972
f 1985 1987 1995
f 2219 2221 2226
f 2292 2294 2303
f 2162 2164 2175
f 2147 2149 2154
f 2003 2005 2013
f 2201 2203 2211
f 1910 1912 1921
f 1863 1870 1865
f 1809 1816 1811
f 1794 1800 1796
f 1830 1836 1832
f 1848 1854 1850
f 1886 1890 1888
f 2192 2196 2194
f 2318 2320 2322
f 2282 2284 2286
f 1904 1906 1908
f 2097 2104 2099
f 2043 2047 2045
f 1956 1958 1962
f 2066 2070 2068
f 2082 2088 2084
f 2138 2142 2140
f 1974 1980 1976
f 1992 1994 1998
f 2228 2230 2232
f 2295 2297 2299
f 2331 2329 2330
f 2327 2323 2324
f 2328 2326 2325
f 2334 2333 2332
f 2337 2336 2335
f 2346 2345 2344
f 2412 2409 2410
f 2499 2496 2497
f 2487 2485 2486
f 2436 2435 2434
f 2376 2374 2375
f 2372 2368 2369
f 2373 2371 2370
f 2379 2378 2377
f 2382 2381 2380
f 2396 2392 2393
f 2361 2360 2359
f 2418 2416 2415
f 2457 2456 2455
f 2463 2460 2461
f 2492 2488 2489
f 2402 2398 2399
f 2343 2340 2341
f 2433 2430 2431
f 2478 2475 2476
f 2406 2404 2405
f 2502 2501 2500
f 2484 2482 2481
f 2442 2440 2439
f 2349 2347 2348
f 2468 2464 2465
f 2387 2384 2383
f 2358 2355 2356
f 2421 2419 2420
f 2454 2451 2452
f 2472 2470 2471
f 2388 2385 2386
f 2364 2362 2363
f 2426 2423 2422
f 2448 2446 2445
f 2403 2401 2400
f 2342 2339 2338
f 2432 2429 2428
f 2477 2474 2473
f 2493 2491 2490
f 2462 2459 2458
f 2397 2395 2394
f 2367 2365 2366
f 2427 2424 2425
f 2447 2443 2444
f 2391 2390 2389
f 2357 2354 2353
f 2417 2413 2414
f 2453 2450 2449
f 2469 2467 2466
f 2411 2408 2407
f 2498 2495 2494
f 2483 2479 2480
f 2441 2437 2438
f 2352 2350 2351
f 2509 2511 2510
f 2503 2505 2504
f 2506 2507 2508
f 2512 2513 2514
f 2515 2516 2517
f 2518 2519 2520
f 2555 2556 2554
f 2541 2540 2539
f 2562 2561 2560
f 2522 2521 2523
f 2542 2544 2543
f 2528 2529 2527
f 2531 2530 2532
f 2545 2546 2547
f 2548 2549 2550
f 2551 2553 2552
f 2533 2534 2535
f 2537 2536 2538
f 2559 2557 2558
f 2526 2525 2524