v -0.141100 0.355319 -0.187372
v 0.138933 0.356272 -0.184306
v -0.378299 -0.657676 -0.005199
v 0.375735 -0.655796 -0.003931
v 0.000855 -0.539154 0.855049
v 0.001175 0.143024 0.437785
v 0.000594 -0.198253 -0.486318
v -0.000763 0.526256 -0.854608
v 0.360546 0.077857 -0.276280
v 0.391980 -0.011632 0.272293
v -0.364925 0.076431 -0.280623
v -0.390703 -0.007550 0.273188
v -0.000416 0.589607 -0.220851
v -0.102223 0.247321 0.073696
v -0.248260 0.791884 -0.528745
v -0.295886 0.203304 -0.254841
v -0.356016 0.098695 0.118321
v 0.099310 0.245035 0.069047
v 0.247343 0.790969 -0.530110
v 0.293071 0.199841 -0.255765
v 0.351167 0.098460 0.114371
v 0.000066 -0.669784 0.013492
v -0.310081 -0.847008 0.554879
v -0.242551 -0.594547 -0.362757
v -0.418298 -0.211829 -0.149519
v -0.412252 -0.277924 0.227551
v 0.307793 -0.843818 0.552659
v 0.241579 -0.595860 -0.363346
v 0.418287 -0.212851 -0.147065
v 0.411807 -0.276190 0.227358
v 0.000484 0.018012 0.825740
v 0.382176 -0.262844 0.663211
v -0.383358 -0.260761 0.664337
v 0.263253 0.064823 0.443068
v -0.263024 0.062986 0.444191
v -0.000979 0.046886 -0.771106
v 0.221176 -0.031448 -0.393051
v -0.221835 -0.029629 -0.394347
v 0.372967 0.251937 -0.723661
v -0.373643 0.251855 -0.724891
v 0.406210 0.043119 0.020413
v -0.407480 0.047102 0.017384
v -0.088082 0.507923 -0.187075
v -0.106796 0.273793 -0.116698
v -0.201634 0.570577 -0.301858
v -0.210146 0.306650 -0.211153
v -0.213095 0.197090 -0.064811
v 0.085793 0.505651 -0.185667
v 0.104465 0.274508 -0.115468
v 0.204874 0.570160 -0.298210
v 0.208083 0.307644 -0.208891
v 0.208209 0.198177 -0.061887
v -0.218408 -0.751994 0.002001
v -0.294658 -0.639507 0.234258
v -0.423697 -0.843359 -0.233499
v -0.441760 -0.485195 -0.092937
v -0.401434 -0.476266 0.126788
v 0.222635 -0.752439 0.005022
v 0.290185 -0.639661 0.238437
v 0.422877 -0.843966 -0.234151
v 0.443990 -0.487554 -0.094205
v 0.399629 -0.471668 0.128511
v -0.176504 -0.783791 0.848696
v 0.178561 -0.786603 0.850021
v -0.000663 -0.277749 0.929436
v 0.242470 -0.448617 0.843995
v -0.242159 -0.447741 0.847323
v -0.059089 0.169214 0.281476
v 0.060662 0.169467 0.280486
v 0.002347 0.136297 0.605761
v 0.118996 0.126063 0.463070
v -0.118931 0.123433 0.464922
v -0.092820 -0.358309 -0.433408
v 0.091174 -0.357879 -0.431114
v -0.002774 -0.010775 -0.526604
v 0.109964 -0.123419 -0.460157
v -0.113022 -0.125188 -0.459015
v -0.160210 0.719687 -0.759523
v 0.158777 0.717718 -0.760290
v -0.001499 0.271253 -0.935320
v 0.236862 0.421015 -0.880418
v -0.239097 0.421388 -0.879375
v 0.362148 0.121258 -0.281782
v 0.347903 0.001361 -0.189044
v 0.317474 0.035196 -0.347809
v 0.353849 0.134304 -0.454020
v 0.387712 0.065338 -0.132559
v 0.399637 0.045003 0.217011
v 0.398753 -0.101299 0.259915
v 0.392273 -0.109153 0.425448
v 0.367852 0.004716 0.365276
v 0.400879 0.019438 0.150061
v -0.361183 0.120423 -0.281179
v -0.348313 0.000484 -0.191960
v -0.316609 0.033863 -0.352937
v -0.353318 0.132723 -0.456005
v -0.387966 0.063237 -0.135557
v -0.397566 0.047776 0.214140
v -0.398775 -0.099066 0.259318
v -0.390839 -0.108985 0.426425
v -0.366974 0.005630 0.366466
v -0.400602 0.023473 0.149159
v -0.024624 0.370200 -0.164876
v -0.095494 0.733447 -0.348822
v 0.020487 0.367618 -0.163502
v 0.096978 0.733454 -0.346432
v -0.225212 0.166392 0.105225
v -0.001552 0.238005 0.035924
v -0.191067 0.136955 0.290436
v -0.389988 0.571293 -0.399593
v 0.000381 0.855369 -0.567131
v -0.336906 0.546519 -0.656967
v -0.324508 0.130535 -0.054018
v -0.334430 0.295293 -0.472902
v -0.387955 0.093328 -0.084030
v -0.323392 0.075745 0.268889
v -0.408775 0.063643 0.078963
v 0.220647 0.170323 0.106195
v 0.188538 0.139659 0.289490
v 0.388874 0.573017 -0.400699
v 0.334343 0.548152 -0.659355
v 0.318339 0.132251 -0.057029
v 0.332677 0.296048 -0.472611
v 0.386446 0.085388 -0.086507
v 0.320357 0.079403 0.268488
v 0.406068 0.062116 0.077732
v -0.114836 -0.686668 0.298745
v -0.117515 -0.755718 -0.229957
v 0.109805 -0.687303 0.302151
v 0.119165 -0.752757 -0.228802
v -0.371755 -0.512087 0.399440
v -0.000078 -0.724048 0.606843
v -0.396774 -0.586905 0.687367
v -0.412509 -0.445161 -0.290323
v -0.001436 -0.552024 -0.338719
v -0.255718 -0.282121 -0.384649
v -0.435163 -0.244586 0.027889
v -0.336859 -0.138288 -0.289382
v -0.383630 -0.026194 -0.041483
v -0.406674 -0.304666 0.445742
v -0.401637 -0.063614 0.104856
v 0.373020 -0.512286 0.397638
v 0.403069 -0.589035 0.688731
v 0.412974 -0.445621 -0.290105
v 0.256278 -0.282915 -0.385692
v 0.436213 -0.246778 0.029534
v 0.340160 -0.137998 -0.287065
v 0.382226 -0.024500 -0.039561
v 0.404738 -0.303581 0.445170
v 0.404073 -0.067379 0.105797
v 0.245510 -0.121836 0.828052
v -0.246060 -0.120292 0.826817
v 0.180343 0.071949 0.653893
v -0.178755 0.072428 0.654085
v 0.330111 -0.043007 0.578621
v -0.329967 -0.043739 0.576972
v 0.144840 0.009357 -0.593020
v -0.145075 0.006958 -0.594627
v 0.258650 0.094793 -0.913710
v -0.259587 0.095204 -0.913814
v 0.301960 0.068183 -0.584191
v -0.305088 0.069985 -0.586565
v -0.119571 0.424193 -0.192545
v -0.122086 0.312544 -0.156838
v -0.161916 0.446909 -0.229907
v -0.172694 0.338927 -0.198332
v -0.157333 0.268420 -0.144688
v 0.117602 0.422289 -0.190194
v 0.116969 0.313964 -0.154503
v 0.160462 0.448487 -0.224344
v 0.172824 0.340821 -0.193631
v 0.155099 0.272139 -0.143157
v -0.324933 -0.732028 -0.002735
v -0.335131 -0.630076 0.080066
v -0.414918 -0.756446 -0.087031
v -0.421081 -0.598996 -0.049509
v -0.390110 -0.567470 0.053904
v 0.325213 -0.726118 -0.002023
v 0.331440 -0.629907 0.083095
v 0.416832 -0.753399 -0.088871
v 0.421489 -0.599164 -0.050806
v 0.386833 -0.568162 0.057693
v -0.074906 -0.623078 0.839705
v 0.076359 -0.623288 0.840044
v -0.000296 -0.425462 0.877734
v 0.114681 -0.505103 0.859623
v -0.113418 -0.504789 0.856802
v -0.027549 0.148206 0.369846
v 0.028839 0.144530 0.375501
v -0.000309 0.141979 0.506570
v 0.052725 0.139621 0.454851
v -0.052428 0.138042 0.453350
v -0.037485 -0.272127 -0.467715
v 0.037542 -0.271872 -0.469359
v -0.001578 -0.108987 -0.492814
v 0.050342 -0.170589 -0.478996
v -0.055008 -0.168767 -0.479445
v -0.069248 0.615460 -0.817668
v 0.067302 0.612697 -0.815680
v -0.002649 0.412786 -0.902229
v 0.107662 0.483995 -0.866421
v -0.109431 0.485114 -0.868351
v 0.368261 0.096895 -0.279975
v 0.353561 0.051001 -0.232685
v 0.345190 0.063194 -0.310624
v 0.357485 0.095906 -0.350387
v 0.374225 0.071191 -0.212410
v 0.397163 0.020933 0.246572
v 0.392487 -0.044177 0.267800
v 0.388808 -0.049523 0.334291
v 0.388234 -0.005261 0.316463
v 0.395038 0.004495 0.217726
v -0.369967 0.095870 -0.284501
v -0.355129 0.049190 -0.237138
v -0.348500 0.060962 -0.317549
v -0.360222 0.095755 -0.355736
v -0.375280 0.072407 -0.215895
v -0.394546 0.020742 0.245753
v -0.391908 -0.039874 0.265487
v -0.388477 -0.048701 0.335368
v -0.386844 -0.005725 0.315237
v -0.393391 0.010478 0.213410
v -0.046101 0.565938 -0.210177
v 0.043134 0.563348 -0.208281
v -0.012650 0.514411 -0.202178
v -0.033594 0.663001 -0.262419
v 0.012841 0.504694 -0.198765
v 0.032103 0.661425 -0.263954
v -0.102452 0.253456 -0.037570
v -0.084197 0.203573 0.177446
v -0.046425 0.269222 -0.078801
v -0.164223 0.216874 0.095903
v -0.043740 0.238965 0.045192
v -0.151694 0.194794 0.196843
v -0.260869 0.703554 -0.407012
v -0.224063 0.777503 -0.651238
v -0.201265 0.824491 -0.447694
v -0.499243 0.766109 -0.485792
v -0.227433 0.970420 -0.588642
v -0.334727 0.701513 -0.602900
v -0.246181 0.258167 -0.232324
v -0.334260 0.152575 -0.272665
v -0.285139 0.362384 -0.336687
v -0.303842 0.160302 -0.150084
v -0.312123 0.259278 -0.364087
v -0.343270 0.125853 -0.167308
v -0.286412 0.140204 0.030407
v -0.395091 0.069313 0.179420
v -0.288490 0.128643 0.112418
v -0.342710 0.112880 0.033000
v -0.344860 0.089404 0.192731
v -0.397700 0.077215 0.106624
v 0.099005 0.253972 -0.039071
v 0.083173 0.204781 0.177304
v 0.043942 0.270302 -0.080743
v 0.042817 0.241226 0.043352
v 0.161172 0.217472 0.093860
v 0.150764 0.195973 0.194920
v 0.261674 0.704173 -0.406265
v 0.222796 0.775752 -0.650136
v 0.199964 0.825616 -0.447065
v 0.226435 0.971084 -0.588094
v 0.501011 0.766064 -0.485299
v 0.335235 0.700777 -0.602049
v 0.246429 0.259211 -0.233169
v 0.332696 0.152265 -0.271698
v 0.283265 0.367168 -0.337282
v 0.300000 0.162750 -0.151981
v 0.311494 0.260375 -0.364489
v 0.345780 0.125352 -0.166586
v 0.281348 0.142114 0.028460
v 0.391477 0.069397 0.178125
v 0.284562 0.131651 0.111002
v 0.339772 0.112427 0.032372
v 0.343456 0.090517 0.191631
v 0.390829 0.075563 0.101994
v -0.117360 -0.699866 0.005240
v 0.118386 -0.702246 0.007520
v -0.059604 -0.675936 0.146859
v -0.072778 -0.664602 -0.108849
v 0.055607 -0.674128 0.147827
v 0.073879 -0.666510 -0.107513
v -0.264682 -0.663241 0.437729
v -0.284644 -0.951021 0.756093
v -0.177101 -0.706375 0.468524
v -0.338942 -0.646597 0.502198
v -0.148471 -0.900445 0.598854
v -0.388921 -0.759372 0.655460
v -0.350137 -0.779697 -0.357228
v -0.159480 -0.459180 -0.387904
v -0.194326 -0.744861 -0.331504
v -0.356863 -0.550965 -0.349731
v -0.119737 -0.572965 -0.351383
v -0.258244 -0.431862 -0.375317
v -0.441001 -0.349372 -0.126749
v -0.378441 -0.091169 -0.168290
v -0.418710 -0.325175 -0.216311
v -0.442411 -0.226690 -0.062136
v -0.387426 -0.177806 -0.228112
v -0.402170 -0.110102 -0.089747
v -0.411752 -0.376491 0.186375
v -0.406974 -0.181146 0.250139
v -0.399477 -0.393521 0.305815
v -0.421181 -0.260160 0.124445
v -0.407197 -0.293950 0.335953
v -0.410371 -0.165470 0.159787
v 0.261935 -0.661191 0.439026
v 0.285062 -0.951214 0.753804
v 0.174340 -0.705881 0.471685
v 0.149423 -0.903104 0.600281
v 0.337463 -0.646295 0.500777
v 0.386131 -0.756003 0.650271
v 0.348595 -0.780532 -0.357822
v 0.160189 -0.458154 -0.386939
v 0.191749 -0.745813 -0.331086
v 0.120247 -0.573732 -0.348207
v 0.354894 -0.549566 -0.348644
v 0.258479 -0.433039 -0.376235
v 0.440112 -0.350918 -0.125586
v 0.377799 -0.090466 -0.164712
v 0.421816 -0.325849 -0.215242
v 0.440054 -0.228745 -0.061149
v 0.388383 -0.181701 -0.225269
v 0.404712 -0.110653 -0.088564
v 0.410506 -0.375523 0.184710
v 0.407932 -0.182683 0.251732
v 0.399804 -0.392146 0.306123
v 0.421925 -0.260420 0.124670
v 0.409291 -0.292360 0.334337
v 0.411141 -0.163766 0.158982
v -0.000902 -0.121036 0.930908
v 0.000890 0.099605 0.714584
v 0.123563 -0.048001 0.850575
v -0.122748 -0.047823 0.850598
v 0.106151 0.059514 0.753627
v -0.105710 0.059620 0.753309
v 0.335871 -0.359644 0.775311
v 0.395582 -0.177829 0.540154
v 0.387664 -0.416392 0.679204
v 0.401477 -0.296673 0.555660
v 0.337123 -0.197577 0.761302
v 0.366989 -0.136169 0.632004
v -0.335940 -0.359472 0.776463
v -0.392829 -0.178520 0.538551
v -0.385123 -0.415935 0.681355
v -0.398397 -0.297473 0.555720
v -0.338230 -0.195755 0.759946
v -0.365742 -0.134213 0.632281
v 0.192343 0.098861 0.462502
v 0.324999 0.030205 0.410168
v 0.229232 0.095946 0.374226
v 0.293291 0.067789 0.351845
v 0.225550 0.065827 0.545037
v 0.297004 0.019940 0.512312
v -0.193294 0.097330 0.462608
v -0.324172 0.031355 0.410682
v -0.230817 0.098372 0.373198
v -0.296272 0.066905 0.354048
v -0.226223 0.066422 0.545885
v -0.297551 0.021850 0.512420
v -0.000213 0.019377 -0.632078
v -0.000827 0.132415 -0.892983
v 0.083012 0.014253 -0.696583
v -0.086670 0.012852 -0.696762
v 0.114411 0.060661 -0.848480
v -0.117005 0.060939 -0.848837
v 0.167708 -0.076995 -0.428162
v 0.275970 0.001401 -0.375950
v 0.236173 -0.145983 -0.383889
v 0.275610 -0.084181 -0.337058
v 0.184798 0.000320 -0.485812
v 0.254958 0.025375 -0.478951
v -0.169291 -0.075499 -0.425078
v -0.275827 0.001283 -0.379404
v -0.235656 -0.144608 -0.383190
v -0.276463 -0.085795 -0.339750
v -0.185392 0.003488 -0.484826
v -0.255308 0.026234 -0.480925
v 0.344514 0.337011 -0.844247
v 0.359457 0.185394 -0.579690
v 0.347410 0.393951 -0.697754
v 0.352447 0.293043 -0.587957
v 0.369100 0.171897 -0.871380
v 0.358458 0.138303 -0.683946
v -0.345888 0.338713 -0.844548
v -0.356802 0.185206 -0.579953
v -0.347749 0.393674 -0.697354
v -0.350666 0.291440 -0.589939
v -0.368427 0.173986 -0.870723
v -0.355918 0.138946 -0.683693
v 0.402550 0.056256 -0.054279
v 0.404904 0.031003 0.086458
v 0.407892 0.065877 -0.027672
v 0.408938 0.053919 0.046617
v 0.393528 0.024612 -0.004354
v 0.399922 0.006034 0.062006
v -0.400905 0.056403 -0.057588
v -0.406100 0.038668 0.085270
v -0.408494 0.067180 -0.027487
v -0.411388 0.059412 0.047795
v -0.392789 0.022726 -0.008095
v -0.400085 0.008340 0.058870
v -0.088842 0.381815 -0.165062
v -0.134191 0.541394 -0.246264
v -0.051964 0.447802 -0.176216
v -0.090569 0.618229 -0.256100
v -0.160440 0.233217 -0.083030
v -0.060184 0.323635 -0.146174
v -0.164416 0.217381 -0.004234
v -0.216581 0.451907 -0.256388
v -0.161141 0.665357 -0.333387
v -0.303886 0.590964 -0.354021
v -0.203249 0.234130 -0.137543
v -0.261673 0.432970 -0.295442
v -0.253769 0.198363 -0.139813
v -0.222755 0.175921 0.018058
v -0.271344 0.162499 -0.055015
v 0.084386 0.379710 -0.161276
v 0.134824 0.538411 -0.243480
v 0.048598 0.446849 -0.175669
v 0.089528 0.617511 -0.254095
v 0.154898 0.233993 -0.083496
v 0.056710 0.323639 -0.145834
v 0.158725 0.220801 -0.005366
v 0.219631 0.456358 -0.244209
v 0.161732 0.665606 -0.330122
v 0.306128 0.591616 -0.352870
v 0.197305 0.232831 -0.137053
v 0.263483 0.433622 -0.298225
v 0.249939 0.199474 -0.140583
v 0.217554 0.180639 0.015469
v 0.264319 0.164623 -0.055213
v -0.254615 -0.664002 0.094980
v -0.308771 -0.931875 -0.068734
v -0.163069 -0.680775 0.125288
v -0.157063 -0.838835 -0.111428
v -0.355621 -0.562768 0.182048
v -0.211784 -0.681500 0.278214
v -0.334613 -0.586045 0.338130
v -0.450372 -0.643166 -0.165734
v -0.262959 -0.954544 -0.271902
v -0.433301 -0.637281 -0.284876
v -0.424544 -0.475625 0.013848
v -0.444401 -0.485842 -0.200025
v -0.445232 -0.358609 -0.027784
v -0.380390 -0.483007 0.258397
v -0.428521 -0.365813 0.075708
v 0.254108 -0.666538 0.103107
v 0.318452 -0.928056 -0.069004
v 0.162489 -0.679500 0.129976
v 0.153049 -0.848081 -0.102790
v 0.355884 -0.562173 0.183856
v 0.208581 -0.684198 0.280093
v 0.333505 -0.584133 0.340410
v 0.445379 -0.639794 -0.165681
v 0.262546 -0.954846 -0.271020
v 0.433197 -0.636257 -0.285163
v 0.425608 -0.476818 0.012904
v 0.440587 -0.483705 -0.199771
v 0.444661 -0.359861 -0.027843
v 0.380266 -0.482460 0.256809
v 0.427313 -0.366192 0.075491
v 0.002743 -0.663787 0.791997
v -0.229271 -0.623322 0.847934
v -0.088653 -0.788299 0.740705
v -0.353674 -0.765649 0.814306
v 0.231876 -0.622322 0.845363
v 0.088252 -0.790323 0.741506
v 0.356724 -0.763900 0.811495
v 0.126740 -0.357361 0.886125
v -0.127837 -0.356562 0.884372
v 0.131785 -0.195738 0.906968
v -0.130827 -0.198880 0.904132
v 0.354783 -0.547933 0.801798
v 0.248315 -0.279047 0.847204
v -0.353191 -0.546020 0.802019
v -0.247526 -0.279871 0.848316
v 0.000714 0.171307 0.276761
v -0.090312 0.141252 0.376927
v -0.026439 0.203541 0.164488
v -0.123308 0.160106 0.286838
v 0.091620 0.141026 0.377012
v 0.025654 0.204211 0.166076
v 0.122242 0.159689 0.288163
v 0.068436 0.135745 0.542924
v -0.067360 0.134199 0.542879
v 0.087061 0.115912 0.645646
v -0.086787 0.116902 0.645246
v 0.158829 0.123697 0.379095
v 0.148057 0.108377 0.557178
v -0.158315 0.124135 0.381309
v -0.146492 0.106903 0.555312
v 0.000759 -0.369099 -0.437624
v -0.112936 -0.243576 -0.456285
v -0.053420 -0.463035 -0.389831
v -0.179033 -0.331051 -0.414279
v 0.111456 -0.243996 -0.456676
v 0.053379 -0.463124 -0.390094
v 0.179224 -0.330956 -0.415438
v 0.053217 -0.060730 -0.495999
v -0.055076 -0.060194 -0.495064
v 0.061312 0.010238 -0.558709
v -0.063480 0.010881 -0.559474
v 0.177030 -0.201449 -0.422968
v 0.112030 -0.015474 -0.485044
v -0.178645 -0.199892 -0.422288
v -0.113927 -0.014787 -0.484076
v -0.000023 0.737182 -0.765601
v -0.206437 0.575177 -0.814178
v -0.088401 0.814951 -0.672736
v -0.277679 0.649595 -0.725819
v 0.202787 0.573372 -0.813039
v 0.089430 0.812992 -0.673484
v 0.274644 0.650875 -0.724088
v 0.133572 0.344985 -0.934562
v -0.135452 0.345024 -0.936067
v 0.139313 0.187503 -0.946455
v -0.140282 0.189716 -0.947436
v 0.302379 0.494582 -0.778875
v 0.281314 0.261121 -0.973002
v -0.303427 0.492630 -0.778254
v -0.281579 0.261923 -0.971662
v 0.355654 0.135687 -0.370639
v 0.381560 0.088141 -0.198437
v 0.334907 0.182837 -0.376155
v 0.373382 0.103946 -0.183579
v 0.332090 0.015317 -0.263512
v 0.366662 0.043034 -0.155798
v 0.345419 -0.065953 -0.232761
v 0.367413 -0.013529 -0.114269
v 0.337713 0.082069 -0.406759
v 0.307546 -0.030420 -0.297322
v 0.307076 0.055482 -0.451317
v 0.347523 0.200104 -0.477133
v 0.340075 0.111087 -0.528417
v 0.396703 0.077448 -0.110046
v 0.380824 0.033798 -0.079351
v 0.387040 0.027802 0.285176
v 0.401470 0.034217 0.181887
v 0.377833 0.057881 0.246696
v 0.404414 0.054113 0.146360
v 0.397984 -0.112078 0.343843
v 0.393638 -0.024111 0.196151
v 0.406566 -0.195330 0.346637
v 0.402659 -0.080416 0.183052
v 0.377075 -0.042725 0.398864
v 0.403548 -0.196901 0.442444
v 0.373427 -0.086658 0.507935
v 0.350701 0.042480 0.320782
v 0.350264 -0.017288 0.461866
v 0.407514 0.042630 0.116763
v 0.397813 -0.013251 0.128871
v -0.356688 0.134780 -0.373677
v -0.381014 0.088780 -0.201785
v -0.337314 0.182769 -0.376220
v -0.369768 0.105195 -0.186047
v -0.333414 0.011985 -0.269536
v -0.366587 0.042248 -0.161414
v -0.344529 -0.065911 -0.238586
v -0.364388 -0.012085 -0.116268
v -0.341322 0.079784 -0.412999
v -0.306026 -0.031812 -0.301319
v -0.308222 0.053550 -0.456540
v -0.347997 0.199835 -0.477426
v -0.340713 0.109421 -0.531802
v -0.398296 0.077422 -0.112031
v -0.378799 0.033717 -0.083844
v -0.383910 0.028293 0.283534
v -0.403049 0.038014 0.179741
v -0.374798 0.057361 0.246760
v -0.404266 0.058497 0.146742
v -0.397233 -0.112924 0.342082
v -0.391346 -0.021321 0.195149
v -0.404813 -0.193825 0.344898
v -0.400470 -0.083446 0.180329
v -0.380153 -0.041744 0.400902
v -0.402184 -0.196842 0.442496
v -0.371279 -0.084451 0.505569
v -0.349483 0.043020 0.323551
v -0.347691 -0.017620 0.462924
v -0.406283 0.049231 0.113666
v -0.398578 -0.009060 0.126981
v -0.000836 0.387675 -0.173794
v -0.009745 0.277384 -0.101430
v 0.001783 0.760040 -0.338548
v -0.095541 0.845581 -0.462785
v 0.009725 0.277663 -0.101088
v 0.096031 0.844934 -0.462892
v -0.216234 0.159158 0.200292
v -0.279835 0.115570 0.198571
v -0.258539 0.106559 0.283971
v -0.418810 0.599508 -0.537572
v -0.330655 0.432515 -0.453846
v -0.343985 0.430116 -0.571048
v -0.364060 0.103095 -0.067311
v -0.388074 0.084831 0.026713
v -0.404418 0.072508 0.002334
v 0.213823 0.159904 0.201932
v 0.275277 0.119764 0.198706
v 0.256012 0.106535 0.285344
v 0.418950 0.600658 -0.536549
v 0.332893 0.432635 -0.452169
v 0.346948 0.428544 -0.571933
v 0.362838 0.102899 -0.068540
v 0.383517 0.084478 0.021855
v 0.401291 0.070834 -0.000137
v -0.002642 -0.687354 0.305669
v -0.065888 -0.722454 0.463073
v 0.001990 -0.611870 -0.199964
v -0.069124 -0.624398 -0.285527
v 0.063081 -0.722570 0.465094
v 0.067070 -0.625090 -0.283930
v -0.385198 -0.559893 0.542961
v -0.397706 -0.416327 0.432612
v -0.399452 -0.429457 0.560179
v -0.341742 -0.368371 -0.348832
v -0.380003 -0.276610 -0.292599
v -0.310936 -0.214774 -0.344407
v -0.418669 -0.125930 -0.007941
v -0.414353 -0.147683 0.073347
v -0.398263 -0.045618 0.030794
v 0.383826 -0.559389 0.540606
v 0.396518 -0.415947 0.432742
v 0.400547 -0.431543 0.558624
v 0.340285 -0.369566 -0.347039
v 0.380833 -0.278578 -0.292329
v 0.314709 -0.213369 -0.344537
v 0.418188 -0.129261 -0.007754
v 0.417385 -0.148904 0.074286
v 0.399481 -0.046736 0.033437
v 0.216255 0.001387 0.752006
v 0.307135 -0.070541 0.709299
v -0.216396 0.001097 0.751943
v -0.307242 -0.070402 0.707927
v 0.263876 0.013047 0.628874
v -0.263199 0.010843 0.628171
v 0.193619 0.012609 -0.753579
v 0.234614 0.029285 -0.608736
v -0.197865 0.012654 -0.754253
v -0.233840 0.029675 -0.609357
v 0.306269 0.064304 -0.754293
v -0.308501 0.066310 -0.755968
v -0.131208 0.385885 -0.190886
v -0.133079 0.336416 -0.172558
v -0.149147 0.395577 -0.205713
v -0.154997 0.348739 -0.192417
v -0.146244 0.314769 -0.171341
v 0.128677 0.385164 -0.188648
v 0.127525 0.335752 -0.171325
v 0.148859 0.396773 -0.199679
v 0.153469 0.350371 -0.188198
v 0.140292 0.315655 -0.170001
v -0.358484 -0.692890 -0.006654
v -0.356273 -0.643490 0.029540
v -0.390900 -0.695986 -0.040257
v -0.400467 -0.636087 -0.025448
v -0.386172 -0.615528 0.018203
v 0.358289 -0.689440 -0.004214
v 0.355641 -0.641723 0.032127
v 0.391678 -0.693464 -0.039453
v 0.399374 -0.636617 -0.025035
v 0.382652 -0.614130 0.021804
v -0.031754 -0.576500 0.847331
v 0.034129 -0.577643 0.848770
v 0.001583 -0.491298 0.862570
v 0.050122 -0.524285 0.856971
v -0.049493 -0.523866 0.856581
v -0.011857 0.142677 0.409860
v 0.014124 0.143684 0.411157
v 0.002322 0.142163 0.468781
v 0.023008 0.141494 0.446356
v -0.020604 0.140967 0.446155
v -0.016841 -0.232087 -0.481760
v 0.014796 -0.232537 -0.477771
v -0.003498 -0.159109 -0.489229
v 0.024224 -0.187441 -0.481678
v -0.023669 -0.186293 -0.483519
v -0.030825 0.564481 -0.837719
v 0.029593 0.564879 -0.836917
v -0.000974 0.476554 -0.875825
v 0.047536 0.509591 -0.861422
v -0.047592 0.508431 -0.861057
v 0.366704 0.087543 -0.279701
v 0.360767 0.065475 -0.256877
v 0.355053 0.073110 -0.292813
v 0.359910 0.086754 -0.308800
v 0.366881 0.075498 -0.247659
v 0.394300 0.006126 0.260767
v 0.392355 -0.024522 0.269550
v 0.391268 -0.027463 0.299621
v 0.390515 -0.008534 0.291625
v 0.392458 -0.002443 0.247299
v -0.368801 0.085111 -0.283601
v -0.361266 0.064585 -0.261784
v -0.359317 0.070397 -0.298275
v -0.364129 0.084156 -0.312662
v -0.367910 0.074951 -0.251021
v -0.391609 0.006454 0.260688
v -0.390505 -0.021416 0.268596
v -0.389466 -0.021437 0.295114
v -0.389549 -0.006271 0.291653
v -0.391062 -0.000544 0.246464
v -0.022218 0.586689 -0.217588
v 0.022212 0.580790 -0.218022
v -0.008579 0.555422 -0.210034
v -0.014062 0.625729 -0.237985
v 0.008146 0.552397 -0.209121
v 0.012582 0.625965 -0.238998
v -0.104604 0.249547 0.015713
v -0.093841 0.225773 0.126350
v -0.072910 0.253850 -0.000860
v -0.136201 0.239858 0.087112
v -0.069816 0.241873 0.055758
v -0.130892 0.227199 0.142196
v -0.273210 0.763336 -0.467411
v -0.241179 0.795348 -0.592311
v -0.242234 0.836772 -0.496947
v -0.340031 0.771253 -0.500401
v -0.263503 0.910291 -0.580367
v -0.297636 0.751297 -0.563470
v -0.270711 0.229943 -0.243411
v -0.316495 0.173800 -0.264791
v -0.281150 0.270127 -0.296279
v -0.295527 0.176215 -0.201279
v -0.300404 0.229393 -0.308915
v -0.319936 0.156872 -0.211533
v -0.319947 0.117973 0.074341
v -0.380053 0.083957 0.152734
v -0.321587 0.112577 0.115192
v -0.349016 0.105155 0.074389
v -0.349820 0.095171 0.154467
v -0.381232 0.087012 0.114916
v 0.101334 0.250277 0.014064
v 0.092795 0.226433 0.126237
v 0.070981 0.254453 -0.004082
v 0.068459 0.241246 0.053965
v 0.132420 0.241748 0.086020
v 0.126226 0.228446 0.140477
v 0.269340 0.763796 -0.467958
v 0.240854 0.795917 -0.594044
v 0.240971 0.834967 -0.497147
v 0.262679 0.910314 -0.579330
v 0.339263 0.770834 -0.499843
v 0.299987 0.751663 -0.564018
v 0.269307 0.231050 -0.245553
v 0.316215 0.176594 -0.265810
v 0.281107 0.272493 -0.297524
v 0.294621 0.180390 -0.202646
v 0.298770 0.230105 -0.309025
v 0.318077 0.159957 -0.211221
v 0.317302 0.117834 0.072663
v 0.378965 0.082470 0.151579
v 0.319988 0.113187 0.115288
v 0.347730 0.105041 0.075215
v 0.350606 0.095336 0.153896
v 0.378352 0.087450 0.112664
v -0.061876 -0.677298 0.009580
v 0.060299 -0.679479 0.012327
v -0.030906 -0.674150 0.077617
v -0.033549 -0.660912 -0.048708
v 0.027472 -0.671547 0.078994
v 0.034085 -0.660951 -0.048537
v -0.273670 -0.725144 0.508122
v -0.318715 -0.941231 0.642835
v -0.231094 -0.783360 0.514376
v -0.325172 -0.733989 0.539885
v -0.235151 -0.935739 0.567500
v -0.362711 -0.825071 0.612391
v -0.291833 -0.683857 -0.362102
v -0.198205 -0.521212 -0.372340
v -0.223138 -0.677157 -0.353512
v -0.305403 -0.583940 -0.362069
v -0.182203 -0.586645 -0.356957
v -0.253939 -0.513815 -0.370914
v -0.430436 -0.279726 -0.138165
v -0.398359 -0.146812 -0.157756
v -0.420275 -0.267076 -0.181876
v -0.429289 -0.222714 -0.106656
v -0.402962 -0.197453 -0.189498
v -0.413325 -0.157521 -0.118239
v -0.411964 -0.326515 0.208708
v -0.410202 -0.227953 0.239733
v -0.406353 -0.335055 0.263913
v -0.415998 -0.269279 0.174958
v -0.407717 -0.286215 0.280631
v -0.414499 -0.221064 0.189968
v 0.272866 -0.723655 0.506351
v 0.317065 -0.941422 0.640625
v 0.229646 -0.783847 0.516038
v 0.235639 -0.934301 0.567633
v 0.323046 -0.732622 0.536770
v 0.361980 -0.822486 0.607330
v 0.291664 -0.685598 -0.363578
v 0.198643 -0.522103 -0.371890
v 0.222941 -0.678499 -0.351509
v 0.180409 -0.590696 -0.356499
v 0.303546 -0.582978 -0.364345
v 0.253978 -0.513619 -0.371143
v 0.431070 -0.280476 -0.136864
v 0.399019 -0.148791 -0.156434
v 0.419605 -0.269000 -0.180394
v 0.430115 -0.222088 -0.104759
v 0.406870 -0.197203 -0.187815
v 0.414767 -0.159262 -0.116161
v 0.411522 -0.326757 0.208403
v 0.410654 -0.230252 0.240631
v 0.407345 -0.335506 0.265311
v 0.414832 -0.270959 0.174969
v 0.408424 -0.284334 0.281408
v 0.412530 -0.223347 0.191902
v 0.000415 -0.045921 0.876481
v 0.000924 0.066211 0.771637
v 0.061230 -0.012633 0.845562
v -0.059808 -0.012376 0.846063
v 0.057465 0.041646 0.793845
v -0.056129 0.042387 0.794180
v 0.363597 -0.309487 0.721951
v 0.393755 -0.218054 0.602176
v 0.384265 -0.336242 0.672795
v 0.395883 -0.281059 0.610681
v 0.365351 -0.233028 0.714179
v 0.381511 -0.193672 0.652458
v -0.363510 -0.308606 0.722281
v -0.392540 -0.219349 0.600839
v -0.383405 -0.334386 0.673176
v -0.393371 -0.283078 0.610850
v -0.365816 -0.231639 0.713602
v -0.382411 -0.193320 0.652042
v 0.230060 0.084586 0.454871
v 0.296307 0.045621 0.428638
v 0.245650 0.079309 0.409955
v 0.277946 0.063522 0.394720
v 0.246039 0.064269 0.492341
v 0.280527 0.044198 0.478266
v -0.229841 0.080732 0.456469
v -0.294380 0.046292 0.430053
v -0.247188 0.080301 0.408546
v -0.281062 0.064082 0.398005
v -0.246275 0.063093 0.493630
v -0.279788 0.044723 0.479012
v -0.001553 0.028675 -0.702106
v -0.001735 0.081304 -0.838487
v 0.045737 0.030635 -0.738142
v -0.047755 0.032892 -0.736188
v 0.051889 0.058509 -0.805886
v -0.053888 0.054521 -0.808705
v 0.193260 -0.051749 -0.407759
v 0.249494 -0.014834 -0.381379
v 0.223846 -0.085115 -0.383887
v 0.245602 -0.057929 -0.361586
v 0.201112 -0.010121 -0.435175
v 0.233743 0.000409 -0.430098
v -0.195646 -0.051132 -0.408738
v -0.249357 -0.013409 -0.386176
v -0.225149 -0.082179 -0.383304
v -0.245257 -0.056118 -0.362526
v -0.201320 -0.008702 -0.434981
v -0.234252 0.001954 -0.431210
v 0.378022 0.293459 -0.795181
v 0.364085 0.215685 -0.648995
v 0.362507 0.322854 -0.715958
v 0.361949 0.276305 -0.652415
v 0.388387 0.215548 -0.804608
v 0.371870 0.187525 -0.713042
v -0.376269 0.293872 -0.794785
v -0.366366 0.217948 -0.651417
v -0.363071 0.322015 -0.716092
v -0.362159 0.276224 -0.655406
v -0.387708 0.216675 -0.805327
v -0.370994 0.190550 -0.714839
v 0.404642 0.049779 -0.016245
v 0.405675 0.038680 0.053413
v 0.408905 0.055280 -0.001665
v 0.409546 0.049902 0.032802
v 0.400115 0.035657 0.006892
v 0.403306 0.030374 0.040232
v -0.405558 0.052464 -0.018548
v -0.407501 0.040876 0.051095
v -0.410257 0.059260 -0.002347
v -0.411113 0.054340 0.034112
v -0.400601 0.036223 0.003930
v -0.404611 0.031621 0.039503
v -0.104585 0.464764 -0.189751
v -0.067852 0.539840 -0.196862
v -0.088058 0.443997 -0.169368
v -0.108213 0.523247 -0.218076
v -0.068703 0.480597 -0.175057
v -0.088694 0.564279 -0.219626
v -0.113754 0.290472 -0.139495
v -0.103727 0.260441 -0.085028
v -0.093871 0.320568 -0.148062
v -0.132949 0.253155 -0.099857
v -0.081962 0.297396 -0.133116
v -0.133195 0.242891 -0.061609
v -0.178022 0.504521 -0.263014
v -0.231625 0.636686 -0.351730
v -0.163717 0.555584 -0.274728
v -0.212908 0.513418 -0.283210
v -0.183730 0.619329 -0.318250
v -0.246770 0.582765 -0.330521
v -0.193028 0.325680 -0.202674
v -0.227671 0.283925 -0.220576
v -0.213440 0.381698 -0.234975
v -0.199956 0.260782 -0.175525
v -0.234883 0.365923 -0.246830
v -0.221785 0.241764 -0.178671
v -0.183324 0.230440 -0.107164
v -0.248574 0.168458 -0.017871
v -0.186737 0.216307 -0.071102
v -0.207359 0.211177 -0.101137
v -0.219989 0.186708 -0.023112
v -0.240843 0.180607 -0.058473
v 0.101622 0.462016 -0.189274
v 0.064624 0.539611 -0.195598
v 0.084294 0.443241 -0.169514
v 0.106413 0.522567 -0.214214
v 0.065592 0.480184 -0.174749
v 0.086659 0.558632 -0.220825
v 0.110038 0.291511 -0.138115
v 0.100643 0.262117 -0.082613
v 0.090620 0.321263 -0.149146
v 0.129606 0.252154 -0.096695
v 0.078961 0.296628 -0.133862
v 0.129358 0.245604 -0.061780
v 0.179882 0.507528 -0.256315
v 0.233803 0.636365 -0.349703
v 0.165451 0.556707 -0.268405
v 0.215535 0.515613 -0.277544
v 0.183665 0.620054 -0.315750
v 0.250594 0.581705 -0.325469
v 0.192716 0.326568 -0.200518
v 0.227519 0.286944 -0.221154
v 0.215420 0.384046 -0.231937
v 0.196070 0.262401 -0.173976
v 0.234413 0.366354 -0.249474
v 0.219549 0.242864 -0.178474
v 0.177428 0.231497 -0.105311
v 0.244781 0.166506 -0.016443
v 0.181611 0.215967 -0.071295
v 0.202718 0.213118 -0.099977
v 0.214329 0.186928 -0.025304
v 0.236788 0.181363 -0.056885
v -0.274956 -0.756572 0.003097
v -0.166302 -0.727272 -0.000289
v -0.237688 -0.691100 0.036161
v -0.249588 -0.848489 -0.022603
v -0.191330 -0.692884 0.046979
v -0.190424 -0.808985 -0.044825
v -0.312513 -0.630512 0.150829
v -0.277110 -0.650944 0.328426
v -0.275250 -0.656489 0.165286
v -0.328122 -0.604170 0.209226
v -0.255087 -0.681142 0.258899
v -0.313861 -0.612419 0.292396
v -0.428470 -0.813555 -0.153149
v -0.395067 -0.831168 -0.310851
v -0.383099 -0.921354 -0.164404
v -0.444359 -0.736100 -0.200561
v -0.354423 -0.930541 -0.258826
v -0.435653 -0.740235 -0.270159
v -0.433674 -0.547288 -0.074022
v -0.442962 -0.417468 -0.110429
v -0.444873 -0.558410 -0.130033
v -0.436053 -0.481904 -0.040156
v -0.443727 -0.488851 -0.147214
v -0.442224 -0.420330 -0.059578
v -0.395472 -0.520326 0.091108
v -0.406610 -0.424780 0.159853
v -0.381102 -0.520222 0.154315
v -0.412957 -0.473494 0.069177
v -0.390473 -0.475665 0.191208
v -0.418511 -0.420731 0.101103
v 0.278193 -0.751186 0.004432
v 0.171308 -0.729522 0.004688
v 0.239386 -0.686045 0.038778
v 0.261314 -0.847915 -0.018621
v 0.191817 -0.690101 0.051806
v 0.193342 -0.810731 -0.039851
v 0.309418 -0.628982 0.154287
v 0.275238 -0.653611 0.330396
v 0.271277 -0.657532 0.171601
v 0.324804 -0.603593 0.210197
v 0.250008 -0.684012 0.262113
v 0.310636 -0.612445 0.295476
v 0.428248 -0.814184 -0.152727
v 0.393947 -0.833587 -0.311315
v 0.385319 -0.919783 -0.166313
v 0.445606 -0.736912 -0.200512
v 0.351596 -0.932151 -0.259643
v 0.435122 -0.742288 -0.270600
v 0.433100 -0.547202 -0.072943
v 0.444328 -0.420883 -0.110884
v 0.442487 -0.558611 -0.128251
v 0.435579 -0.481462 -0.040232
v 0.443301 -0.488786 -0.146377
v 0.444589 -0.421382 -0.060344
v 0.394088 -0.520168 0.093164
v 0.405763 -0.424710 0.159522
v 0.381880 -0.520313 0.153830
v 0.414566 -0.471964 0.069868
v 0.388065 -0.476958 0.190410
v 0.416938 -0.421536 0.099703
v -0.126531 -0.684803 0.837788
v -0.230512 -0.912660 0.827564
v -0.091012 -0.708522 0.809781
v -0.210776 -0.709010 0.848080
v -0.129089 -0.809596 0.812582
v -0.275932 -0.823262 0.850131
v 0.129003 -0.687970 0.837023
v 0.231748 -0.916588 0.825581
v 0.094692 -0.711034 0.811429
v 0.212295 -0.711579 0.849914
v 0.131249 -0.813619 0.814130
v 0.278191 -0.823794 0.849588
v 0.000559 -0.353645 0.900888
v -0.001565 -0.206662 1.004731
v 0.063928 -0.315904 0.906813
v -0.062084 -0.316793 0.906679
v 0.069311 -0.237136 0.934876
v -0.066012 -0.238039 0.932953
v 0.180388 -0.480764 0.854346
v 0.298785 -0.408470 0.819923
v 0.242851 -0.536532 0.846353
v 0.186433 -0.401160 0.864519
v 0.302746 -0.499596 0.825845
v 0.246686 -0.363847 0.847854
v -0.178295 -0.479141 0.856694
v -0.298443 -0.406614 0.820263
v -0.238540 -0.534026 0.845279
v -0.184011 -0.399640 0.865669
v -0.300080 -0.499633 0.828786
v -0.246505 -0.362337 0.847624
v -0.042357 0.156020 0.327298
v -0.072107 0.185738 0.228268
v -0.028656 0.169529 0.278447
v -0.075547 0.154123 0.330285
v -0.043646 0.186861 0.227129
v -0.091570 0.164937 0.284300
v 0.043833 0.155786 0.329534
v 0.073727 0.186887 0.229710
v 0.028991 0.171891 0.278185
v 0.076689 0.152547 0.331523
v 0.042659 0.186657 0.226108
v 0.088751 0.168131 0.283611
v -0.000142 0.141514 0.555747
v 0.001339 0.122267 0.659554
v 0.036001 0.137001 0.577519
v -0.035534 0.138200 0.575142
v 0.042177 0.126369 0.628243
v -0.040550 0.127242 0.627440
v 0.085316 0.133256 0.459848
v 0.156051 0.112817 0.466731
v 0.107432 0.129136 0.420615
v 0.097576 0.131557 0.504392
v 0.140056 0.123610 0.421401
v 0.133830 0.119341 0.510350
v -0.085062 0.134148 0.460825
v -0.156254 0.112783 0.465074
v -0.105111 0.130985 0.421943
v -0.095894 0.129905 0.505313
v -0.140949 0.121314 0.424946
v -0.132677 0.116476 0.508758
v -0.065074 -0.313449 -0.454405
v -0.124648 -0.408893 -0.408695
v -0.047614 -0.366046 -0.437554
v -0.106675 -0.303918 -0.449363
v -0.076271 -0.412692 -0.412947
v -0.137245 -0.346840 -0.424835
v 0.062752 -0.315257 -0.454682
v 0.122847 -0.405123 -0.407247
v 0.046732 -0.366767 -0.437151
v 0.104919 -0.302407 -0.447618
v 0.074578 -0.412777 -0.412959
v 0.135671 -0.345964 -0.424496
v -0.000467 -0.056333 -0.506254
v -0.000197 0.013624 -0.569865
v 0.025374 -0.032646 -0.511413
v -0.027820 -0.034525 -0.512025
v 0.028384 0.005037 -0.542060
v -0.030194 0.004827 -0.539000
v 0.080922 -0.147816 -0.470753
v 0.137223 -0.101367 -0.442784
v 0.111699 -0.185071 -0.455005
v 0.081694 -0.089924 -0.476208
v 0.142652 -0.162182 -0.441029
v 0.110407 -0.063409 -0.463660
v -0.083849 -0.147998 -0.470802
v -0.143232 -0.097611 -0.442284
v -0.114526 -0.186024 -0.458745
v -0.083380 -0.089242 -0.475665
v -0.144549 -0.161278 -0.441340
v -0.111427 -0.065649 -0.465394
v -0.110112 0.664519 -0.788246
v -0.200180 0.757536 -0.714886
v -0.079827 0.728510 -0.761311
v -0.187267 0.645748 -0.789279
v -0.125930 0.771999 -0.721303
v -0.232924 0.696570 -0.752484
v 0.111935 0.665092 -0.788521
v 0.198262 0.755334 -0.715148
v 0.079680 0.727417 -0.761713
v 0.185188 0.647208 -0.786456
v 0.124778 0.774228 -0.722511
v 0.230545 0.697259 -0.753227
v -0.000671 0.344740 -0.926231
v -0.001115 0.197506 -0.924487
v 0.068066 0.308019 -0.937383
v -0.070767 0.308777 -0.940400
v 0.070636 0.233325 -0.936122
v -0.069731 0.232581 -0.937918
v 0.172944 0.455317 -0.874434
v 0.296389 0.380644 -0.872398
v 0.219500 0.497080 -0.840937
v 0.192546 0.384321 -0.918025
v 0.276594 0.459751 -0.835049
v 0.262033 0.344105 -0.929572
v -0.173911 0.455853 -0.875598
v -0.299302 0.381994 -0.872393
v -0.220748 0.497413 -0.841811
v -0.193689 0.384241 -0.918572
v -0.278641 0.460611 -0.833621
v -0.262967 0.345882 -0.929334
v 0.367395 0.108534 -0.281636
v 0.350290 0.133632 -0.276487
v 0.361729 0.126117 -0.328457
v 0.372892 0.100893 -0.236677
v 0.347859 0.148093 -0.326254
v 0.366571 0.112236 -0.231565
v 0.349830 0.029968 -0.209049
v 0.358089 -0.040189 -0.173704
v 0.339553 0.008365 -0.227478
v 0.356826 0.024617 -0.169422
v 0.344643 -0.031659 -0.209832
v 0.358461 -0.008447 -0.151286
v 0.331872 0.047359 -0.330963
v 0.299047 0.018737 -0.363350
v 0.324536 0.023909 -0.304546
v 0.327305 0.059991 -0.377932
v 0.309049 0.005714 -0.320415
v 0.311947 0.045081 -0.396122
v 0.353808 0.114665 -0.399355
v 0.354585 0.158190 -0.512880
v 0.353646 0.136672 -0.412693
v 0.347770 0.106443 -0.431958
v 0.351941 0.162739 -0.468757
v 0.348989 0.125767 -0.490781
v 0.380433 0.070344 -0.171935
v 0.394864 0.060456 -0.090032
v 0.387513 0.075951 -0.162681
v 0.379283 0.054885 -0.142652
v 0.393306 0.073211 -0.121640
v 0.382883 0.051055 -0.104996
v 0.398542 0.032699 0.232355
v 0.397536 0.056421 0.198217
v 0.394535 0.037101 0.249007
v 0.401956 0.040819 0.198511
v 0.392930 0.050879 0.232323
v 0.401768 0.050855 0.181438
v 0.394538 -0.068965 0.263909
v 0.403563 -0.139235 0.256728
v 0.398698 -0.107902 0.303446
v 0.394081 -0.059753 0.225662
v 0.402428 -0.147607 0.301117
v 0.400229 -0.091311 0.220896
v 0.390512 -0.077865 0.378573
v 0.395572 -0.143100 0.481457
v 0.395864 -0.113721 0.384396
v 0.385352 -0.073419 0.414737
v 0.398223 -0.152155 0.438193
v 0.385362 -0.100234 0.466506
v 0.379683 -0.001242 0.341807
v 0.350806 0.015507 0.388648
v 0.378704 0.016492 0.324353
v 0.373921 -0.017099 0.385171
v 0.360271 0.024777 0.343369
v 0.358932 -0.006512 0.411659
v 0.396000 0.013387 0.183227
v 0.403371 0.026121 0.118289
v 0.400886 0.027280 0.164835
v 0.394670 0.003649 0.170170
v 0.403896 0.032561 0.132605
v 0.397438 0.006558 0.138465
v -0.368256 0.108534 -0.285623
v -0.351663 0.133702 -0.280227
v -0.359607 0.128293 -0.329551
v -0.371622 0.102315 -0.240276
v -0.348426 0.147693 -0.329041
v -0.368496 0.111554 -0.234697
v -0.349983 0.029108 -0.214572
v -0.357708 -0.037014 -0.176891
v -0.340586 0.006596 -0.230542
v -0.356908 0.025082 -0.175302
v -0.346877 -0.032007 -0.214896
v -0.357346 -0.005762 -0.154710
v -0.332234 0.048194 -0.337212
v -0.299358 0.018282 -0.366466
v -0.325066 0.023321 -0.311166
v -0.328136 0.059059 -0.384219
v -0.307808 0.004469 -0.324022
v -0.310840 0.044710 -0.401973
v -0.358141 0.110862 -0.400114
v -0.354135 0.155628 -0.515510
v -0.355774 0.134316 -0.416860
v -0.349237 0.104257 -0.437363
v -0.353171 0.162144 -0.470324
v -0.350093 0.123484 -0.495535
v -0.381449 0.067653 -0.175555
v -0.394302 0.059289 -0.096433
v -0.385101 0.076192 -0.166662
v -0.377322 0.054467 -0.148457
v -0.391784 0.069419 -0.124179
v -0.382776 0.048719 -0.108054
v -0.397735 0.034859 0.231224
v -0.396462 0.056435 0.196949
v -0.394954 0.038217 0.248272
v -0.400193 0.041914 0.196272
v -0.392742 0.051621 0.232808
v -0.403445 0.053302 0.181878
v -0.394424 -0.065562 0.262495
v -0.404217 -0.139434 0.253674
v -0.397161 -0.104242 0.301772
v -0.393117 -0.058574 0.224157
v -0.400944 -0.140651 0.299510
v -0.400564 -0.093610 0.219867
v -0.389597 -0.078804 0.379173
v -0.392120 -0.142181 0.481850
v -0.395394 -0.113612 0.383816
v -0.382949 -0.071820 0.414316
v -0.395132 -0.150873 0.434766
v -0.383373 -0.100109 0.466688
v -0.379469 -0.000518 0.341575
v -0.349425 0.015090 0.388109
v -0.374751 0.018816 0.323021
v -0.373514 -0.016142 0.383212
v -0.360652 0.025092 0.344177
v -0.357670 -0.004717 0.413290
v -0.397682 0.015896 0.183142
v -0.403043 0.029792 0.117424
v -0.402425 0.032836 0.164008
v -0.395862 0.003947 0.171186
v -0.403995 0.038628 0.132365
v -0.399407 0.011218 0.137012
v -0.017277 0.445418 -0.189545
v -0.029493 0.307820 -0.139006
v -0.036831 0.413325 -0.173466
v -0.040053 0.347564 -0.155262
v -0.009553 0.384342 -0.173178
v -0.014280 0.319337 -0.149748
v -0.059081 0.697402 -0.300759
v -0.144775 0.779524 -0.396273
v -0.093415 0.674729 -0.298808
v -0.133267 0.705202 -0.343683
v -0.050264 0.751724 -0.345930
v -0.098606 0.793608 -0.400653
v 0.016019 0.438793 -0.186421
v 0.026798 0.307088 -0.138430
v 0.033935 0.410545 -0.172052
v 0.037647 0.347786 -0.155536
v 0.010305 0.381469 -0.171236
v 0.012185 0.318710 -0.146791
v 0.059448 0.697915 -0.301805
v 0.144234 0.778295 -0.395527
v 0.094045 0.673239 -0.298017
v 0.130745 0.704712 -0.342685
v 0.050854 0.752163 -0.342927
v 0.097005 0.795710 -0.399579
v -0.194876 0.191621 0.101217
v -0.254946 0.146032 0.109897
v -0.194099 0.191562 0.051336
v -0.224934 0.170957 0.059145
v -0.224285 0.164212 0.153010
v -0.253875 0.140665 0.154660
v -0.021332 0.238303 0.038809
v 0.020726 0.238633 0.038934
v -0.012121 0.220850 0.102945
v 0.010826 0.220070 0.104482
v -0.007684 0.256483 -0.032292
v 0.008994 0.255687 -0.033938
v -0.172937 0.163195 0.245889
v -0.213035 0.116570 0.332989
v -0.156823 0.152265 0.290773
v -0.177589 0.128256 0.337391
v -0.206225 0.148779 0.244852
v -0.224390 0.122545 0.288813
v -0.552240 0.705529 -0.415992
v -0.291832 0.478784 -0.378287
v -0.367275 0.597292 -0.375285
v -0.293388 0.510558 -0.351480
v -0.500368 0.606783 -0.447564
v -0.337518 0.519890 -0.434801
v -0.116393 0.874448 -0.568050
v 0.114129 0.875146 -0.565525
v -0.051032 0.844274 -0.620145
v 0.050390 0.843098 -0.621821
v -0.066302 0.851164 -0.513558
v 0.067793 0.851511 -0.514161
v -0.341972 0.626145 -0.632804
v -0.336892 0.470535 -0.677566
v -0.312435 0.600297 -0.692019
v -0.320231 0.522733 -0.717988
v -0.365759 0.572207 -0.595455
v -0.344670 0.492310 -0.615384
v -0.313529 0.142338 -0.102288
v -0.334275 0.120828 -0.011477
v -0.287396 0.158544 -0.098173
v -0.297844 0.147890 -0.053639
v -0.345943 0.115045 -0.059091
v -0.360520 0.105152 -0.013186
v -0.324635 0.281506 -0.419648
v -0.343312 0.296956 -0.529672
v -0.332916 0.231560 -0.426580
v -0.340171 0.241355 -0.479543
v -0.330338 0.358738 -0.464830
v -0.340217 0.362172 -0.523862
v -0.367597 0.106723 -0.124328
v -0.402178 0.080770 -0.053274
v -0.379345 0.097950 -0.134764
v -0.395429 0.083971 -0.100716
v -0.379031 0.097025 -0.075853
v -0.397625 0.082670 -0.041592
v -0.333044 0.082428 0.230247
v -0.309464 0.069415 0.310880
v -0.350282 0.065021 0.258754
v -0.338825 0.056290 0.298338
v -0.303230 0.096797 0.237955
v -0.290942 0.089261 0.277202
v -0.403125 0.070545 0.093444
v -0.409746 0.063226 0.061583
v -0.406228 0.062329 0.112232
v -0.409150 0.057475 0.097007
v -0.400709 0.075001 0.054424
v -0.407720 0.068964 0.041873
v 0.192906 0.194557 0.102537
v 0.252532 0.147595 0.109604
v 0.189113 0.195311 0.053705
v 0.218882 0.174731 0.059821
v 0.220616 0.165497 0.157100
v 0.249376 0.144326 0.155717
v 0.168952 0.164141 0.245648
v 0.208915 0.117063 0.332707
v 0.155460 0.149728 0.289451
v 0.172997 0.128502 0.332572
v 0.202229 0.149540 0.246461
v 0.222414 0.122726 0.290038
v 0.551184 0.706277 -0.415220
v 0.294107 0.479582 -0.380512
v 0.368398 0.597881 -0.376550
v 0.296279 0.512949 -0.352971
v 0.501681 0.607845 -0.448904
v 0.342259 0.520354 -0.437965
v 0.340206 0.626063 -0.632758
v 0.336163 0.469026 -0.679283
v 0.310809 0.599812 -0.692314
v 0.317937 0.521749 -0.718619
v 0.364011 0.573282 -0.597704
v 0.344582 0.494660 -0.617713
v 0.308524 0.145284 -0.104106
v 0.328480 0.121171 -0.012204
v 0.283300 0.160000 -0.098126
v 0.293116 0.148548 -0.055071
v 0.342532 0.115210 -0.062609
v 0.354276 0.106509 -0.014811
v 0.323416 0.283058 -0.417844
v 0.343938 0.298513 -0.530047
v 0.327140 0.229603 -0.427283
v 0.341365 0.241824 -0.477282
v 0.331752 0.356553 -0.466031
v 0.340302 0.360564 -0.522908
v 0.370009 0.101285 -0.123864
v 0.401204 0.075432 -0.054695
v 0.378877 0.094743 -0.135238
v 0.394110 0.081078 -0.098201
v 0.378789 0.092274 -0.074104
v 0.396479 0.076856 -0.039875
v 0.335491 0.084642 0.230397
v 0.307321 0.072598 0.306944
v 0.353563 0.065665 0.259429
v 0.336933 0.059638 0.295993
v 0.301277 0.098396 0.236287
v 0.288514 0.092674 0.277738
v 0.399843 0.066484 0.090545
v 0.407685 0.058797 0.062163
v 0.406088 0.058960 0.112233
v 0.407696 0.052688 0.097671
v 0.398271 0.073267 0.052015
v 0.403634 0.066395 0.038854
v -0.086003 -0.680924 0.220013
v -0.144144 -0.694121 0.382090
v -0.137768 -0.681582 0.212765
v -0.165353 -0.684031 0.290722
v -0.060635 -0.687949 0.303073
v -0.090543 -0.698282 0.385219
v -0.101395 -0.704901 -0.168419
v -0.150248 -0.774132 -0.290743
v -0.121550 -0.834227 -0.185221
v -0.149025 -0.895024 -0.267368
v -0.078391 -0.647452 -0.209780
v -0.100512 -0.678217 -0.260162
v 0.082278 -0.678674 0.223088
v 0.138038 -0.694863 0.384633
v 0.134568 -0.683015 0.216120
v 0.160800 -0.684445 0.294095
v 0.055297 -0.688668 0.303620
v 0.087022 -0.700634 0.385958
v 0.101897 -0.705990 -0.165724
v 0.149539 -0.776221 -0.289296
v 0.121700 -0.833900 -0.178912
v 0.146803 -0.893727 -0.265182
v 0.078671 -0.650295 -0.207754
v 0.099153 -0.680804 -0.259446
v -0.355256 -0.576739 0.448580
v -0.387275 -0.452047 0.350886
v -0.356517 -0.550617 0.375256
v -0.374660 -0.496723 0.327024
v -0.374674 -0.535204 0.470476
v -0.386893 -0.467830 0.418313
v -0.085440 -0.786422 0.610760
v 0.086301 -0.788733 0.611144
v -0.052535 -0.726237 0.671363
v 0.052980 -0.727443 0.672068
v -0.037599 -0.743755 0.536715
v 0.036537 -0.743514 0.537629
v -0.395024 -0.675384 0.680015
v -0.388970 -0.498619 0.688078
v -0.390248 -0.678749 0.757583
v -0.385959 -0.578500 0.757151
v -0.392869 -0.579487 0.615646
v -0.394977 -0.503523 0.621375
v -0.396114 -0.503490 -0.326003
v -0.422337 -0.386736 -0.254925
v -0.426092 -0.539528 -0.289713
v -0.433255 -0.470114 -0.248148
v -0.383726 -0.410255 -0.325159
v -0.396578 -0.357370 -0.291004
v -0.059717 -0.555566 -0.345188
v 0.060061 -0.557544 -0.341129
v -0.028527 -0.509422 -0.366428
v 0.028754 -0.508965 -0.365804
v -0.032565 -0.588184 -0.313398
v 0.032879 -0.586118 -0.312538
v -0.259397 -0.355329 -0.381861
v -0.246786 -0.211322 -0.383161
v -0.218460 -0.309216 -0.399712
v -0.215562 -0.239878 -0.404033
v -0.296746 -0.325239 -0.366632
v -0.287251 -0.249268 -0.367063
v -0.443121 -0.237934 -0.016404
v -0.427200 -0.252766 0.076270
v -0.442282 -0.299893 0.001893
v -0.434845 -0.307849 0.050383
v -0.429782 -0.185381 0.008488
v -0.427014 -0.194590 0.051905
v -0.363583 -0.160931 -0.260555
v -0.306152 -0.113906 -0.316363
v -0.341294 -0.101073 -0.262324
v -0.315429 -0.078722 -0.288017
v -0.360905 -0.201767 -0.291972
v -0.329634 -0.176099 -0.319013
v -0.390896 -0.068193 -0.063126
v -0.383379 0.005991 -0.022336
v -0.372924 -0.017456 -0.078329
v -0.378099 0.011685 -0.059929
v -0.399608 -0.073071 -0.024639
v -0.389946 -0.030539 -0.004367
v -0.406579 -0.298750 0.389844
v -0.403035 -0.304206 0.502158
v -0.406434 -0.246178 0.393869
v -0.405961 -0.249032 0.446818
v -0.402434 -0.359062 0.443147
v -0.402359 -0.363382 0.501198
v -0.405322 -0.113026 0.129406
v -0.399412 -0.020161 0.081278
v -0.401249 -0.073622 0.141358
v -0.400640 -0.033839 0.117571
v -0.407527 -0.104195 0.089679
v -0.401852 -0.056699 0.067819
v 0.355002 -0.577284 0.448635
v 0.387301 -0.451542 0.349855
v 0.352919 -0.553010 0.373450
v 0.373242 -0.496341 0.327021
v 0.375374 -0.535545 0.470190
v 0.386465 -0.466848 0.416414
v 0.394123 -0.674497 0.674511
v 0.394429 -0.501100 0.684887
v 0.392452 -0.679657 0.751916
v 0.388483 -0.580089 0.753696
v 0.393928 -0.577340 0.614714
v 0.398378 -0.503915 0.620060
v 0.396850 -0.504020 -0.326575
v 0.417691 -0.385614 -0.252623
v 0.425032 -0.537005 -0.289196
v 0.434224 -0.471917 -0.248680
v 0.384988 -0.411810 -0.323848
v 0.397365 -0.359205 -0.291164
v 0.258683 -0.355926 -0.382094
v 0.248669 -0.211528 -0.384473
v 0.218051 -0.310548 -0.400922
v 0.216430 -0.240987 -0.404833
v 0.297015 -0.326557 -0.366250
v 0.288625 -0.250371 -0.366329
v 0.442933 -0.235951 -0.015021
v 0.428119 -0.254560 0.075198
v 0.445008 -0.302020 0.002799
v 0.436082 -0.307633 0.052689
v 0.430514 -0.186258 0.009849
v 0.429486 -0.191711 0.052440
v 0.368745 -0.160555 -0.260112
v 0.308996 -0.114442 -0.313351
v 0.344537 -0.101760 -0.261022
v 0.319317 -0.080015 -0.288737
v 0.360939 -0.203618 -0.289641
v 0.328278 -0.176534 -0.317058
v 0.392856 -0.068248 -0.063861
v 0.385462 0.004441 -0.020933
v 0.375274 -0.016046 -0.075873
v 0.377000 0.012284 -0.056892
v 0.399679 -0.075052 -0.023534
v 0.392534 -0.036029 -0.001791
v 0.405089 -0.298890 0.389208
v 0.403583 -0.302116 0.501237
v 0.406248 -0.247278 0.393749
v 0.403875 -0.249146 0.446486
v 0.403439 -0.359727 0.440432
v 0.403784 -0.362959 0.499501
v 0.408586 -0.113955 0.130084
v 0.399817 -0.027403 0.084442
v 0.402432 -0.074828 0.141002
v 0.399084 -0.035469 0.118757
v 0.408192 -0.105751 0.089974
v 0.404145 -0.058815 0.069095
v 0.184881 -0.084176 0.844428
v 0.294842 -0.160395 0.798779
v 0.192754 -0.157368 0.870655
v 0.251607 -0.197671 0.844836
v 0.231821 -0.055901 0.793833
v 0.282517 -0.093597 0.770501
v -0.185830 -0.083478 0.844234
v -0.295223 -0.158715 0.796747
v -0.193535 -0.156649 0.872994
v -0.252185 -0.196895 0.846635
v -0.232042 -0.055412 0.793313
v -0.282490 -0.092531 0.769345
v 0.146761 0.071989 0.707424
v 0.204539 0.069235 0.597742
v 0.133572 0.098770 0.653867
v 0.163280 0.095065 0.604847
v 0.197486 0.043409 0.704078
v 0.223893 0.043153 0.645900
v -0.148085 0.071773 0.706858
v -0.204603 0.071056 0.601085
v -0.131944 0.099291 0.655041
v -0.162196 0.094343 0.605201
v -0.197960 0.043806 0.703890
v -0.223601 0.042367 0.644831
v 0.347929 -0.086350 0.606541
v 0.314809 -0.006732 0.548752
v 0.356324 -0.066854 0.544590
v 0.339831 -0.029142 0.518279
v 0.322799 -0.056102 0.640739
v 0.300815 -0.015274 0.607812
v -0.349644 -0.084910 0.606734
v -0.311973 -0.007762 0.545893
v -0.353936 -0.065381 0.545150
v -0.339693 -0.029108 0.517664
v -0.320379 -0.056690 0.640451
v -0.299634 -0.015494 0.605605
v 0.115104 0.003964 -0.649901
v 0.164868 0.010496 -0.538092
v 0.100348 0.006632 -0.579769
v 0.125137 0.004898 -0.531726
v 0.166121 0.006836 -0.670912
v 0.188336 0.014028 -0.605422
v -0.119388 0.003700 -0.650750
v -0.165744 0.008884 -0.539948
v -0.103762 0.007660 -0.579324
v -0.126618 0.005501 -0.531857
v -0.167532 0.006404 -0.669624
v -0.190362 0.014055 -0.607040
v 0.185684 0.060482 -0.898844
v 0.322641 0.130355 -0.906643
v 0.206768 0.133150 -0.962020
v 0.277961 0.173209 -0.964032
v 0.227954 0.039151 -0.840127
v 0.296119 0.068148 -0.845489
v -0.186265 0.060508 -0.898840
v -0.324958 0.132459 -0.906031
v -0.207560 0.134842 -0.964027
v -0.278718 0.173895 -0.964015
v -0.229766 0.039352 -0.839769
v -0.298412 0.069261 -0.845353
v 0.278042 0.047001 -0.532341
v 0.330538 0.098590 -0.636113
v 0.305463 0.061240 -0.514289
v 0.324761 0.091186 -0.559530
v 0.273660 0.047286 -0.601968
v 0.305661 0.069189 -0.663075
v -0.278889 0.045601 -0.534896
v -0.330646 0.099111 -0.638160
v -0.305321 0.063492 -0.518322
v -0.325628 0.091403 -0.561384
v -0.274307 0.048433 -0.604927
v -0.306989 0.071232 -0.667187
v -0.118472 0.366406 -0.175483
v -0.138402 0.437193 -0.212251
v -0.103310 0.404443 -0.173241
v -0.126358 0.481499 -0.216053
v -0.138238 0.287030 -0.150307
v -0.104839 0.343919 -0.161708
v -0.134960 0.267246 -0.128158
v -0.168860 0.394967 -0.215781
v -0.149587 0.494601 -0.240315
v -0.186592 0.450850 -0.245859
v -0.160419 0.297359 -0.170859
v -0.192176 0.390149 -0.224584
v -0.178936 0.280574 -0.173175
v -0.159170 0.249404 -0.116224
v -0.179695 0.251239 -0.140342
v 0.112377 0.365437 -0.174026
v 0.137363 0.439520 -0.207918
v 0.100191 0.404768 -0.175497
v 0.124724 0.480674 -0.213215
v 0.135271 0.290502 -0.148130
v 0.099940 0.343737 -0.160194
v 0.131097 0.269861 -0.124713
v 0.168324 0.396463 -0.210666
v 0.149398 0.495478 -0.234950
v 0.188215 0.453627 -0.237981
v 0.158012 0.299672 -0.170562
v 0.192240 0.392420 -0.217595
v 0.175914 0.280945 -0.171457
v 0.154358 0.250566 -0.114296
v 0.174371 0.252127 -0.140062
v -0.326361 -0.668297 0.027372
v -0.370720 -0.762199 -0.041800
v -0.284022 -0.683912 0.028830
v -0.330721 -0.830328 -0.023128
v -0.364483 -0.602509 0.071441
v -0.296692 -0.650087 0.088340
v -0.345313 -0.598076 0.134595
v -0.417582 -0.669615 -0.073377
v -0.388925 -0.853595 -0.083309
v -0.436001 -0.709712 -0.131837
v -0.410238 -0.580150 -0.000790
v -0.434484 -0.622128 -0.103995
v -0.424525 -0.536157 -0.019864
v -0.372352 -0.560644 0.114398
v -0.409406 -0.526153 0.034860
v 0.323870 -0.664109 0.032215
v 0.371163 -0.756888 -0.040030
v 0.284995 -0.678298 0.031978
v 0.334784 -0.820005 -0.026310
v 0.362308 -0.602050 0.074005
v 0.295106 -0.651510 0.091703
v 0.342530 -0.596886 0.137286
v 0.417882 -0.668992 -0.074156
v 0.391041 -0.848144 -0.084957
v 0.433905 -0.706365 -0.131625
v 0.403601 -0.580006 0.003799
v 0.434075 -0.620720 -0.103958
v 0.421653 -0.535720 -0.018890
v 0.369576 -0.562231 0.115842
v 0.408581 -0.525263 0.035466
v 0.001140 -0.620089 0.836926
v -0.098588 -0.569725 0.849330
v -0.040232 -0.659659 0.823384
v -0.152521 -0.629344 0.846865
v 0.100136 -0.569993 0.850382
v 0.044657 -0.658868 0.822291
v 0.154250 -0.631265 0.845631
v 0.058411 -0.463078 0.869220
v -0.057309 -0.461502 0.868088
v 0.061817 -0.391455 0.886422
v -0.060886 -0.392151 0.884490
v 0.171284 -0.557389 0.849402
v 0.122771 -0.433632 0.869244
v -0.170113 -0.557962 0.850548
v -0.120479 -0.433306 0.870667
v -0.000164 0.148574 0.371404
v -0.040154 0.142399 0.413370
v -0.013165 0.158103 0.327966
v -0.060356 0.145050 0.373419
v 0.042715 0.141276 0.413757
v 0.012865 0.158310 0.326271
v 0.058687 0.143837 0.376697
v 0.029219 0.141733 0.485100
v -0.026540 0.140607 0.483484
v 0.032045 0.141501 0.527451
v -0.032074 0.141193 0.526682
v 0.073908 0.137481 0.418247
v 0.061552 0.139788 0.496013
v -0.072796 0.137996 0.417615
v -0.060328 0.138755 0.497872
v 0.000087 -0.277466 -0.471469
v -0.048076 -0.219036 -0.476037
v -0.022656 -0.323315 -0.458568
v -0.075807 -0.260763 -0.464220
v 0.047260 -0.221543 -0.477133
v 0.021038 -0.322841 -0.458083
v 0.074689 -0.261047 -0.466485
v 0.023132 -0.137027 -0.487877
v -0.025794 -0.135563 -0.488342
v 0.025786 -0.085537 -0.495379
v -0.027018 -0.082310 -0.496457
v 0.079269 -0.204092 -0.468035
v 0.051588 -0.114412 -0.485348
v -0.081297 -0.204814 -0.466987
v -0.054846 -0.112872 -0.483525
v -0.000390 0.619528 -0.815175
v -0.091640 0.550369 -0.838941
v -0.037192 0.677049 -0.791064
v -0.138622 0.596784 -0.813072
v 0.092472 0.551993 -0.840703
v 0.037317 0.675408 -0.791089
v 0.137807 0.598918 -0.815309
v 0.055627 0.447066 -0.886501
v -0.058431 0.446898 -0.887502
v 0.063347 0.380336 -0.916313
v -0.064257 0.379056 -0.915539
v 0.156751 0.528399 -0.842842
v 0.120739 0.415517 -0.899898
v -0.158332 0.526433 -0.841271
v -0.123034 0.419393 -0.901510
v 0.364679 0.099374 -0.316069
v 0.370491 0.085582 -0.245078
v 0.363614 0.111864 -0.323770
v 0.375111 0.092862 -0.241273
v 0.348803 0.055054 -0.271878
v 0.363439 0.063290 -0.221054
v 0.343051 0.035301 -0.248200
v 0.359422 0.047045 -0.194179
v 0.353262 0.081051 -0.333411
v 0.336334 0.041364 -0.287440
v 0.340557 0.070688 -0.357156
v 0.356993 0.116685 -0.362723
v 0.349596 0.092228 -0.380332
v 0.378414 0.081561 -0.203881
v 0.370758 0.059450 -0.182560
v 0.392764 0.008051 0.280698
v 0.398407 0.015465 0.227924
v 0.393071 0.025012 0.266646
v 0.400503 0.028613 0.217308
v 0.392940 -0.047742 0.299796
v 0.391076 -0.017593 0.238775
v 0.395639 -0.076750 0.303097
v 0.392312 -0.033965 0.231469
v 0.388915 -0.024713 0.324022
v 0.392316 -0.078031 0.340990
v 0.386973 -0.047463 0.367072
v 0.387712 0.012332 0.302484
v 0.383623 -0.023045 0.356002
v 0.399151 0.021280 0.200303
v 0.393357 -0.007121 0.204833
v -0.366646 0.097549 -0.321685
v -0.372548 0.084172 -0.247167
v -0.366626 0.111722 -0.327660
v -0.373958 0.092640 -0.245197
v -0.350961 0.052619 -0.275911
v -0.366792 0.062360 -0.223281
v -0.343298 0.032974 -0.253700
v -0.361061 0.046363 -0.197848
v -0.354753 0.078049 -0.336646
v -0.339419 0.037337 -0.293839
v -0.343477 0.069026 -0.361446
v -0.362368 0.113969 -0.365588
v -0.352266 0.091027 -0.384711
v -0.379093 0.081959 -0.208203
v -0.370364 0.058074 -0.187148
v -0.391004 0.007592 0.279377
v -0.396279 0.017926 0.228113
v -0.391457 0.025311 0.264461
v -0.399222 0.032031 0.212403
v -0.390633 -0.046834 0.298825
v -0.390440 -0.013331 0.236768
v -0.393561 -0.072952 0.299850
v -0.390518 -0.031077 0.227424
v -0.387112 -0.025223 0.325267
v -0.394017 -0.076772 0.338476
v -0.388361 -0.047773 0.366949
v -0.385371 0.012350 0.301598
v -0.384594 -0.022164 0.354621
v -0.398913 0.024722 0.196224
v -0.392107 -0.000603 0.200333
v -0.027924 0.536921 -0.203881
v -0.039815 0.613862 -0.234780
v -0.048740 0.510087 -0.191695
v -0.065451 0.592508 -0.227228
v 0.026103 0.534600 -0.201747
v 0.040185 0.612776 -0.235414
v 0.045391 0.509739 -0.188768
v 0.065555 0.590367 -0.227776
v -0.000477 0.531009 -0.206398
v -0.032070 0.479691 -0.189221
v -0.005833 0.455884 -0.194294
v -0.000767 0.669962 -0.262144
v -0.062933 0.645273 -0.262568
v -0.020064 0.712549 -0.297296
v 0.031618 0.474848 -0.187345
v 0.004922 0.453104 -0.191631
v 0.063854 0.645540 -0.260020
v 0.020047 0.711442 -0.295520
v -0.073595 0.262375 -0.058612
v -0.133782 0.235819 0.030091
v -0.072987 0.276148 -0.109805
v -0.133880 0.236174 -0.020339
v -0.064210 0.222872 0.113340
v -0.117599 0.202389 0.186840
v -0.054013 0.205010 0.170575
v -0.106074 0.184334 0.236971
v -0.047438 0.255070 -0.018025
v -0.050333 0.293899 -0.124515
v -0.024927 0.274141 -0.096138
v -0.163614 0.215073 0.151207
v -0.166609 0.214050 0.044446
v -0.194858 0.189815 0.154270
v -0.036967 0.221440 0.106914
v -0.026252 0.255752 -0.028129
v -0.138409 0.176189 0.241562
v -0.186287 0.180904 0.200456
v -0.226044 0.758895 -0.430326
v -0.343758 0.724168 -0.443112
v -0.203060 0.686777 -0.371522
v -0.297539 0.652274 -0.382935
v -0.212323 0.852209 -0.616315
v -0.273297 0.736373 -0.626521
v -0.167066 0.804244 -0.667210
v -0.251578 0.715829 -0.689994
v -0.258078 0.974841 -0.517860
v -0.177628 0.737025 -0.388437
v -0.163375 0.867847 -0.458537
v -0.405616 0.756225 -0.550595
v -0.393686 0.674087 -0.410275
v -0.525891 0.709959 -0.541783
v -0.146652 0.849548 -0.617412
v -0.180366 0.989037 -0.517928
v -0.298044 0.671235 -0.663266
v -0.399328 0.661570 -0.577781
v -0.262536 0.308147 -0.282563
v -0.271307 0.201101 -0.193463
v -0.251663 0.343083 -0.265652
v -0.248432 0.224117 -0.185110
v -0.316745 0.193635 -0.317448
v -0.338808 0.136146 -0.220506
v -0.335563 0.167342 -0.325756
v -0.352474 0.125162 -0.228136
v -0.300445 0.312502 -0.350702
v -0.273311 0.406386 -0.318434
v -0.307453 0.408649 -0.395235
v -0.325876 0.141089 -0.158492
v -0.279405 0.178596 -0.144504
v -0.335609 0.128755 -0.107810
v -0.323390 0.212173 -0.372806
v -0.317143 0.341285 -0.407846
v -0.359711 0.115715 -0.176808
v -0.351745 0.112565 -0.115822
v -0.288298 0.133185 0.070541
v -0.315967 0.124558 0.032953
v -0.254064 0.158667 0.024875
v -0.277855 0.150724 -0.011923
v -0.373542 0.079048 0.187496
v -0.396607 0.075134 0.143342
v -0.390360 0.063211 0.213248
v -0.401210 0.063954 0.163368
v -0.321540 0.105538 0.156150
v -0.255258 0.151888 0.065619
v -0.285477 0.121609 0.155120
v -0.375770 0.092237 0.073601
v -0.306794 0.137696 -0.010739
v -0.369747 0.097682 0.032721
v -0.361994 0.073115 0.223053
v -0.313602 0.100635 0.195945
v -0.403572 0.067649 0.126936
v -0.392334 0.081328 0.067050
v 0.070792 0.264385 -0.059377
v 0.129993 0.237482 0.030815
v 0.070769 0.274966 -0.108651
v 0.129335 0.238721 -0.020281
v 0.063139 0.223875 0.114950
v 0.115382 0.204829 0.186636
v 0.054412 0.205881 0.171833
v 0.103705 0.184574 0.235133
v 0.044646 0.253754 -0.019336
v 0.046655 0.291645 -0.124941
v 0.022666 0.275418 -0.095687
v 0.037232 0.221583 0.106803
v 0.024927 0.257005 -0.029356
v 0.160553 0.215404 0.148840
v 0.159957 0.216663 0.043623
v 0.191437 0.192693 0.156557
v 0.136133 0.178195 0.240317
v 0.182547 0.180205 0.201743
v 0.225341 0.759042 -0.429538
v 0.343369 0.722065 -0.441483
v 0.205018 0.686566 -0.370092
v 0.298201 0.653694 -0.380203
v 0.212520 0.850450 -0.616278
v 0.274503 0.733031 -0.625960
v 0.165790 0.803777 -0.666725
v 0.249782 0.715403 -0.689870
v 0.258259 0.974146 -0.518157
v 0.177379 0.737226 -0.385775
v 0.162877 0.868246 -0.455506
v 0.146241 0.849743 -0.617379
v 0.180462 0.989641 -0.517537
v 0.408465 0.754867 -0.551584
v 0.394738 0.673838 -0.407890
v 0.526763 0.711284 -0.540536
v 0.298585 0.669740 -0.662041
v 0.398011 0.662675 -0.579806
v 0.263128 0.312054 -0.282632
v 0.270331 0.203915 -0.194274
v 0.250550 0.343168 -0.267607
v 0.246783 0.226172 -0.185098
v 0.315956 0.192732 -0.319478
v 0.337458 0.135883 -0.217524
v 0.332460 0.167445 -0.324605
v 0.354777 0.123480 -0.227026
v 0.299778 0.312543 -0.351707
v 0.276517 0.407625 -0.320780
v 0.309924 0.407728 -0.395644
v 0.323292 0.143665 -0.158320
v 0.274505 0.178687 -0.145130
v 0.332160 0.128373 -0.109515
v 0.320874 0.215229 -0.372347
v 0.317396 0.342974 -0.408156
v 0.360408 0.111194 -0.176448
v 0.352555 0.114474 -0.114601
v 0.287109 0.133894 0.071070
v 0.310941 0.127460 0.031171
v 0.248459 0.159950 0.024113
v 0.273535 0.151262 -0.012709
v 0.375252 0.079576 0.185910
v 0.392304 0.071632 0.140732
v 0.388945 0.064321 0.213117
v 0.397799 0.060894 0.163803
v 0.315596 0.110054 0.154580
v 0.250877 0.154739 0.066493
v 0.281900 0.126318 0.155312
v 0.374495 0.089803 0.074933
v 0.300977 0.137002 -0.010802
v 0.365247 0.097347 0.031106
v 0.365279 0.073925 0.221869
v 0.309326 0.104603 0.194281
v 0.401418 0.065042 0.128244
v 0.388098 0.080994 0.062633
v -0.088080 -0.681261 0.073970
v -0.093004 -0.695533 -0.053930
v -0.140120 -0.691442 0.063449
v -0.142241 -0.747687 -0.055842
v 0.086896 -0.679449 0.075825
v 0.095060 -0.696023 -0.051207
v 0.142510 -0.685611 0.064549
v 0.145743 -0.751644 -0.050711
v -0.001464 -0.675247 0.150214
v -0.112651 -0.676595 0.140107
v -0.031612 -0.680713 0.225217
v 0.000843 -0.641072 -0.104917
v -0.117419 -0.746343 -0.114812
v -0.040905 -0.631848 -0.156583
v 0.110151 -0.680300 0.141985
v 0.027114 -0.679457 0.225039
v 0.119694 -0.747265 -0.110558
v 0.042414 -0.634288 -0.156525
v -0.221771 -0.688207 0.463998
v -0.302747 -0.661219 0.480662
v -0.237904 -0.677740 0.357857
v -0.303257 -0.628285 0.386984
v -0.218530 -0.988241 0.688527
v -0.365513 -0.879417 0.706311
v -0.170188 -0.936035 0.787517
v -0.331234 -0.881104 0.794523
v -0.170120 -0.803857 0.527064
v -0.190808 -0.687933 0.376894
v -0.126617 -0.715963 0.467661
v -0.360989 -0.703579 0.574062
v -0.332389 -0.607321 0.423413
v -0.364913 -0.611011 0.527397
v -0.112408 -0.917491 0.706222
v -0.107126 -0.779150 0.535952
v -0.385812 -0.782097 0.744012
v -0.382717 -0.648233 0.601243
v -0.272336 -0.803992 -0.365157
v -0.357063 -0.658890 -0.358380
v -0.318816 -0.893493 -0.333006
v -0.407562 -0.718322 -0.330149
v -0.141992 -0.519538 -0.369590
v -0.210400 -0.450343 -0.382533
v -0.106332 -0.461678 -0.390348
v -0.170927 -0.395886 -0.401520
v -0.157845 -0.646674 -0.336596
v -0.225553 -0.888645 -0.334598
v -0.128233 -0.678149 -0.304314
v -0.306181 -0.490479 -0.360860
v -0.403971 -0.604709 -0.329774
v -0.350112 -0.454856 -0.346242
v -0.085314 -0.513471 -0.368062
v -0.095028 -0.610739 -0.322628
v -0.216658 -0.379074 -0.392605
v -0.303156 -0.403382 -0.363222
v -0.431707 -0.339950 -0.172516
v -0.440154 -0.289199 -0.092229
v -0.440114 -0.414068 -0.161851
v -0.443073 -0.356709 -0.077476
v -0.382851 -0.134121 -0.196630
v -0.392861 -0.099647 -0.128827
v -0.362868 -0.078921 -0.204107
v -0.370692 -0.049943 -0.141742
v -0.408224 -0.247704 -0.224476
v -0.433764 -0.402641 -0.209050
v -0.403736 -0.303451 -0.256256
v -0.424266 -0.167046 -0.076814
v -0.445267 -0.295159 -0.045292
v -0.435364 -0.173235 -0.034437
v -0.364624 -0.120092 -0.230999
v -0.384616 -0.228936 -0.259277
v -0.381762 -0.059000 -0.103034
v -0.412319 -0.119069 -0.050362
v -0.404789 -0.382902 0.246776
v -0.416803 -0.319249 0.154970
v -0.398292 -0.431337 0.221265
v -0.416703 -0.368416 0.129205
v -0.408088 -0.235330 0.288897
v -0.409542 -0.173304 0.203317
v -0.407161 -0.190436 0.296083
v -0.405713 -0.131817 0.213792
v -0.404117 -0.343904 0.322801
v -0.391284 -0.439199 0.285246
v -0.396412 -0.404672 0.368786
v -0.415385 -0.211652 0.142940
v -0.424518 -0.312029 0.101263
v -0.419519 -0.202973 0.096599
v -0.407727 -0.240656 0.340608
v -0.402483 -0.353306 0.381644
v -0.406645 -0.123975 0.171507
v -0.411869 -0.155211 0.117185
v 0.218098 -0.688532 0.464187
v 0.299295 -0.658349 0.478403
v 0.235171 -0.677763 0.364620
v 0.300896 -0.630206 0.386313
v 0.219139 -0.988253 0.687521
v 0.366098 -0.878076 0.700315
v 0.170590 -0.936199 0.786972
v 0.334016 -0.882998 0.790655
v 0.168949 -0.804162 0.526943
v 0.190935 -0.688744 0.376856
v 0.124651 -0.718756 0.469712
v 0.113377 -0.918893 0.707305
v 0.104297 -0.779446 0.536154
v 0.359017 -0.703361 0.569009
v 0.329577 -0.608650 0.421882
v 0.364359 -0.611418 0.522494
v 0.387221 -0.780629 0.736707
v 0.380827 -0.646432 0.594579
v 0.269927 -0.805420 -0.366283
v 0.356124 -0.659049 -0.357009
v 0.316083 -0.895736 -0.333371
v 0.408046 -0.718050 -0.329504
v 0.144580 -0.519644 -0.370768
v 0.210991 -0.450839 -0.383156
v 0.105271 -0.461919 -0.388576
v 0.170434 -0.394942 -0.403660
v 0.156454 -0.646780 -0.336006
v 0.223205 -0.889987 -0.332753
v 0.128788 -0.680589 -0.302644
v 0.086684 -0.513955 -0.367656
v 0.092501 -0.610589 -0.320706
v 0.306422 -0.491062 -0.361216
v 0.404583 -0.605788 -0.329968
v 0.347596 -0.454662 -0.345314
v 0.216315 -0.378731 -0.393734
v 0.304274 -0.406413 -0.363543
v 0.433792 -0.342282 -0.172246
v 0.442799 -0.287543 -0.093495
v 0.440939 -0.415819 -0.160432
v 0.449413 -0.356902 -0.077949
v 0.386104 -0.137189 -0.194880
v 0.392432 -0.102953 -0.127370
v 0.363231 -0.080310 -0.201132
v 0.373222 -0.051474 -0.140106
v 0.405977 -0.251964 -0.219738
v 0.432536 -0.404497 -0.208371
v 0.404938 -0.304299 -0.255696
v 0.425380 -0.168014 -0.074674
v 0.446804 -0.294318 -0.045778
v 0.436213 -0.174327 -0.033130
v 0.366093 -0.120073 -0.228417
v 0.385909 -0.229802 -0.258221
v 0.381894 -0.058657 -0.100249
v 0.413683 -0.116043 -0.047985
v 0.403511 -0.383928 0.244342
v 0.418230 -0.320255 0.153569
v 0.396585 -0.429098 0.220388
v 0.417911 -0.370276 0.130969
v 0.409041 -0.237453 0.291366
v 0.409876 -0.173514 0.203734
v 0.406385 -0.190113 0.298309
v 0.403246 -0.127796 0.213522
v 0.404273 -0.340472 0.322196
v 0.389582 -0.438211 0.284585
v 0.394181 -0.404298 0.369884
v 0.415498 -0.213967 0.145981
v 0.424371 -0.313657 0.102087
v 0.422217 -0.204397 0.097553
v 0.409895 -0.241930 0.341357
v 0.401254 -0.349985 0.381779
v 0.408157 -0.119105 0.170107
v 0.414028 -0.157099 0.116017
v 0.064691 -0.082926 0.892848
v -0.064064 -0.082340 0.892699
v 0.070375 -0.157513 0.950644
v -0.070741 -0.157165 0.949565
v 0.052185 0.080503 0.737035
v -0.051325 0.080842 0.737443
v 0.047516 0.108118 0.681924
v -0.045983 0.108452 0.682231
v 0.115671 0.012992 0.805580
v 0.130211 -0.118450 0.891768
v 0.174811 -0.019710 0.804700
v -0.114979 0.013476 0.805011
v -0.130067 -0.118609 0.891470
v -0.174470 -0.019081 0.804374
v 0.096416 0.093095 0.698918
v 0.162395 0.033066 0.758018
v -0.096114 0.093718 0.699608
v -0.161651 0.032761 0.758045
v 0.366128 -0.392772 0.730797
v 0.336024 -0.276392 0.769995
v 0.345494 -0.449602 0.790128
v 0.296207 -0.321006 0.812985
v 0.400698 -0.234569 0.549818
v 0.383262 -0.161514 0.587187
v 0.400644 -0.191699 0.492427
v 0.385472 -0.127750 0.524982
v 0.395108 -0.354127 0.617276
v 0.377163 -0.482930 0.743844
v 0.396438 -0.427591 0.618661
v 0.403518 -0.244774 0.497043
v 0.400292 -0.363108 0.559280
v 0.358028 -0.164315 0.699773
v 0.297859 -0.237866 0.808896
v 0.326475 -0.129450 0.741011
v 0.371863 -0.109008 0.567743
v 0.341064 -0.105699 0.671583
v -0.365619 -0.392049 0.732936
v -0.335970 -0.275570 0.768219
v -0.345112 -0.450327 0.789245
v -0.295593 -0.320793 0.812567
v -0.397452 -0.235016 0.549077
v -0.384325 -0.158302 0.587645
v -0.398220 -0.193096 0.491007
v -0.383535 -0.128332 0.524866
v -0.393113 -0.353492 0.617718
v -0.376232 -0.481124 0.746243
v -0.396498 -0.427562 0.621785
v -0.402539 -0.244624 0.498373
v -0.400650 -0.363665 0.560259
v -0.360065 -0.163125 0.698702
v -0.297255 -0.235965 0.809029
v -0.325953 -0.128785 0.739732
v -0.369854 -0.108215 0.565820
v -0.340832 -0.103749 0.672629
v 0.210659 0.098744 0.415714
v 0.208124 0.086188 0.502637
v 0.177038 0.113441 0.420582
v 0.171166 0.101735 0.508700
v 0.309396 0.050340 0.380638
v 0.312243 0.026044 0.459517
v 0.336131 0.036758 0.362627
v 0.338013 0.007779 0.436714
v 0.261292 0.081847 0.364949
v 0.193155 0.113191 0.375136
v 0.245308 0.096964 0.329946
v 0.323291 0.053062 0.338422
v 0.275367 0.086168 0.319682
v 0.262713 0.044300 0.531669
v 0.188066 0.087925 0.552585
v 0.245909 0.042970 0.586848
v 0.325902 -0.000566 0.490008
v 0.282553 0.017672 0.568135
v -0.211318 0.095987 0.417609
v -0.209800 0.082703 0.505578
v -0.174287 0.112478 0.421268
v -0.173291 0.101914 0.510863
v -0.310208 0.049832 0.383959
v -0.310453 0.026057 0.460419
v -0.337870 0.035682 0.364036
v -0.336370 0.008560 0.438403
v -0.264363 0.080759 0.364826
v -0.194907 0.113154 0.377682
v -0.245807 0.101051 0.327652
v -0.324420 0.053656 0.338460
v -0.278493 0.083470 0.320570
v -0.262767 0.043413 0.531079
v -0.189092 0.086386 0.554111
v -0.243921 0.042857 0.587156
v -0.324109 0.001704 0.490276
v -0.281898 0.016614 0.569711
v 0.039003 0.021705 -0.663395
v -0.040374 0.020027 -0.665481
v 0.032325 0.014757 -0.597158
v -0.035588 0.015345 -0.597912
v 0.059711 0.103655 -0.868747
v -0.061333 0.100940 -0.869753
v 0.066482 0.161883 -0.913797
v -0.067148 0.161482 -0.915083
v 0.098475 0.028161 -0.775232
v 0.072269 0.014085 -0.623985
v 0.134477 -0.003429 -0.732893
v -0.099723 0.027288 -0.774174
v -0.074404 0.013324 -0.623778
v -0.136495 -0.004320 -0.733027
v 0.127792 0.118380 -0.906939
v 0.159017 0.015659 -0.820435
v -0.130575 0.116690 -0.912103
v -0.160996 0.015170 -0.818366
v 0.199565 -0.110154 -0.402386
v 0.168321 -0.023147 -0.441647
v 0.173144 -0.138681 -0.422105
v 0.137991 -0.041703 -0.453187
v 0.268894 -0.033541 -0.342992
v 0.264891 0.014764 -0.424366
v 0.288213 -0.012952 -0.331728
v 0.290197 0.028965 -0.412391
v 0.259492 -0.116885 -0.362207
v 0.209051 -0.174716 -0.403025
v 0.274732 -0.181476 -0.365216
v 0.291910 -0.058435 -0.315948
v 0.294221 -0.147545 -0.340270
v 0.220969 0.010936 -0.484358
v 0.147368 -0.004800 -0.482385
v 0.207328 0.017028 -0.541808
v 0.281648 0.038122 -0.469594
v 0.245971 0.031789 -0.540078
v -0.200404 -0.109506 -0.403624
v -0.169068 -0.022234 -0.441506
v -0.173506 -0.135859 -0.423773
v -0.140316 -0.040783 -0.451891
v -0.268251 -0.032729 -0.347458
v -0.264972 0.014865 -0.425700
v -0.289420 -0.014187 -0.337371
v -0.290758 0.028818 -0.416022
v -0.256401 -0.115218 -0.361450
v -0.207911 -0.172647 -0.403150
v -0.273068 -0.178579 -0.366448
v -0.289961 -0.058597 -0.319167
v -0.291730 -0.145361 -0.340614
v -0.220548 0.010946 -0.486878
v -0.148004 -0.004730 -0.482066
v -0.207734 0.016586 -0.543728
v -0.284487 0.038107 -0.472510
v -0.245061 0.030295 -0.542176
v 0.352691 0.370552 -0.770816
v 0.366785 0.254644 -0.873840
v 0.320747 0.415748 -0.810697
v 0.324237 0.299583 -0.917737
v 0.357406 0.234321 -0.587454
v 0.358705 0.164897 -0.630742
v 0.352984 0.197499 -0.525991
v 0.353065 0.145389 -0.555451
v 0.351857 0.342238 -0.645660
v 0.330392 0.445042 -0.743256
v 0.345488 0.413842 -0.633112
v 0.348630 0.242277 -0.532271
v 0.346990 0.358458 -0.583094
v 0.374579 0.147789 -0.782309
v 0.335802 0.214521 -0.937026
v 0.344626 0.104459 -0.825007
v 0.346507 0.126042 -0.600434
v 0.337040 0.104926 -0.723335
v -0.352456 0.371080 -0.772490
v -0.367793 0.256359 -0.872382
v -0.320849 0.414583 -0.809715
v -0.324532 0.300573 -0.916140
v -0.358059 0.234534 -0.591184
v -0.361317 0.167358 -0.635566
v -0.353289 0.196523 -0.528588
v -0.352366 0.144966 -0.561307
v -0.352877 0.342116 -0.645460
v -0.330092 0.445537 -0.741840
v -0.344721 0.414471 -0.632829
v -0.349019 0.243100 -0.532773
v -0.346013 0.355137 -0.582038
v -0.375215 0.148699 -0.781323
v -0.336071 0.214801 -0.936292
v -0.345577 0.106637 -0.826906
v -0.345281 0.125180 -0.602230
v -0.338011 0.104603 -0.726321
v 0.405955 0.061877 -0.041071
v 0.397829 0.043481 -0.028945
v 0.400299 0.066471 -0.080651
v 0.390584 0.048326 -0.064511
v 0.408869 0.043802 0.067588
v 0.402442 0.020141 0.072827
v 0.407015 0.039008 0.100724
v 0.400298 0.013763 0.106999
v 0.408247 0.059335 0.011501
v 0.402950 0.071956 -0.064518
v 0.405049 0.067519 -0.013435
v 0.407925 0.048513 0.080015
v 0.406363 0.063033 0.026143
v 0.397678 0.014884 0.027092
v 0.385992 0.029789 -0.041824
v 0.391128 -0.003267 0.014756
v 0.401368 -0.006341 0.094443
v 0.398747 -0.017277 0.048315
v -0.406432 0.063765 -0.042403
v -0.396526 0.040864 -0.031962
v -0.401269 0.066787 -0.083451
v -0.391742 0.045569 -0.070963
v -0.410332 0.051088 0.064479
v -0.402207 0.022603 0.072543
v -0.407924 0.046044 0.098230
v -0.402690 0.015241 0.104968
v -0.409890 0.063556 0.011460
v -0.403367 0.073048 -0.069434
v -0.409614 0.069171 -0.010541
v -0.410261 0.054484 0.080222
v -0.409497 0.065632 0.025271
v -0.396726 0.018000 0.025139
v -0.387697 0.029484 -0.045971
v -0.391808 -0.002406 0.013121
v -0.398953 -0.002225 0.093198
v -0.397024 -0.015252 0.046881
v -0.071631 0.415605 -0.167862
v -0.071239 0.349733 -0.156947
v -0.113487 0.584448 -0.251194
v -0.148015 0.602255 -0.284819
v -0.054734 0.382655 -0.162313
v -0.122736 0.642840 -0.293829
v -0.161984 0.223189 -0.046908
v -0.191066 0.204677 -0.032380
v -0.191928 0.197485 0.006647
v -0.248557 0.518278 -0.301710
v -0.242737 0.448870 -0.264436
v -0.278044 0.522396 -0.325644
v -0.225535 0.214451 -0.138168
v -0.234443 0.195352 -0.097486
v -0.261267 0.178865 -0.097961
v 0.067136 0.416029 -0.166285
v 0.070674 0.352256 -0.155018
v 0.112302 0.582086 -0.249176
v 0.144801 0.600734 -0.281725
v 0.052757 0.382357 -0.162982
v 0.122204 0.640136 -0.291935
v 0.156352 0.225706 -0.045251
v 0.183928 0.203723 -0.034099
v 0.186863 0.199281 0.005527
v 0.250649 0.519728 -0.299399
v 0.243458 0.448625 -0.273570
v 0.280293 0.521024 -0.329407
v 0.222235 0.216367 -0.138371
v 0.228844 0.196482 -0.098052
v 0.256320 0.179400 -0.097195
v -0.208875 -0.675077 0.108243
v -0.232266 -0.675918 0.182180
v -0.195356 -0.937995 -0.079770
v -0.285145 -0.976352 -0.176850
v -0.187797 -0.680343 0.199038
v -0.186170 -0.957765 -0.194024
v -0.344155 -0.570579 0.258073
v -0.368215 -0.524705 0.222103
v -0.359815 -0.535916 0.296005
v -0.446878 -0.647472 -0.229046
v -0.446185 -0.563834 -0.187075
v -0.439564 -0.557273 -0.240589
v -0.436921 -0.421215 -0.009465
v -0.426837 -0.419731 0.045896
v -0.436342 -0.362881 0.022715
v 0.209929 -0.675363 0.114540
v 0.229003 -0.674956 0.189552
v 0.208488 -0.940270 -0.075809
v 0.288251 -0.975288 -0.175378
v 0.184775 -0.681805 0.204478
v 0.186520 -0.957366 -0.189367
v 0.341381 -0.569998 0.259124
v 0.368313 -0.523435 0.224592
v 0.359141 -0.536159 0.296464
v 0.447698 -0.647750 -0.227698
v 0.444875 -0.563446 -0.186037
v 0.441831 -0.556860 -0.241943
v 0.439370 -0.420492 -0.009549
v 0.428752 -0.420401 0.045198
v 0.436431 -0.362960 0.022328
v -0.048698 -0.689975 0.762674
v 0.052213 -0.692783 0.763501
v -0.294471 -0.703946 0.846643
v -0.301593 -0.597094 0.837513
v 0.000458 -0.656353 0.704832
v -0.356664 -0.651812 0.812259
v 0.296524 -0.701014 0.846573
v 0.302077 -0.595966 0.835680
v 0.359392 -0.652592 0.809507
v 0.129042 -0.277234 0.898389
v 0.189019 -0.319158 0.872044
v -0.129562 -0.277454 0.896882
v -0.188042 -0.318622 0.873107
v 0.193558 -0.237841 0.879325
v -0.191126 -0.238822 0.877091
v -0.013234 0.187159 0.224450
v 0.014413 0.185289 0.224561
v -0.106903 0.145643 0.334748
v -0.123980 0.133678 0.380421
v 0.000448 0.203519 0.166690
v -0.141711 0.139407 0.335058
v 0.108748 0.149279 0.334660
v 0.123951 0.133076 0.378706
v 0.140886 0.137619 0.336414
v 0.078582 0.128778 0.592447
v 0.108514 0.124378 0.552606
v -0.076997 0.128332 0.592223
v -0.107600 0.124587 0.551642
v 0.120089 0.114785 0.601489
v -0.119614 0.113293 0.602431
v -0.024453 -0.415338 -0.414256
v 0.025126 -0.415433 -0.414745
v -0.145091 -0.286205 -0.437213
v -0.147751 -0.222541 -0.441609
v 0.001040 -0.463011 -0.391116
v -0.182428 -0.266061 -0.421412
v 0.145966 -0.286623 -0.440556
v 0.146817 -0.223466 -0.442195
v 0.181892 -0.265330 -0.422453
v 0.054877 -0.011031 -0.514780
v 0.081250 -0.035695 -0.490361
v -0.057382 -0.012096 -0.513285
v -0.084330 -0.035160 -0.488523
v 0.088016 0.001739 -0.520218
v -0.088556 0.002118 -0.520289
v -0.043236 0.785318 -0.729328
v 0.043140 0.784903 -0.728563
v -0.255391 0.622957 -0.782132
v -0.267733 0.541360 -0.805976
v -0.000634 0.825143 -0.681776
v -0.292936 0.573945 -0.754845
v 0.253893 0.622641 -0.783652
v 0.264651 0.542877 -0.806088
v 0.294569 0.577540 -0.755485
v 0.140658 0.268149 -0.955330
v 0.213538 0.308451 -0.972326
v -0.143720 0.267089 -0.958521
v -0.215583 0.310406 -0.974280
v 0.218093 0.221997 -0.990952
v -0.219670 0.222404 -0.992480
v 0.348087 0.157729 -0.376503
v 0.349793 0.162359 -0.422737
v 0.380476 0.094331 -0.191345
v 0.388938 0.083859 -0.153087
v 0.340992 0.194086 -0.425195
v 0.386520 0.088512 -0.145670
v 0.334118 -0.021118 -0.246577
v 0.321480 -0.008263 -0.282710
v 0.363166 0.020582 -0.130874
v 0.373622 0.039389 -0.117994
v 0.327398 -0.049091 -0.266761
v 0.369007 0.019662 -0.092274
v 0.325540 0.070239 -0.430367
v 0.337672 0.096704 -0.464330
v 0.323918 0.080164 -0.490707
v 0.385828 0.043690 0.267190
v 0.372972 0.034447 0.304358
v 0.403763 0.045272 0.165709
v 0.405133 0.040171 0.146995
v 0.364999 0.050104 0.281317
v 0.406348 0.049307 0.131790
v 0.401389 -0.151070 0.344700
v 0.398840 -0.151840 0.391873
v 0.395378 -0.046438 0.187098
v 0.394422 -0.015472 0.163011
v 0.403532 -0.198004 0.394093
v 0.398001 -0.044111 0.153118
v 0.375043 -0.061431 0.452052
v 0.364797 -0.032909 0.432631
v 0.360872 -0.046551 0.484045
v -0.349313 0.155564 -0.376974
v -0.350626 0.162199 -0.424537
v -0.377730 0.095279 -0.194551
v -0.387349 0.081091 -0.157511
v -0.342212 0.193820 -0.426238
v -0.385721 0.090960 -0.148195
v -0.332398 -0.020548 -0.248778
v -0.319610 -0.007226 -0.285639
v -0.361814 0.021285 -0.135845
v -0.373865 0.036968 -0.121284
v -0.325002 -0.048874 -0.268416
v -0.370375 0.014038 -0.097790
v -0.325398 0.067693 -0.436105
v -0.339414 0.094667 -0.467959
v -0.324668 0.079779 -0.495369
v -0.381032 0.043730 0.267126
v -0.372290 0.034961 0.304015
v -0.405117 0.048333 0.163526
v -0.404263 0.044742 0.146629
v -0.363240 0.048541 0.283489
v -0.406865 0.053895 0.130686
v -0.400343 -0.149949 0.344153
v -0.399772 -0.151787 0.391267
v -0.396735 -0.051155 0.187259
v -0.396884 -0.017269 0.162431
v -0.406725 -0.198353 0.392805
v -0.399228 -0.044929 0.151248
v -0.375580 -0.062814 0.451887
v -0.368056 -0.029560 0.432192
v -0.358339 -0.047950 0.484599
v -0.003635 0.323545 -0.153018
v 0.002644 0.323345 -0.153344
v 0.000209 0.279532 -0.102944
v -0.034272 0.795800 -0.400557
v 0.034595 0.796851 -0.399691
v 0.001145 0.829450 -0.457583
v -0.247473 0.136649 0.198227
v -0.236817 0.130547 0.243694
v -0.272912 0.110981 0.242066
v -0.360542 0.528479 -0.496825
v -0.354415 0.512562 -0.558918
v -0.339244 0.437580 -0.512812
v -0.376188 0.094963 -0.019971
v -0.387361 0.085679 -0.030250
v -0.398899 0.076361 0.016751
v 0.244982 0.139074 0.204677
v 0.234292 0.130704 0.245044
v 0.268701 0.111901 0.241886
v 0.361281 0.528995 -0.497114
v 0.355165 0.514394 -0.558165
v 0.338565 0.435294 -0.513273
v 0.374266 0.094650 -0.021313
v 0.387011 0.082493 -0.029977
v 0.393974 0.076334 0.011902
v -0.033325 -0.697301 0.385253
v 0.027374 -0.701715 0.384539
v -0.001898 -0.720145 0.462899
v -0.039024 -0.612292 -0.243139
v 0.040069 -0.612940 -0.242270
v 0.000824 -0.601789 -0.279136
v -0.390550 -0.484174 0.486662
v -0.393627 -0.497432 0.555068
v -0.397610 -0.426354 0.496510
v -0.365276 -0.325306 -0.323663
v -0.328649 -0.287914 -0.347999
v -0.350134 -0.245686 -0.323007
v -0.416770 -0.137214 0.031154
v -0.404789 -0.084091 0.013529
v -0.405655 -0.094097 0.050651
v 0.390605 -0.482531 0.484800
v 0.395190 -0.496302 0.552374
v 0.400156 -0.425306 0.495179
v 0.367892 -0.327346 -0.322270
v 0.330284 -0.290218 -0.346080
v 0.348261 -0.248157 -0.319490
v 0.418520 -0.137754 0.033347
v 0.404921 -0.087576 0.014010
v 0.408568 -0.096535 0.052973
v 0.265181 -0.034238 0.735899
v 0.244400 0.009630 0.692468
v 0.285517 -0.023950 0.669467
v -0.266006 -0.033979 0.734794
v -0.243603 0.011044 0.690562
v -0.284315 -0.024168 0.668362
v 0.218136 0.021734 -0.680208
v 0.256194 0.034462 -0.762382
v 0.265657 0.044623 -0.678560
v -0.219401 0.020614 -0.680146
v -0.256531 0.036827 -0.763640
v -0.266699 0.044187 -0.682204
f 1 647 644
f 1 644 643
f 1 643 645
f 1 645 646
f 1 646 647
f 2 649 652
f 6 672 670
f 12 702 699
f 11 696 695
f 8 679 681
f 4 662 659
f 4 659 658
f 4 658 660
f 4 660 661
f 4 661 662
f 5 666 665
f 3 654 657
f 7 673 677
f 9 685 686
f 10 692 688
f 12 701 698
f 6 669 668
f 2 650 648
f 8 682 678
f 11 697 693
f 6 671 669
f 12 700 701
f 11 694 697
f 8 680 682
f 2 651 650
f 10 690 689
f 5 663 664
f 3 655 653
f 7 676 674
f 9 687 684
f 10 691 690
f 5 667 663
f 3 656 655
f 7 675 676
f 9 683 687
f 6 668 672
f 2 648 649
f 8 678 679
f 11 693 696
f 12 698 702
f 10 688 691
f 5 665 667
f 3 657 656
f 7 677 675
f 9 686 683
f 5 664 666
f 3 653 654
f 7 674 673
f 9 684 685
f 10 689 692
f 6 670 671
f 12 699 700
f 11 695 694
f 8 681 680
f 2 652 651
f 35 837 838
f 18 735 736
f 19 742 741
f 40 868 867
f 42 880 879
f 34 832 831
f 33 827 828
f 25 778 780
f 36 844 846
f 20 749 747
f 32 819 820
f 23 765 767
f 24 773 771
f 37 850 849
f 41 876 875
f 34 833 834
f 33 826 825
f 25 779 777
f 36 845 843
f 20 748 750
f 17 729 727
f 14 711 709
f 13 706 703
f 15 718 715
f 16 724 721
f 18 737 733
f 35 839 835
f 42 882 878
f 40 870 866
f 19 744 740
f 30 807 805
f 27 789 787
f 22 762 758
f 28 797 793
f 29 802 799
f 32 821 817
f 23 766 763
f 24 774 770
f 37 852 848
f 41 874 872
f 35 838 836
f 18 736 734
f 19 741 739
f 40 867 865
f 42 879 877
f 34 831 829
f 33 828 824
f 25 780 776
f 36 846 842
f 20 747 745
f 32 820 818
f 23 767 764
f 24 771 769
f 37 849 847
f 41 875 871
f 34 834 830
f 33 825 823
f 25 777 775
f 36 843 841
f 20 750 746
f 14 714 710
f 13 707 704
f 15 719 716
f 16 725 722
f 17 732 728
f 21 755 752
f 31 814 811
f 26 784 781
f 38 857 853
f 39 862 860
f 27 792 788
f 22 759 757
f 28 796 794
f 29 803 800
f 30 810 806
f 31 815 812
f 26 785 782
f 38 856 854
f 39 863 859
f 21 754 751
f 14 712 714
f 13 705 707
f 15 717 719
f 16 723 725
f 17 730 732
f 21 753 755
f 31 816 814
f 26 786 784
f 38 858 857
f 39 861 862
f 27 791 792
f 22 761 759
f 28 795 796
f 29 801 803
f 30 808 810
f 31 813 815
f 26 783 785
f 38 855 856
f 39 864 863
f 21 756 754
f 14 709 712
f 13 703 705
f 15 715 717
f 16 721 723
f 17 727 730
f 21 751 753
f 31 812 816
f 26 782 786
f 38 854 858
f 39 859 861
f 27 787 791
f 22 758 761
f 28 793 795
f 29 799 801
f 30 805 808
f 31 811 813
f 26 781 783
f 38 853 855
f 39 860 864
f 21 752 756
f 17 728 731
f 14 710 713
f 13 704 708
f 15 716 720
f 16 722 726
f 18 734 738
f 35 836 840
f 42 877 881
f 40 865 869
f 19 739 743
f 30 806 809
f 27 788 790
f 22 757 760
f 28 794 798
f 29 800 804
f 32 818 822
f 23 764 768
f 24 769 772
f 37 847 851
f 41 871 873
f 35 835 837
f 18 733 735
f 19 740 742
f 40 866 868
f 42 878 880
f 34 830 832
f 33 823 827
f 25 775 778
f 36 841 844
f 20 746 749
f 32 817 819
f 23 763 765
f 24 770 773
f 37 848 850
f 41 872 876
f 34 829 833
f 33 824 826
f 25 776 779
f 36 842 845
f 20 745 748
f 17 731 729
f 14 713 711
f 13 708 706
f 15 720 718
f 16 726 724
f 18 738 737
f 35 840 839
f 42 881 882
f 40 869 870
f 19 743 744
f 30 809 807
f 27 790 789
f 22 760 762
f 28 798 797
f 29 804 802
f 32 822 821
f 23 768 766
f 24 772 774
f 37 851 852
f 41 873 874
f 107 1269 1270
f 103 1245 1246
f 104 1252 1251
f 110 1288 1287
f 113 1306 1305
f 118 1336 1335
f 154 1551 1552
f 141 1473 1474
f 162 1599 1600
f 121 1354 1353
f 142 1479 1480
f 129 1401 1402
f 130 1408 1407
f 144 1492 1491
f 146 1504 1503
f 151 1533 1534
f 131 1414 1413
f 136 1444 1443
f 161 1594 1593
f 126 1383 1384
f 116 1323 1324
f 108 1275 1276
f 106 1263 1264
f 112 1299 1300
f 115 1317 1318
f 119 1341 1342
f 156 1564 1563
f 139 1462 1461
f 160 1588 1587
f 120 1347 1348
f 149 1521 1522
f 132 1420 1419
f 128 1395 1396
f 145 1497 1498
f 148 1515 1516
f 155 1557 1558
f 133 1425 1426
f 134 1431 1432
f 157 1570 1569
f 124 1372 1371
f 109 1282 1281
f 105 1258 1257
f 111 1294 1293
f 114 1312 1311
f 117 1330 1329
f 125 1378 1377
f 152 1540 1539
f 137 1449 1450
f 158 1575 1576
f 123 1365 1366
f 143 1486 1485
f 127 1390 1389
f 135 1437 1438
f 147 1510 1509
f 150 1528 1527
f 153 1546 1545
f 140 1468 1467
f 138 1455 1456
f 159 1581 1582
f 122 1359 1360
f 107 1272 1271
f 103 1248 1247
f 104 1253 1254
f 110 1289 1290
f 113 1307 1308
f 118 1337 1338
f 154 1554 1553
f 141 1476 1475
f 162 1602 1601
f 121 1355 1356
f 142 1482 1481
f 129 1404 1403
f 130 1409 1410
f 144 1493 1494
f 146 1505 1506
f 151 1536 1535
f 131 1415 1416
f 136 1445 1446
f 161 1595 1596
f 126 1386 1385
f 47 909 907
f 44 891 889
f 43 886 883
f 45 898 895
f 46 904 901
f 49 922 919
f 72 1060 1057
f 102 1240 1237
f 96 1204 1201
f 79 1102 1099
f 62 999 997
f 59 981 979
f 58 976 973
f 60 988 985
f 61 994 991
f 66 1024 1021
f 54 952 949
f 73 1066 1063
f 85 1138 1135
f 92 1179 1177
f 101 1233 1231
f 69 1041 1039
f 50 927 925
f 82 1119 1117
f 97 1209 1207
f 71 1053 1051
f 100 1228 1225
f 94 1192 1189
f 80 1108 1105
f 51 933 931
f 90 1167 1165
f 63 1005 1003
f 55 957 955
f 76 1083 1081
f 87 1150 1147
f 91 1174 1171
f 67 1029 1027
f 56 963 961
f 75 1077 1075
f 83 1126 1123
f 68 1036 1033
f 48 915 913
f 78 1095 1093
f 93 1185 1183
f 98 1216 1213
f 88 1155 1153
f 65 1018 1015
f 57 970 967
f 77 1090 1087
f 86 1143 1141
f 64 1012 1009
f 53 945 943
f 74 1071 1069
f 84 1131 1129
f 89 1162 1159
f 70 1047 1045
f 99 1221 1219
f 95 1197 1195
f 81 1114 1111
f 52 940 937
f 109 1284 1280
f 105 1260 1256
f 111 1296 1292
f 114 1314 1310
f 117 1332 1328
f 125 1380 1376
f 152 1542 1538
f 137 1451 1447
f 158 1577 1573
f 123 1367 1363
f 143 1488 1484
f 127 1392 1388
f 135 1439 1435
f 147 1512 1508
f 150 1530 1526
f 153 1548 1544
f 140 1470 1466
f 138 1457 1453
f 159 1583 1579
f 122 1361 1357
f 107 1270 1268
f 103 1246 1244
f 104 1251 1249
f 110 1287 1285
f 113 1305 1303
f 118 1335 1333
f 154 1552 1550
f 141 1474 1472
f 162 1600 1598
f 121 1353 1351
f 142 1480 1478
f 129 1402 1400
f 130 1407 1405
f 144 1491 1489
f 146 1503 1501
f 151 1534 1532
f 131 1413 1411
f 136 1443 1441
f 161 1593 1591
f 126 1384 1382
f 116 1324 1322
f 108 1276 1274
f 106 1264 1262
f 112 1300 1298
f 115 1318 1316
f 119 1342 1340
f 156 1563 1561
f 139 1461 1459
f 160 1587 1585
f 120 1348 1346
f 149 1522 1520
f 132 1419 1417
f 128 1396 1394
f 145 1498 1496
f 148 1516 1514
f 155 1558 1556
f 133 1426 1424
f 134 1432 1430
f 157 1569 1567
f 124 1371 1369
f 109 1281 1279
f 105 1257 1255
f 111 1293 1291
f 114 1311 1309
f 117 1329 1327
f 125 1377 1375
f 152 1539 1537
f 137 1450 1448
f 158 1576 1574
f 123 1366 1364
f 143 1485 1483
f 127 1389 1387
f 135 1438 1436
f 147 1509 1507
f 150 1527 1525
f 153 1545 1543
f 140 1467 1465
f 138 1456 1454
f 159 1582 1580
f 122 1360 1358
f 107 1271 1267
f 103 1247 1243
f 104 1254 1250
f 110 1290 1286
f 113 1308 1304
f 118 1338 1334
f 154 1553 1549
f 141 1475 1471
f 162 1601 1597
f 121 1356 1352
f 142 1481 1477
f 129 1403 1399
f 130 1410 1406
f 144 1494 1490
f 146 1506 1502
f 151 1535 1531
f 131 1416 1412
f 136 1446 1442
f 161 1596 1592
f 126 1385 1381
f 44 894 890
f 43 887 884
f 45 899 896
f 46 905 902
f 47 912 908
f 52 941 938
f 70 1050 1046
f 99 1224 1220
f 95 1200 1196
f 81 1115 1112
f 59 984 980
f 58 977 974
f 60 989 986
f 61 995 992
f 62 1002 998
f 65 1019 1016
f 57 971 968
f 77 1091 1088
f 86 1146 1142
f 88 1158 1154
f 98 1217 1214
f 68 1037 1034
f 48 918 914
f 78 1098 1094
f 93 1188 1184
f 69 1044 1040
f 101 1236 1232
f 97 1212 1208
f 82 1122 1118
f 50 930 926
f 89 1163 1160
f 64 1013 1010
f 53 948 944
f 74 1074 1070
f 84 1134 1130
f 90 1170 1166
f 63 1008 1004
f 55 960 956
f 76 1086 1082
f 87 1151 1148
f 72 1061 1058
f 49 923 920
f 79 1103 1100
f 96 1205 1202
f 102 1241 1238
f 91 1175 1172
f 67 1032 1028
f 56 966 962
f 75 1080 1076
f 83 1127 1124
f 66 1025 1022
f 54 953 950
f 73 1067 1064
f 85 1139 1136
f 92 1182 1178
f 71 1056 1052
f 100 1229 1226
f 94 1193 1190
f 80 1109 1106
f 51 936 932
f 116 1325 1321
f 108 1277 1273
f 106 1265 1261
f 112 1301 1297
f 115 1319 1315
f 119 1343 1339
f 156 1566 1562
f 139 1464 1460
f 160 1590 1586
f 120 1349 1345
f 149 1523 1519
f 132 1422 1418
f 128 1397 1393
f 145 1499 1495
f 148 1517 1513
f 155 1559 1555
f 133 1427 1423
f 134 1433 1429
f 157 1572 1568
f 124 1374 1370
f 44 892 894
f 43 885 887
f 45 897 899
f 46 903 905
f 47 910 912
f 52 939 941
f 70 1048 1050
f 99 1222 1224
f 95 1198 1200
f 81 1113 1115
f 59 982 984
f 58 975 977
f 60 987 989
f 61 993 995
f 62 1000 1002
f 65 1017 1019
f 57 969 971
f 77 1089 1091
f 86 1144 1146
f 88 1156 1158
f 98 1215 1217
f 68 1035 1037
f 48 916 918
f 78 1096 1098
f 93 1186 1188
f 69 1042 1044
f 101 1234 1236
f 97 1210 1212
f 82 1120 1122
f 50 928 930
f 89 1161 1163
f 64 1011 1013
f 53 946 948
f 74 1072 1074
f 84 1132 1134
f 90 1168 1170
f 63 1006 1008
f 55 958 960
f 76 1084 1086
f 87 1149 1151
f 72 1059 1061
f 49 921 923
f 79 1101 1103
f 96 1203 1205
f 102 1239 1241
f 91 1173 1175
f 67 1030 1032
f 56 964 966
f 75 1078 1080
f 83 1125 1127
f 66 1023 1025
f 54 951 953
f 73 1065 1067
f 85 1137 1139
f 92 1180 1182
f 71 1054 1056
f 100 1227 1229
f 94 1191 1193
f 80 1107 1109
f 51 934 936
f 116 1326 1325
f 108 1278 1277
f 106 1266 1265
f 112 1302 1301
f 115 1320 1319
f 119 1344 1343
f 156 1565 1566
f 139 1463 1464
f 160 1589 1590
f 120 1350 1349
f 149 1524 1523
f 132 1421 1422
f 128 1398 1397
f 145 1500 1499
f 148 1518 1517
f 155 1560 1559
f 133 1428 1427
f 134 1434 1433
f 157 1571 1572
f 124 1373 1374
f 44 889 892
f 43 883 885
f 45 895 897
f 46 901 903
f 47 907 910
f 52 937 939
f 70 1045 1048
f 99 1219 1222
f 95 1195 1198
f 81 1111 1113
f 59 979 982
f 58 973 975
f 60 985 987
f 61 991 993
f 62 997 1000
f 65 1015 1017
f 57 967 969
f 77 1087 1089
f 86 1141 1144
f 88 1153 1156
f 98 1213 1215
f 68 1033 1035
f 48 913 916
f 78 1093 1096
f 93 1183 1186
f 69 1039 1042
f 101 1231 1234
f 97 1207 1210
f 82 1117 1120
f 50 925 928
f 89 1159 1161
f 64 1009 1011
f 53 943 946
f 74 1069 1072
f 84 1129 1132
f 90 1165 1168
f 63 1003 1006
f 55 955 958
f 76 1081 1084
f 87 1147 1149
f 72 1057 1059
f 49 919 921
f 79 1099 1101
f 96 1201 1203
f 102 1237 1239
f 91 1171 1173
f 67 1027 1030
f 56 961 964
f 75 1075 1078
f 83 1123 1125
f 66 1021 1023
f 54 949 951
f 73 1063 1065
f 85 1135 1137
f 92 1177 1180
f 71 1051 1054
f 100 1225 1227
f 94 1189 1191
f 80 1105 1107
f 51 931 934
f 116 1322 1326
f 108 1274 1278
f 106 1262 1266
f 112 1298 1302
f 115 1316 1320
f 119 1340 1344
f 156 1561 1565
f 139 1459 1463
f 160 1585 1589
f 120 1346 1350
f 149 1520 1524
f 132 1417 1421
f 128 1394 1398
f 145 1496 1500
f 148 1514 1518
f 155 1556 1560
f 133 1424 1428
f 134 1430 1434
f 157 1567 1571
f 124 1369 1373
f 47 908 911
f 44 890 893
f 43 884 888
f 45 896 900
f 46 902 906
f 49 920 924
f 72 1058 1062
f 102 1238 1242
f 96 1202 1206
f 79 1100 1104
f 62 998 1001
f 59 980 983
f 58 974 978
f 60 986 990
f 61 992 996
f 66 1022 1026
f 54 950 954
f 73 1064 1068
f 85 1136 1140
f 92 1178 1181
f 101 1232 1235
f 69 1040 1043
f 50 926 929
f 82 1118 1121
f 97 1208 1211
f 71 1052 1055
f 100 1226 1230
f 94 1190 1194
f 80 1106 1110
f 51 932 935
f 90 1166 1169
f 63 1004 1007
f 55 956 959
f 76 1082 1085
f 87 1148 1152
f 91 1172 1176
f 67 1028 1031
f 56 962 965
f 75 1076 1079
f 83 1124 1128
f 68 1034 1038
f 48 914 917
f 78 1094 1097
f 93 1184 1187
f 98 1214 1218
f 88 1154 1157
f 65 1016 1020
f 57 968 972
f 77 1088 1092
f 86 1142 1145
f 64 1010 1014
f 53 944 947
f 74 1070 1073
f 84 1130 1133
f 89 1160 1164
f 70 1046 1049
f 99 1220 1223
f 95 1196 1199
f 81 1112 1116
f 52 938 942
f 109 1279 1283
f 105 1255 1259
f 111 1291 1295
f 114 1309 1313
f 117 1327 1331
f 125 1375 1379
f 152 1537 1541
f 137 1448 1452
f 158 1574 1578
f 123 1364 1368
f 143 1483 1487
f 127 1387 1391
f 135 1436 1440
f 147 1507 1511
f 150 1525 1529
f 153 1543 1547
f 140 1465 1469
f 138 1454 1458
f 159 1580 1584
f 122 1358 1362
f 107 1267 1269
f 103 1243 1245
f 104 1250 1252
f 110 1286 1288
f 113 1304 1306
f 118 1334 1336
f 154 1549 1551
f 141 1471 1473
f 162 1597 1599
f 121 1352 1354
f 142 1477 1479
f 129 1399 1401
f 130 1406 1408
f 144 1490 1492
f 146 1502 1504
f 151 1531 1533
f 131 1412 1414
f 136 1442 1444
f 161 1592 1594
f 126 1381 1383
f 116 1321 1323
f 108 1273 1275
f 106 1261 1263
f 112 1297 1299
f 115 1315 1317
f 119 1339 1341
f 156 1562 1564
f 139 1460 1462
f 160 1586 1588
f 120 1345 1347
f 149 1519 1521
f 132 1418 1420
f 128 1393 1395
f 145 1495 1497
f 148 1513 1515
f 155 1555 1557
f 133 1423 1425
f 134 1429 1431
f 157 1568 1570
f 124 1370 1372
f 109 1280 1282
f 105 1256 1258
f 111 1292 1294
f 114 1310 1312
f 117 1328 1330
f 125 1376 1378
f 152 1538 1540
f 137 1447 1449
f 158 1573 1575
f 123 1363 1365
f 143 1484 1486
f 127 1388 1390
f 135 1435 1437
f 147 1508 1510
f 150 1526 1528
f 153 1544 1546
f 140 1466 1468
f 138 1453 1455
f 159 1579 1581
f 122 1357 1359
f 107 1268 1272
f 103 1244 1248
f 104 1249 1253
f 110 1285 1289
f 113 1303 1307
f 118 1333 1337
f 154 1550 1554
f 141 1472 1476
f 162 1598 1602
f 121 1351 1355
f 142 1478 1482
f 129 1400 1404
f 130 1405 1409
f 144 1489 1493
f 146 1501 1505
f 151 1532 1536
f 131 1411 1415
f 136 1441 1445
f 161 1591 1595
f 126 1382 1386
f 47 911 909
f 44 893 891
f 43 888 886
f 45 900 898
f 46 906 904
f 49 924 922
f 72 1062 1060
f 102 1242 1240
f 96 1206 1204
f 79 1104 1102
f 62 1001 999
f 59 983 981
f 58 978 976
f 60 990 988
f 61 996 994
f 66 1026 1024
f 54 954 952
f 73 1068 1066
f 85 1140 1138
f 92 1181 1179
f 101 1235 1233
f 69 1043 1041
f 50 929 927
f 82 1121 1119
f 97 1211 1209
f 71 1055 1053
f 100 1230 1228
f 94 1194 1192
f 80 1110 1108
f 51 935 933
f 90 1169 1167
f 63 1007 1005
f 55 959 957
f 76 1085 1083
f 87 1152 1150
f 91 1176 1174
f 67 1031 1029
f 56 965 963
f 75 1079 1077
f 83 1128 1126
f 68 1038 1036
f 48 917 915
f 78 1097 1095
f 93 1187 1185
f 98 1218 1216
f 88 1157 1155
f 65 1020 1018
f 57 972 970
f 77 1092 1090
f 86 1145 1143
f 64 1014 1012
f 53 947 945
f 74 1073 1071
f 84 1133 1131
f 89 1164 1162
f 70 1049 1047
f 99 1223 1221
f 95 1199 1197
f 81 1116 1114
f 52 942 940
f 109 1283 1284
f 105 1259 1260
f 111 1295 1296
f 114 1313 1314
f 117 1331 1332
f 125 1379 1380
f 152 1541 1542
f 137 1452 1451
f 158 1578 1577
f 123 1368 1367
f 143 1487 1488
f 127 1391 1392
f 135 1440 1439
f 147 1511 1512
f 150 1529 1530
f 153 1547 1548
f 140 1469 1470
f 138 1458 1457
f 159 1584 1583
f 122 1362 1361
f 407 1609 1616
f 403 1605 1608
f 404 1611 1606
f 410 1614 1612
f 413 1617 1615
f 422 1631 1624
f 486 1688 1692
f 573 1775 1782
f 561 1763 1765
f 512 1719 1714
f 452 1654 1661
f 448 1650 1653
f 449 1656 1651
f 455 1659 1657
f 458 1662 1660
f 470 1672 1675
f 437 1646 1639
f 494 1706 1696
f 531 1735 1733
f 539 1741 1751
f 568 1770 1779
f 478 1680 1683
f 419 1621 1626
f 509 1711 1721
f 554 1756 1766
f 482 1684 1689
f 576 1780 1778
f 558 1767 1760
f 516 1722 1718
f 425 1627 1629
f 542 1744 1747
f 463 1668 1665
f 434 1636 1641
f 497 1699 1704
f 528 1730 1737
f 546 1748 1750
f 464 1666 1676
f 440 1642 1644
f 500 1705 1702
f 524 1736 1726
f 479 1691 1681
f 418 1623 1620
f 508 1713 1710
f 553 1764 1755
f 569 1781 1771
f 538 1749 1740
f 471 1677 1673
f 443 1645 1647
f 501 1703 1707
f 523 1725 1734
f 467 1674 1669
f 433 1638 1635
f 493 1695 1698
f 527 1732 1729
f 543 1752 1745
f 485 1690 1687
f 572 1777 1774
f 557 1759 1762
f 515 1717 1720
f 428 1630 1632
f 591 2191 2189
f 587 1885 1883
f 588 1901 1903
f 594 2279 2281
f 597 2315 2317
f 600 2171 2173
f 634 2160 2158
f 619 2016 2012
f 639 2214 2210
f 602 1919 1924
f 624 2137 2135
f 608 1978 1973
f 610 1991 1996
f 627 2225 2227
f 630 2302 2304
f 635 2178 2176
f 615 2153 2155
f 617 2009 2014
f 637 2207 2212
f 604 1926 1922
f 416 1857 1864
f 408 1803 1810
f 406 1786 1795
f 412 1822 1831
f 415 1840 1849
f 424 1876 1887
f 492 2182 2193
f 582 2312 2321
f 565 2276 2285
f 514 1898 1907
f 461 2091 2098
f 453 2037 2044
f 451 1952 1961
f 457 2056 2067
f 460 2074 2083
f 475 2128 2139
f 439 1966 1975
f 496 1988 1997
f 533 2222 2231
f 551 2293 2298
f 579 2185 2190
f 483 1879 1884
f 426 1893 1900
f 521 2271 2278
f 566 2307 2314
f 489 2163 2170
f 578 2150 2159
f 560 2006 2015
f 518 2204 2213
f 429 1911 1918
f 547 2131 2136
f 465 1969 1977
f 441 1983 1990
f 504 2217 2224
f 537 2290 2301
f 550 2168 2177
f 476 2145 2152
f 444 2001 2008
f 502 2199 2206
f 526 1916 1925
f 481 1808 1817
f 420 1789 1797
f 510 1825 1833
f 555 1843 1851
f 571 1862 1871
f 540 1933 1941
f 473 2110 2119
f 447 2020 2029
f 507 2236 2247
f 534 2257 2262
f 469 2042 2051
f 435 1947 1954
f 498 2059 2064
f 529 2077 2085
f 545 2096 2105
f 487 2113 2121
f 574 2023 2031
f 562 2239 2244
f 520 2254 2265
f 432 1930 1939
f 589 1818 1814
f 583 1798 1793
f 586 1834 1829
f 593 1852 1847
f 596 1872 1868
f 599 1942 1937
f 633 2120 2124
f 620 2030 2034
f 640 2248 2250
f 603 2263 2261
f 622 2052 2050
f 607 1955 1960
f 612 2065 2063
f 626 2086 2081
f 629 2106 2102
f 631 2122 2117
f 614 2032 2027
f 618 2245 2243
f 641 2266 2268
f 605 1940 1944
f 409 1813 1804
f 405 1792 1785
f 411 1828 1821
f 414 1846 1839
f 417 1867 1858
f 431 1936 1929
f 488 2123 2114
f 575 2033 2024
f 563 2249 2240
f 519 2260 2253
f 454 2049 2038
f 450 1959 1951
f 456 2062 2055
f 459 2080 2073
f 462 2101 2092
f 472 2116 2109
f 446 2026 2019
f 506 2242 2235
f 535 2267 2258
f 541 1943 1934
f 570 1869 1861
f 480 1815 1807
f 421 1799 1790
f 511 1835 1826
f 556 1853 1844
f 484 1889 1880
f 580 2195 2186
f 567 2319 2308
f 522 2283 2272
f 427 1905 1894
f 544 2103 2095
f 468 2046 2041
f 436 1957 1948
f 499 2069 2060
f 530 2087 2078
f 548 2141 2132
f 466 1979 1970
f 442 1993 1984
f 505 2229 2218
f 536 2296 2289
f 491 2188 2181
f 423 1882 1875
f 513 1902 1897
f 564 2280 2275
f 581 2316 2311
f 549 2172 2167
f 477 2157 2146
f 445 2011 2002
f 503 2209 2200
f 525 1923 1915
f 474 2134 2127
f 438 1972 1965
f 495 1995 1987
f 532 2226 2221
f 552 2303 2294
f 490 2175 2164
f 577 2154 2149
f 559 2013 2005
f 517 2211 2203
f 430 1921 1912
f 590 1865 1870
f 584 1811 1816
f 585 1796 1800
f 592 1832 1836
f 595 1850 1854
f 598 1888 1890
f 636 2194 2196
f 621 2322 2320
f 642 2286 2284
f 601 1908 1906
f 623 2099 2104
f 611 2045 2047
f 609 1962 1958
f 625 2068 2070
f 628 2084 2088
f 632 2140 2142
f 613 1976 1980
f 616 1998 1994
f 638 2232 2230
f 606 2299 2297
f 407 2330 2329
f 403 2324 2323
f 404 2325 2326
f 410 2332 2333
f 413 2335 2336
f 422 2344 2345
f 486 2410 2409
f 573 2497 2496
f 561 2486 2485
f 512 2434 2435
f 452 2375 2374
f 448 2369 2368
f 449 2370 2371
f 455 2377 2378
f 458 2380 2381
f 470 2393 2392
f 437 2359 2360
f 494 2415 2416
f 531 2455 2456
f 539 2461 2460
f 568 2489 2488
f 478 2399 2398
f 419 2341 2340
f 509 2431 2430
f 554 2476 2475
f 482 2405 2404
f 576 2500 2501
f 558 2481 2482
f 516 2439 2440
f 425 2348 2347
f 542 2465 2464
f 463 2383 2384
f 434 2356 2355
f 497 2420 2419
f 528 2452 2451
f 546 2471 2470
f 464 2386 2385
f 440 2363 2362
f 500 2422 2423
f 524 2445 2446
f 479 2400 2401
f 418 2338 2339
f 508 2428 2429
f 553 2473 2474
f 569 2490 2491
f 538 2458 2459
f 471 2394 2395
f 443 2366 2365
f 501 2425 2424
f 523 2444 2443
f 467 2389 2390
f 433 2353 2354
f 493 2414 2413
f 527 2449 2450
f 543 2466 2467
f 485 2407 2408
f 572 2494 2495
f 557 2480 2479
f 515 2438 2437
f 428 2351 2350
f 591 2510 2511
f 587 2504 2505
f 588 2508 2507
f 594 2514 2513
f 597 2517 2516
f 600 2520 2519
f 634 2554 2556
f 619 2539 2540
f 639 2560 2561
f 602 2523 2521
f 624 2543 2544
f 608 2527 2529
f 610 2532 2530
f 627 2547 2546
f 630 2550 2549
f 635 2552 2553
f 615 2535 2534
f 617 2538 2536
f 637 2558 2557
f 604 2524 2525
f 167 1607 647
f 164 1603 644
f 163 1604 643
f 165 1610 645
f 166 1613 646
f 169 1622 649
f 192 1686 672
f 222 1773 702
f 216 1761 696
f 199 1712 679
f 182 1652 662
f 179 1648 659
f 178 1649 658
f 180 1655 660
f 181 1658 661
f 186 1670 666
f 174 1637 654
f 193 1694 673
f 205 1731 685
f 212 1739 692
f 221 1768 701
f 189 1678 669
f 170 1619 650
f 202 1709 682
f 217 1754 697
f 191 1682 671
f 220 1776 700
f 214 1758 694
f 200 1716 680
f 171 1625 651
f 210 1742 690
f 183 1663 663
f 175 1634 655
f 196 1697 676
f 207 1728 687
f 211 1746 691
f 187 1664 667
f 176 1640 656
f 195 1700 675
f 203 1724 683
f 188 1679 668
f 168 1618 648
f 198 1708 678
f 213 1753 693
f 218 1769 698
f 208 1738 688
f 185 1671 665
f 177 1643 657
f 197 1701 677
f 206 1723 686
f 184 1667 664
f 173 1633 653
f 194 1693 674
f 204 1727 684
f 209 1743 689
f 190 1685 670
f 219 1772 699
f 215 1757 695
f 201 1715 681
f 172 1628 652
f 357 2187 837
f 255 1881 735
f 262 1899 742
f 388 2277 868
f 400 2313 880
f 352 2169 832
f 347 2156 827
f 298 2010 778
f 364 2208 844
f 269 1917 749
f 339 2133 819
f 285 1971 765
f 293 1989 773
f 370 2223 850
f 396 2300 876
f 353 2174 833
f 346 2151 826
f 299 2007 779
f 365 2205 845
f 268 1920 748
f 249 1855 729
f 231 1801 711
f 226 1784 706
f 238 1820 718
f 244 1838 724
f 257 1874 737
f 359 2180 839
f 402 2310 882
f 390 2274 870
f 264 1896 744
f 327 2089 807
f 309 2035 789
f 282 1950 762
f 317 2054 797
f 322 2072 802
f 341 2126 821
f 286 1964 766
f 294 1986 774
f 372 2220 852
f 394 2291 874
f 358 2183 838
f 256 1877 736
f 261 1891 741
f 387 2269 867
f 399 2305 879
f 351 2161 831
f 348 2148 828
f 300 2004 780
f 366 2202 846
f 267 1909 747
f 340 2129 820
f 287 1967 767
f 291 1981 771
f 369 2215 849
f 395 2288 875
f 354 2166 834
f 345 2143 825
f 297 1999 777
f 363 2197 843
f 270 1914 750
f 234 1806 714
f 227 1787 707
f 239 1823 719
f 245 1841 725
f 252 1860 732
f 275 1931 755
f 334 2108 814
f 304 2018 784
f 377 2234 857
f 382 2255 862
f 312 2040 792
f 279 1945 759
f 316 2057 796
f 323 2075 803
f 330 2094 810
f 335 2111 815
f 305 2021 785
f 376 2237 856
f 383 2252 863
f 274 1928 754
f 232 1812 712
f 225 1791 705
f 237 1827 717
f 243 1845 723
f 250 1866 730
f 273 1935 753
f 336 2118 816
f 306 2028 786
f 378 2246 858
f 381 2259 861
f 311 2048 791
f 281 1953 761
f 315 2061 795
f 321 2079 801
f 328 2100 808
f 333 2115 813
f 303 2025 783
f 375 2241 855
f 384 2264 864
f 276 1938 756
f 229 1802 709
f 223 1783 703
f 235 1819 715
f 241 1837 721
f 247 1856 727
f 271 1927 751
f 332 2112 812
f 302 2022 782
f 374 2238 854
f 379 2251 859
f 307 2036 787
f 278 1949 758
f 313 2053 793
f 319 2071 799
f 325 2090 805
f 331 2107 811
f 301 2017 781
f 373 2233 853
f 380 2256 860
f 272 1932 752
f 248 1859 728
f 230 1805 710
f 224 1788 704
f 236 1824 716
f 242 1842 722
f 254 1878 734
f 356 2184 836
f 397 2306 877
f 385 2270 865
f 259 1892 739
f 326 2093 806
f 308 2039 788
f 277 1946 757
f 314 2058 794
f 320 2076 800
f 338 2130 818
f 284 1968 764
f 289 1982 769
f 367 2216 847
f 391 2287 871
f 355 2179 835
f 253 1873 733
f 260 1895 740
f 386 2273 866
f 398 2309 878
f 350 2165 830
f 343 2144 823
f 295 2000 775
f 361 2198 841
f 266 1913 746
f 337 2125 817
f 283 1963 763
f 290 1985 770
f 368 2219 848
f 392 2292 872
f 349 2162 829
f 344 2147 824
f 296 2003 776
f 362 2201 842
f 265 1910 745
f 251 1863 731
f 233 1809 713
f 228 1794 708
f 240 1830 720
f 246 1848 726
f 258 1886 738
f 360 2192 840
f 401 2318 881
f 389 2282 869
f 263 1904 743
f 329 2097 809
f 310 2043 790
f 280 1956 760
f 318 2066 798
f 324 2082 804
f 342 2138 822
f 288 1974 768
f 292 1992 772
f 371 2228 851
f 393 2295 873
f 409 2331 1269
f 405 2327 1245
f 411 2328 1252
f 414 2334 1288
f 417 2337 1306
f 431 2346 1336
f 488 2412 1551
f 575 2499 1473
f 563 2487 1599
f 519 2436 1354
f 454 2376 1479
f 450 2372 1401
f 456 2373 1408
f 459 2379 1492
f 462 2382 1504
f 472 2396 1533
f 446 2361 1414
f 506 2418 1444
f 535 2457 1594
f 541 2463 1383
f 570 2492 1323
f 480 2402 1275
f 421 2343 1263
f 511 2433 1299
f 556 2478 1317
f 484 2406 1341
f 580 2502 1564
f 567 2484 1462
f 522 2442 1588
f 427 2349 1347
f 544 2468 1521
f 468 2387 1420
f 436 2358 1395
f 499 2421 1497
f 530 2454 1515
f 548 2472 1557
f 466 2388 1425
f 442 2364 1431
f 505 2426 1570
f 536 2448 1372
f 491 2403 1282
f 423 2342 1258
f 513 2432 1294
f 564 2477 1312
f 581 2493 1330
f 549 2462 1378
f 477 2397 1540
f 445 2367 1449
f 503 2427 1575
f 525 2447 1365
f 474 2391 1486
f 438 2357 1390
f 495 2417 1437
f 532 2453 1510
f 552 2469 1528
f 490 2411 1546
f 577 2498 1468
f 559 2483 1455
f 517 2441 1581
f 430 2352 1359
f 590 2509 1272
f 584 2503 1248
f 585 2506 1253
f 592 2512 1289
f 595 2515 1307
f 598 2518 1337
f 636 2555 1554
f 621 2541 1476
f 642 2562 1602
f 601 2522 1355
f 623 2542 1482
f 611 2528 1404
f 609 2531 1409
f 625 2545 1493
f 628 2548 1505
f 632 2551 1536
f 613 2533 1415
f 616 2537 1445
f 638 2559 1595
f 606 2526 1386
f 407 1616 909
f 403 1608 891
f 404 1606 886
f 410 1612 898
f 413 1615 904
f 422 1624 922
f 486 1692 1060
f 573 1782 1240
f 561 1765 1204
f 512 1714 1102
f 452 1661 999
f 448 1653 981
f 449 1651 976
f 455 1657 988
f 458 1660 994
f 470 1675 1024
f 437 1639 952
f 494 1696 1066
f 531 1733 1138
f 539 1751 1179
f 568 1779 1233
f 478 1683 1041
f 419 1626 927
f 509 1721 1119
f 554 1766 1209
f 482 1689 1053
f 576 1778 1228
f 558 1760 1192
f 516 1718 1108
f 425 1629 933
f 542 1747 1167
f 463 1665 1005
f 434 1641 957
f 497 1704 1083
f 528 1737 1150
f 546 1750 1174
f 464 1676 1029
f 440 1644 963
f 500 1702 1077
f 524 1726 1126
f 479 1681 1036
f 418 1620 915
f 508 1710 1095
f 553 1755 1185
f 569 1771 1216
f 538 1740 1155
f 471 1673 1018
f 443 1647 970
f 501 1707 1090
f 523 1734 1143
f 467 1669 1012
f 433 1635 945
f 493 1698 1071
f 527 1729 1131
f 543 1745 1162
f 485 1687 1047
f 572 1774 1221
f 557 1762 1197
f 515 1720 1114
f 428 1632 940
f 591 2189 1284
f 587 1883 1260
f 588 1903 1296
f 594 2281 1314
f 597 2317 1332
f 600 2173 1380
f 634 2158 1542
f 619 2012 1451
f 639 2210 1577
f 602 1924 1367
f 624 2135 1488
f 608 1973 1392
f 610 1996 1439
f 627 2227 1512
f 630 2304 1530
f 635 2176 1548
f 615 2155 1470
f 617 2014 1457
f 637 2212 1583
f 604 1922 1361
f 416 1864 1270
f 408 1810 1246
f 406 1795 1251
f 412 1831 1287
f 415 1849 1305
f 424 1887 1335
f 492 2193 1552
f 582 2321 1474
f 565 2285 1600
f 514 1907 1353
f 461 2098 1480
f 453 2044 1402
f 451 1961 1407
f 457 2067 1491
f 460 2083 1503
f 475 2139 1534
f 439 1975 1413
f 496 1997 1443
f 533 2231 1593
f 551 2298 1384
f 579 2190 1324
f 483 1884 1276
f 426 1900 1264
f 521 2278 1300
f 566 2314 1318
f 489 2170 1342
f 578 2159 1563
f 560 2015 1461
f 518 2213 1587
f 429 1918 1348
f 547 2136 1522
f 465 1977 1419
f 441 1990 1396
f 504 2224 1498
f 537 2301 1516
f 550 2177 1558
f 476 2152 1426
f 444 2008 1432
f 502 2206 1569
f 526 1925 1371
f 481 1817 1281
f 420 1797 1257
f 510 1833 1293
f 555 1851 1311
f 571 1871 1329
f 540 1941 1377
f 473 2119 1539
f 447 2029 1450
f 507 2247 1576
f 534 2262 1366
f 469 2051 1485
f 435 1954 1389
f 498 2064 1438
f 529 2085 1509
f 545 2105 1527
f 487 2121 1545
f 574 2031 1467
f 562 2244 1456
f 520 2265 1582
f 432 1939 1360
f 589 1814 1271
f 583 1793 1247
f 586 1829 1254
f 593 1847 1290
f 596 1868 1308
f 599 1937 1338
f 633 2124 1553
f 620 2034 1475
f 640 2250 1601
f 603 2261 1356
f 622 2050 1481
f 607 1960 1403
f 612 2063 1410
f 626 2081 1494
f 629 2102 1506
f 631 2117 1535
f 614 2027 1416
f 618 2243 1446
f 641 2268 1596
f 605 1944 1385
f 409 1804 894
f 405 1785 887
f 411 1821 899
f 414 1839 905
f 417 1858 912
f 431 1929 941
f 488 2114 1050
f 575 2024 1224
f 563 2240 1200
f 519 2253 1115
f 454 2038 984
f 450 1951 977
f 456 2055 989
f 459 2073 995
f 462 2092 1002
f 472 2109 1019
f 446 2019 971
f 506 2235 1091
f 535 2258 1146
f 541 1934 1158
f 570 1861 1217
f 480 1807 1037
f 421 1790 918
f 511 1826 1098
f 556 1844 1188
f 484 1880 1044
f 580 2186 1236
f 567 2308 1212
f 522 2272 1122
f 427 1894 930
f 544 2095 1163
f 468 2041 1013
f 436 1948 948
f 499 2060 1074
f 530 2078 1134
f 548 2132 1170
f 466 1970 1008
f 442 1984 960
f 505 2218 1086
f 536 2289 1151
f 491 2181 1061
f 423 1875 923
f 513 1897 1103
f 564 2275 1205
f 581 2311 1241
f 549 2167 1175
f 477 2146 1032
f 445 2002 966
f 503 2200 1080
f 525 1915 1127
f 474 2127 1025
f 438 1965 953
f 495 1987 1067
f 532 2221 1139
f 552 2294 1182
f 490 2164 1056
f 577 2149 1229
f 559 2005 1193
f 517 2203 1109
f 430 1912 936
f 590 1870 1325
f 584 1816 1277
f 585 1800 1265
f 592 1836 1301
f 595 1854 1319
f 598 1890 1343
f 636 2196 1566
f 621 2320 1464
f 642 2284 1590
f 601 1906 1349
f 623 2104 1523
f 611 2047 1422
f 609 1958 1397
f 625 2070 1499
f 628 2088 1517
f 632 2142 1559
f 613 1980 1427
f 616 1994 1433
f 638 2230 1572
f 606 2297 1374
f 407 2329 892
f 403 2323 885
f 404 2326 897
f 410 2333 903
f 413 2336 910
f 422 2345 939
f 486 2409 1048
f 573 2496 1222
f 561 2485 1198
f 512 2435 1113
f 452 2374 982
f 448 2368 975
f 449 2371 987
f 455 2378 993
f 458 2381 1000
f 470 2392 1017
f 437 2360 969
f 494 2416 1089
f 531 2456 1144
f 539 2460 1156
f 568 2488 1215
f 478 2398 1035
f 419 2340 916
f 509 2430 1096
f 554 2475 1186
f 482 2404 1042
f 576 2501 1234
f 558 2482 1210
f 516 2440 1120
f 425 2347 928
f 542 2464 1161
f 463 2384 1011
f 434 2355 946
f 497 2419 1072
f 528 2451 1132
f 546 2470 1168
f 464 2385 1006
f 440 2362 958
f 500 2423 1084
f 524 2446 1149
f 479 2401 1059
f 418 2339 921
f 508 2429 1101
f 553 2474 1203
f 569 2491 1239
f 538 2459 1173
f 471 2395 1030
f 443 2365 964
f 501 2424 1078
f 523 2443 1125
f 467 2390 1023
f 433 2354 951
f 493 2413 1065
f 527 2450 1137
f 543 2467 1180
f 485 2408 1054
f 572 2495 1227
f 557 2479 1191
f 515 2437 1107
f 428 2350 934
f 591 2511 1326
f 587 2505 1278
f 588 2507 1266
f 594 2513 1302
f 597 2516 1320
f 600 2519 1344
f 634 2556 1565
f 619 2540 1463
f 639 2561 1589
f 602 2521 1350
f 624 2544 1524
f 608 2529 1421
f 610 2530 1398
f 627 2546 1500
f 630 2549 1518
f 635 2553 1560
f 615 2534 1428
f 617 2536 1434
f 637 2557 1571
f 604 2525 1373
f 164 1609 889
f 163 1605 883
f 165 1611 895
f 166 1614 901
f 167 1617 907
f 172 1631 937
f 190 1688 1045
f 219 1775 1219
f 215 1763 1195
f 201 1719 1111
f 179 1654 979
f 178 1650 973
f 180 1656 985
f 181 1659 991
f 182 1662 997
f 185 1672 1015
f 177 1646 967
f 197 1706 1087
f 206 1735 1141
f 208 1741 1153
f 218 1770 1213
f 188 1680 1033
f 168 1621 913
f 198 1711 1093
f 213 1756 1183
f 189 1684 1039
f 221 1780 1231
f 217 1767 1207
f 202 1722 1117
f 170 1627 925
f 209 1744 1159
f 184 1668 1009
f 173 1636 943
f 194 1699 1069
f 204 1730 1129
f 210 1748 1165
f 183 1666 1003
f 175 1642 955
f 196 1705 1081
f 207 1736 1147
f 192 1691 1057
f 169 1623 919
f 199 1713 1099
f 216 1764 1201
f 222 1781 1237
f 211 1749 1171
f 187 1677 1027
f 176 1645 961
f 195 1703 1075
f 203 1725 1123
f 186 1674 1021
f 174 1638 949
f 193 1695 1063
f 205 1732 1135
f 212 1752 1177
f 191 1690 1051
f 220 1777 1225
f 214 1759 1189
f 200 1717 1105
f 171 1630 931
f 358 2191 1322
f 256 1885 1274
f 261 1901 1262
f 387 2279 1298
f 399 2315 1316
f 351 2171 1340
f 348 2160 1561
f 300 2016 1459
f 366 2214 1585
f 267 1919 1346
f 340 2137 1520
f 287 1978 1417
f 291 1991 1394
f 369 2225 1496
f 395 2302 1514
f 354 2178 1556
f 345 2153 1424
f 297 2009 1430
f 363 2207 1567
f 270 1926 1369
f 247 1857 908
f 229 1803 890
f 223 1786 884
f 235 1822 896
f 241 1840 902
f 253 1876 920
f 355 2182 1058
f 398 2312 1238
f 386 2276 1202
f 260 1898 1100
f 325 2091 998
f 307 2037 980
f 278 1952 974
f 313 2056 986
f 319 2074 992
f 337 2128 1022
f 283 1966 950
f 290 1988 1064
f 368 2222 1136
f 392 2293 1178
f 356 2185 1232
f 254 1879 1040
f 259 1893 926
f 385 2271 1118
f 397 2307 1208
f 349 2163 1052
f 344 2150 1226
f 296 2006 1190
f 362 2204 1106
f 265 1911 932
f 338 2131 1166
f 284 1969 1004
f 289 1983 956
f 367 2217 1082
f 391 2290 1148
f 350 2168 1172
f 343 2145 1028
f 295 2001 962
f 361 2199 1076
f 266 1916 1124
f 230 1808 1034
f 224 1789 914
f 236 1825 1094
f 242 1843 1184
f 248 1862 1214
f 272 1933 1154
f 331 2110 1016
f 301 2020 968
f 373 2236 1088
f 380 2257 1142
f 308 2042 1010
f 277 1947 944
f 314 2059 1070
f 320 2077 1130
f 326 2096 1160
f 332 2113 1046
f 302 2023 1220
f 374 2239 1196
f 379 2254 1112
f 271 1930 938
f 234 1818 1279
f 227 1798 1255
f 239 1834 1291
f 245 1852 1309
f 252 1872 1327
f 275 1942 1375
f 334 2120 1537
f 304 2030 1448
f 377 2248 1574
f 382 2263 1364
f 312 2052 1483
f 279 1955 1387
f 316 2065 1436
f 323 2086 1507
f 330 2106 1525
f 335 2122 1543
f 305 2032 1465
f 376 2245 1454
f 383 2266 1580
f 274 1940 1358
f 232 1813 1267
f 225 1792 1243
f 237 1828 1250
f 243 1846 1286
f 250 1867 1304
f 273 1936 1334
f 336 2123 1549
f 306 2033 1471
f 378 2249 1597
f 381 2260 1352
f 311 2049 1477
f 281 1959 1399
f 315 2062 1406
f 321 2080 1490
f 328 2101 1502
f 333 2116 1531
f 303 2026 1412
f 375 2242 1442
f 384 2267 1592
f 276 1943 1381
f 251 1869 1321
f 233 1815 1273
f 228 1799 1261
f 240 1835 1297
f 246 1853 1315
f 258 1889 1339
f 360 2195 1562
f 401 2319 1460
f 389 2283 1586
f 263 1905 1345
f 329 2103 1519
f 310 2046 1418
f 280 1957 1393
f 318 2069 1495
f 324 2087 1513
f 342 2141 1555
f 288 1979 1423
f 292 1993 1429
f 371 2229 1568
f 393 2296 1370
f 357 2188 1280
f 255 1882 1256
f 262 1902 1292
f 388 2280 1310
f 400 2316 1328
f 352 2172 1376
f 347 2157 1538
f 298 2011 1447
f 364 2209 1573
f 269 1923 1363
f 339 2134 1484
f 285 1972 1388
f 293 1995 1435
f 370 2226 1508
f 396 2303 1526
f 353 2175 1544
f 346 2154 1466
f 299 2013 1453
f 365 2211 1579
f 268 1921 1357
f 249 1865 1268
f 231 1811 1244
f 226 1796 1249
f 238 1832 1285
f 244 1850 1303
f 257 1888 1333
f 359 2194 1550
f 402 2322 1472
f 390 2286 1598
f 264 1908 1351
f 327 2099 1478
f 309 2045 1400
f 282 1962 1405
f 317 2068 1489
f 322 2084 1501
f 341 2140 1532
f 286 1976 1411
f 294 1998 1441
f 372 2232 1591
f 394 2299 1382
f 416 2330 911
f 408 2324 893
f 406 2325 888
f 412 2332 900
f 415 2335 906
f 424 2344 924
f 492 2410 1062
f 582 2497 1242
f 565 2486 1206
f 514 2434 1104
f 461 2375 1001
f 453 2369 983
f 451 2370 978
f 457 2377 990
f 460 2380 996
f 475 2393 1026
f 439 2359 954
f 496 2415 1068
f 533 2455 1140
f 551 2461 1181
f 579 2489 1235
f 483 2399 1043
f 426 2341 929
f 521 2431 1121
f 566 2476 1211
f 489 2405 1055
f 578 2500 1230
f 560 2481 1194
f 518 2439 1110
f 429 2348 935
f 547 2465 1169
f 465 2383 1007
f 441 2356 959
f 504 2420 1085
f 537 2452 1152
f 550 2471 1176
f 476 2386 1031
f 444 2363 965
f 502 2422 1079
f 526 2445 1128
f 481 2400 1038
f 420 2338 917
f 510 2428 1097
f 555 2473 1187
f 571 2490 1218
f 540 2458 1157
f 473 2394 1020
f 447 2366 972
f 507 2425 1092
f 534 2444 1145
f 469 2389 1014
f 435 2353 947
f 498 2414 1073
f 529 2449 1133
f 545 2466 1164
f 487 2407 1049
f 574 2494 1223
f 562 2480 1199
f 520 2438 1116
f 432 2351 942
f 589 2510 1283
f 583 2504 1259
f 586 2508 1295
f 593 2514 1313
f 596 2517 1331
f 599 2520 1379
f 633 2554 1541
f 620 2539 1452
f 640 2560 1578
f 603 2523 1368
f 622 2543 1487
f 607 2527 1391
f 612 2532 1440
f 626 2547 1511
f 629 2550 1529
f 631 2552 1547
f 614 2535 1469
f 618 2538 1458
f 641 2558 1584
f 605 2524 1362
f 164 1607 1609
f 163 1603 1605
f 165 1604 1611
f 166 1610 1614
f 167 1613 1617
f 172 1622 1631
f 190 1686 1688
f 219 1773 1775
f 215 1761 1763
f 201 1712 1719
f 179 1652 1654
f 178 1648 1650
f 180 1649 1656
f 181 1655 1659
f 182 1658 1662
f 185 1670 1672
f 177 1637 1646
f 197 1694 1706
f 206 1731 1735
f 208 1739 1741
f 218 1768 1770
f 188 1678 1680
f 168 1619 1621
f 198 1709 1711
f 213 1754 1756
f 189 1682 1684
f 221 1776 1780
f 217 1758 1767
f 202 1716 1722
f 170 1625 1627
f 209 1742 1744
f 184 1663 1668
f 173 1634 1636
f 194 1697 1699
f 204 1728 1730
f 210 1746 1748
f 183 1664 1666
f 175 1640 1642
f 196 1700 1705
f 207 1724 1736
f 192 1679 1691
f 169 1618 1623
f 199 1708 1713
f 216 1753 1764
f 222 1769 1781
f 211 1738 1749
f 187 1671 1677
f 176 1643 1645
f 195 1701 1703
f 203 1723 1725
f 186 1667 1674
f 174 1633 1638
f 193 1693 1695
f 205 1727 1732
f 212 1743 1752
f 191 1685 1690
f 220 1772 1777
f 214 1757 1759
f 200 1715 1717
f 171 1628 1630
f 358 2187 2191
f 256 1881 1885
f 261 1899 1901
f 387 2277 2279
f 399 2313 2315
f 351 2169 2171
f 348 2156 2160
f 300 2010 2016
f 366 2208 2214
f 267 1917 1919
f 340 2133 2137
f 287 1971 1978
f 291 1989 1991
f 369 2223 2225
f 395 2300 2302
f 354 2174 2178
f 345 2151 2153
f 297 2007 2009
f 363 2205 2207
f 270 1920 1926
f 247 1855 1857
f 229 1801 1803
f 223 1784 1786
f 235 1820 1822
f 241 1838 1840
f 253 1874 1876
f 355 2180 2182
f 398 2310 2312
f 386 2274 2276
f 260 1896 1898
f 325 2089 2091
f 307 2035 2037
f 278 1950 1952
f 313 2054 2056
f 319 2072 2074
f 337 2126 2128
f 283 1964 1966
f 290 1986 1988
f 368 2220 2222
f 392 2291 2293
f 356 2183 2185
f 254 1877 1879
f 259 1891 1893
f 385 2269 2271
f 397 2305 2307
f 349 2161 2163
f 344 2148 2150
f 296 2004 2006
f 362 2202 2204
f 265 1909 1911
f 338 2129 2131
f 284 1967 1969
f 289 1981 1983
f 367 2215 2217
f 391 2288 2290
f 350 2166 2168
f 343 2143 2145
f 295 1999 2001
f 361 2197 2199
f 266 1914 1916
f 230 1806 1808
f 224 1787 1789
f 236 1823 1825
f 242 1841 1843
f 248 1860 1862
f 272 1931 1933
f 331 2108 2110
f 301 2018 2020
f 373 2234 2236
f 380 2255 2257
f 308 2040 2042
f 277 1945 1947
f 314 2057 2059
f 320 2075 2077
f 326 2094 2096
f 332 2111 2113
f 302 2021 2023
f 374 2237 2239
f 379 2252 2254
f 271 1928 1930
f 234 1812 1818
f 227 1791 1798
f 239 1827 1834
f 245 1845 1852
f 252 1866 1872
f 275 1935 1942
f 334 2118 2120
f 304 2028 2030
f 377 2246 2248
f 382 2259 2263
f 312 2048 2052
f 279 1953 1955
f 316 2061 2065
f 323 2079 2086
f 330 2100 2106
f 335 2115 2122
f 305 2025 2032
f 376 2241 2245
f 383 2264 2266
f 274 1938 1940
f 232 1802 1813
f 225 1783 1792
f 237 1819 1828
f 243 1837 1846
f 250 1856 1867
f 273 1927 1936
f 336 2112 2123
f 306 2022 2033
f 378 2238 2249
f 381 2251 2260
f 311 2036 2049
f 281 1949 1959
f 315 2053 2062
f 321 2071 2080
f 328 2090 2101
f 333 2107 2116
f 303 2017 2026
f 375 2233 2242
f 384 2256 2267
f 276 1932 1943
f 251 1859 1869
f 233 1805 1815
f 228 1788 1799
f 240 1824 1835
f 246 1842 1853
f 258 1878 1889
f 360 2184 2195
f 401 2306 2319
f 389 2270 2283
f 263 1892 1905
f 329 2093 2103
f 310 2039 2046
f 280 1946 1957
f 318 2058 2069
f 324 2076 2087
f 342 2130 2141
f 288 1968 1979
f 292 1982 1993
f 371 2216 2229
f 393 2287 2296
f 357 2179 2188
f 255 1873 1882
f 262 1895 1902
f 388 2273 2280
f 400 2309 2316
f 352 2165 2172
f 347 2144 2157
f 298 2000 2011
f 364 2198 2209
f 269 1913 1923
f 339 2125 2134
f 285 1963 1972
f 293 1985 1995
f 370 2219 2226
f 396 2292 2303
f 353 2162 2175
f 346 2147 2154
f 299 2003 2013
f 365 2201 2211
f 268 1910 1921
f 249 1863 1865
f 231 1809 1811
f 226 1794 1796
f 238 1830 1832
f 244 1848 1850
f 257 1886 1888
f 359 2192 2194
f 402 2318 2322
f 390 2282 2286
f 264 1904 1908
f 327 2097 2099
f 309 2043 2045
f 282 1956 1962
f 317 2066 2068
f 322 2082 2084
f 341 2138 2140
f 286 1974 1976
f 294 1992 1998
f 372 2228 2232
f 394 2295 2299
f 416 2331 2330
f 408 2327 2324
f 406 2328 2325
f 412 2334 2332
f 415 2337 2335
f 424 2346 2344
f 492 2412 2410
f 582 2499 2497
f 565 2487 2486
f 514 2436 2434
f 461 2376 2375
f 453 2372 2369
f 451 2373 2370
f 457 2379 2377
f 460 2382 2380
f 475 2396 2393
f 439 2361 2359
f 496 2418 2415
f 533 2457 2455
f 551 2463 2461
f 579 2492 2489
f 483 2402 2399
f 426 2343 2341
f 521 2433 2431
f 566 2478 2476
f 489 2406 2405
f 578 2502 2500
f 560 2484 2481
f 518 2442 2439
f 429 2349 2348
f 547 2468 2465
f 465 2387 2383
f 441 2358 2356
f 504 2421 2420
f 537 2454 2452
f 550 2472 2471
f 476 2388 2386
f 444 2364 2363
f 502 2426 2422
f 526 2448 2445
f 481 2403 2400
f 420 2342 2338
f 510 2432 2428
f 555 2477 2473
f 571 2493 2490
f 540 2462 2458
f 473 2397 2394
f 447 2367 2366
f 507 2427 2425
f 534 2447 2444
f 469 2391 2389
f 435 2357 2353
f 498 2417 2414
f 529 2453 2449
f 545 2469 2466
f 487 2411 2407
f 574 2498 2494
f 562 2483 2480
f 520 2441 2438
f 432 2352 2351
f 589 2509 2510
f 583 2503 2504
f 586 2506 2508
f 593 2512 2514
f 596 2515 2517
f 599 2518 2520
f 633 2555 2554
f 620 2541 2539
f 640 2562 2560
f 603 2522 2523
f 622 2542 2543
f 607 2528 2527
f 612 2531 2532
f 626 2545 2547
f 629 2548 2550
f 631 2551 2552
f 614 2533 2535
f 618 2537 2538
f 641 2559 2558
f 605 2526 2524
f 164 644 1607
f 163 643 1603
f 165 645 1604
f 166 646 1610
f 167 647 1613
f 172 652 1622
f 190 670 1686
f 219 699 1773
f 215 695 1761
f 201 681 1712
f 179 659 1652
f 178 658 1648
f 180 660 1649
f 181 661 1655
f 182 662 1658
f 185 665 1670
f 177 657 1637
f 197 677 1694
f 206 686 1731
f 208 688 1739
f 218 698 1768
f 188 668 1678
f 168 648 1619
f 198 678 1709
f 213 693 1754
f 189 669 1682
f 221 701 1776
f 217 697 1758
f 202 682 1716
f 170 650 1625
f 209 689 1742
f 184 664 1663
f 173 653 1634
f 194 674 1697
f 204 684 1728
f 210 690 1746
f 183 663 1664
f 175 655 1640
f 196 676 1700
f 207 687 1724
f 192 672 1679
f 169 649 1618
f 199 679 1708
f 216 696 1753
f 222 702 1769
f 211 691 1738
f 187 667 1671
f 176 656 1643
f 195 675 1701
f 203 683 1723
f 186 666 1667
f 174 654 1633
f 193 673 1693
f 205 685 1727
f 212 692 1743
f 191 671 1685
f 220 700 1772
f 214 694 1757
f 200 680 1715
f 171 651 1628
f 358 838 2187
f 256 736 1881
f 261 741 1899
f 387 867 2277
f 399 879 2313
f 351 831 2169
f 348 828 2156
f 300 780 2010
f 366 846 2208
f 267 747 1917
f 340 820 2133
f 287 767 1971
f 291 771 1989
f 369 849 2223
f 395 875 2300
f 354 834 2174
f 345 825 2151
f 297 777 2007
f 363 843 2205
f 270 750 1920
f 247 727 1855
f 229 709 1801
f 223 703 1784
f 235 715 1820
f 241 721 1838
f 253 733 1874
f 355 835 2180
f 398 878 2310
f 386 866 2274
f 260 740 1896
f 325 805 2089
f 307 787 2035
f 278 758 1950
f 313 793 2054
f 319 799 2072
f 337 817 2126
f 283 763 1964
f 290 770 1986
f 368 848 2220
f 392 872 2291
f 356 836 2183
f 254 734 1877
f 259 739 1891
f 385 865 2269
f 397 877 2305
f 349 829 2161
f 344 824 2148
f 296 776 2004
f 362 842 2202
f 265 745 1909
f 338 818 2129
f 284 764 1967
f 289 769 1981
f 367 847 2215
f 391 871 2288
f 350 830 2166
f 343 823 2143
f 295 775 1999
f 361 841 2197
f 266 746 1914
f 230 710 1806
f 224 704 1787
f 236 716 1823
f 242 722 1841
f 248 728 1860
f 272 752 1931
f 331 811 2108
f 301 781 2018
f 373 853 2234
f 380 860 2255
f 308 788 2040
f 277 757 1945
f 314 794 2057
f 320 800 2075
f 326 806 2094
f 332 812 2111
f 302 782 2021
f 374 854 2237
f 379 859 2252
f 271 751 1928
f 234 714 1812
f 227 707 1791
f 239 719 1827
f 245 725 1845
f 252 732 1866
f 275 755 1935
f 334 814 2118
f 304 784 2028
f 377 857 2246
f 382 862 2259
f 312 792 2048
f 279 759 1953
f 316 796 2061
f 323 803 2079
f 330 810 2100
f 335 815 2115
f 305 785 2025
f 376 856 2241
f 383 863 2264
f 274 754 1938
f 232 712 1802
f 225 705 1783
f 237 717 1819
f 243 723 1837
f 250 730 1856
f 273 753 1927
f 336 816 2112
f 306 786 2022
f 378 858 2238
f 381 861 2251
f 311 791 2036
f 281 761 1949
f 315 795 2053
f 321 801 2071
f 328 808 2090
f 333 813 2107
f 303 783 2017
f 375 855 2233
f 384 864 2256
f 276 756 1932
f 251 731 1859
f 233 713 1805
f 228 708 1788
f 240 720 1824
f 246 726 1842
f 258 738 1878
f 360 840 2184
f 401 881 2306
f 389 869 2270
f 263 743 1892
f 329 809 2093
f 310 790 2039
f 280 760 1946
f 318 798 2058
f 324 804 2076
f 342 822 2130
f 288 768 1968
f 292 772 1982
f 371 851 2216
f 393 873 2287
f 357 837 2179
f 255 735 1873
f 262 742 1895
f 388 868 2273
f 400 880 2309
f 352 832 2165
f 347 827 2144
f 298 778 2000
f 364 844 2198
f 269 749 1913
f 339 819 2125
f 285 765 1963
f 293 773 1985
f 370 850 2219
f 396 876 2292
f 353 833 2162
f 346 826 2147
f 299 779 2003
f 365 845 2201
f 268 748 1910
f 249 729 1863
f 231 711 1809
f 226 706 1794
f 238 718 1830
f 244 724 1848
f 257 737 1886
f 359 839 2192
f 402 882 2318
f 390 870 2282
f 264 744 1904
f 327 807 2097
f 309 789 2043
f 282 762 1956
f 317 797 2066
f 322 802 2082
f 341 821 2138
f 286 766 1974
f 294 774 1992
f 372 852 2228
f 394 874 2295
f 416 1270 2331
f 408 1246 2327
f 406 1251 2328
f 412 1287 2334
f 415 1305 2337
f 424 1335 2346
f 492 1552 2412
f 582 1474 2499
f 565 1600 2487
f 514 1353 2436
f 461 1480 2376
f 453 1402 2372
f 451 1407 2373
f 457 1491 2379
f 460 1503 2382
f 475 1534 2396
f 439 1413 2361
f 496 1443 2418
f 533 1593 2457
f 551 1384 2463
f 579 1324 2492
f 483 1276 2402
f 426 1264 2343
f 521 1300 2433
f 566 1318 2478
f 489 1342 2406
f 578 1563 2502
f 560 1461 2484
f 518 1587 2442
f 429 1348 2349
f 547 1522 2468
f 465 1419 2387
f 441 1396 2358
f 504 1498 2421
f 537 1516 2454
f 550 1558 2472
f 476 1426 2388
f 444 1432 2364
f 502 1569 2426
f 526 1371 2448
f 481 1281 2403
f 420 1257 2342
f 510 1293 2432
f 555 1311 2477
f 571 1329 2493
f 540 1377 2462
f 473 1539 2397
f 447 1450 2367
f 507 1576 2427
f 534 1366 2447
f 469 1485 2391
f 435 1389 2357
f 498 1438 2417
f 529 1509 2453
f 545 1527 2469
f 487 1545 2411
f 574 1467 2498
f 562 1456 2483
f 520 1582 2441
f 432 1360 2352
f 589 1271 2509
f 583 1247 2503
f 586 1254 2506
f 593 1290 2512
f 596 1308 2515
f 599 1338 2518
f 633 1553 2555
f 620 1475 2541
f 640 1601 2562
f 603 1356 2522
f 622 1481 2542
f 607 1403 2528
f 612 1410 2531
f 626 1494 2545
f 629 1506 2548
f 631 1535 2551
f 614 1416 2533
f 618 1446 2537
f 641 1596 2559
f 605 1385 2526
f 167 907 1616
f 164 889 1608
f 163 883 1606
f 165 895 1612
f 166 901 1615
f 169 919 1624
f 192 1057 1692
f 222 1237 1782
f 216 1201 1765
f 199 1099 1714
f 182 997 1661
f 179 979 1653
f 178 973 1651
f 180 985 1657
f 181 991 1660
f 186 1021 1675
f 174 949 1639
f 193 1063 1696
f 205 1135 1733
f 212 1177 1751
f 221 1231 1779
f 189 1039 1683
f 170 925 1626
f 202 1117 1721
f 217 1207 1766
f 191 1051 1689
f 220 1225 1778
f 214 1189 1760
f 200 1105 1718
f 171 931 1629
f 210 1165 1747
f 183 1003 1665
f 175 955 1641
f 196 1081 1704
f 207 1147 1737
f 211 1171 1750
f 187 1027 1676
f 176 961 1644
f 195 1075 1702
f 203 1123 1726
f 188 1033 1681
f 168 913 1620
f 198 1093 1710
f 213 1183 1755
f 218 1213 1771
f 208 1153 1740
f 185 1015 1673
f 177 967 1647
f 197 1087 1707
f 206 1141 1734
f 184 1009 1669
f 173 943 1635
f 194 1069 1698
f 204 1129 1729
f 209 1159 1745
f 190 1045 1687
f 219 1219 1774
f 215 1195 1762
f 201 1111 1720
f 172 937 1632
f 357 1280 2189
f 255 1256 1883
f 262 1292 1903
f 388 1310 2281
f 400 1328 2317
f 352 1376 2173
f 347 1538 2158
f 298 1447 2012
f 364 1573 2210
f 269 1363 1924
f 339 1484 2135
f 285 1388 1973
f 293 1435 1996
f 370 1508 2227
f 396 1526 2304
f 353 1544 2176
f 346 1466 2155
f 299 1453 2014
f 365 1579 2212
f 268 1357 1922
f 249 1268 1864
f 231 1244 1810
f 226 1249 1795
f 238 1285 1831
f 244 1303 1849
f 257 1333 1887
f 359 1550 2193
f 402 1472 2321
f 390 1598 2285
f 264 1351 1907
f 327 1478 2098
f 309 1400 2044
f 282 1405 1961
f 317 1489 2067
f 322 1501 2083
f 341 1532 2139
f 286 1411 1975
f 294 1441 1997
f 372 1591 2231
f 394 1382 2298
f 358 1322 2190
f 256 1274 1884
f 261 1262 1900
f 387 1298 2278
f 399 1316 2314
f 351 1340 2170
f 348 1561 2159
f 300 1459 2015
f 366 1585 2213
f 267 1346 1918
f 340 1520 2136
f 287 1417 1977
f 291 1394 1990
f 369 1496 2224
f 395 1514 2301
f 354 1556 2177
f 345 1424 2152
f 297 1430 2008
f 363 1567 2206
f 270 1369 1925
f 234 1279 1817
f 227 1255 1797
f 239 1291 1833
f 245 1309 1851
f 252 1327 1871
f 275 1375 1941
f 334 1537 2119
f 304 1448 2029
f 377 1574 2247
f 382 1364 2262
f 312 1483 2051
f 279 1387 1954
f 316 1436 2064
f 323 1507 2085
f 330 1525 2105
f 335 1543 2121
f 305 1465 2031
f 376 1454 2244
f 383 1580 2265
f 274 1358 1939
f 232 1267 1814
f 225 1243 1793
f 237 1250 1829
f 243 1286 1847
f 250 1304 1868
f 273 1334 1937
f 336 1549 2124
f 306 1471 2034
f 378 1597 2250
f 381 1352 2261
f 311 1477 2050
f 281 1399 1960
f 315 1406 2063
f 321 1490 2081
f 328 1502 2102
f 333 1531 2117
f 303 1412 2027
f 375 1442 2243
f 384 1592 2268
f 276 1381 1944
f 229 890 1804
f 223 884 1785
f 235 896 1821
f 241 902 1839
f 247 908 1858
f 271 938 1929
f 332 1046 2114
f 302 1220 2024
f 374 1196 2240
f 379 1112 2253
f 307 980 2038
f 278 974 1951
f 313 986 2055
f 319 992 2073
f 325 998 2092
f 331 1016 2109
f 301 968 2019
f 373 1088 2235
f 380 1142 2258
f 272 1154 1934
f 248 1214 1861
f 230 1034 1807
f 224 914 1790
f 236 1094 1826
f 242 1184 1844
f 254 1040 1880
f 356 1232 2186
f 397 1208 2308
f 385 1118 2272
f 259 926 1894
f 326 1160 2095
f 308 1010 2041
f 277 944 1948
f 314 1070 2060
f 320 1130 2078
f 338 1166 2132
f 284 1004 1970
f 289 956 1984
f 367 1082 2218
f 391 1148 2289
f 355 1058 2181
f 253 920 1875
f 260 1100 1897
f 386 1202 2275
f 398 1238 2311
f 350 1172 2167
f 343 1028 2146
f 295 962 2002
f 361 1076 2200
f 266 1124 1915
f 337 1022 2127
f 283 950 1965
f 290 1064 1987
f 368 1136 2221
f 392 1178 2294
f 349 1052 2164
f 344 1226 2149
f 296 1190 2005
f 362 1106 2203
f 265 932 1912
f 251 1321 1870
f 233 1273 1816
f 228 1261 1800
f 240 1297 1836
f 246 1315 1854
f 258 1339 1890
f 360 1562 2196
f 401 1460 2320
f 389 1586 2284
f 263 1345 1906
f 329 1519 2104
f 310 1418 2047
f 280 1393 1958
f 318 1495 2070
f 324 1513 2088
f 342 1555 2142
f 288 1423 1980
f 292 1429 1994
f 371 1568 2230
f 393 1370 2297
f 409 894 2329
f 405 887 2323
f 411 899 2326
f 414 905 2333
f 417 912 2336
f 431 941 2345
f 488 1050 2409
f 575 1224 2496
f 563 1200 2485
f 519 1115 2435
f 454 984 2374
f 450 977 2368
f 456 989 2371
f 459 995 2378
f 462 1002 2381
f 472 1019 2392
f 446 971 2360
f 506 1091 2416
f 535 1146 2456
f 541 1158 2460
f 570 1217 2488
f 480 1037 2398
f 421 918 2340
f 511 1098 2430
f 556 1188 2475
f 484 1044 2404
f 580 1236 2501
f 567 1212 2482
f 522 1122 2440
f 427 930 2347
f 544 1163 2464
f 468 1013 2384
f 436 948 2355
f 499 1074 2419
f 530 1134 2451
f 548 1170 2470
f 466 1008 2385
f 442 960 2362
f 505 1086 2423
f 536 1151 2446
f 491 1061 2401
f 423 923 2339
f 513 1103 2429
f 564 1205 2474
f 581 1241 2491
f 549 1175 2459
f 477 1032 2395
f 445 966 2365
f 503 1080 2424
f 525 1127 2443
f 474 1025 2390
f 438 953 2354
f 495 1067 2413
f 532 1139 2450
f 552 1182 2467
f 490 1056 2408
f 577 1229 2495
f 559 1193 2479
f 517 1109 2437
f 430 936 2350
f 590 1325 2511
f 584 1277 2505
f 585 1265 2507
f 592 1301 2513
f 595 1319 2516
f 598 1343 2519
f 636 1566 2556
f 621 1464 2540
f 642 1590 2561
f 601 1349 2521
f 623 1523 2544
f 611 1422 2529
f 609 1397 2530
f 625 1499 2546
f 628 1517 2549
f 632 1559 2553
f 613 1427 2534
f 616 1433 2536
f 638 1572 2557
f 606 1374 2525
f 407 892 1609
f 403 885 1605
f 404 897 1611
f 410 903 1614
f 413 910 1617
f 422 939 1631
f 486 1048 1688
f 573 1222 1775
f 561 1198 1763
f 512 1113 1719
f 452 982 1654
f 448 975 1650
f 449 987 1656
f 455 993 1659
f 458 1000 1662
f 470 1017 1672
f 437 969 1646
f 494 1089 1706
f 531 1144 1735
f 539 1156 1741
f 568 1215 1770
f 478 1035 1680
f 419 916 1621
f 509 1096 1711
f 554 1186 1756
f 482 1042 1684
f 576 1234 1780
f 558 1210 1767
f 516 1120 1722
f 425 928 1627
f 542 1161 1744
f 463 1011 1668
f 434 946 1636
f 497 1072 1699
f 528 1132 1730
f 546 1168 1748
f 464 1006 1666
f 440 958 1642
f 500 1084 1705
f 524 1149 1736
f 479 1059 1691
f 418 921 1623
f 508 1101 1713
f 553 1203 1764
f 569 1239 1781
f 538 1173 1749
f 471 1030 1677
f 443 964 1645
f 501 1078 1703
f 523 1125 1725
f 467 1023 1674
f 433 951 1638
f 493 1065 1695
f 527 1137 1732
f 543 1180 1752
f 485 1054 1690
f 572 1227 1777
f 557 1191 1759
f 515 1107 1717
f 428 934 1630
f 591 1326 2191
f 587 1278 1885
f 588 1266 1901
f 594 1302 2279
f 597 1320 2315
f 600 1344 2171
f 634 1565 2160
f 619 1463 2016
f 639 1589 2214
f 602 1350 1919
f 624 1524 2137
f 608 1421 1978
f 610 1398 1991
f 627 1500 2225
f 630 1518 2302
f 635 1560 2178
f 615 1428 2153
f 617 1434 2009
f 637 1571 2207
f 604 1373 1926
f 416 911 1857
f 408 893 1803
f 406 888 1786
f 412 900 1822
f 415 906 1840
f 424 924 1876
f 492 1062 2182
f 582 1242 2312
f 565 1206 2276
f 514 1104 1898
f 461 1001 2091
f 453 983 2037
f 451 978 1952
f 457 990 2056
f 460 996 2074
f 475 1026 2128
f 439 954 1966
f 496 1068 1988
f 533 1140 2222
f 551 1181 2293
f 579 1235 2185
f 483 1043 1879
f 426 929 1893
f 521 1121 2271
f 566 1211 2307
f 489 1055 2163
f 578 1230 2150
f 560 1194 2006
f 518 1110 2204
f 429 935 1911
f 547 1169 2131
f 465 1007 1969
f 441 959 1983
f 504 1085 2217
f 537 1152 2290
f 550 1176 2168
f 476 1031 2145
f 444 965 2001
f 502 1079 2199
f 526 1128 1916
f 481 1038 1808
f 420 917 1789
f 510 1097 1825
f 555 1187 1843
f 571 1218 1862
f 540 1157 1933
f 473 1020 2110
f 447 972 2020
f 507 1092 2236
f 534 1145 2257
f 469 1014 2042
f 435 947 1947
f 498 1073 2059
f 529 1133 2077
f 545 1164 2096
f 487 1049 2113
f 574 1223 2023
f 562 1199 2239
f 520 1116 2254
f 432 942 1930
f 589 1283 1818
f 583 1259 1798
f 586 1295 1834
f 593 1313 1852
f 596 1331 1872
f 599 1379 1942
f 633 1541 2120
f 620 1452 2030
f 640 1578 2248
f 603 1368 2263
f 622 1487 2052
f 607 1391 1955
f 612 1440 2065
f 626 1511 2086
f 629 1529 2106
f 631 1547 2122
f 614 1469 2032
f 618 1458 2245
f 641 1584 2266
f 605 1362 1940
f 409 1269 1813
f 405 1245 1792
f 411 1252 1828
f 414 1288 1846
f 417 1306 1867
f 431 1336 1936
f 488 1551 2123
f 575 1473 2033
f 563 1599 2249
f 519 1354 2260
f 454 1479 2049
f 450 1401 1959
f 456 1408 2062
f 459 1492 2080
f 462 1504 2101
f 472 1533 2116
f 446 1414 2026
f 506 1444 2242
f 535 1594 2267
f 541 1383 1943
f 570 1323 1869
f 480 1275 1815
f 421 1263 1799
f 511 1299 1835
f 556 1317 1853
f 484 1341 1889
f 580 1564 2195
f 567 1462 2319
f 522 1588 2283
f 427 1347 1905
f 544 1521 2103
f 468 1420 2046
f 436 1395 1957
f 499 1497 2069
f 530 1515 2087
f 548 1557 2141
f 466 1425 1979
f 442 1431 1993
f 505 1570 2229
f 536 1372 2296
f 491 1282 2188
f 423 1258 1882
f 513 1294 1902
f 564 1312 2280
f 581 1330 2316
f 549 1378 2172
f 477 1540 2157
f 445 1449 2011
f 503 1575 2209
f 525 1365 1923
f 474 1486 2134
f 438 1390 1972
f 495 1437 1995
f 532 1510 2226
f 552 1528 2303
f 490 1546 2175
f 577 1468 2154
f 559 1455 2013
f 517 1581 2211
f 430 1359 1921
f 590 1272 1865
f 584 1248 1811
f 585 1253 1796
f 592 1289 1832
f 595 1307 1850
f 598 1337 1888
f 636 1554 2194
f 621 1476 2322
f 642 1602 2286
f 601 1355 1908
f 623 1482 2099
f 611 1404 2045
f 609 1409 1962
f 625 1493 2068
f 628 1505 2084
f 632 1536 2140
f 613 1415 1976
f 616 1445 1998
f 638 1595 2232
f 606 1386 2299
f 407 909 2330
f 403 891 2324
f 404 886 2325
f 410 898 2332
f 413 904 2335
f 422 922 2344
f 486 1060 2410
f 573 1240 2497
f 561 1204 2486
f 512 1102 2434
f 452 999 2375
f 448 981 2369
f 449 976 2370
f 455 988 2377
f 458 994 2380
f 470 1024 2393
f 437 952 2359
f 494 1066 2415
f 531 1138 2455
f 539 1179 2461
f 568 1233 2489
f 478 1041 2399
f 419 927 2341
f 509 1119 2431
f 554 1209 2476
f 482 1053 2405
f 576 1228 2500
f 558 1192 2481
f 516 1108 2439
f 425 933 2348
f 542 1167 2465
f 463 1005 2383
f 434 957 2356
f 497 1083 2420
f 528 1150 2452
f 546 1174 2471
f 464 1029 2386
f 440 963 2363
f 500 1077 2422
f 524 1126 2445
f 479 1036 2400
f 418 915 2338
f 508 1095 2428
f 553 1185 2473
f 569 1216 2490
f 538 1155 2458
f 471 1018 2394
f 443 970 2366
f 501 1090 2425
f 523 1143 2444
f 467 1012 2389
f 433 945 2353
f 493 1071 2414
f 527 1131 2449
f 543 1162 2466
f 485 1047 2407
f 572 1221 2494
f 557 1197 2480
f 515 1114 2438
f 428 940 2351
f 591 1284 2510
f 587 1260 2504
f 588 1296 2508
f 594 1314 2514
f 597 1332 2517
f 600 1380 2520
f 634 1542 2554
f 619 1451 2539
f 639 1577 2560
f 602 1367 2523
f 624 1488 2543
f 608 1392 2527
f 610 1439 2532
f 627 1512 2547
f 630 1530 2550
f 635 1548 2552
f 615 1470 2535
f 617 1457 2538
f 637 1583 2558
f 604 1361 2524
f 167 1616 1607
f 164 1608 1603
f 163 1606 1604
f 165 1612 1610
f 166 1615 1613
f 169 1624 1622
f 192 1692 1686
f 222 1782 1773
f 216 1765 1761
f 199 1714 1712
f 182 1661 1652
f 179 1653 1648
f 178 1651 1649
f 180 1657 1655
f 181 1660 1658
f 186 1675 1670
f 174 1639 1637
f 193 1696 1694
f 205 1733 1731
f 212 1751 1739
f 221 1779 1768
f 189 1683 1678
f 170 1626 1619
f 202 1721 1709
f 217 1766 1754
f 191 1689 1682
f 220 1778 1776
f 214 1760 1758
f 200 1718 1716
f 171 1629 1625
f 210 1747 1742
f 183 1665 1663
f 175 1641 1634
f 196 1704 1697
f 207 1737 1728
f 211 1750 1746
f 187 1676 1664
f 176 1644 1640
f 195 1702 1700
f 203 1726 1724
f 188 1681 1679
f 168 1620 1618
f 198 1710 1708
f 213 1755 1753
f 218 1771 1769
f 208 1740 1738
f 185 1673 1671
f 177 1647 1643
f 197 1707 1701
f 206 1734 1723
f 184 1669 1667
f 173 1635 1633
f 194 1698 1693
f 204 1729 1727
f 209 1745 1743
f 190 1687 1685
f 219 1774 1772
f 215 1762 1757
f 201 1720 1715
f 172 1632 1628
f 357 2189 2187
f 255 1883 1881
f 262 1903 1899
f 388 2281 2277
f 400 2317 2313
f 352 2173 2169
f 347 2158 2156
f 298 2012 2010
f 364 2210 2208
f 269 1924 1917
f 339 2135 2133
f 285 1973 1971
f 293 1996 1989
f 370 2227 2223
f 396 2304 2300
f 353 2176 2174
f 346 2155 2151
f 299 2014 2007
f 365 2212 2205
f 268 1922 1920
f 249 1864 1855
f 231 1810 1801
f 226 1795 1784
f 238 1831 1820
f 244 1849 1838
f 257 1887 1874
f 359 2193 2180
f 402 2321 2310
f 390 2285 2274
f 264 1907 1896
f 327 2098 2089
f 309 2044 2035
f 282 1961 1950
f 317 2067 2054
f 322 2083 2072
f 341 2139 2126
f 286 1975 1964
f 294 1997 1986
f 372 2231 2220
f 394 2298 2291
f 358 2190 2183
f 256 1884 1877
f 261 1900 1891
f 387 2278 2269
f 399 2314 2305
f 351 2170 2161
f 348 2159 2148
f 300 2015 2004
f 366 2213 2202
f 267 1918 1909
f 340 2136 2129
f 287 1977 1967
f 291 1990 1981
f 369 2224 2215
f 395 2301 2288
f 354 2177 2166
f 345 2152 2143
f 297 2008 1999
f 363 2206 2197
f 270 1925 1914
f 234 1817 1806
f 227 1797 1787
f 239 1833 1823
f 245 1851 1841
f 252 1871 1860
f 275 1941 1931
f 334 2119 2108
f 304 2029 2018
f 377 2247 2234
f 382 2262 2255
f 312 2051 2040
f 279 1954 1945
f 316 2064 2057
f 323 2085 2075
f 330 2105 2094
f 335 2121 2111
f 305 2031 2021
f 376 2244 2237
f 383 2265 2252
f 274 1939 1928
f 232 1814 1812
f 225 1793 1791
f 237 1829 1827
f 243 1847 1845
f 250 1868 1866
f 273 1937 1935
f 336 2124 2118
f 306 2034 2028
f 378 2250 2246
f 381 2261 2259
f 311 2050 2048
f 281 1960 1953
f 315 2063 2061
f 321 2081 2079
f 328 2102 2100
f 333 2117 2115
f 303 2027 2025
f 375 2243 2241
f 384 2268 2264
f 276 1944 1938
f 229 1804 1802
f 223 1785 1783
f 235 1821 1819
f 241 1839 1837
f 247 1858 1856
f 271 1929 1927
f 332 2114 2112
f 302 2024 2022
f 374 2240 2238
f 379 2253 2251
f 307 2038 2036
f 278 1951 1949
f 313 2055 2053
f 319 2073 2071
f 325 2092 2090
f 331 2109 2107
f 301 2019 2017
f 373 2235 2233
f 380 2258 2256
f 272 1934 1932
f 248 1861 1859
f 230 1807 1805
f 224 1790 1788
f 236 1826 1824
f 242 1844 1842
f 254 1880 1878
f 356 2186 2184
f 397 2308 2306
f 385 2272 2270
f 259 1894 1892
f 326 2095 2093
f 308 2041 2039
f 277 1948 1946
f 314 2060 2058
f 320 2078 2076
f 338 2132 2130
f 284 1970 1968
f 289 1984 1982
f 367 2218 2216
f 391 2289 2287
f 355 2181 2179
f 253 1875 1873
f 260 1897 1895
f 386 2275 2273
f 398 2311 2309
f 350 2167 2165
f 343 2146 2144
f 295 2002 2000
f 361 2200 2198
f 266 1915 1913
f 337 2127 2125
f 283 1965 1963
f 290 1987 1985
f 368 2221 2219
f 392 2294 2292
f 349 2164 2162
f 344 2149 2147
f 296 2005 2003
f 362 2203 2201
f 265 1912 1910
f 251 1870 1863
f 233 1816 1809
f 228 1800 1794
f 240 1836 1830
f 246 1854 1848
f 258 1890 1886
f 360 2196 2192
f 401 2320 2318
f 389 2284 2282
f 263 1906 1904
f 329 2104 2097
f 310 2047 2043
f 280 1958 1956
f 318 2070 2066
f 324 2088 2082
f 342 2142 2138
f 288 1980 1974
f 292 1994 1992
f 371 2230 2228
f 393 2297 2295
f 409 2329 2331
f 405 2323 2327
f 411 2326 2328
f 414 2333 2334
f 417 2336 2337
f 431 2345 2346
f 488 2409 2412
f 575 2496 2499
f 563 2485 2487
f 519 2435 2436
f 454 2374 2376
f 450 2368 2372
f 456 2371 2373
f 459 2378 2379
f 462 2381 2382
f 472 2392 2396
f 446 2360 2361
f 506 2416 2418
f 535 2456 2457
f 541 2460 2463
f 570 2488 2492
f 480 2398 2402
f 421 2340 2343
f 511 2430 2433
f 556 2475 2478
f 484 2404 2406
f 580 2501 2502
f 567 2482 2484
f 522 2440 2442
f 427 2347 2349
f 544 2464 2468
f 468 2384 2387
f 436 2355 2358
f 499 2419 2421
f 530 2451 2454
f 548 2470 2472
f 466 2385 2388
f 442 2362 2364
f 505 2423 2426
f 536 2446 2448
f 491 2401 2403
f 423 2339 2342
f 513 2429 2432
f 564 2474 2477
f 581 2491 2493
f 549 2459 2462
f 477 2395 2397
f 445 2365 2367
f 503 2424 2427
f 525 2443 2447
f 474 2390 2391
f 438 2354 2357
f 495 2413 2417
f 532 2450 2453
f 552 2467 2469
f 490 2408 2411
f 577 2495 2498
f 559 2479 2483
f 517 2437 2441
f 430 2350 2352
f 590 2511 2509
f 584 2505 2503
f 585 2507 2506
f 592 2513 2512
f 595 2516 2515
f 598 2519 2518
f 636 2556 2555
f 621 2540 2541
f 642 2561 2562
f 601 2521 2522
f 623 2544 2542
f 611 2529 2528
f 609 2530 2531
f 625 2546 2545
f 628 2549 2548
f 632 2553 2551
f 613 2534 2533
f 616 2536 2537
f 638 2557 2559
f 606 2525 2526
f 1607 644 647
f 1603 643 644
f 1604 645 643
f 1610 646 645
f 1613 647 646
f 1622 652 649
f 1686 670 672
f 1773 699 702
f 1761 695 696
f 1712 681 679
f 1652 659 662
f 1648 658 659
f 1649 660 658
f 1655 661 660
f 1658 662 661
f 1670 665 666
f 1637 657 654
f 1694 677 673
f 1731 686 685
f 1739 688 692
f 1768 698 701
f 1678 668 669
f 1619 648 650
f 1709 678 682
f 1754 693 697
f 1682 669 671
f 1776 701 700
f 1758 697 694
f 1716 682 680
f 1625 650 651
f 1742 689 690
f 1663 664 663
f 1634 653 655
f 1697 674 676
f 1728 684 687
f 1746 690 691
f 1664 663 667
f 1640 655 656
f 1700 676 675
f 1724 687 683
f 1679 672 668
f 1618 649 648
f 1708 679 678
f 1753 696 693
f 1769 702 698
f 1738 691 688
f 1671 667 665
f 1643 656 657
f 1701 675 677
f 1723 683 686
f 1667 666 664
f 1633 654 653
f 1693 673 674
f 1727 685 684
f 1743 692 689
f 1685 671 670
f 1772 700 699
f 1757 694 695
f 1715 680 681
f 1628 651 652
f 2187 838 837
f 1881 736 735
f 1899 741 742
f 2277 867 868
f 2313 879 880
f 2169 831 832
f 2156 828 827
f 2010 780 778
f 2208 846 844
f 1917 747 749
f 2133 820 819
f 1971 767 765
f 1989 771 773
f 2223 849 850
f 2300 875 876
f 2174 834 833
f 2151 825 826
f 2007 777 779
f 2205 843 845
f 1920 750 748
f 1855 727 729
f 1801 709 711
f 1784 703 706
f 1820 715 718
f 1838 721 724
f 1874 733 737
f 2180 835 839
f 2310 878 882
f 2274 866 870
f 1896 740 744
f 2089 805 807
f 2035 787 789
f 1950 758 762
f 2054 793 797
f 2072 799 802
f 2126 817 821
f 1964 763 766
f 1986 770 774
f 2220 848 852
f 2291 872 874
f 2183 836 838
f 1877 734 736
f 1891 739 741
f 2269 865 867
f 2305 877 879
f 2161 829 831
f 2148 824 828
f 2004 776 780
f 2202 842 846
f 1909 745 747
f 2129 818 820
f 1967 764 767
f 1981 769 771
f 2215 847 849
f 2288 871 875
f 2166 830 834
f 2143 823 825
f 1999 775 777
f 2197 841 843
f 1914 746 750
f 1806 710 714
f 1787 704 707
f 1823 716 719
f 1841 722 725
f 1860 728 732
f 1931 752 755
f 2108 811 814
f 2018 781 784
f 2234 853 857
f 2255 860 862
f 2040 788 792
f 1945 757 759
f 2057 794 796
f 2075 800 803
f 2094 806 810
f 2111 812 815
f 2021 782 785
f 2237 854 856
f 2252 859 863
f 1928 751 754
f 1812 714 712
f 1791 707 705
f 1827 719 717
f 1845 725 723
f 1866 732 730
f 1935 755 753
f 2118 814 816
f 2028 784 786
f 2246 857 858
f 2259 862 861
f 2048 792 791
f 1953 759 761
f 2061 796 795
f 2079 803 801
f 2100 810 808
f 2115 815 813
f 2025 785 783
f 2241 856 855
f 2264 863 864
f 1938 754 756
f 1802 712 709
f 1783 705 703
f 1819 717 715
f 1837 723 721
f 1856 730 727
f 1927 753 751
f 2112 816 812
f 2022 786 782
f 2238 858 854
f 2251 861 859
f 2036 791 787
f 1949 761 758
f 2053 795 793
f 2071 801 799
f 2090 808 805
f 2107 813 811
f 2017 783 781
f 2233 855 853
f 2256 864 860
f 1932 756 752
f 1859 731 728
f 1805 713 710
f 1788 708 704
f 1824 720 716
f 1842 726 722
f 1878 738 734
f 2184 840 836
f 2306 881 877
f 2270 869 865
f 1892 743 739
f 2093 809 806
f 2039 790 788
f 1946 760 757
f 2058 798 794
f 2076 804 800
f 2130 822 818
f 1968 768 764
f 1982 772 769
f 2216 851 847
f 2287 873 871
f 2179 837 835
f 1873 735 733
f 1895 742 740
f 2273 868 866
f 2309 880 878
f 2165 832 830
f 2144 827 823
f 2000 778 775
f 2198 844 841
f 1913 749 746
f 2125 819 817
f 1963 765 763
f 1985 773 770
f 2219 850 848
f 2292 876 872
f 2162 833 829
f 2147 826 824
f 2003 779 776
f 2201 845 842
f 1910 748 745
f 1863 729 731
f 1809 711 713
f 1794 706 708
f 1830 718 720
f 1848 724 726
f 1886 737 738
f 2192 839 840
f 2318 882 881
f 2282 870 869
f 1904 744 743
f 2097 807 809
f 2043 789 790
f 1956 762 760
f 2066 797 798
f 2082 802 804
f 2138 821 822
f 1974 766 768
f 1992 774 772
f 2228 852 851
f 2295 874 873
f 2331 1270 1269
f 2327 1246 1245
f 2328 1251 1252
f 2334 1287 1288
f 2337 1305 1306
f 2346 1335 1336
f 2412 1552 1551
f 2499 1474 1473
f 2487 1600 1599
f 2436 1353 1354
f 2376 1480 1479
f 2372 1402 1401
f 2373 1407 1408
f 2379 1491 1492
f 2382 1503 1504
f 2396 1534 1533
f 2361 1413 1414
f 2418 1443 1444
f 2457 1593 1594
f 2463 1384 1383
f 2492 1324 1323
f 2402 1276 1275
f 2343 1264 1263
f 2433 1300 1299
f 2478 1318 1317
f 2406 1342 1341
f 2502 1563 1564
f 2484 1461 1462
f 2442 1587 1588
f 2349 1348 1347
f 2468 1522 1521
f 2387 1419 1420
f 2358 1396 1395
f 2421 1498 1497
f 2454 1516 1515
f 2472 1558 1557
f 2388 1426 1425
f 2364 1432 1431
f 2426 1569 1570
f 2448 1371 1372
f 2403 1281 1282
f 2342 1257 1258
f 2432 1293 1294
f 2477 1311 1312
f 2493 1329 1330
f 2462 1377 1378
f 2397 1539 1540
f 2367 1450 1449
f 2427 1576 1575
f 2447 1366 1365
f 2391 1485 1486
f 2357 1389 1390
f 2417 1438 1437
f 2453 1509 1510
f 2469 1527 1528
f 2411 1545 1546
f 2498 1467 1468
f 2483 1456 1455
f 2441 1582 1581
f 2352 1360 1359
f 2509 1271 1272
f 2503 1247 1248
f 2506 1254 1253
f 2512 1290 1289
f 2515 1308 1307
f 2518 1338 1337
f 2555 1553 1554
f 2541 1475 1476
f 2562 1601 1602
f 2522 1356 1355
f 2542 1481 1482
f 2528 1403 1404
f 2531 1410 1409
f 2545 1494 1493
f 2548 1506 1505
f 2551 1535 1536
f 2533 1416 1415
f 2537 1446 1445
f 2559 1596 1595
f 2526 1385 1386
f 1616 907 909
f 1608 889 891
f 1606 883 886
f 1612 895 898
f 1615 901 904
f 1624 919 922
f 1692 1057 1060
f 1782 1237 1240
f 1765 1201 1204
f 1714 1099 1102
f 1661 997 999
f 1653 979 981
f 1651 973 976
f 1657 985 988
f 1660 991 994
f 1675 1021 1024
f 1639 949 952
f 1696 1063 1066
f 1733 1135 1138
f 1751 1177 1179
f 1779 1231 1233
f 1683 1039 1041
f 1626 925 927
f 1721 1117 1119
f 1766 1207 1209
f 1689 1051 1053
f 1778 1225 1228
f 1760 1189 1192
f 1718 1105 1108
f 1629 931 933
f 1747 1165 1167
f 1665 1003 1005
f 1641 955 957
f 1704 1081 1083
f 1737 1147 1150
f 1750 1171 1174
f 1676 1027 1029
f 1644 961 963
f 1702 1075 1077
f 1726 1123 1126
f 1681 1033 1036
f 1620 913 915
f 1710 1093 1095
f 1755 1183 1185
f 1771 1213 1216
f 1740 1153 1155
f 1673 1015 1018
f 1647 967 970
f 1707 1087 1090
f 1734 1141 1143
f 1669 1009 1012
f 1635 943 945
f 1698 1069 1071
f 1729 1129 1131
f 1745 1159 1162
f 1687 1045 1047
f 1774 1219 1221
f 1762 1195 1197
f 1720 1111 1114
f 1632 937 940
f 2189 1280 1284
f 1883 1256 1260
f 1903 1292 1296
f 2281 1310 1314
f 2317 1328 1332
f 2173 1376 1380
f 2158 1538 1542
f 2012 1447 1451
f 2210 1573 1577
f 1924 1363 1367
f 2135 1484 1488
f 1973 1388 1392
f 1996 1435 1439
f 2227 1508 1512
f 2304 1526 1530
f 2176 1544 1548
f 2155 1466 1470
f 2014 1453 1457
f 2212 1579 1583
f 1922 1357 1361
f 1864 1268 1270
f 1810 1244 1246
f 1795 1249 1251
f 1831 1285 1287
f 1849 1303 1305
f 1887 1333 1335
f 2193 1550 1552
f 2321 1472 1474
f 2285 1598 1600
f 1907 1351 1353
f 2098 1478 1480
f 2044 1400 1402
f 1961 1405 1407
f 2067 1489 1491
f 2083 1501 1503
f 2139 1532 1534
f 1975 1411 1413
f 1997 1441 1443
f 2231 1591 1593
f 2298 1382 1384
f 2190 1322 1324
f 1884 1274 1276
f 1900 1262 1264
f 2278 1298 1300
f 2314 1316 1318
f 2170 1340 1342
f 2159 1561 1563
f 2015 1459 1461
f 2213 1585 1587
f 1918 1346 1348
f 2136 1520 1522
f 1977 1417 1419
f 1990 1394 1396
f 2224 1496 1498
f 2301 1514 1516
f 2177 1556 1558
f 2152 1424 1426
f 2008 1430 1432
f 2206 1567 1569
f 1925 1369 1371
f 1817 1279 1281
f 1797 1255 1257
f 1833 1291 1293
f 1851 1309 1311
f 1871 1327 1329
f 1941 1375 1377
f 2119 1537 1539
f 2029 1448 1450
f 2247 1574 1576
f 2262 1364 1366
f 2051 1483 1485
f 1954 1387 1389
f 2064 1436 1438
f 2085 1507 1509
f 2105 1525 1527
f 2121 1543 1545
f 2031 1465 1467
f 2244 1454 1456
f 2265 1580 1582
f 1939 1358 1360
f 1814 1267 1271
f 1793 1243 1247
f 1829 1250 1254
f 1847 1286 1290
f 1868 1304 1308
f 1937 1334 1338
f 2124 1549 1553
f 2034 1471 1475
f 2250 1597 1601
f 2261 1352 1356
f 2050 1477 1481
f 1960 1399 1403
f 2063 1406 1410
f 2081 1490 1494
f 2102 1502 1506
f 2117 1531 1535
f 2027 1412 1416
f 2243 1442 1446
f 2268 1592 1596
f 1944 1381 1385
f 1804 890 894
f 1785 884 887
f 1821 896 899
f 1839 902 905
f 1858 908 912
f 1929 938 941
f 2114 1046 1050
f 2024 1220 1224
f 2240 1196 1200
f 2253 1112 1115
f 2038 980 984
f 1951 974 977
f 2055 986 989
f 2073 992 995
f 2092 998 1002
f 2109 1016 1019
f 2019 968 971
f 2235 1088 1091
f 2258 1142 1146
f 1934 1154 1158
f 1861 1214 1217
f 1807 1034 1037
f 1790 914 918
f 1826 1094 1098
f 1844 1184 1188
f 1880 1040 1044
f 2186 1232 1236
f 2308 1208 1212
f 2272 1118 1122
f 1894 926 930
f 2095 1160 1163
f 2041 1010 1013
f 1948 944 948
f 2060 1070 1074
f 2078 1130 1134
f 2132 1166 1170
f 1970 1004 1008
f 1984 956 960
f 2218 1082 1086
f 2289 1148 1151
f 2181 1058 1061
f 1875 920 923
f 1897 1100 1103
f 2275 1202 1205
f 2311 1238 1241
f 2167 1172 1175
f 2146 1028 1032
f 2002 962 966
f 2200 1076 1080
f 1915 1124 1127
f 2127 1022 1025
f 1965 950 953
f 1987 1064 1067
f 2221 1136 1139
f 2294 1178 1182
f 2164 1052 1056
f 2149 1226 1229
f 2005 1190 1193
f 2203 1106 1109
f 1912 932 936
f 1870 1321 1325
f 1816 1273 1277
f 1800 1261 1265
f 1836 1297 1301
f 1854 1315 1319
f 1890 1339 1343
f 2196 1562 1566
f 2320 1460 1464
f 2284 1586 1590
f 1906 1345 1349
f 2104 1519 1523
f 2047 1418 1422
f 1958 1393 1397
f 2070 1495 1499
f 2088 1513 1517
f 2142 1555 1559
f 1980 1423 1427
f 1994 1429 1433
f 2230 1568 1572
f 2297 1370 1374
f 2329 894 892
f 2323 887 885
f 2326 899 897
f 2333 905 903
f 2336 912 910
f 2345 941 939
f 2409 1050 1048
f 2496 1224 1222
f 2485 1200 1198
f 2435 1115 1113
f 2374 984 982
f 2368 977 975
f 2371 989 987
f 2378 995 993
f 2381 1002 1000
f 2392 1019 1017
f 2360 971 969
f 2416 1091 1089
f 2456 1146 1144
f 2460 1158 1156
f 2488 1217 1215
f 2398 1037 1035
f 2340 918 916
f 2430 1098 1096
f 2475 1188 1186
f 2404 1044 1042
f 2501 1236 1234
f 2482 1212 1210
f 2440 1122 1120
f 2347 930 928
f 2464 1163 1161
f 2384 1013 1011
f 2355 948 946
f 2419 1074 1072
f 2451 1134 1132
f 2470 1170 1168
f 2385 1008 1006
f 2362 960 958
f 2423 1086 1084
f 2446 1151 1149
f 2401 1061 1059
f 2339 923 921
f 2429 1103 1101
f 2474 1205 1203
f 2491 1241 1239
f 2459 1175 1173
f 2395 1032 1030
f 2365 966 964
f 2424 1080 1078
f 2443 1127 1125
f 2390 1025 1023
f 2354 953 951
f 2413 1067 1065
f 2450 1139 1137
f 2467 1182 1180
f 2408 1056 1054
f 2495 1229 1227
f 2479 1193 1191
f 2437 1109 1107
f 2350 936 934
f 2511 1325 1326
f 2505 1277 1278
f 2507 1265 1266
f 2513 1301 1302
f 2516 1319 1320
f 2519 1343 1344
f 2556 1566 1565
f 2540 1464 1463
f 2561 1590 1589
f 2521 1349 1350
f 2544 1523 1524
f 2529 1422 1421
f 2530 1397 1398
f 2546 1499 1500
f 2549 1517 1518
f 2553 1559 1560
f 2534 1427 1428
f 2536 1433 1434
f 2557 1572 1571
f 2525 1374 1373
f 1609 892 889
f 1605 885 883
f 1611 897 895
f 1614 903 901
f 1617 910 907
f 1631 939 937
f 1688 1048 1045
f 1775 1222 1219
f 1763 1198 1195
f 1719 1113 1111
f 1654 982 979
f 1650 975 973
f 1656 987 985
f 1659 993 991
f 1662 1000 997
f 1672 1017 1015
f 1646 969 967
f 1706 1089 1087
f 1735 1144 1141
f 1741 1156 1153
f 1770 1215 1213
f 1680 1035 1033
f 1621 916 913
f 1711 1096 1093
f 1756 1186 1183
f 1684 1042 1039
f 1780 1234 1231
f 1767 1210 1207
f 1722 1120 1117
f 1627 928 925
f 1744 1161 1159
f 1668 1011 1009
f 1636 946 943
f 1699 1072 1069
f 1730 1132 1129
f 1748 1168 1165
f 1666 1006 1003
f 1642 958 955
f 1705 1084 1081
f 1736 1149 1147
f 1691 1059 1057
f 1623 921 919
f 1713 1101 1099
f 1764 1203 1201
f 1781 1239 1237
f 1749 1173 1171
f 1677 1030 1027
f 1645 964 961
f 1703 1078 1075
f 1725 1125 1123
f 1674 1023 1021
f 1638 951 949
f 1695 1065 1063
f 1732 1137 1135
f 1752 1180 1177
f 1690 1054 1051
f 1777 1227 1225
f 1759 1191 1189
f 1717 1107 1105
f 1630 934 931
f 2191 1326 1322
f 1885 1278 1274
f 1901 1266 1262
f 2279 1302 1298
f 2315 1320 1316
f 2171 1344 1340
f 2160 1565 1561
f 2016 1463 1459
f 2214 1589 1585
f 1919 1350 1346
f 2137 1524 1520
f 1978 1421 1417
f 1991 1398 1394
f 2225 1500 1496
f 2302 1518 1514
f 2178 1560 1556
f 2153 1428 1424
f 2009 1434 1430
f 2207 1571 1567
f 1926 1373 1369
f 1857 911 908
f 1803 893 890
f 1786 888 884
f 1822 900 896
f 1840 906 902
f 1876 924 920
f 2182 1062 1058
f 2312 1242 1238
f 2276 1206 1202
f 1898 1104 1100
f 2091 1001 998
f 2037 983 980
f 1952 978 974
f 2056 990 986
f 2074 996 992
f 2128 1026 1022
f 1966 954 950
f 1988 1068 1064
f 2222 1140 1136
f 2293 1181 1178
f 2185 1235 1232
f 1879 1043 1040
f 1893 929 926
f 2271 1121 1118
f 2307 1211 1208
f 2163 1055 1052
f 2150 1230 1226
f 2006 1194 1190
f 2204 1110 1106
f 1911 935 932
f 2131 1169 1166
f 1969 1007 1004
f 1983 959 956
f 2217 1085 1082
f 2290 1152 1148
f 2168 1176 1172
f 2145 1031 1028
f 2001 965 962
f 2199 1079 1076
f 1916 1128 1124
f 1808 1038 1034
f 1789 917 914
f 1825 1097 1094
f 1843 1187 1184
f 1862 1218 1214
f 1933 1157 1154
f 2110 1020 1016
f 2020 972 968
f 2236 1092 1088
f 2257 1145 1142
f 2042 1014 1010
f 1947 947 944
f 2059 1073 1070
f 2077 1133 1130
f 2096 1164 1160
f 2113 1049 1046
f 2023 1223 1220
f 2239 1199 1196
f 2254 1116 1112
f 1930 942 938
f 1818 1283 1279
f 1798 1259 1255
f 1834 1295 1291
f 1852 1313 1309
f 1872 1331 1327
f 1942 1379 1375
f 2120 1541 1537
f 2030 1452 1448
f 2248 1578 1574
f 2263 1368 1364
f 2052 1487 1483
f 1955 1391 1387
f 2065 1440 1436
f 2086 1511 1507
f 2106 1529 1525
f 2122 1547 1543
f 2032 1469 1465
f 2245 1458 1454
f 2266 1584 1580
f 1940 1362 1358
f 1813 1269 1267
f 1792 1245 1243
f 1828 1252 1250
f 1846 1288 1286
f 1867 1306 1304
f 1936 1336 1334
f 2123 1551 1549
f 2033 1473 1471
f 2249 1599 1597
f 2260 1354 1352
f 2049 1479 1477
f 1959 1401 1399
f 2062 1408 1406
f 2080 1492 1490
f 2101 1504 1502
f 2116 1533 1531
f 2026 1414 1412
f 2242 1444 1442
f 2267 1594 1592
f 1943 1383 1381
f 1869 1323 1321
f 1815 1275 1273
f 1799 1263 1261
f 1835 1299 1297
f 1853 1317 1315
f 1889 1341 1339
f 2195 1564 1562
f 2319 1462 1460
f 2283 1588 1586
f 1905 1347 1345
f 2103 1521 1519
f 2046 1420 1418
f 1957 1395 1393
f 2069 1497 1495
f 2087 1515 1513
f 2141 1557 1555
f 1979 1425 1423
f 1993 1431 1429
f 2229 1570 1568
f 2296 1372 1370
f 2188 1282 1280
f 1882 1258 1256
f 1902 1294 1292
f 2280 1312 1310
f 2316 1330 1328
f 2172 1378 1376
f 2157 1540 1538
f 2011 1449 1447
f 2209 1575 1573
f 1923 1365 1363
f 2134 1486 1484
f 1972 1390 1388
f 1995 1437 1435
f 2226 1510 1508
f 2303 1528 1526
f 2175 1546 1544
f 2154 1468 1466
f 2013 1455 1453
f 2211 1581 1579
f 1921 1359 1357
f 1865 1272 1268
f 1811 1248 1244
f 1796 1253 1249
f 1832 1289 1285
f 1850 1307 1303
f 1888 1337 1333
f 2194 1554 1550
f 2322 1476 1472
f 2286 1602 1598
f 1908 1355 1351
f 2099 1482 1478
f 2045 1404 1400
f 1962 1409 1405
f 2068 1493 1489
f 2084 1505 1501
f 2140 1536 1532
f 1976 1415 1411
f 1998 1445 1441
f 2232 1595 1591
f 2299 1386 1382
f 2330 909 911
f 2324 891 893
f 2325 886 888
f 2332 898 900
f 2335 904 906
f 2344 922 924
f 2410 1060 1062
f 2497 1240 1242
f 2486 1204 1206
f 2434 1102 1104
f 2375 999 1001
f 2369 981 983
f 2370 976 978
f 2377 988 990
f 2380 994 996
f 2393 1024 1026
f 2359 952 954
f 2415 1066 1068
f 2455 1138 1140
f 2461 1179 1181
f 2489 1233 1235
f 2399 1041 1043
f 2341 927 929
f 2431 1119 1121
f 2476 1209 1211
f 2405 1053 1055
f 2500 1228 1230
f 2481 1192 1194
f 2439 1108 1110
f 2348 933 935
f 2465 1167 1169
f 2383 1005 1007
f 2356 957 959
f 2420 1083 1085
f 2452 1150 1152
f 2471 1174 1176
f 2386 1029 1031
f 2363 963 965
f 2422 1077 1079
f 2445 1126 1128
f 2400 1036 1038
f 2338 915 917
f 2428 1095 1097
f 2473 1185 1187
f 2490 1216 1218
f 2458 1155 1157
f 2394 1018 1020
f 2366 970 972
f 2425 1090 1092
f 2444 1143 1145
f 2389 1012 1014
f 2353 945 947
f 2414 1071 1073
f 2449 1131 1133
f 2466 1162 1164
f 2407 1047 1049
f 2494 1221 1223
f 2480 1197 1199
f 2438 1114 1116
f 2351 940 942
f 2510 1284 1283
f 2504 1260 1259
f 2508 1296 1295
f 2514 1314 1313
f 2517 1332 1331
f 2520 1380 1379
f 2554 1542 1541
f 2539 1451 1452
f 2560 1577 1578
f 2523 1367 1368
f 2543 1488 1487
f 2527 1392 1391
f 2532 1439 1440
f 2547 1512 1511
f 2550 1530 1529
f 2552 1548 1547
f 2535 1470 1469
f 2538 1457 1458
f 2558 1583 1584
f 2524 1361 1362
f 1607 1616 1609
f 1603 1608 1605
f 1604 1606 1611
f 1610 1612 1614
f 1613 1615 1617
f 1622 1624 1631
f 1686 1692 1688
f 1773 1782 1775
f 1761 1765 1763
f 1712 1714 1719
f 1652 1661 1654
f 1648 1653 1650
f 1649 1651 1656
f 1655 1657 1659
f 1658 1660 1662
f 1670 1675 1672
f 1637 1639 1646
f 1694 1696 1706
f 1731 1733 1735
f 1739 1751 1741
f 1768 1779 1770
f 1678 1683 1680
f 1619 1626 1621
f 1709 1721 1711
f 1754 1766 1756
f 1682 1689 1684
f 1776 1778 1780
f 1758 1760 1767
f 1716 1718 1722
f 1625 1629 1627
f 1742 1747 1744
f 1663 1665 1668
f 1634 1641 1636
f 1697 1704 1699
f 1728 1737 1730
f 1746 1750 1748
f 1664 1676 1666
f 1640 1644 1642
f 1700 1702 1705
f 1724 1726 1736
f 1679 1681 1691
f 1618 1620 1623
f 1708 1710 1713
f 1753 1755 1764
f 1769 1771 1781
f 1738 1740 1749
f 1671 1673 1677
f 1643 1647 1645
f 1701 1707 1703
f 1723 1734 1725
f 1667 1669 1674
f 1633 1635 1638
f 1693 1698 1695
f 1727 1729 1732
f 1743 1745 1752
f 1685 1687 1690
f 1772 1774 1777
f 1757 1762 1759
f 1715 1720 1717
f 1628 1632 1630
f 2187 2189 2191
f 1881 1883 1885
f 1899 1903 1901
f 2277 2281 2279
f 2313 2317 2315
f 2169 2173 2171
f 2156 2158 2160
f 2010 2012 2016
f 2208 2210 2214
f 1917 1924 1919
f 2133 2135 2137
f 1971 1973 1978
f 1989 1996 1991
f 2223 2227 2225
f 2300 2304 2302
f 2174 2176 2178
f 2151 2155 2153
f 2007 2014 2009
f 2205 2212 2207
f 1920 1922 1926
f 1855 1864 1857
f 1801 1810 1803
f 1784 1795 1786
f 1820 1831 1822
f 1838 1849 1840
f 1874 1887 1876
f 2180 2193 2182
f 2310 2321 2312
f 2274 2285 2276
f 1896 1907 1898
f 2089 2098 2091
f 2035 2044 2037
f 1950 1961 1952
f 2054 2067 2056
f 2072 2083 2074
f 2126 2139 2128
f 1964 1975 1966
f 1986 1997 1988
f 2220 2231 2222
f 2291 2298 2293
f 2183 2190 2185
f 1877 1884 1879
f 1891 1900 1893
f 2269 2278 2271
f 2305 2314 2307
f 2161 2170 2163
f 2148 2159 2150
f 2004 2015 2006
f 2202 2213 2204
f 1909 1918 1911
f 2129 2136 2131
f 1967 1977 1969
f 1981 1990 1983
f 2215 2224 2217
f 2288 2301 2290
f 2166 2177 2168
f 2143 2152 2145
f 1999 2008 2001
f 2197 2206 2199
f 1914 1925 1916
f 1806 1817 1808
f 1787 1797 1789
f 1823 1833 1825
f 1841 1851 1843
f 1860 1871 1862
f 1931 1941 1933
f 2108 2119 2110
f 2018 2029 2020
f 2234 2247 2236
f 2255 2262 2257
f 2040 2051 2042
f 1945 1954 1947
f 2057 2064 2059
f 2075 2085 2077
f 2094 2105 2096
f 2111 2121 2113
f 2021 2031 2023
f 2237 2244 2239
f 2252 2265 2254
f 1928 1939 1930
f 1812 1814 1818
f 1791 1793 1798
f 1827 1829 1834
f 1845 1847 1852
f 1866 1868 1872
f 1935 1937 1942
f 2118 2124 2120
f 2028 2034 2030
f 2246 2250 2248
f 2259 2261 2263
f 2048 2050 2052
f 1953 1960 1955
f 2061 2063 2065
f 2079 2081 2086
f 2100 2102 2106
f 2115 2117 2122
f 2025 2027 2032
f 2241 2243 2245
f 2264 2268 2266
f 1938 1944 1940
f 1802 1804 1813
f 1783 1785 1792
f 1819 1821 1828
f 1837 1839 1846
f 1856 1858 1867
f 1927 1929 1936
f 2112 2114 2123
f 2022 2024 2033
f 2238 2240 2249
f 2251 2253 2260
f 2036 2038 2049
f 1949 1951 1959
f 2053 2055 2062
f 2071 2073 2080
f 2090 2092 2101
f 2107 2109 2116
f 2017 2019 2026
f 2233 2235 2242
f 2256 2258 2267
f 1932 1934 1943
f 1859 1861 1869
f 1805 1807 1815
f 1788 1790 1799
f 1824 1826 1835
f 1842 1844 1853
f 1878 1880 1889
f 2184 2186 2195
f 2306 2308 2319
f 2270 2272 2283
f 1892 1894 1905
f 2093 2095 2103
f 2039 2041 2046
f 1946 1948 1957
f 2058 2060 2069
f 2076 2078 2087
f 2130 2132 2141
f 1968 1970 1979
f 1982 1984 1993
f 2216 2218 2229
f 2287 2289 2296
f 2179 2181 2188
f 1873 1875 1882
f 1895 1897 1902
f 2273 2275 2280
f 2309 2311 2316
f 2165 2167 2172
f 2144 2146 2157
f 2000 2002 2011
f 2198 2200 2209
f 1913 1915 1923
f 2125 2127 2134
f 1963 1965 1972
f 1985 1987 1995
f 2219 2221 2226
f 2292 2294 2303
f 2162 2164 2175
f 2147 2149 2154
f 2003 2005 2013
f 2201 2203 2211
f 1910 1912 1921
f 1863 1870 1865
f 1809 1816 1811
f 1794 1800 1796
f 1830 1836 1832
f 1848 1854 1850
f 1886 1890 1888
f 2192 2196 2194
f 2318 2320 2322
f 2282 2284 2286
f 1904 1906 1908
f 2097 2104 2099
f 2043 2047 2045
f 1956 1958 1962
f 2066 2070 2068
f 2082 2088 2084
f 2138 2142 2140
f 1974 1980 1976
f 1992 1994 1998
f 2228 2230 2232
f 2295 2297 2299
f 2331 2329 2330
f 2327 2323 2324
f 2328 2326 2325
f 2334 2333 2332
f 2337 2336 2335
f 2346 2345 2344
f 2412 2409 2410
f 2499 2496 2497
f 2487 2485 2486
f 2436 2435 2434
f 2376 2374 2375
f 2372 2368 2369
f 2373 2371 2370
f 2379 2378 2377
f 2382 2381 2380
f 2396 2392 2393
f 2361 2360 2359
f 2418 2416 2415
f 2457 2456 2455
f 2463 2460 2461
f 2492 2488 2489
f 2402 2398 2399
f 2343 2340 2341
f 2433 2430 2431
f 2478 2475 2476
f 2406 2404 2405
f 2502 2501 2500
f 2484 2482 2481
f 2442 2440 2439
f 2349 2347 2348
f 2468 2464 2465
f 2387 2384 2383
f 2358 2355 2356
f 2421 2419 2420
f 2454 2451 2452
f 2472 2470 2471
f 2388 2385 2386
f 2364 2362 2363
f 2426 2423 2422
f 2448 2446 2445
f 2403 2401 2400
f 2342 2339 2338
f 2432 2429 2428
f 2477 2474 2473
f 2493 2491 2490
f 2462 2459 2458
f 2397 2395 2394
f 2367 2365 2366
f 2427 2424 2425
f 2447 2443 2444
f 2391 2390 2389
f 2357 2354 2353
f 2417 2413 2414
f 2453 2450 2449
f 2469 2467 2466
f 2411 2408 2407
f 2498 2495 2494
f 2483 2479 2480
f 2441 2437 2438
f 2352 2350 2351
f 2509 2511 2510
f 2503 2505 2504
f 2506 2507 2508
f 2512 2513 2514
f 2515 2516 2517
f 2518 2519 2520
f 2555 2556 2554
f 2541 2540 2539
f 2562 2561 2560
f 2522 2521 2523
f 2542 2544 2543
f 2528 2529 2527
f 2531 2530 2532
f 2545 2546 2547
f 2548 2549 2550
f 2551 2553 2552
f 2533 2534 2535
f 2537 2536 2538
f 2559 2557 2558
f 2526 2525 2524