v -0.168397 0.347679 -0.198720
v 0.166496 0.345383 -0.193316
v -0.367259 -0.635493 0.017507
v 0.366591 -0.631224 0.016121
v 0.002653 -0.501068 0.857627
v 0.000066 0.139383 0.424040
v -0.001050 -0.178375 -0.487060
v -0.000719 0.500160 -0.865440
v 0.334668 0.066563 -0.278523
v 0.373506 -0.033876 0.290334
v -0.333528 0.067739 -0.280794
v -0.371688 -0.033278 0.289493
v -0.003546 0.541642 -0.203389
v -0.116630 0.243612 0.060947
v -0.248163 0.789836 -0.528852
v -0.284705 0.254013 -0.276748
v -0.293762 0.111297 0.079396
v 0.114378 0.244459 0.059609
v 0.247507 0.791323 -0.526015
v 0.281502 0.253268 -0.275785
v 0.292134 0.109039 0.080812
v 0.000600 -0.652384 0.020619
v -0.305892 -0.856026 0.552284
v -0.242412 -0.566380 -0.363133
v -0.419837 -0.209514 -0.155097
v -0.414896 -0.275179 0.229997
v 0.301504 -0.848117 0.549549
v 0.244555 -0.572572 -0.364213
v 0.420362 -0.209155 -0.154693
v 0.414047 -0.277482 0.232714
v 0.000474 0.002242 0.839171
v 0.383650 -0.253270 0.669365
v -0.381342 -0.254831 0.671428
v 0.253869 0.068201 0.446570
v -0.254104 0.070996 0.448394
v -0.001206 0.025434 -0.771560
v 0.216929 -0.028445 -0.398453
v -0.216165 -0.029986 -0.400460
v 0.375053 0.251438 -0.725213
v -0.369892 0.250964 -0.724483
v 0.367378 0.008547 0.006321
v -0.366290 0.011102 0.006937
v -0.111279 0.477232 -0.184024
v -0.133837 0.264526 -0.117961
v -0.219400 0.561356 -0.310479
v -0.230847 0.326395 -0.235959
v -0.217274 0.211459 -0.086126
v 0.103101 0.474640 -0.194236
v 0.131087 0.264973 -0.117240
v 0.217673 0.561863 -0.304265
v 0.225788 0.326006 -0.231944
v 0.215542 0.209036 -0.085949
v -0.203988 -0.725710 0.012705
v -0.286195 -0.634357 0.250273
v -0.423257 -0.855748 -0.226159
v -0.441669 -0.465673 -0.086751
v -0.399336 -0.456365 0.133021
v 0.201674 -0.726934 0.014267
v 0.285704 -0.636189 0.248761
v 0.425351 -0.850164 -0.217522
v 0.443598 -0.464546 -0.086566
v 0.397253 -0.456910 0.135558
v -0.180216 -0.721533 0.838658
v 0.180773 -0.751337 0.834339
v 0.000083 -0.269608 0.932178
v 0.243274 -0.423769 0.845419
v -0.243228 -0.422624 0.846137
v -0.062292 0.178055 0.256675
v 0.063631 0.179594 0.259469
v -0.000251 0.131951 0.620165
v 0.123561 0.125321 0.461213
v -0.122067 0.127401 0.460097
v -0.095417 -0.339616 -0.440683
v 0.093174 -0.341200 -0.442765
v 0.000046 -0.000977 -0.532831
v 0.106984 -0.109143 -0.460289
v -0.109039 -0.106181 -0.460781
v -0.156049 0.697693 -0.766567
v 0.157393 0.701057 -0.769481
v 0.000272 0.241516 -0.939865
v 0.235470 0.403875 -0.892017
v -0.234692 0.402093 -0.892574
v 0.328688 0.147572 -0.288637
v 0.348434 -0.033825 -0.200985
v 0.304474 0.020824 -0.349671
v 0.337276 0.140207 -0.449594
v 0.353182 0.043215 -0.145810
v 0.341910 0.032289 0.206253
v 0.404161 -0.122259 0.278102
v 0.388517 -0.114960 0.443447
v 0.337659 0.002977 0.375591
v 0.373713 -0.015709 0.159314
v -0.331796 0.147796 -0.290848
v -0.347645 -0.032483 -0.202692
v -0.305675 0.022639 -0.352383
v -0.339528 0.141152 -0.452825
v -0.349616 0.043268 -0.148805
v -0.338920 0.035442 0.204805
v -0.403832 -0.121546 0.277646
v -0.387871 -0.112752 0.443639
v -0.337459 0.005482 0.374032
v -0.371966 -0.014064 0.156738
v -0.042020 0.312707 -0.150054
v -0.101513 0.733549 -0.349891
v 0.039065 0.311584 -0.149725
v 0.098547 0.733955 -0.348021
v -0.220657 0.180968 0.083133
v -0.001655 0.244506 0.041564
v -0.189109 0.147172 0.266331
v -0.397268 0.576070 -0.404860
v -0.000730 0.855704 -0.570477
v -0.336122 0.549863 -0.664547
v -0.284918 0.154931 -0.090530
v -0.335737 0.323153 -0.477445
v -0.332410 0.106072 -0.117758
v -0.287359 0.087881 0.254417
v -0.338743 0.062511 0.047282
v 0.219701 0.181135 0.083293
v 0.188830 0.148591 0.268001
v 0.397086 0.572690 -0.404824
v 0.335908 0.549699 -0.663620
v 0.279840 0.161396 -0.092366
v 0.334146 0.325289 -0.477663
v 0.334201 0.105553 -0.118205
v 0.285378 0.086901 0.252703
v 0.339146 0.062473 0.049518
v -0.105277 -0.685707 0.304907
v -0.109409 -0.711497 -0.231082
v 0.106921 -0.680863 0.307263
v 0.111064 -0.724575 -0.233221
v -0.372097 -0.504268 0.402308
v 0.000419 -0.689061 0.595245
v -0.396320 -0.576161 0.691964
v -0.410977 -0.418806 -0.291771
v 0.000432 -0.536842 -0.347423
v -0.251804 -0.262521 -0.385763
v -0.439078 -0.245786 0.025715
v -0.333379 -0.139233 -0.294096
v -0.391840 -0.072567 -0.053917
v -0.406151 -0.299674 0.453928
v -0.406532 -0.099449 0.108842
v 0.371827 -0.504595 0.401585
v 0.396911 -0.575264 0.687128
v 0.410359 -0.418150 -0.291974
v 0.254306 -0.262989 -0.387563
v 0.438982 -0.246973 0.026907
v 0.333725 -0.138602 -0.292911
v 0.393968 -0.076001 -0.053597
v 0.405517 -0.300993 0.454381
v 0.406276 -0.103024 0.110407
v 0.243973 -0.125608 0.830959
v -0.242029 -0.126039 0.831238
v 0.185592 0.065649 0.670038
v -0.184112 0.064688 0.669812
v 0.328670 -0.044428 0.589636
v -0.325449 -0.043438 0.591344
v 0.138977 0.013759 -0.593073
v -0.139911 0.014114 -0.595827
v 0.247810 0.076346 -0.893323
v -0.248575 0.079667 -0.895366
v 0.292160 0.061322 -0.579962
v -0.292562 0.062594 -0.581087
v -0.147294 0.407336 -0.190930
v -0.149446 0.301789 -0.167396
v -0.186325 0.436638 -0.238087
v -0.194202 0.340456 -0.215809
v -0.183368 0.270966 -0.162262
v 0.140210 0.405683 -0.199140
v 0.147212 0.304573 -0.165272
v 0.182549 0.435842 -0.233408
v 0.194989 0.338305 -0.207870
v 0.178321 0.271967 -0.155893
v -0.304792 -0.701885 0.014644
v -0.322296 -0.616911 0.107094
v -0.398133 -0.739859 -0.059177
v -0.414380 -0.576478 -0.032476
v -0.383204 -0.547591 0.069058
v 0.302868 -0.703856 0.018898
v 0.322774 -0.615049 0.106072
v 0.398545 -0.738595 -0.054810
v 0.415713 -0.578082 -0.030825
v 0.380579 -0.548649 0.071005
v -0.074958 -0.578709 0.843889
v 0.078813 -0.585428 0.842907
v -0.000001 -0.399819 0.885662
v 0.115484 -0.473559 0.862907
v -0.112681 -0.471058 0.863240
v -0.029276 0.151507 0.350121
v 0.030048 0.150275 0.350166
v 0.000032 0.142487 0.508929
v 0.053878 0.137102 0.443441
v -0.054320 0.141846 0.445727
v -0.037226 -0.251047 -0.472278
v 0.035701 -0.250471 -0.474439
v 0.000076 -0.091846 -0.497179
v 0.050734 -0.149069 -0.481842
v -0.051712 -0.148698 -0.480505
v -0.067608 0.592024 -0.823503
v 0.066983 0.589263 -0.821774
v -0.000345 0.385785 -0.909997
v 0.106242 0.462181 -0.880045
v -0.106656 0.460877 -0.879566
v 0.336127 0.102842 -0.284670
v 0.334845 0.026721 -0.238761
v 0.324740 0.048190 -0.311971
v 0.333823 0.098580 -0.349372
v 0.339927 0.058158 -0.219785
v 0.358882 -0.002137 0.254651
v 0.387105 -0.069999 0.287809
v 0.381480 -0.064390 0.354347
v 0.361372 -0.019909 0.330495
v 0.376196 -0.024399 0.232292
v -0.336226 0.102754 -0.285612
v -0.334071 0.026003 -0.241632
v -0.325119 0.048176 -0.315951
v -0.332879 0.097679 -0.352075
v -0.340982 0.058830 -0.222235
v -0.356788 0.001217 0.254755
v -0.388115 -0.064241 0.287329
v -0.379836 -0.062793 0.352898
v -0.357979 -0.015324 0.326483
v -0.373456 -0.023440 0.230758
v -0.058323 0.519824 -0.201469
v 0.051301 0.532165 -0.185772
v -0.024252 0.419604 -0.175932
v -0.039964 0.648523 -0.257507
v 0.020322 0.423388 -0.171998
v 0.034482 0.652706 -0.254978
v -0.124422 0.246282 -0.039388
v -0.092441 0.216139 0.160695
v -0.071080 0.260226 -0.060214
v -0.175528 0.222854 0.075317
v -0.056480 0.245222 0.044988
v -0.158557 0.202075 0.171731
v -0.267182 0.701540 -0.412204
v -0.223290 0.771164 -0.658320
v -0.201171 0.824205 -0.450113
v -0.504437 0.765243 -0.484526
v -0.227545 0.970707 -0.587505
v -0.337586 0.698237 -0.606759
v -0.258135 0.299828 -0.258457
v -0.309071 0.196785 -0.287912
v -0.294193 0.395985 -0.353271
v -0.278132 0.196372 -0.182853
v -0.308740 0.304398 -0.373697
v -0.304588 0.162722 -0.195699
v -0.259085 0.157053 -0.001103
v -0.322201 0.070314 0.150731
v -0.261848 0.143214 0.085877
v -0.291456 0.128206 -0.005241
v -0.294210 0.097838 0.165429
v -0.318913 0.085441 0.066266
v 0.125186 0.247424 -0.037852
v 0.091439 0.214817 0.160423
v 0.070748 0.261219 -0.059109
v 0.055596 0.246412 0.046061
v 0.174426 0.223380 0.074681
v 0.154963 0.205412 0.169086
v 0.267197 0.701397 -0.408552
v 0.222968 0.771576 -0.657074
v 0.199593 0.824315 -0.450282
v 0.227892 0.971405 -0.587572
v 0.502246 0.766051 -0.483754
v 0.337388 0.699162 -0.606632
v 0.254675 0.297404 -0.258324
v 0.307358 0.199158 -0.286240
v 0.288426 0.392201 -0.352250
v 0.276295 0.198022 -0.183426
v 0.308355 0.305633 -0.372347
v 0.307533 0.164400 -0.196218
v 0.256508 0.158283 0.000186
v 0.319654 0.070987 0.148022
v 0.260302 0.142248 0.086911
v 0.287135 0.130253 -0.006548
v 0.292481 0.098608 0.166263
v 0.318106 0.083806 0.064445
v -0.105628 -0.680077 0.014996
v 0.106078 -0.681766 0.015202
v -0.052630 -0.667175 0.157665
v -0.058537 -0.650618 -0.105244
v 0.051029 -0.668921 0.158972
v 0.061963 -0.656223 -0.102949
v -0.260663 -0.664660 0.445592
v -0.285826 -0.947638 0.768786
v -0.165717 -0.706445 0.467244
v -0.338570 -0.648366 0.503924
v -0.143031 -0.850724 0.596895
v -0.390416 -0.763499 0.661331
v -0.349293 -0.750122 -0.362838
v -0.161607 -0.436767 -0.392577
v -0.185561 -0.699831 -0.333440
v -0.356022 -0.523085 -0.348143
v -0.119498 -0.547876 -0.353250
v -0.258400 -0.407363 -0.375827
v -0.439244 -0.333715 -0.126584
v -0.384066 -0.105659 -0.176259
v -0.416020 -0.308846 -0.218542
v -0.439522 -0.227872 -0.068045
v -0.384750 -0.179130 -0.232827
v -0.411059 -0.129743 -0.099648
v -0.409996 -0.363728 0.188647
v -0.411286 -0.192940 0.258824
v -0.398650 -0.385558 0.309911
v -0.425733 -0.261099 0.126108
v -0.410222 -0.291888 0.341349
v -0.416249 -0.180889 0.164415
v 0.256945 -0.662774 0.441457
v 0.259714 -0.969465 0.743456
v 0.167397 -0.706815 0.469467
v 0.142511 -0.847439 0.592319
v 0.336175 -0.646984 0.502163
v 0.388142 -0.762749 0.651440
v 0.354594 -0.759855 -0.359630
v 0.159760 -0.439996 -0.391728
v 0.191839 -0.718874 -0.334947
v 0.120462 -0.556991 -0.351654
v 0.354985 -0.526483 -0.348509
v 0.259209 -0.409675 -0.378743
v 0.438928 -0.335099 -0.125581
v 0.382945 -0.110642 -0.175310
v 0.416925 -0.310121 -0.218352
v 0.438259 -0.233102 -0.067586
v 0.386831 -0.177828 -0.230174
v 0.412054 -0.129950 -0.099099
v 0.410463 -0.366412 0.188936
v 0.411447 -0.194915 0.262123
v 0.398752 -0.385156 0.311712
v 0.427569 -0.261050 0.125356
v 0.410217 -0.291425 0.342534
v 0.418120 -0.181693 0.164701
v 0.000258 -0.128928 0.937504
v 0.001212 0.087723 0.732401
v 0.123742 -0.059679 0.858091
v -0.123343 -0.060685 0.859395
v 0.110037 0.046286 0.769510
v -0.108570 0.046209 0.769799
v 0.333499 -0.344252 0.775938
v 0.392196 -0.177018 0.550999
v 0.385169 -0.401002 0.679816
v 0.400820 -0.290305 0.563892
v 0.334322 -0.191625 0.763633
v 0.366637 -0.133388 0.642647
v -0.333403 -0.344151 0.775727
v -0.391727 -0.176032 0.551865
v -0.385045 -0.401720 0.680821
v -0.404154 -0.290705 0.566091
v -0.334433 -0.194385 0.763780
v -0.367444 -0.134982 0.642438
v 0.192384 0.102789 0.463490
v 0.304320 0.034239 0.416402
v 0.221529 0.107365 0.363027
v 0.274244 0.075792 0.344963
v 0.227626 0.066674 0.556342
v 0.289289 0.020737 0.523386
v -0.192516 0.102722 0.463102
v -0.306245 0.035350 0.416672
v -0.222944 0.105923 0.360941
v -0.275550 0.076150 0.347449
v -0.227088 0.065862 0.557385
v -0.290712 0.022333 0.524823
v -0.000446 0.012563 -0.634098
v -0.001864 0.107654 -0.884827
v 0.079810 -0.001855 -0.695300
v -0.083137 -0.000428 -0.695572
v 0.108703 0.037872 -0.839951
v -0.111409 0.041591 -0.843252
v 0.164305 -0.064597 -0.429153
v 0.268355 -0.005512 -0.375295
v 0.228303 -0.135002 -0.383622
v 0.270926 -0.086370 -0.342196
v 0.178552 0.002176 -0.489839
v 0.244433 0.017843 -0.480355
v -0.163998 -0.066109 -0.429832
v -0.267547 -0.006603 -0.380860
v -0.229557 -0.134543 -0.384933
v -0.268900 -0.086744 -0.343471
v -0.178955 0.004812 -0.492088
v -0.245085 0.020785 -0.481156
v 0.344706 0.328369 -0.854795
v 0.350988 0.193497 -0.575872
v 0.346372 0.397565 -0.707417
v 0.353102 0.303834 -0.591021
v 0.366988 0.157274 -0.862632
v 0.349706 0.131966 -0.677554
v -0.346565 0.327286 -0.856609
v -0.348688 0.190911 -0.576047
v -0.347277 0.395618 -0.707437
v -0.351822 0.305571 -0.594034
v -0.366505 0.157914 -0.866623
v -0.346953 0.133200 -0.678554
v 0.360828 0.026592 -0.069153
v 0.370397 -0.003745 0.082477
v 0.351291 0.056665 -0.051046
v 0.354561 0.039227 0.029330
v 0.378756 -0.026243 -0.017114
v 0.385800 -0.038699 0.059083
v -0.361678 0.028457 -0.068814
v -0.369247 -0.002853 0.081814
v -0.351424 0.059487 -0.051452
v -0.352651 0.039875 0.027003
v -0.378528 -0.023800 -0.020404
v -0.385775 -0.039590 0.057499
v -0.112022 0.351612 -0.168032
v -0.154829 0.528872 -0.243766
v -0.072077 0.394284 -0.170603
v -0.104296 0.605859 -0.252878
v -0.178537 0.239392 -0.096929
v -0.086204 0.289595 -0.137124
v -0.175280 0.223535 -0.017854
v -0.234250 0.450171 -0.280319
v -0.172131 0.661259 -0.333265
v -0.315860 0.589300 -0.365612
v -0.215272 0.249996 -0.162992
v -0.275048 0.444792 -0.316304
v -0.246132 0.226249 -0.170072
v -0.219626 0.188614 -0.004886
v -0.253222 0.181064 -0.085294
v 0.107809 0.354068 -0.168000
v 0.148839 0.526305 -0.249212
v 0.067689 0.401191 -0.163755
v 0.099292 0.600096 -0.255650
v 0.175241 0.238359 -0.096311
v 0.081273 0.289900 -0.139420
v 0.175065 0.224211 -0.016300
v 0.238793 0.450152 -0.256084
v 0.169129 0.658979 -0.335602
v 0.313350 0.588697 -0.361033
v 0.212244 0.250045 -0.158096
v 0.273277 0.442752 -0.313321
v 0.243445 0.226797 -0.168955
v 0.217461 0.191026 -0.004133
v 0.248975 0.183476 -0.083690
v -0.245895 -0.664323 0.126048
v -0.278357 -0.923938 -0.049095
v -0.153122 -0.675831 0.145462
v -0.141443 -0.801770 -0.106041
v -0.352302 -0.548126 0.194398
v -0.204517 -0.684545 0.290974
v -0.330531 -0.576513 0.347291
v -0.440301 -0.625709 -0.149361
v -0.216641 -0.935815 -0.297226
v -0.437140 -0.620229 -0.282903
v -0.423397 -0.454969 0.020508
v -0.441085 -0.463108 -0.196543
v -0.444310 -0.344199 -0.028214
v -0.379678 -0.472152 0.261079
v -0.429020 -0.351845 0.076436
v 0.243697 -0.663836 0.126450
v 0.277191 -0.923048 -0.047079
v 0.153412 -0.679466 0.146324
v 0.142210 -0.804866 -0.108746
v 0.350556 -0.549738 0.193753
v 0.202929 -0.685717 0.293286
v 0.329728 -0.577936 0.344817
v 0.443791 -0.623858 -0.148952
v 0.240974 -0.947285 -0.287321
v 0.436111 -0.619306 -0.281619
v 0.422955 -0.457499 0.021342
v 0.440569 -0.461484 -0.196543
v 0.442558 -0.345836 -0.026382
v 0.378728 -0.470694 0.263424
v 0.427781 -0.352705 0.077266
v 0.005840 -0.624840 0.802012
v -0.230812 -0.581869 0.847671
v -0.084342 -0.754631 0.744340
v -0.353674 -0.736897 0.817446
v 0.232026 -0.591208 0.844161
v 0.083243 -0.761331 0.735950
v 0.358611 -0.757001 0.811325
v 0.124881 -0.338905 0.889114
v -0.126580 -0.338299 0.886181
v 0.129770 -0.195859 0.909325
v -0.129904 -0.196736 0.911365
v 0.354331 -0.519584 0.797621
v 0.247866 -0.267198 0.848999
v -0.352051 -0.519740 0.800020
v -0.245989 -0.268691 0.848552
v -0.000908 0.180103 0.253161
v -0.093593 0.145931 0.357999
v -0.031389 0.215305 0.152456
v -0.127266 0.165787 0.264460
v 0.095606 0.142406 0.359311
v 0.029892 0.217161 0.152430
v 0.127783 0.169069 0.264548
v 0.073308 0.134522 0.548141
v -0.071134 0.134881 0.550304
v 0.092579 0.109711 0.664172
v -0.089405 0.108078 0.662892
v 0.160380 0.130085 0.364056
v 0.153635 0.105277 0.564682
v -0.159664 0.130931 0.366763
v -0.152134 0.107420 0.564648
v -0.000857 -0.348727 -0.445142
v -0.111527 -0.225801 -0.457709
v -0.057118 -0.447383 -0.398586
v -0.178329 -0.309779 -0.416898
v 0.110785 -0.224000 -0.458179
v 0.054878 -0.447387 -0.397348
v 0.178202 -0.310683 -0.419357
v 0.051466 -0.046501 -0.497765
v -0.051665 -0.043351 -0.497781
v 0.060892 0.014472 -0.563636
v -0.060380 0.014739 -0.567656
v 0.174160 -0.182662 -0.424731
v 0.110233 -0.009108 -0.490824
v -0.175449 -0.182258 -0.423044
v -0.109507 -0.006058 -0.492910
v -0.000776 0.715694 -0.772053
v -0.199473 0.555815 -0.823499
v -0.088383 0.807880 -0.681507
v -0.277105 0.648808 -0.741481
v 0.200494 0.556494 -0.823051
v 0.090461 0.807942 -0.681213
v 0.275657 0.645196 -0.736505
v 0.133164 0.318434 -0.949823
v -0.133723 0.316349 -0.944626
v 0.133950 0.160219 -0.942624
v -0.135834 0.160235 -0.945825
v 0.300855 0.488731 -0.790161
v 0.277650 0.238080 -0.977205
v -0.298235 0.487842 -0.791599
v -0.278395 0.238473 -0.977448
v 0.334347 0.154548 -0.371989
v 0.341489 0.093148 -0.209195
v 0.321284 0.223308 -0.381302
v 0.331392 0.129994 -0.205688
v 0.322792 -0.009686 -0.270121
v 0.348300 0.007673 -0.167365
v 0.346287 -0.082082 -0.242051
v 0.372929 -0.055046 -0.128458
v 0.321407 0.077307 -0.403710
v 0.300936 -0.042580 -0.302895
v 0.293503 0.048194 -0.451358
v 0.340432 0.221215 -0.476994
v 0.327125 0.106690 -0.525835
v 0.347111 0.076625 -0.130260
v 0.363431 -0.008063 -0.092181
v 0.339900 0.020976 0.287668
v 0.356117 0.013082 0.182011
v 0.318493 0.059064 0.232945
v 0.341177 0.047579 0.128576
v 0.398250 -0.127438 0.360880
v 0.392633 -0.060239 0.215302
v 0.408587 -0.203036 0.358151
v 0.405696 -0.115586 0.193991
v 0.365790 -0.047266 0.415245
v 0.402109 -0.200187 0.455753
v 0.366791 -0.086336 0.520641
v 0.312850 0.046830 0.319978
v 0.334578 -0.019059 0.475067
v 0.355787 0.024686 0.107895
v 0.390116 -0.052331 0.135648
v -0.334244 0.153683 -0.374505
v -0.342040 0.094000 -0.212242
v -0.322767 0.221733 -0.380306
v -0.331266 0.127898 -0.205898
v -0.323375 -0.006097 -0.272315
v -0.347443 0.007897 -0.170084
v -0.345130 -0.078929 -0.242670
v -0.374278 -0.052756 -0.129938
v -0.324057 0.078557 -0.408109
v -0.301821 -0.042576 -0.304270
v -0.296503 0.046010 -0.452354
v -0.338682 0.221714 -0.477275
v -0.328574 0.106721 -0.527078
v -0.348142 0.078707 -0.132022
v -0.364024 -0.007696 -0.095920
v -0.339023 0.022613 0.284953
v -0.356794 0.013837 0.180154
v -0.318240 0.060163 0.231121
v -0.342261 0.049024 0.128105
v -0.397522 -0.123108 0.361316
v -0.389589 -0.059578 0.213129
v -0.408752 -0.201663 0.358085
v -0.405095 -0.112847 0.189194
v -0.362474 -0.044508 0.416168
v -0.402010 -0.199517 0.454655
v -0.368102 -0.085431 0.522125
v -0.312113 0.048022 0.320738
v -0.332962 -0.017173 0.475566
v -0.354231 0.026265 0.105391
v -0.387802 -0.049902 0.136670
v -0.000424 0.318555 -0.154742
v -0.023411 0.264979 -0.071344
v -0.002180 0.766482 -0.340564
v -0.097197 0.849970 -0.464104
v 0.022222 0.263693 -0.071636
v 0.096371 0.848791 -0.466786
v -0.211847 0.170529 0.174797
v -0.257426 0.132891 0.174854
v -0.245837 0.116937 0.266724
v -0.423054 0.602822 -0.540779
v -0.329560 0.457372 -0.459402
v -0.344987 0.442766 -0.577347
v -0.310419 0.129248 -0.104560
v -0.316082 0.103894 -0.018122
v -0.335623 0.082099 -0.031514
v 0.209909 0.170800 0.176673
v 0.255803 0.132593 0.174386
v 0.242526 0.120625 0.266744
v 0.422876 0.602380 -0.541585
v 0.331960 0.453395 -0.459784
v 0.345353 0.444625 -0.578397
v 0.308896 0.131369 -0.105924
v 0.314522 0.106915 -0.018513
v 0.336142 0.082794 -0.032448
v -0.000688 -0.681618 0.306909
v -0.060498 -0.712567 0.459109
v 0.002270 -0.612365 -0.205430
v -0.061092 -0.610603 -0.292149
v 0.060085 -0.710302 0.456949
v 0.064353 -0.615573 -0.291949
v -0.384647 -0.554152 0.545666
v -0.396456 -0.408737 0.437876
v -0.399465 -0.422074 0.563381
v -0.335572 -0.344861 -0.347570
v -0.371771 -0.261206 -0.293836
v -0.304661 -0.200692 -0.346336
v -0.425381 -0.150226 -0.016719
v -0.426432 -0.165018 0.070984
v -0.405171 -0.085823 0.024753
v 0.385191 -0.552726 0.545541
v 0.399308 -0.409529 0.437810
v 0.400352 -0.420396 0.562375
v 0.336945 -0.345057 -0.348685
v 0.374025 -0.261762 -0.292350
v 0.308267 -0.197822 -0.347833
v 0.426052 -0.149233 -0.015915
v 0.424672 -0.167959 0.072450
v 0.405013 -0.086855 0.026958
v 0.218248 -0.011003 0.763035
v 0.306456 -0.075346 0.716607
v -0.217665 -0.010884 0.764132
v -0.305399 -0.075115 0.717635
v 0.266157 0.008112 0.642681
v -0.264344 0.008319 0.642757
v 0.187381 0.019240 -0.735609
v 0.223490 0.025787 -0.603296
v -0.189030 0.014427 -0.743361
v -0.225462 0.027955 -0.608772
v 0.294168 0.058646 -0.738692
v -0.299998 0.056542 -0.744182
v -0.159422 0.374499 -0.198241
v -0.159547 0.327169 -0.181957
v -0.175241 0.385062 -0.215375
v -0.179475 0.343670 -0.206064
v -0.172907 0.310610 -0.185137
v 0.153220 0.371345 -0.198608
v 0.156308 0.326827 -0.181743
v 0.170871 0.384528 -0.211755
v 0.179998 0.343483 -0.200686
v 0.170688 0.308827 -0.182762
v -0.341656 -0.670583 0.017364
v -0.344495 -0.623885 0.053468
v -0.375205 -0.674066 -0.015924
v -0.391695 -0.614916 -0.005306
v -0.375740 -0.591914 0.038085
v 0.342701 -0.667744 0.017757
v 0.345881 -0.619728 0.052193
v 0.377247 -0.672269 -0.016429
v 0.391434 -0.614604 -0.004199
v 0.372885 -0.592235 0.040396
v -0.031094 -0.535989 0.851879
v 0.034362 -0.537777 0.852400
v 0.000879 -0.458094 0.868672
v 0.051371 -0.489645 0.861494
v -0.050854 -0.488030 0.861470
v -0.012142 0.142420 0.388839
v 0.014814 0.144076 0.389799
v -0.000162 0.141711 0.460436
v 0.022293 0.140168 0.431188
v -0.022690 0.141635 0.432763
v -0.015820 -0.209221 -0.481239
v 0.015364 -0.209201 -0.483130
v -0.001206 -0.138827 -0.490703
v 0.021083 -0.165253 -0.485254
v -0.024634 -0.163572 -0.484732
v -0.029492 0.540172 -0.846781
v 0.029396 0.540503 -0.846592
v 0.000579 0.451538 -0.886782
v 0.046799 0.484531 -0.871733
v -0.047282 0.483367 -0.871612
v 0.336769 0.084172 -0.280894
v 0.332821 0.048377 -0.259169
v 0.330626 0.059429 -0.293612
v 0.334113 0.082375 -0.308400
v 0.337525 0.064638 -0.251995
v 0.367264 -0.018902 0.275927
v 0.379629 -0.047611 0.289960
v 0.377881 -0.047819 0.315620
v 0.370279 -0.027808 0.306276
v 0.374986 -0.030852 0.263022
v -0.337340 0.083579 -0.284760
v -0.330751 0.050611 -0.260748
v -0.329572 0.058405 -0.297250
v -0.335868 0.081289 -0.311955
v -0.335917 0.063497 -0.254595
v -0.364484 -0.015684 0.273701
v -0.379767 -0.047198 0.289468
v -0.375707 -0.046909 0.318470
v -0.365102 -0.024430 0.305595
v -0.373614 -0.027512 0.263081
v -0.031286 0.534952 -0.202153
v 0.025241 0.540485 -0.196043
v -0.015711 0.479589 -0.188136
v -0.019349 0.601279 -0.223999
v 0.011375 0.481911 -0.185547
v 0.013608 0.601790 -0.221945
v -0.122486 0.245834 0.009214
v -0.106931 0.236355 0.110931
v -0.092260 0.252147 0.001535
v -0.146954 0.238184 0.068534
v -0.085883 0.248307 0.051812
v -0.140380 0.231249 0.119369
v -0.277122 0.763401 -0.467535
v -0.241439 0.794397 -0.594101
v -0.240157 0.836021 -0.497879
v -0.343858 0.770221 -0.497991
v -0.264251 0.912146 -0.578698
v -0.298862 0.750405 -0.563032
v -0.270020 0.277167 -0.269411
v -0.295737 0.224189 -0.284066
v -0.284139 0.316745 -0.316353
v -0.277935 0.219364 -0.229589
v -0.295420 0.283660 -0.325848
v -0.292028 0.201082 -0.235402
v -0.275976 0.133474 0.040530
v -0.308345 0.089588 0.118773
v -0.278054 0.126137 0.083361
v -0.293472 0.120187 0.035257
v -0.295603 0.105053 0.123087
v -0.308754 0.097677 0.074200
v 0.121314 0.246801 0.010044
v 0.105096 0.234926 0.110890
v 0.091687 0.251883 0.001615
v 0.083693 0.248855 0.052746
v 0.146490 0.238326 0.067597
v 0.136671 0.230351 0.117200
v 0.275507 0.763464 -0.468427
v 0.241035 0.796780 -0.594757
v 0.240201 0.836674 -0.499511
v 0.264242 0.913258 -0.576797
v 0.341992 0.771141 -0.499085
v 0.300772 0.751409 -0.564225
v 0.266569 0.276402 -0.269652
v 0.296002 0.227868 -0.283046
v 0.280988 0.314508 -0.315925
v 0.275772 0.225032 -0.228556
v 0.294180 0.281861 -0.325280
v 0.292857 0.204768 -0.236492
v 0.274007 0.133949 0.041239
v 0.309069 0.088761 0.116159
v 0.276914 0.126592 0.083677
v 0.287694 0.118596 0.036685
v 0.293123 0.104280 0.121226
v 0.309982 0.095027 0.073952
v -0.052332 -0.662102 0.019889
v 0.054464 -0.665975 0.018262
v -0.025464 -0.661215 0.087616
v -0.026342 -0.650676 -0.044899
v 0.026902 -0.663948 0.087549
v 0.030033 -0.653862 -0.044872
v -0.268682 -0.727470 0.507087
v -0.311098 -0.949932 0.644896
v -0.222726 -0.783703 0.515784
v -0.323538 -0.739590 0.540087
v -0.220742 -0.933692 0.563114
v -0.362714 -0.839359 0.617560
v -0.292136 -0.648396 -0.361421
v -0.198104 -0.495463 -0.375019
v -0.221353 -0.638988 -0.354099
v -0.303349 -0.552957 -0.360426
v -0.180107 -0.561004 -0.360387
v -0.252751 -0.485595 -0.370469
v -0.430101 -0.268950 -0.141442
v -0.402099 -0.155722 -0.165768
v -0.417909 -0.258004 -0.184579
v -0.428987 -0.221987 -0.111400
v -0.403680 -0.196048 -0.194006
v -0.416661 -0.168786 -0.126687
v -0.414927 -0.318992 0.210346
v -0.414505 -0.233725 0.246854
v -0.410449 -0.328310 0.269584
v -0.421714 -0.266706 0.178211
v -0.412002 -0.282915 0.284489
v -0.419461 -0.225234 0.195463
v 0.267604 -0.725136 0.505632
v 0.304237 -0.950106 0.632705
v 0.221023 -0.779964 0.513669
v 0.222229 -0.929859 0.562261
v 0.320854 -0.736964 0.536841
v 0.358459 -0.834410 0.606584
v 0.295924 -0.659067 -0.361860
v 0.199077 -0.500716 -0.374858
v 0.226548 -0.654051 -0.357062
v 0.182084 -0.569315 -0.360868
v 0.304046 -0.558815 -0.361128
v 0.256042 -0.489720 -0.370626
v 0.429219 -0.271515 -0.141046
v 0.401309 -0.160856 -0.164565
v 0.417850 -0.259096 -0.185061
v 0.428140 -0.223805 -0.110058
v 0.403951 -0.196526 -0.193246
v 0.415176 -0.172522 -0.125514
v 0.414643 -0.321399 0.211386
v 0.412318 -0.235004 0.247900
v 0.410110 -0.329194 0.272584
v 0.420828 -0.269453 0.179150
v 0.410832 -0.284938 0.286395
v 0.420497 -0.225130 0.195353
v -0.000043 -0.059761 0.885040
v -0.000061 0.051615 0.787371
v 0.061962 -0.027394 0.856773
v -0.060057 -0.027399 0.857432
v 0.058389 0.028157 0.810261
v -0.057719 0.027883 0.810371
v 0.361189 -0.297544 0.723725
v 0.389486 -0.214461 0.608853
v 0.383407 -0.324648 0.674834
v 0.394526 -0.274793 0.617706
v 0.362941 -0.224947 0.716847
v 0.380911 -0.189274 0.659438
v -0.360893 -0.299010 0.724500
v -0.391114 -0.214319 0.611313
v -0.381526 -0.324931 0.677045
v -0.395315 -0.275691 0.618629
v -0.362230 -0.227517 0.719513
v -0.379455 -0.191297 0.661363
v 0.225152 0.087478 0.458190
v 0.281314 0.051198 0.432004
v 0.237118 0.088892 0.405446
v 0.264576 0.073203 0.395420
v 0.242822 0.067180 0.500083
v 0.271748 0.046117 0.485543
v -0.225164 0.087413 0.456103
v -0.282085 0.051423 0.433303
v -0.237307 0.087329 0.404971
v -0.264886 0.073347 0.396770
v -0.243716 0.066662 0.501442
v -0.272262 0.047112 0.487012
v -0.001963 0.013852 -0.701003
v -0.000996 0.056956 -0.832312
v 0.042526 0.009732 -0.734937
v -0.044571 0.011673 -0.734826
v 0.049524 0.030281 -0.804849
v -0.051451 0.032337 -0.804223
v 0.190399 -0.046668 -0.414392
v 0.243183 -0.018371 -0.387586
v 0.219099 -0.077952 -0.386946
v 0.241448 -0.059406 -0.367863
v 0.196370 -0.009719 -0.439241
v 0.227954 -0.001930 -0.436755
v -0.189198 -0.044570 -0.413965
v -0.241517 -0.016241 -0.390029
v -0.219881 -0.076850 -0.387770
v -0.239488 -0.055527 -0.368994
v -0.194986 -0.009428 -0.439077
v -0.227907 -0.000756 -0.437689
v 0.377602 0.290266 -0.802995
v 0.361629 0.220858 -0.647108
v 0.362154 0.323273 -0.720799
v 0.359365 0.281951 -0.654716
v 0.388034 0.209975 -0.804728
v 0.369108 0.185022 -0.711008
v -0.377550 0.288075 -0.803028
v -0.362028 0.219433 -0.648193
v -0.360192 0.322882 -0.721534
v -0.358612 0.282024 -0.654880
v -0.387740 0.207937 -0.804912
v -0.369165 0.184415 -0.714281
v 0.363895 0.019895 -0.029538
v 0.368852 0.000496 0.045391
v 0.359448 0.033074 -0.020179
v 0.360886 0.025703 0.019128
v 0.372917 -0.005958 -0.003316
v 0.375383 -0.015894 0.033221
v -0.361999 0.017173 -0.033636
v -0.367757 0.005004 0.043070
v -0.357286 0.036824 -0.022368
v -0.359829 0.026617 0.015101
v -0.371473 -0.006718 -0.007451
v -0.374636 -0.013089 0.032271
v -0.133376 0.442963 -0.177653
v -0.083970 0.501203 -0.195540
v -0.111636 0.409018 -0.174348
v -0.131715 0.508016 -0.203401
v -0.087750 0.438670 -0.176725
v -0.105830 0.541728 -0.212028
v -0.140407 0.282202 -0.146398
v -0.128413 0.252087 -0.082409
v -0.118168 0.299900 -0.151649
v -0.156732 0.252264 -0.107153
v -0.109236 0.277109 -0.128367
v -0.153171 0.241462 -0.069615
v -0.200115 0.498409 -0.270977
v -0.245801 0.629879 -0.357693
v -0.183283 0.548685 -0.280201
v -0.231748 0.508877 -0.298128
v -0.198507 0.611355 -0.322494
v -0.263271 0.575832 -0.339779
v -0.212993 0.333486 -0.226236
v -0.244536 0.315646 -0.247648
v -0.234179 0.388170 -0.260131
v -0.216864 0.280931 -0.200817
v -0.252082 0.383691 -0.274286
v -0.230449 0.270647 -0.206697
v -0.198080 0.239390 -0.125596
v -0.237588 0.182152 -0.042362
v -0.199794 0.223754 -0.089401
v -0.216760 0.227452 -0.124885
v -0.218407 0.196710 -0.046084
v -0.236017 0.195652 -0.084927
v 0.121592 0.439136 -0.197721
v 0.077852 0.509156 -0.181170
v 0.103836 0.411693 -0.176571
v 0.123205 0.502651 -0.220872
v 0.083400 0.442642 -0.170687
v 0.099428 0.537587 -0.219664
v 0.138221 0.282108 -0.143663
v 0.125984 0.254770 -0.081136
v 0.116763 0.299861 -0.151644
v 0.153647 0.252470 -0.104780
v 0.106224 0.277078 -0.130839
v 0.152280 0.244049 -0.069215
v 0.197273 0.494912 -0.265977
v 0.239265 0.630380 -0.354706
v 0.178906 0.545679 -0.278467
v 0.231918 0.506762 -0.285077
v 0.196625 0.612281 -0.321270
v 0.261676 0.575468 -0.334201
v 0.211786 0.332439 -0.217916
v 0.240876 0.312082 -0.244479
v 0.231730 0.387829 -0.247751
v 0.213170 0.279595 -0.195049
v 0.245235 0.380567 -0.265762
v 0.228556 0.268961 -0.204681
v 0.194936 0.237736 -0.124030
v 0.235296 0.184070 -0.042063
v 0.196943 0.225407 -0.088972
v 0.213217 0.227214 -0.122117
v 0.218711 0.198703 -0.044969
v 0.231864 0.196615 -0.083407
v -0.253978 -0.724598 0.017463
v -0.154468 -0.709950 0.014052
v -0.223152 -0.672501 0.060610
v -0.232453 -0.809424 -0.022540
v -0.178033 -0.681543 0.067865
v -0.175600 -0.781275 -0.036655
v -0.301792 -0.622495 0.174106
v -0.271558 -0.649925 0.339126
v -0.264718 -0.656685 0.190966
v -0.321978 -0.594392 0.225216
v -0.248128 -0.684303 0.275510
v -0.307342 -0.607057 0.301701
v -0.424353 -0.816055 -0.126861
v -0.394000 -0.827868 -0.316699
v -0.372023 -0.933279 -0.142318
v -0.444189 -0.734270 -0.185719
v -0.339216 -0.939218 -0.267164
v -0.438545 -0.735517 -0.267045
v -0.432485 -0.525516 -0.063117
v -0.446230 -0.399734 -0.109936
v -0.442278 -0.539046 -0.118838
v -0.435569 -0.459422 -0.034073
v -0.446922 -0.466951 -0.143040
v -0.444244 -0.399734 -0.058572
v -0.392572 -0.502191 0.101475
v -0.406610 -0.409014 0.161771
v -0.378525 -0.504557 0.163864
v -0.413491 -0.454228 0.075455
v -0.388020 -0.462649 0.196792
v -0.415741 -0.404536 0.103962
v 0.253445 -0.724452 0.016303
v 0.154186 -0.709595 0.016278
v 0.223979 -0.672723 0.058414
v 0.228450 -0.806964 -0.023831
v 0.176657 -0.681917 0.069994
v 0.174116 -0.780972 -0.038028
v 0.302572 -0.621911 0.174222
v 0.271236 -0.649013 0.338606
v 0.264177 -0.655026 0.188620
v 0.322148 -0.592944 0.223451
v 0.245752 -0.685504 0.276701
v 0.309696 -0.606415 0.303220
v 0.422849 -0.811493 -0.123318
v 0.398876 -0.828981 -0.309072
v 0.371024 -0.930401 -0.137855
v 0.444142 -0.729217 -0.181762
v 0.346399 -0.938360 -0.257670
v 0.439198 -0.734011 -0.262265
v 0.431315 -0.525513 -0.060965
v 0.447198 -0.399846 -0.108472
v 0.443297 -0.537463 -0.116301
v 0.436736 -0.460368 -0.034257
v 0.444222 -0.466070 -0.141583
v 0.443625 -0.401551 -0.056247
v 0.391454 -0.500772 0.104478
v 0.404103 -0.410591 0.163206
v 0.375985 -0.503293 0.165376
v 0.409861 -0.454822 0.077566
v 0.388005 -0.461708 0.196722
v 0.414461 -0.405138 0.106094
v -0.124157 -0.636717 0.837432
v -0.240564 -0.853565 0.849532
v -0.088714 -0.661834 0.818723
v -0.211669 -0.657241 0.843878
v -0.130881 -0.762596 0.826935
v -0.280464 -0.758609 0.852799
v 0.129953 -0.650334 0.836182
v 0.225744 -0.910981 0.829960
v 0.095817 -0.676958 0.813565
v 0.215744 -0.677052 0.844472
v 0.128720 -0.790237 0.820770
v 0.280621 -0.800931 0.851866
v -0.000743 -0.336538 0.904788
v 0.001323 -0.208741 1.002862
v 0.064272 -0.303103 0.909777
v -0.064236 -0.302106 0.910242
v 0.066345 -0.235625 0.936820
v -0.065614 -0.235723 0.936582
v 0.180513 -0.454224 0.858260
v 0.296987 -0.385291 0.820567
v 0.240214 -0.506681 0.844220
v 0.187070 -0.378981 0.867892
v 0.301080 -0.472482 0.825163
v 0.244297 -0.343864 0.847724
v -0.179754 -0.449477 0.858701
v -0.295189 -0.386813 0.819377
v -0.237091 -0.500471 0.845347
v -0.184696 -0.377916 0.866822
v -0.300191 -0.471597 0.824664
v -0.245854 -0.344876 0.848055
v -0.047305 0.162094 0.305347
v -0.078770 0.197281 0.209901
v -0.031282 0.179584 0.255719
v -0.078732 0.161059 0.305475
v -0.047422 0.197699 0.206251
v -0.093615 0.172601 0.261399
v 0.046967 0.162820 0.305251
v 0.077748 0.196075 0.209559
v 0.030428 0.181319 0.253797
v 0.078805 0.157816 0.309412
v 0.046220 0.199075 0.206606
v 0.092921 0.174198 0.262764
v -0.000210 0.139009 0.564052
v 0.000540 0.114530 0.676712
v 0.039571 0.136232 0.587840
v -0.038828 0.136649 0.591085
v 0.043871 0.124139 0.645363
v -0.043494 0.123487 0.645843
v 0.087767 0.133633 0.455683
v 0.158232 0.115053 0.465215
v 0.110368 0.133410 0.412468
v 0.100166 0.127637 0.508462
v 0.142085 0.126497 0.414191
v 0.138884 0.117411 0.513761
v -0.087610 0.133567 0.453959
v -0.158817 0.116097 0.462027
v -0.107537 0.134924 0.409170
v -0.099887 0.128480 0.505100
v -0.143372 0.127541 0.411405
v -0.136343 0.118457 0.512568
v -0.065679 -0.296504 -0.463401
v -0.126086 -0.385795 -0.415136
v -0.049048 -0.348520 -0.448718
v -0.108352 -0.284438 -0.457406
v -0.076385 -0.393242 -0.420996
v -0.137345 -0.327775 -0.430677
v 0.064132 -0.294683 -0.460765
v 0.123519 -0.387913 -0.415150
v 0.046791 -0.347121 -0.446191
v 0.106838 -0.284671 -0.455821
v 0.076450 -0.395347 -0.419335
v 0.136677 -0.327624 -0.431788
v 0.001201 -0.041922 -0.510257
v -0.000673 0.014556 -0.576861
v 0.026305 -0.020517 -0.516405
v -0.026674 -0.021239 -0.516490
v 0.028912 0.010484 -0.548522
v -0.029268 0.010864 -0.549652
v 0.081074 -0.130235 -0.472986
v 0.135806 -0.085752 -0.445691
v 0.109043 -0.167026 -0.457990
v 0.079204 -0.075274 -0.479425
v 0.140519 -0.143883 -0.443933
v 0.106766 -0.055783 -0.470767
v -0.081395 -0.128947 -0.472638
v -0.137146 -0.085629 -0.446550
v -0.112403 -0.165929 -0.458658
v -0.081482 -0.074478 -0.480266
v -0.141693 -0.143973 -0.441623
v -0.108261 -0.053466 -0.469829
v -0.108464 0.644960 -0.798161
v -0.200778 0.747373 -0.726175
v -0.080241 0.711443 -0.771675
v -0.182345 0.628873 -0.797259
v -0.125993 0.763662 -0.734736
v -0.227244 0.685614 -0.761857
v 0.109274 0.645530 -0.797201
v 0.198759 0.747389 -0.726342
v 0.079432 0.710364 -0.771870
v 0.181458 0.628662 -0.794771
v 0.127163 0.763389 -0.733508
v 0.229077 0.684289 -0.761738
v -0.001063 0.314565 -0.932534
v -0.001527 0.170904 -0.921608
v 0.066516 0.277400 -0.943779
v -0.069001 0.277659 -0.942303
v 0.067586 0.203009 -0.939280
v -0.068815 0.204086 -0.939737
v 0.170112 0.433904 -0.888747
v 0.294712 0.367320 -0.885924
v 0.215693 0.477915 -0.852399
v 0.192659 0.362031 -0.936475
v 0.272862 0.446146 -0.844915
v 0.262493 0.325192 -0.945946
v -0.171059 0.433547 -0.888155
v -0.297551 0.367230 -0.886131
v -0.216408 0.478245 -0.852090
v -0.193224 0.361623 -0.935585
v -0.274143 0.445853 -0.845153
v -0.261538 0.326186 -0.946083
v 0.335693 0.124604 -0.287944
v 0.320747 0.171231 -0.290786
v 0.333585 0.154241 -0.330389
v 0.339237 0.119098 -0.249430
v 0.324287 0.178807 -0.334279
v 0.330183 0.139140 -0.248430
v 0.338528 -0.002986 -0.218000
v 0.363729 -0.068989 -0.184807
v 0.336987 -0.022216 -0.234499
v 0.347369 -0.012240 -0.182878
v 0.351186 -0.057753 -0.219730
v 0.363301 -0.044543 -0.164945
v 0.318210 0.035370 -0.332564
v 0.287983 0.008327 -0.364906
v 0.313093 0.007820 -0.307268
v 0.312528 0.049549 -0.378337
v 0.299561 -0.008813 -0.321212
v 0.299093 0.034495 -0.396890
v 0.334465 0.118671 -0.395870
v 0.343366 0.166863 -0.509089
v 0.335695 0.150165 -0.412574
v 0.331053 0.108821 -0.426459
v 0.340244 0.178435 -0.466675
v 0.333829 0.126733 -0.487107
v 0.345509 0.052145 -0.180924
v 0.355969 0.035996 -0.107906
v 0.346339 0.070829 -0.175020
v 0.349563 0.026473 -0.155145
v 0.349868 0.060516 -0.138279
v 0.355884 0.019016 -0.118535
v 0.350233 0.014725 0.231077
v 0.330568 0.054268 0.177997
v 0.339606 0.026857 0.246830
v 0.350571 0.022787 0.193157
v 0.328729 0.045757 0.219415
v 0.341015 0.039775 0.168185
v 0.397847 -0.094229 0.284443
v 0.409943 -0.154840 0.270174
v 0.400106 -0.125743 0.320218
v 0.398586 -0.090844 0.243302
v 0.408110 -0.160028 0.315266
v 0.404422 -0.118188 0.236390
v 0.385322 -0.089126 0.397033
v 0.390598 -0.145098 0.494589
v 0.394438 -0.123938 0.402836
v 0.378103 -0.079051 0.432452
v 0.397692 -0.154754 0.451473
v 0.378117 -0.103907 0.482886
v 0.352190 -0.007493 0.351442
v 0.320861 0.017750 0.396356
v 0.338458 0.012454 0.330424
v 0.351396 -0.021128 0.398251
v 0.325803 0.025636 0.347882
v 0.338469 -0.006520 0.423364
v 0.374866 -0.018773 0.195637
v 0.372778 -0.010881 0.121495
v 0.367892 -0.000693 0.170811
v 0.382409 -0.033771 0.185245
v 0.365121 0.003296 0.133347
v 0.382411 -0.030933 0.146019
v -0.335771 0.124432 -0.286647
v -0.320790 0.174146 -0.288280
v -0.333222 0.152272 -0.332005
v -0.337442 0.119808 -0.248551
v -0.326015 0.181662 -0.335452
v -0.328221 0.138827 -0.246953
v -0.337585 -0.001759 -0.218854
v -0.364211 -0.066469 -0.186685
v -0.335140 -0.019747 -0.234967
v -0.347251 -0.011384 -0.185890
v -0.346202 -0.054311 -0.222013
v -0.361555 -0.043303 -0.168488
v -0.318103 0.035637 -0.334118
v -0.289708 0.007251 -0.367886
v -0.310340 0.008379 -0.308823
v -0.312069 0.049270 -0.380910
v -0.299470 -0.007398 -0.323511
v -0.300032 0.034754 -0.400703
v -0.336046 0.117662 -0.400050
v -0.343763 0.166341 -0.512127
v -0.337746 0.149000 -0.412676
v -0.331831 0.108206 -0.432229
v -0.341470 0.179788 -0.466862
v -0.336426 0.125904 -0.491796
v -0.343566 0.051137 -0.183368
v -0.355813 0.035162 -0.111066
v -0.347503 0.068208 -0.179400
v -0.347883 0.027467 -0.157232
v -0.350072 0.059533 -0.140700
v -0.355562 0.019207 -0.122057
v -0.349821 0.017393 0.230113
v -0.332230 0.054159 0.179031
v -0.340878 0.030021 0.245104
v -0.348193 0.024959 0.191374
v -0.330727 0.047506 0.219403
v -0.340372 0.039526 0.167324
v -0.396763 -0.089819 0.281967
v -0.406707 -0.154406 0.270526
v -0.399538 -0.124726 0.319633
v -0.398860 -0.088804 0.242382
v -0.405438 -0.158494 0.315194
v -0.403577 -0.117944 0.233553
v -0.384092 -0.086372 0.394575
v -0.389307 -0.145331 0.494457
v -0.394309 -0.119886 0.402506
v -0.377555 -0.074950 0.431956
v -0.396803 -0.154426 0.451778
v -0.377068 -0.100748 0.482672
v -0.350044 -0.006038 0.352950
v -0.324033 0.020832 0.398945
v -0.339177 0.015598 0.329727
v -0.350140 -0.018721 0.395112
v -0.325941 0.027300 0.348807
v -0.337777 -0.006622 0.424271
v -0.373285 -0.019348 0.195010
v -0.371764 -0.006027 0.119256
v -0.363735 0.001764 0.169195
v -0.379352 -0.034879 0.185133
v -0.364224 0.005321 0.132827
v -0.380264 -0.027977 0.146480
v -0.032693 0.362787 -0.165402
v -0.053617 0.275288 -0.118789
v -0.054454 0.351340 -0.164468
v -0.064267 0.302722 -0.145189
v -0.021106 0.318696 -0.153659
v -0.030939 0.277993 -0.124568
v -0.066109 0.691606 -0.300104
v -0.147299 0.777579 -0.399768
v -0.105021 0.666369 -0.298600
v -0.140447 0.701470 -0.342805
v -0.056186 0.749297 -0.348873
v -0.100796 0.796716 -0.403489
v 0.029741 0.365036 -0.160945
v 0.050188 0.273479 -0.117640
v 0.050878 0.355183 -0.158400
v 0.058692 0.303402 -0.145105
v 0.018528 0.316345 -0.152226
v 0.028604 0.278331 -0.125048
v 0.060156 0.692661 -0.299200
v 0.147912 0.776459 -0.399352
v 0.098049 0.665518 -0.298796
v 0.134116 0.702002 -0.342573
v 0.053209 0.752129 -0.348057
v 0.098116 0.796354 -0.404099
v -0.197550 0.200652 0.079988
v -0.244050 0.162314 0.086613
v -0.198032 0.204003 0.032295
v -0.220831 0.183116 0.037947
v -0.218394 0.176400 0.130248
v -0.243381 0.157024 0.132771
v -0.027929 0.243905 0.043006
v 0.026943 0.244597 0.042529
v -0.016619 0.233272 0.098908
v 0.013225 0.232826 0.097264
v -0.012669 0.253962 -0.015770
v 0.012013 0.254716 -0.016454
v -0.172644 0.173416 0.220842
v -0.206784 0.125189 0.315878
v -0.159850 0.158144 0.267498
v -0.177547 0.135088 0.317067
v -0.201549 0.162024 0.221353
v -0.218066 0.133446 0.266704
v -0.550418 0.700573 -0.413940
v -0.301634 0.495193 -0.385995
v -0.379340 0.597108 -0.383808
v -0.306088 0.518077 -0.365239
v -0.499162 0.606372 -0.447260
v -0.349813 0.528382 -0.437860
v -0.115404 0.873494 -0.567322
v 0.116579 0.873909 -0.567909
v -0.051281 0.840527 -0.627492
v 0.051364 0.840727 -0.627491
v -0.066776 0.853659 -0.519214
v 0.066873 0.853250 -0.518135
v -0.343004 0.626128 -0.638148
v -0.336001 0.472637 -0.688137
v -0.311378 0.598321 -0.703897
v -0.319360 0.521577 -0.730672
v -0.367590 0.577589 -0.603158
v -0.347134 0.500338 -0.623521
v -0.281228 0.172026 -0.136725
v -0.285978 0.140810 -0.048990
v -0.263507 0.186718 -0.131055
v -0.268483 0.168852 -0.087640
v -0.298206 0.141941 -0.096992
v -0.301499 0.127975 -0.052299
v -0.320986 0.320947 -0.424490
v -0.340631 0.318465 -0.532072
v -0.327959 0.269150 -0.427923
v -0.335530 0.269577 -0.480003
v -0.331878 0.384586 -0.471449
v -0.341419 0.383811 -0.527093
v -0.320879 0.132257 -0.156352
v -0.343413 0.081515 -0.085948
v -0.333607 0.117276 -0.162957
v -0.341969 0.091547 -0.125704
v -0.323383 0.121279 -0.111065
v -0.335471 0.094886 -0.076923
v -0.291696 0.092728 0.209349
v -0.283399 0.082033 0.298397
v -0.302188 0.073115 0.244744
v -0.300147 0.066565 0.288494
v -0.272844 0.107395 0.215454
v -0.268547 0.102472 0.259721
v -0.328848 0.075623 0.057240
v -0.346276 0.049889 0.037513
v -0.339158 0.055446 0.085685
v -0.346476 0.043538 0.075680
v -0.328479 0.081935 0.017691
v -0.337102 0.073715 0.006570
v 0.197385 0.203751 0.079901
v 0.240285 0.163368 0.085728
v 0.199048 0.204275 0.033987
v 0.220424 0.183678 0.037918
v 0.218752 0.178961 0.130189
v 0.241223 0.158030 0.129372
v 0.171981 0.174674 0.220001
v 0.205285 0.125251 0.316200
v 0.158284 0.159350 0.264872
v 0.174352 0.138150 0.315704
v 0.200008 0.159322 0.221929
v 0.217612 0.133646 0.269196
v 0.549684 0.703285 -0.412613
v 0.305019 0.489822 -0.388921
v 0.375267 0.595967 -0.382173
v 0.304442 0.514662 -0.363840
v 0.498425 0.604994 -0.448267
v 0.347725 0.526840 -0.438592
v 0.342142 0.627646 -0.640882
v 0.336763 0.472734 -0.686108
v 0.310830 0.598330 -0.700303
v 0.318106 0.521461 -0.728292
v 0.366804 0.577998 -0.602037
v 0.344140 0.500185 -0.620691
v 0.277173 0.176312 -0.138798
v 0.284340 0.143928 -0.047864
v 0.261019 0.190205 -0.133419
v 0.265426 0.171196 -0.088253
v 0.295485 0.145488 -0.098212
v 0.298455 0.129675 -0.054654
v 0.323172 0.322824 -0.422504
v 0.343812 0.319288 -0.532208
v 0.327308 0.269581 -0.428488
v 0.336403 0.269180 -0.480541
v 0.330301 0.386025 -0.472583
v 0.339335 0.384812 -0.528594
v 0.321077 0.130907 -0.157455
v 0.342960 0.081975 -0.082941
v 0.332100 0.118097 -0.161785
v 0.343803 0.091585 -0.124434
v 0.320027 0.116522 -0.112210
v 0.333361 0.093742 -0.075959
v 0.291395 0.091889 0.211241
v 0.280636 0.082637 0.299260
v 0.303103 0.072499 0.244656
v 0.298984 0.067750 0.288366
v 0.272393 0.108307 0.217801
v 0.265745 0.102961 0.263084
v 0.329673 0.072317 0.057075
v 0.346038 0.051221 0.037671
v 0.339563 0.052385 0.086405
v 0.346676 0.044314 0.077560
v 0.327738 0.082290 0.018195
v 0.337424 0.070960 0.009011
v -0.079052 -0.675586 0.227760
v -0.134949 -0.694510 0.384830
v -0.129036 -0.677773 0.224316
v -0.155156 -0.684799 0.300977
v -0.054749 -0.682271 0.306749
v -0.084407 -0.697001 0.383151
v -0.087943 -0.672769 -0.167764
v -0.140433 -0.727977 -0.291970
v -0.120213 -0.773821 -0.181000
v -0.134709 -0.827395 -0.271292
v -0.063982 -0.633603 -0.210582
v -0.088845 -0.654556 -0.263973
v 0.078901 -0.676176 0.231108
v 0.135050 -0.692659 0.384581
v 0.130434 -0.678683 0.226922
v 0.155437 -0.683240 0.301229
v 0.054435 -0.680464 0.308042
v 0.083413 -0.690996 0.386762
v 0.090326 -0.679646 -0.166624
v 0.146231 -0.745358 -0.294878
v 0.120170 -0.782081 -0.181824
v 0.140682 -0.844035 -0.274016
v 0.069069 -0.637701 -0.211925
v 0.094934 -0.664646 -0.265134
v -0.357885 -0.572437 0.453625
v -0.386813 -0.444002 0.354526
v -0.354954 -0.546380 0.376210
v -0.373624 -0.487270 0.332771
v -0.376157 -0.529816 0.473475
v -0.388430 -0.459991 0.421239
v -0.082303 -0.749213 0.600309
v 0.082650 -0.746894 0.598604
v -0.057141 -0.687337 0.662996
v 0.057301 -0.690920 0.662124
v -0.034123 -0.719180 0.527635
v 0.035531 -0.716856 0.527312
v -0.395389 -0.668877 0.682810
v -0.392220 -0.485050 0.690181
v -0.389433 -0.665138 0.761144
v -0.386002 -0.559808 0.753895
v -0.393382 -0.571610 0.619178
v -0.396624 -0.494479 0.625440
v -0.391568 -0.475693 -0.323116
v -0.412348 -0.362603 -0.253881
v -0.425911 -0.513296 -0.290694
v -0.428032 -0.445734 -0.247729
v -0.376279 -0.384778 -0.322859
v -0.392822 -0.333715 -0.293067
v -0.060949 -0.537483 -0.349915
v 0.060573 -0.543292 -0.348801
v -0.029984 -0.491821 -0.373621
v 0.028789 -0.493804 -0.372030
v -0.030857 -0.574877 -0.320693
v 0.031907 -0.575294 -0.320722
v -0.256561 -0.334340 -0.383666
v -0.241855 -0.196071 -0.386133
v -0.219251 -0.287977 -0.403748
v -0.213390 -0.222128 -0.405197
v -0.293003 -0.302374 -0.367154
v -0.281060 -0.233189 -0.368339
v -0.444655 -0.236132 -0.021598
v -0.432044 -0.254634 0.075008
v -0.444524 -0.289518 0.000137
v -0.435880 -0.298881 0.051004
v -0.437055 -0.194669 0.004767
v -0.434961 -0.201749 0.048428
v -0.360481 -0.159772 -0.265986
v -0.303277 -0.112828 -0.318158
v -0.338228 -0.107674 -0.268594
v -0.313137 -0.086165 -0.295536
v -0.353889 -0.194266 -0.294614
v -0.322480 -0.168912 -0.320696
v -0.401963 -0.098091 -0.074340
v -0.383271 -0.046883 -0.034876
v -0.384294 -0.062909 -0.092730
v -0.375974 -0.037592 -0.075108
v -0.408077 -0.108978 -0.034883
v -0.399162 -0.080141 -0.015672
v -0.407826 -0.296809 0.398073
v -0.406220 -0.297719 0.509925
v -0.407971 -0.249371 0.404478
v -0.405012 -0.249396 0.455945
v -0.405078 -0.354947 0.446971
v -0.404358 -0.357337 0.508201
v -0.413166 -0.137330 0.134438
v -0.395432 -0.068817 0.083338
v -0.406388 -0.105236 0.149506
v -0.396349 -0.072520 0.123016
v -0.414374 -0.131589 0.090010
v -0.404342 -0.094300 0.064947
v 0.354927 -0.572005 0.450542
v 0.385492 -0.445287 0.355178
v 0.353416 -0.545249 0.377439
v 0.374152 -0.485749 0.330520
v 0.373779 -0.529133 0.471715
v 0.385766 -0.458699 0.423602
v 0.393945 -0.668159 0.674433
v 0.393536 -0.485854 0.686791
v 0.393310 -0.669313 0.752854
v 0.387610 -0.558562 0.750841
v 0.396636 -0.572438 0.612812
v 0.396568 -0.491781 0.622628
v 0.390885 -0.476859 -0.324609
v 0.415952 -0.361177 -0.255328
v 0.424535 -0.513002 -0.289754
v 0.431061 -0.445423 -0.247296
v 0.375230 -0.384825 -0.323471
v 0.392074 -0.335266 -0.292622
v 0.258892 -0.333582 -0.384165
v 0.242429 -0.196575 -0.386279
v 0.217890 -0.288214 -0.404229
v 0.212507 -0.222234 -0.406259
v 0.294960 -0.304666 -0.367669
v 0.282639 -0.232958 -0.367938
v 0.445623 -0.236594 -0.019987
v 0.433815 -0.253275 0.076531
v 0.443984 -0.293031 0.000142
v 0.436353 -0.299932 0.051140
v 0.434647 -0.196130 0.004329
v 0.432473 -0.204737 0.051383
v 0.362067 -0.159472 -0.264343
v 0.301745 -0.113423 -0.319956
v 0.340769 -0.109062 -0.266492
v 0.315522 -0.088687 -0.294397
v 0.354372 -0.196830 -0.292551
v 0.322472 -0.169829 -0.319334
v 0.402840 -0.102993 -0.075363
v 0.386311 -0.049347 -0.034638
v 0.385690 -0.065153 -0.090837
v 0.379969 -0.040791 -0.070613
v 0.415239 -0.109206 -0.032838
v 0.400358 -0.082903 -0.015769
v 0.406388 -0.298351 0.396112
v 0.403177 -0.298542 0.509314
v 0.408281 -0.249826 0.402944
v 0.405986 -0.248831 0.456912
v 0.403433 -0.354558 0.447702
v 0.403370 -0.356402 0.507181
v 0.412820 -0.139646 0.134961
v 0.395849 -0.071148 0.082788
v 0.407086 -0.110542 0.151000
v 0.400750 -0.078171 0.122588
v 0.415250 -0.131857 0.091660
v 0.407285 -0.096462 0.067807
v 0.185794 -0.092189 0.848855
v 0.292158 -0.159426 0.800390
v 0.190092 -0.158569 0.870973
v 0.248056 -0.193384 0.845829
v 0.231994 -0.064854 0.799975
v 0.279219 -0.096432 0.775523
v -0.185008 -0.093556 0.850426
v -0.291713 -0.161887 0.800924
v -0.188718 -0.161080 0.871868
v -0.247674 -0.195234 0.846504
v -0.230422 -0.065408 0.801523
v -0.280325 -0.098269 0.777609
v 0.153123 0.059193 0.723664
v 0.210379 0.067716 0.613757
v 0.140509 0.089823 0.671730
v 0.169158 0.089107 0.618000
v 0.202069 0.031969 0.719229
v 0.228783 0.038720 0.659795
v -0.153138 0.059976 0.724004
v -0.208840 0.066072 0.612160
v -0.138390 0.090823 0.672090
v -0.168171 0.089577 0.618095
v -0.202144 0.031393 0.718945
v -0.228755 0.038057 0.660900
v 0.347601 -0.085201 0.617266
v 0.309373 -0.009293 0.557641
v 0.351728 -0.067034 0.556186
v 0.331666 -0.031281 0.531006
v 0.320272 -0.058149 0.652711
v 0.300766 -0.016061 0.619402
v -0.345707 -0.087086 0.618359
v -0.306526 -0.008463 0.558408
v -0.349815 -0.065444 0.558952
v -0.332907 -0.029758 0.531138
v -0.318922 -0.057437 0.651736
v -0.301693 -0.016576 0.621081
v 0.113522 0.011048 -0.644732
v 0.159855 0.010652 -0.540249
v 0.097963 0.013185 -0.580254
v 0.122518 0.012711 -0.535362
v 0.159756 0.013496 -0.661760
v 0.182588 0.019338 -0.599858
v -0.113479 0.008527 -0.650319
v -0.160888 0.014809 -0.542132
v -0.098610 0.012786 -0.585644
v -0.120984 0.011799 -0.536292
v -0.161026 0.011744 -0.665445
v -0.181918 0.020070 -0.603851
v 0.177944 0.046660 -0.880726
v 0.318024 0.112340 -0.893390
v 0.198691 0.105391 -0.944812
v 0.270235 0.147771 -0.953111
v 0.220349 0.029239 -0.819518
v 0.285595 0.055203 -0.824147
v -0.179487 0.049211 -0.884376
v -0.316525 0.111988 -0.894326
v -0.200461 0.106822 -0.946012
v -0.271442 0.149168 -0.953094
v -0.221225 0.030386 -0.824186
v -0.285565 0.057084 -0.825736
v 0.267094 0.039769 -0.528612
v 0.321494 0.092737 -0.629273
v 0.290730 0.057406 -0.511337
v 0.315507 0.085343 -0.554000
v 0.261200 0.043443 -0.594077
v 0.292316 0.064728 -0.653650
v -0.267497 0.040652 -0.531614
v -0.318346 0.091946 -0.632349
v -0.291377 0.057276 -0.513875
v -0.316674 0.084359 -0.557021
v -0.262690 0.043740 -0.598774
v -0.293939 0.063184 -0.658995
v -0.144968 0.351552 -0.181254
v -0.164537 0.424775 -0.216993
v -0.130763 0.381728 -0.176771
v -0.152620 0.466780 -0.210637
v -0.166795 0.284459 -0.164239
v -0.131475 0.326129 -0.167889
v -0.160302 0.266145 -0.138268
v -0.192516 0.388588 -0.229482
v -0.172522 0.485228 -0.242596
v -0.207748 0.444523 -0.260518
v -0.188546 0.300409 -0.189841
v -0.213978 0.392069 -0.246836
v -0.202848 0.291051 -0.196361
v -0.180237 0.251430 -0.129217
v -0.197713 0.259720 -0.161369
v 0.138812 0.350037 -0.184154
v 0.159115 0.422985 -0.218549
v 0.122944 0.382361 -0.183313
v 0.141779 0.463527 -0.220131
v 0.162716 0.286249 -0.161345
v 0.127028 0.326379 -0.168746
v 0.156628 0.264700 -0.135949
v 0.191465 0.388140 -0.222280
v 0.167309 0.481018 -0.243751
v 0.209530 0.442483 -0.246640
v 0.183743 0.298971 -0.183317
v 0.213021 0.390545 -0.231610
v 0.199806 0.291310 -0.187293
v 0.175572 0.251719 -0.127069
v 0.195064 0.258272 -0.156782
v -0.311792 -0.648873 0.055966
v -0.348789 -0.738347 -0.017311
v -0.269113 -0.662759 0.056721
v -0.298713 -0.789986 -0.013114
v -0.356184 -0.585055 0.091274
v -0.284693 -0.643770 0.117145
v -0.337219 -0.585032 0.152651
v -0.408678 -0.651594 -0.051606
v -0.368327 -0.840422 -0.047841
v -0.432781 -0.699216 -0.110940
v -0.399595 -0.557127 0.016956
v -0.430156 -0.604550 -0.087978
v -0.419925 -0.512350 -0.008082
v -0.367979 -0.544502 0.128189
v -0.408362 -0.504660 0.044127
v 0.311620 -0.646631 0.056684
v 0.347639 -0.734073 -0.017117
v 0.267478 -0.662282 0.055517
v 0.296451 -0.790516 -0.013682
v 0.354326 -0.583340 0.090850
v 0.285903 -0.644384 0.116976
v 0.335164 -0.585538 0.152903
v 0.408546 -0.648731 -0.050136
v 0.368030 -0.838174 -0.044647
v 0.427530 -0.693116 -0.106311
v 0.398277 -0.558829 0.018649
v 0.431790 -0.602716 -0.087175
v 0.419770 -0.513665 -0.005423
v 0.365437 -0.544421 0.129514
v 0.404861 -0.505973 0.048384
v 0.003747 -0.579254 0.842490
v -0.098048 -0.529604 0.852567
v -0.038642 -0.615423 0.827466
v -0.152000 -0.583101 0.847689
v 0.102494 -0.535285 0.853973
v 0.046917 -0.621297 0.828109
v 0.155843 -0.594837 0.846106
v 0.059549 -0.433108 0.876143
v -0.056798 -0.431960 0.875865
v 0.063700 -0.369695 0.891940
v -0.059922 -0.370206 0.889589
v 0.171982 -0.524623 0.852652
v 0.121666 -0.409713 0.875745
v -0.168014 -0.520558 0.852706
v -0.120097 -0.406615 0.874516
v 0.000201 0.152498 0.346511
v -0.043616 0.143297 0.394909
v -0.016421 0.164914 0.300722
v -0.060837 0.150347 0.352641
v 0.043001 0.141941 0.395627
v 0.014932 0.164019 0.303020
v 0.062041 0.147675 0.353649
v 0.029021 0.141551 0.479190
v -0.029222 0.140298 0.481397
v 0.034124 0.140551 0.533288
v -0.034379 0.140441 0.533675
v 0.076335 0.140323 0.403269
v 0.062546 0.136240 0.495759
v -0.074720 0.140812 0.403353
v -0.063724 0.136855 0.496477
v -0.000512 -0.253038 -0.476798
v -0.048146 -0.198757 -0.476820
v -0.021492 -0.300183 -0.464457
v -0.076425 -0.239615 -0.467533
v 0.045822 -0.199935 -0.477425
v 0.020022 -0.298757 -0.464077
v 0.074663 -0.241097 -0.470069
v 0.025258 -0.119318 -0.490375
v -0.025291 -0.116929 -0.489510
v 0.026395 -0.068230 -0.499093
v -0.026565 -0.068805 -0.500982
v 0.078676 -0.183296 -0.470363
v 0.052420 -0.097485 -0.486964
v -0.080707 -0.185232 -0.469674
v -0.052176 -0.093115 -0.486471
v -0.002201 0.595629 -0.824108
v -0.089918 0.527400 -0.849680
v -0.034747 0.654227 -0.798440
v -0.133472 0.578256 -0.824631
v 0.089829 0.527627 -0.849958
v 0.037560 0.651968 -0.801034
v 0.135590 0.577892 -0.823647
v 0.055533 0.420675 -0.897571
v -0.057119 0.421569 -0.897141
v 0.062958 0.352230 -0.924964
v -0.062859 0.351750 -0.923336
v 0.153224 0.506919 -0.851894
v 0.120407 0.391022 -0.914245
v -0.154000 0.505402 -0.853697
v -0.120606 0.392387 -0.912987
v 0.336847 0.103571 -0.317023
v 0.339249 0.080102 -0.249102
v 0.335608 0.128316 -0.323585
v 0.338443 0.099313 -0.248450
v 0.330010 0.036242 -0.272904
v 0.336821 0.043056 -0.227637
v 0.330485 0.008716 -0.252427
v 0.339503 0.016968 -0.203022
v 0.327754 0.074647 -0.330540
v 0.322481 0.021394 -0.290193
v 0.322874 0.063841 -0.355029
v 0.335850 0.125199 -0.362018
v 0.329549 0.091587 -0.374828
v 0.343094 0.076237 -0.213897
v 0.342599 0.033946 -0.191096
v 0.359631 -0.009313 0.289262
v 0.367264 -0.013783 0.242170
v 0.349896 0.010206 0.269818
v 0.359572 0.002908 0.219964
v 0.386318 -0.070060 0.322429
v 0.381857 -0.044728 0.258319
v 0.395191 -0.094604 0.322596
v 0.389610 -0.065564 0.253293
v 0.372038 -0.040459 0.343963
v 0.390176 -0.094477 0.359636
v 0.375589 -0.059413 0.385642
v 0.350226 0.002007 0.310492
v 0.361981 -0.031980 0.370566
v 0.365991 -0.008614 0.205818
v 0.382692 -0.043172 0.221939
v -0.335665 0.104554 -0.320598
v -0.340019 0.080630 -0.251522
v -0.336883 0.127091 -0.328529
v -0.338965 0.099406 -0.249161
v -0.330195 0.034891 -0.277675
v -0.337695 0.041528 -0.229011
v -0.328255 0.011085 -0.256891
v -0.339042 0.017549 -0.206655
v -0.330481 0.071671 -0.336304
v -0.320319 0.024685 -0.293316
v -0.324110 0.063039 -0.359342
v -0.337004 0.123171 -0.362816
v -0.330009 0.088743 -0.380655
v -0.344580 0.075819 -0.216475
v -0.344106 0.034641 -0.194322
v -0.358275 -0.004297 0.288947
v -0.365792 -0.009365 0.239227
v -0.349218 0.012737 0.268355
v -0.356678 0.007033 0.216893
v -0.384821 -0.066392 0.322196
v -0.380713 -0.043790 0.256699
v -0.392986 -0.095059 0.322158
v -0.390537 -0.064624 0.249889
v -0.368279 -0.038692 0.342451
v -0.389781 -0.090431 0.359002
v -0.372178 -0.056037 0.384277
v -0.349693 0.003047 0.307519
v -0.363073 -0.027642 0.369376
v -0.364759 -0.003487 0.203828
v -0.380791 -0.040003 0.219117
v -0.041029 0.472906 -0.186763
v -0.048873 0.589189 -0.224960
v -0.066370 0.457348 -0.184513
v -0.080267 0.566054 -0.222698
v 0.035220 0.477293 -0.178346
v 0.042097 0.591886 -0.218500
v 0.059131 0.465880 -0.168022
v 0.072695 0.571337 -0.216856
v -0.002322 0.423491 -0.175993
v -0.048061 0.410581 -0.175006
v -0.014090 0.368817 -0.167820
v -0.003163 0.662101 -0.254000
v -0.075346 0.629833 -0.257001
v -0.024465 0.710476 -0.296264
v 0.043511 0.414272 -0.166833
v 0.008224 0.372260 -0.165660
v 0.068029 0.629818 -0.255995
v 0.019141 0.712628 -0.293442
v -0.099175 0.254325 -0.050393
v -0.149343 0.234225 0.020160
v -0.103284 0.262262 -0.094496
v -0.151920 0.235569 -0.028043
v -0.075160 0.233567 0.103024
v -0.126473 0.210335 0.166413
v -0.061754 0.217938 0.155379
v -0.111077 0.192385 0.213362
v -0.066582 0.253260 -0.008438
v -0.076468 0.269517 -0.109560
v -0.045201 0.262510 -0.067743
v -0.171994 0.219232 0.125488
v -0.175286 0.220056 0.026931
v -0.198118 0.199845 0.130344
v -0.043341 0.233232 0.099207
v -0.038045 0.254395 -0.012228
v -0.143979 0.185724 0.216924
v -0.188535 0.189220 0.175342
v -0.227885 0.757245 -0.431857
v -0.350101 0.719442 -0.443832
v -0.213934 0.684050 -0.374434
v -0.308562 0.648763 -0.388151
v -0.211717 0.850125 -0.618744
v -0.275530 0.732212 -0.632445
v -0.167020 0.797599 -0.673598
v -0.249656 0.708903 -0.697085
v -0.257018 0.975359 -0.516472
v -0.183098 0.734168 -0.388952
v -0.163389 0.868768 -0.459399
v -0.411101 0.753726 -0.553373
v -0.403005 0.672319 -0.413557
v -0.528450 0.710417 -0.540154
v -0.150706 0.847335 -0.621984
v -0.180792 0.988680 -0.518549
v -0.298562 0.667920 -0.671918
v -0.402412 0.661350 -0.580590
v -0.274271 0.348313 -0.304102
v -0.261050 0.238817 -0.223411
v -0.263546 0.368685 -0.289581
v -0.246449 0.257018 -0.216599
v -0.304530 0.247105 -0.331293
v -0.307848 0.182609 -0.240006
v -0.313297 0.210260 -0.333382
v -0.319232 0.160800 -0.244608
v -0.301218 0.352045 -0.364798
v -0.286433 0.428152 -0.334968
v -0.310555 0.434652 -0.404491
v -0.291582 0.180110 -0.188155
v -0.260913 0.210168 -0.176193
v -0.295002 0.158568 -0.143147
v -0.316025 0.258505 -0.381454
v -0.319375 0.376000 -0.413716
v -0.320027 0.145355 -0.200747
v -0.307009 0.147691 -0.150902
v -0.262179 0.146916 0.042792
v -0.274199 0.142897 -0.002653
v -0.240652 0.172528 0.000123
v -0.254924 0.169624 -0.041445
v -0.307588 0.085682 0.158579
v -0.322553 0.077966 0.106191
v -0.319813 0.063104 0.191596
v -0.330610 0.059847 0.140208
v -0.279766 0.120139 0.127466
v -0.240700 0.165383 0.040552
v -0.261526 0.136489 0.131109
v -0.306772 0.106399 0.031974
v -0.271619 0.156222 -0.044538
v -0.302640 0.115552 -0.009719
v -0.306518 0.079780 0.200347
v -0.276871 0.112718 0.174158
v -0.331791 0.067189 0.096646
v -0.320278 0.093019 0.025972
v 0.096483 0.255125 -0.050270
v 0.147144 0.237215 0.019778
v 0.100688 0.262142 -0.095994
v 0.150126 0.237288 -0.026995
v 0.072876 0.234245 0.104241
v 0.124500 0.212022 0.164854
v 0.061056 0.216906 0.154928
v 0.108545 0.194127 0.211329
v 0.063906 0.253507 -0.008385
v 0.074661 0.268777 -0.107910
v 0.046240 0.264435 -0.067031
v 0.043177 0.233966 0.099285
v 0.036842 0.254667 -0.012913
v 0.169730 0.220689 0.125912
v 0.173642 0.220978 0.027470
v 0.197197 0.203089 0.128110
v 0.141086 0.186267 0.217502
v 0.186076 0.190714 0.173738
v 0.227985 0.757657 -0.432765
v 0.349021 0.722971 -0.441776
v 0.211991 0.682747 -0.371507
v 0.305112 0.648538 -0.383971
v 0.211439 0.848271 -0.619059
v 0.273806 0.731599 -0.632241
v 0.168794 0.798631 -0.675645
v 0.251256 0.707948 -0.697081
v 0.256305 0.975692 -0.516117
v 0.180640 0.734482 -0.388596
v 0.164073 0.869071 -0.459068
v 0.148058 0.848413 -0.621360
v 0.179847 0.989181 -0.518283
v 0.410353 0.753997 -0.551036
v 0.400869 0.673341 -0.410482
v 0.529804 0.710582 -0.539020
v 0.299012 0.669153 -0.669433
v 0.401542 0.662069 -0.581177
v 0.268044 0.342903 -0.303829
v 0.261510 0.241714 -0.222440
v 0.258849 0.366059 -0.288516
v 0.245948 0.255665 -0.215618
v 0.303601 0.245566 -0.332335
v 0.306861 0.182264 -0.240746
v 0.315126 0.214527 -0.332957
v 0.318954 0.157919 -0.245601
v 0.300278 0.351454 -0.365023
v 0.282245 0.425526 -0.334403
v 0.313589 0.433074 -0.403713
v 0.291089 0.184064 -0.190297
v 0.260939 0.211236 -0.176883
v 0.292853 0.162647 -0.145165
v 0.315365 0.262147 -0.377723
v 0.317113 0.375505 -0.415696
v 0.320898 0.145946 -0.201373
v 0.308282 0.145881 -0.151103
v 0.257108 0.149014 0.042663
v 0.272985 0.143932 -0.004420
v 0.237752 0.173081 -0.000088
v 0.251246 0.172330 -0.042331
v 0.308131 0.083822 0.157211
v 0.319495 0.077186 0.107912
v 0.319383 0.065724 0.190981
v 0.330233 0.059360 0.139034
v 0.277127 0.121296 0.127276
v 0.239688 0.166033 0.042566
v 0.258500 0.138259 0.129715
v 0.303325 0.106283 0.032362
v 0.268540 0.156305 -0.045078
v 0.301921 0.116771 -0.011776
v 0.308037 0.078005 0.202740
v 0.276254 0.114832 0.172836
v 0.331141 0.063687 0.099565
v 0.316679 0.093112 0.024507
v -0.078523 -0.670374 0.085140
v -0.080565 -0.677930 -0.046330
v -0.130979 -0.679032 0.079639
v -0.130065 -0.724103 -0.046398
v 0.078714 -0.670512 0.084832
v 0.082982 -0.681586 -0.045734
v 0.130090 -0.680344 0.079557
v 0.129303 -0.726169 -0.047673
v -0.002161 -0.667570 0.159260
v -0.103537 -0.674331 0.151652
v -0.026583 -0.671073 0.230841
v 0.000856 -0.639627 -0.103054
v -0.106562 -0.710796 -0.110859
v -0.031597 -0.627636 -0.157052
v 0.102490 -0.674734 0.153089
v 0.027195 -0.674669 0.231959
v 0.108159 -0.714750 -0.110185
v 0.035628 -0.628993 -0.159054
v -0.212869 -0.691483 0.465665
v -0.298550 -0.662103 0.479636
v -0.230675 -0.678229 0.364623
v -0.299304 -0.626189 0.389716
v -0.196736 -0.986306 0.678900
v -0.363719 -0.883074 0.718948
v -0.175820 -0.929156 0.808997
v -0.333161 -0.850661 0.811403
v -0.161363 -0.789813 0.523057
v -0.185104 -0.689474 0.380378
v -0.118046 -0.716333 0.463942
v -0.361839 -0.708493 0.576140
v -0.329787 -0.604691 0.424466
v -0.366203 -0.608372 0.526124
v -0.095097 -0.891035 0.691589
v -0.102138 -0.753106 0.528282
v -0.385627 -0.773230 0.751844
v -0.383428 -0.646099 0.603707
v -0.261422 -0.748302 -0.362081
v -0.360663 -0.627467 -0.358080
v -0.304753 -0.880626 -0.347434
v -0.407615 -0.700334 -0.328751
v -0.141917 -0.496735 -0.375352
v -0.210957 -0.427294 -0.385677
v -0.108736 -0.443436 -0.395555
v -0.172439 -0.373940 -0.407115
v -0.155839 -0.613556 -0.339567
v -0.202668 -0.823013 -0.345825
v -0.122642 -0.647729 -0.308165
v -0.304019 -0.463810 -0.361983
v -0.403366 -0.580374 -0.326009
v -0.346937 -0.429097 -0.346133
v -0.086885 -0.493932 -0.374139
v -0.092022 -0.587752 -0.327920
v -0.217825 -0.357128 -0.395395
v -0.302293 -0.379393 -0.363782
v -0.427770 -0.323737 -0.173147
v -0.438947 -0.279662 -0.095980
v -0.441342 -0.394157 -0.161219
v -0.444266 -0.338895 -0.078640
v -0.386209 -0.140549 -0.203324
v -0.399128 -0.121728 -0.138276
v -0.364536 -0.095294 -0.211633
v -0.378868 -0.080500 -0.150325
v -0.401870 -0.239763 -0.226283
v -0.429805 -0.382554 -0.208853
v -0.398431 -0.287613 -0.259771
v -0.426603 -0.179839 -0.084841
v -0.445540 -0.285483 -0.049850
v -0.437282 -0.184486 -0.042287
v -0.364246 -0.124510 -0.239036
v -0.382870 -0.218229 -0.264899
v -0.392304 -0.088166 -0.112720
v -0.419320 -0.141052 -0.058699
v -0.403328 -0.373061 0.250367
v -0.421868 -0.311364 0.156262
v -0.397033 -0.415790 0.224634
v -0.417025 -0.357088 0.132902
v -0.410692 -0.242935 0.297805
v -0.415985 -0.186025 0.212589
v -0.408552 -0.196856 0.306548
v -0.408382 -0.150672 0.224027
v -0.405440 -0.338857 0.328123
v -0.390707 -0.431859 0.288930
v -0.397032 -0.396537 0.371158
v -0.422512 -0.219825 0.145055
v -0.428300 -0.305973 0.102197
v -0.428071 -0.210839 0.097096
v -0.410097 -0.245688 0.350561
v -0.403333 -0.347501 0.387508
v -0.411996 -0.143681 0.180277
v -0.419719 -0.171671 0.116398
v 0.211293 -0.691296 0.465575
v 0.298326 -0.659641 0.476847
v 0.228354 -0.678376 0.367872
v 0.299654 -0.626894 0.388756
v 0.191408 -0.980513 0.662161
v 0.359446 -0.894025 0.699887
v 0.149466 -0.934052 0.775305
v 0.329341 -0.889308 0.793430
v 0.161144 -0.789166 0.520461
v 0.183438 -0.689706 0.381547
v 0.117540 -0.716035 0.464344
v 0.093787 -0.882137 0.683086
v 0.099943 -0.753712 0.526699
v 0.358741 -0.704046 0.568680
v 0.329000 -0.603931 0.427401
v 0.364521 -0.608269 0.522895
v 0.386259 -0.783073 0.739730
v 0.381741 -0.644175 0.598210
v 0.273381 -0.766009 -0.362706
v 0.362596 -0.633804 -0.357044
v 0.316692 -0.889827 -0.338992
v 0.411525 -0.703120 -0.326555
v 0.142265 -0.500944 -0.374282
v 0.211806 -0.428344 -0.385904
v 0.107101 -0.444114 -0.395070
v 0.171231 -0.376094 -0.404866
v 0.156981 -0.626211 -0.341039
v 0.215943 -0.854048 -0.347672
v 0.125643 -0.660333 -0.308808
v 0.086289 -0.496711 -0.374037
v 0.095094 -0.597135 -0.325966
v 0.305166 -0.465550 -0.363478
v 0.401837 -0.581108 -0.327454
v 0.345732 -0.429555 -0.346447
v 0.218593 -0.357783 -0.396683
v 0.300875 -0.379921 -0.364286
v 0.429917 -0.324520 -0.172812
v 0.438637 -0.279025 -0.094298
v 0.439516 -0.395692 -0.159491
v 0.442832 -0.340617 -0.076765
v 0.388483 -0.139412 -0.201360
v 0.397625 -0.123743 -0.138912
v 0.367427 -0.096233 -0.210781
v 0.380721 -0.083108 -0.151054
v 0.402250 -0.240975 -0.225606
v 0.432115 -0.382639 -0.209004
v 0.399610 -0.286134 -0.258444
v 0.429834 -0.180281 -0.085000
v 0.445515 -0.285848 -0.048083
v 0.436561 -0.185840 -0.038206
v 0.365903 -0.127063 -0.236099
v 0.382146 -0.219517 -0.261203
v 0.390809 -0.093686 -0.114727
v 0.420689 -0.143302 -0.058618
v 0.404370 -0.375833 0.249106
v 0.421509 -0.311830 0.158561
v 0.397004 -0.418949 0.225806
v 0.418362 -0.357842 0.131953
v 0.409853 -0.240156 0.299003
v 0.413347 -0.187834 0.212653
v 0.409313 -0.201034 0.308779
v 0.409456 -0.152353 0.226412
v 0.406709 -0.338427 0.329170
v 0.390883 -0.429239 0.290081
v 0.397081 -0.398081 0.374308
v 0.425139 -0.218457 0.147284
v 0.428770 -0.305815 0.103229
v 0.428397 -0.212145 0.097808
v 0.409287 -0.246614 0.351160
v 0.403450 -0.348421 0.387023
v 0.410723 -0.145466 0.179849
v 0.421144 -0.175239 0.118727
v 0.064611 -0.093484 0.899523
v -0.063239 -0.093863 0.900345
v 0.070418 -0.162004 0.956255
v -0.067842 -0.163002 0.955552
v 0.054033 0.070390 0.758010
v -0.053288 0.070547 0.756844
v 0.050025 0.101239 0.702304
v -0.047502 0.101360 0.702375
v 0.117906 -0.001189 0.816751
v 0.129526 -0.124981 0.896001
v 0.175857 -0.032814 0.813676
v -0.115995 -0.002181 0.817955
v -0.127836 -0.127137 0.896062
v -0.175134 -0.033011 0.814531
v 0.100524 0.081797 0.717981
v 0.166014 0.019224 0.771631
v -0.099961 0.083239 0.717469
v -0.164973 0.019946 0.773520
v 0.364355 -0.375520 0.731119
v 0.333453 -0.265487 0.768743
v 0.339332 -0.425579 0.785389
v 0.294443 -0.307025 0.814026
v 0.399645 -0.231783 0.558418
v 0.380056 -0.157247 0.597855
v 0.400067 -0.190393 0.503802
v 0.380849 -0.128230 0.538027
v 0.394963 -0.342558 0.621064
v 0.375107 -0.461961 0.739879
v 0.398870 -0.413875 0.626666
v 0.404985 -0.242271 0.509286
v 0.401876 -0.354191 0.565017
v 0.355515 -0.161504 0.703128
v 0.295257 -0.230789 0.810898
v 0.321665 -0.129823 0.742238
v 0.368086 -0.109803 0.580072
v 0.341885 -0.106868 0.680645
v -0.363297 -0.377168 0.732355
v -0.334584 -0.267455 0.770344
v -0.340852 -0.427554 0.786427
v -0.293298 -0.306845 0.815638
v -0.398967 -0.231597 0.560743
v -0.381519 -0.158569 0.597439
v -0.397884 -0.191636 0.503344
v -0.382390 -0.128341 0.539336
v -0.395937 -0.343066 0.623468
v -0.373742 -0.462589 0.743630
v -0.395624 -0.417379 0.626440
v -0.402621 -0.242124 0.508592
v -0.400989 -0.354908 0.567429
v -0.355276 -0.163785 0.705229
v -0.295737 -0.231935 0.811015
v -0.325105 -0.130307 0.746343
v -0.368380 -0.109947 0.579370
v -0.337509 -0.107191 0.680949
v 0.207600 0.104591 0.411207
v 0.208925 0.086486 0.509437
v 0.174607 0.117356 0.414314
v 0.173658 0.104638 0.513965
v 0.287854 0.057222 0.382721
v 0.299049 0.027414 0.470205
v 0.308266 0.041423 0.366551
v 0.319465 0.011424 0.447558
v 0.250803 0.090946 0.354968
v 0.190504 0.120600 0.364368
v 0.233911 0.110530 0.313791
v 0.294660 0.060937 0.334074
v 0.257797 0.096767 0.307182
v 0.259089 0.043032 0.541189
v 0.193602 0.088209 0.565065
v 0.244670 0.039467 0.599443
v 0.315057 0.000745 0.500775
v 0.278410 0.015099 0.581644
v -0.208249 0.103090 0.411594
v -0.212197 0.087545 0.511596
v -0.175792 0.116119 0.414505
v -0.173100 0.103677 0.513643
v -0.290267 0.056622 0.383071
v -0.298956 0.027369 0.468495
v -0.308721 0.042143 0.368856
v -0.321420 0.011596 0.448829
v -0.251843 0.092042 0.358939
v -0.194291 0.119898 0.365140
v -0.234331 0.112415 0.311071
v -0.294659 0.063859 0.336502
v -0.260420 0.097776 0.308166
v -0.258437 0.042450 0.543064
v -0.192342 0.088655 0.563303
v -0.247540 0.042097 0.602000
v -0.315468 0.002061 0.502960
v -0.280277 0.016670 0.582790
v 0.036816 0.008741 -0.665871
v -0.039415 0.011482 -0.666278
v 0.031371 0.012174 -0.601823
v -0.033216 0.015180 -0.602274
v 0.057807 0.074088 -0.863318
v -0.059480 0.075874 -0.864292
v 0.063175 0.133634 -0.910229
v -0.064655 0.134962 -0.911761
v 0.092123 -0.002672 -0.772935
v 0.068949 0.008857 -0.625773
v 0.132866 0.003751 -0.720225
v -0.096915 0.000595 -0.774131
v -0.070845 0.010844 -0.627161
v -0.134648 -0.001218 -0.724476
v 0.123469 0.092019 -0.897949
v 0.152185 0.010848 -0.802173
v -0.124839 0.093787 -0.900455
v -0.156607 0.011598 -0.805331
v 0.194436 -0.101268 -0.405574
v 0.163393 -0.019568 -0.448124
v 0.168374 -0.123024 -0.425639
v 0.134069 -0.035258 -0.455825
v 0.262887 -0.037925 -0.351956
v 0.254900 0.007809 -0.425476
v 0.284087 -0.022846 -0.335466
v 0.279363 0.019812 -0.412777
v 0.252294 -0.109626 -0.365747
v 0.203999 -0.159488 -0.405238
v 0.269606 -0.168737 -0.366811
v 0.288327 -0.064435 -0.321484
v 0.287618 -0.138920 -0.343787
v 0.211880 0.010757 -0.483564
v 0.142925 -0.002432 -0.488443
v 0.199201 0.016451 -0.542535
v 0.272920 0.031639 -0.466947
v 0.235176 0.024681 -0.539567
v -0.194835 -0.099360 -0.406877
v -0.164446 -0.017935 -0.448035
v -0.169520 -0.122105 -0.424815
v -0.134864 -0.033414 -0.459173
v -0.261303 -0.040552 -0.352258
v -0.256133 0.006860 -0.427398
v -0.280873 -0.023808 -0.338676
v -0.278836 0.022980 -0.414202
v -0.251945 -0.110522 -0.364476
v -0.205226 -0.158534 -0.403978
v -0.267565 -0.168309 -0.364023
v -0.287111 -0.063979 -0.323731
v -0.286374 -0.141904 -0.344994
v -0.212521 0.012338 -0.490064
v -0.143907 0.000735 -0.491588
v -0.198308 0.019361 -0.544938
v -0.273130 0.033299 -0.469152
v -0.234787 0.026208 -0.542354
v 0.351874 0.368515 -0.779547
v 0.368849 0.241820 -0.879348
v 0.318605 0.410293 -0.821815
v 0.324618 0.284061 -0.929474
v 0.353769 0.245026 -0.588043
v 0.351988 0.165076 -0.627047
v 0.347058 0.211001 -0.526402
v 0.342265 0.143838 -0.553494
v 0.354031 0.349964 -0.651009
v 0.329228 0.443383 -0.752239
v 0.345324 0.424204 -0.638614
v 0.346406 0.261733 -0.530630
v 0.346076 0.371503 -0.586768
v 0.369423 0.137865 -0.771833
v 0.334024 0.194501 -0.935561
v 0.337806 0.092971 -0.810737
v 0.339075 0.119734 -0.593812
v 0.327969 0.095728 -0.714597
v -0.351729 0.366035 -0.781595
v -0.368839 0.241705 -0.881034
v -0.319745 0.407884 -0.821753
v -0.324753 0.284004 -0.929187
v -0.353252 0.242589 -0.589073
v -0.350950 0.165340 -0.628805
v -0.346227 0.208199 -0.526684
v -0.341568 0.146926 -0.556856
v -0.351446 0.350028 -0.651835
v -0.328882 0.442440 -0.754381
v -0.344623 0.424434 -0.641165
v -0.345315 0.260326 -0.532028
v -0.345577 0.369713 -0.587702
v -0.369779 0.139319 -0.774011
v -0.333029 0.194035 -0.935190
v -0.338241 0.094389 -0.815022
v -0.334381 0.119215 -0.597200
v -0.328569 0.095400 -0.716231
v 0.355647 0.042680 -0.060825
v 0.368416 0.002068 -0.042530
v 0.353266 0.051262 -0.099036
v 0.361301 0.010356 -0.076446
v 0.361716 0.016459 0.056539
v 0.378912 -0.020942 0.071790
v 0.362768 0.010258 0.094644
v 0.380220 -0.027729 0.107690
v 0.353194 0.046186 -0.011082
v 0.347755 0.067935 -0.091242
v 0.343930 0.070015 -0.041317
v 0.354213 0.030442 0.065544
v 0.347793 0.059720 -0.001277
v 0.381533 -0.034209 0.020279
v 0.372099 -0.019448 -0.052238
v 0.393747 -0.052411 0.009740
v 0.391015 -0.047157 0.097780
v 0.394847 -0.063484 0.043325
v -0.356412 0.044198 -0.061353
v -0.368900 0.000860 -0.045312
v -0.355138 0.052176 -0.100118
v -0.362553 0.012238 -0.082736
v -0.360729 0.022608 0.056134
v -0.377521 -0.017762 0.068906
v -0.361537 0.011604 0.094244
v -0.380190 -0.024605 0.107627
v -0.353094 0.048659 -0.013471
v -0.350092 0.067584 -0.092582
v -0.344679 0.073113 -0.043174
v -0.353503 0.033227 0.065606
v -0.346715 0.060254 -0.004972
v -0.382079 -0.031524 0.017677
v -0.370773 -0.015535 -0.058790
v -0.388901 -0.054246 0.002972
v -0.385929 -0.045035 0.096731
v -0.393792 -0.063395 0.041886
v -0.092944 0.376695 -0.167961
v -0.098130 0.319372 -0.155936
v -0.133051 0.570101 -0.246768
v -0.164214 0.592440 -0.286178
v -0.076838 0.338176 -0.158899
v -0.135260 0.632278 -0.292200
v -0.176408 0.227033 -0.057837
v -0.199495 0.213200 -0.051836
v -0.197857 0.205065 -0.008543
v -0.264925 0.516746 -0.319511
v -0.259067 0.451881 -0.298360
v -0.294303 0.521732 -0.345066
v -0.232197 0.237388 -0.165541
v -0.233565 0.214687 -0.124631
v -0.249228 0.201604 -0.127333
v 0.087343 0.378063 -0.164747
v 0.094222 0.320868 -0.156544
v 0.126674 0.565549 -0.253441
v 0.156200 0.590647 -0.289636
v 0.073098 0.340580 -0.159099
v 0.131667 0.632331 -0.296696
v 0.174579 0.229255 -0.059618
v 0.196754 0.215121 -0.049277
v 0.198725 0.209458 -0.008761
v 0.261849 0.514907 -0.311871
v 0.257217 0.448650 -0.288481
v 0.287932 0.519326 -0.340279
v 0.227218 0.235524 -0.161983
v 0.228354 0.214303 -0.122640
v 0.245605 0.202831 -0.125472
v -0.200662 -0.676676 0.136395
v -0.224250 -0.682922 0.203901
v -0.186319 -0.909720 -0.073066
v -0.254199 -0.985643 -0.173126
v -0.178453 -0.680534 0.216701
v -0.139699 -0.920485 -0.192705
v -0.339650 -0.561225 0.266197
v -0.365778 -0.512085 0.229178
v -0.356883 -0.526006 0.303214
v -0.446211 -0.635143 -0.219347
v -0.448389 -0.545730 -0.180124
v -0.440086 -0.537909 -0.236522
v -0.437583 -0.401407 -0.004329
v -0.425391 -0.401975 0.049926
v -0.437479 -0.346380 0.023488
v 0.200148 -0.675904 0.136863
v 0.223381 -0.683992 0.205112
v 0.180571 -0.905214 -0.074983
v 0.253790 -0.984208 -0.165983
v 0.175722 -0.681525 0.218627
v 0.140697 -0.922637 -0.196796
v 0.340135 -0.561426 0.265745
v 0.366224 -0.512053 0.231440
v 0.356820 -0.524002 0.301849
v 0.448561 -0.633243 -0.218324
v 0.443919 -0.542822 -0.177460
v 0.441857 -0.536830 -0.235501
v 0.438239 -0.401883 -0.002874
v 0.426973 -0.402086 0.050916
v 0.437886 -0.348607 0.023161
v -0.046356 -0.645314 0.771960
v 0.058115 -0.656480 0.769786
v -0.296720 -0.658028 0.844141
v -0.301282 -0.560211 0.832459
v 0.003856 -0.611675 0.706662
v -0.355320 -0.621701 0.809765
v 0.300140 -0.677668 0.845582
v 0.305624 -0.569786 0.832708
v 0.359909 -0.628397 0.805204
v 0.129927 -0.268104 0.901977
v 0.188987 -0.304812 0.874225
v -0.128180 -0.269026 0.901020
v -0.189585 -0.304777 0.875516
v 0.193060 -0.229603 0.879764
v -0.191123 -0.232630 0.878499
v -0.016390 0.198467 0.203922
v 0.013985 0.200518 0.204641
v -0.111430 0.154287 0.312787
v -0.127073 0.138941 0.364305
v 0.000143 0.215689 0.151685
v -0.144353 0.145391 0.315905
v 0.110196 0.155114 0.312719
v 0.126284 0.138265 0.363591
v 0.142656 0.148548 0.313040
v 0.080605 0.125025 0.606479
v 0.113304 0.121077 0.560690
v -0.081058 0.125038 0.608568
v -0.111869 0.122017 0.561026
v 0.125025 0.109690 0.616285
v -0.125798 0.111535 0.619788
v -0.027689 -0.398193 -0.424320
v 0.024324 -0.397086 -0.423438
v -0.144547 -0.266164 -0.438470
v -0.143880 -0.205343 -0.440770
v -0.001883 -0.444410 -0.398502
v -0.180570 -0.245930 -0.422027
v 0.142932 -0.266460 -0.438427
v 0.142926 -0.202377 -0.441589
v 0.178678 -0.245153 -0.425067
v 0.054186 -0.003069 -0.522452
v 0.079990 -0.025568 -0.495631
v -0.055775 -0.001696 -0.522823
v -0.081409 -0.025586 -0.495811
v 0.086763 0.009121 -0.528656
v -0.086938 0.009228 -0.527238
v -0.043761 0.772076 -0.741645
v 0.044769 0.773200 -0.740961
v -0.244505 0.610417 -0.789600
v -0.257329 0.527486 -0.815800
v 0.000617 0.820961 -0.692306
v -0.290291 0.571376 -0.769499
v 0.247666 0.609915 -0.790327
v 0.257280 0.528984 -0.816176
v 0.291467 0.571917 -0.768684
v 0.138329 0.237093 -0.960413
v 0.213769 0.280527 -0.986444
v -0.140002 0.238684 -0.963988
v -0.209606 0.283005 -0.985925
v 0.213505 0.189545 -0.987042
v -0.213388 0.191134 -0.987799
v 0.329184 0.186420 -0.376881
v 0.335075 0.185527 -0.421328
v 0.338536 0.112029 -0.208420
v 0.345002 0.085434 -0.172095
v 0.331313 0.226832 -0.426674
v 0.339955 0.103343 -0.166886
v 0.332273 -0.043391 -0.252669
v 0.313375 -0.023779 -0.285566
v 0.358860 -0.022883 -0.145472
v 0.355390 -0.001908 -0.128558
v 0.323540 -0.060690 -0.272074
v 0.368410 -0.031587 -0.109657
v 0.310520 0.062457 -0.428292
v 0.322267 0.094064 -0.458604
v 0.310616 0.075552 -0.487862
v 0.330318 0.038664 0.262236
v 0.327886 0.031326 0.304619
v 0.350344 0.028838 0.155708
v 0.356557 0.015068 0.142575
v 0.317693 0.052442 0.275740
v 0.349521 0.036897 0.116257
v 0.405609 -0.162283 0.361463
v 0.401104 -0.161580 0.406468
v 0.398628 -0.084870 0.205624
v 0.391545 -0.056015 0.175617
v 0.405549 -0.203602 0.407828
v 0.401503 -0.079385 0.165279
v 0.367701 -0.066237 0.468702
v 0.353101 -0.034352 0.445267
v 0.351829 -0.050822 0.499344
v -0.330619 0.186384 -0.380483
v -0.335557 0.185912 -0.424072
v -0.338362 0.111269 -0.210998
v -0.345059 0.084850 -0.173714
v -0.332381 0.223912 -0.428774
v -0.340394 0.101763 -0.167136
v -0.328942 -0.040275 -0.254432
v -0.313276 -0.023584 -0.288279
v -0.356732 -0.021199 -0.147532
v -0.355848 0.001595 -0.131453
v -0.321270 -0.062745 -0.273896
v -0.368835 -0.028663 -0.111318
v -0.311019 0.062074 -0.433651
v -0.321287 0.093233 -0.461336
v -0.309800 0.075940 -0.490470
v -0.328651 0.041410 0.260965
v -0.327115 0.033223 0.305515
v -0.348248 0.029938 0.153767
v -0.355493 0.020342 0.142097
v -0.315325 0.055772 0.275302
v -0.347174 0.037769 0.116264
v -0.403043 -0.161889 0.362448
v -0.400010 -0.159005 0.403995
v -0.397468 -0.084241 0.201331
v -0.389054 -0.054731 0.173404
v -0.405607 -0.202566 0.406866
v -0.398302 -0.077843 0.162081
v -0.364694 -0.065234 0.466050
v -0.350415 -0.033908 0.445590
v -0.351814 -0.049748 0.498425
v -0.009318 0.281128 -0.127385
v 0.009615 0.282590 -0.126965
v -0.000970 0.263689 -0.074389
v -0.036827 0.797969 -0.405798
v 0.035738 0.799111 -0.404220
v -0.001454 0.828387 -0.463139
v -0.236799 0.150641 0.174775
v -0.228641 0.142461 0.222324
v -0.253160 0.125994 0.221998
v -0.371558 0.535693 -0.497546
v -0.358156 0.522539 -0.563566
v -0.341379 0.456007 -0.517967
v -0.313870 0.115660 -0.059781
v -0.325263 0.105766 -0.067936
v -0.325585 0.092615 -0.024913
v 0.234183 0.152751 0.176683
v 0.227979 0.143583 0.222182
v 0.251745 0.125284 0.221779
v 0.369610 0.535533 -0.497835
v 0.359327 0.523612 -0.562758
v 0.342703 0.456030 -0.517738
v 0.310786 0.115622 -0.057743
v 0.325109 0.105350 -0.068864
v 0.328639 0.091690 -0.024870
v -0.027356 -0.693293 0.383458
v 0.027272 -0.691833 0.382647
v -0.000756 -0.705690 0.456556
v -0.031909 -0.612564 -0.251006
v 0.038736 -0.614650 -0.248837
v 0.001382 -0.600041 -0.288082
v -0.390469 -0.476462 0.488965
v -0.394411 -0.487276 0.558394
v -0.402048 -0.417954 0.500419
v -0.361862 -0.303629 -0.324800
v -0.322029 -0.269063 -0.348549
v -0.343429 -0.231964 -0.323946
v -0.427483 -0.156267 0.026222
v -0.414525 -0.116821 0.006270
v -0.417763 -0.122515 0.048014
v 0.389877 -0.475266 0.488838
v 0.393300 -0.488216 0.555938
v 0.400081 -0.417441 0.500903
v 0.360034 -0.303477 -0.324343
v 0.323737 -0.269254 -0.348690
v 0.341423 -0.232489 -0.322082
v 0.425205 -0.159170 0.027343
v 0.414934 -0.115069 0.008658
v 0.415204 -0.125870 0.048671
v 0.265452 -0.041685 0.743675
v 0.247107 0.002742 0.704581
v 0.286511 -0.030332 0.680398
v -0.265894 -0.043674 0.745984
v -0.246785 0.002241 0.705166
v -0.284704 -0.028885 0.682755
v 0.208883 0.026296 -0.668556
v 0.242191 0.036348 -0.744019
v 0.254512 0.041517 -0.668037
v -0.210934 0.023357 -0.673165
v -0.245431 0.033944 -0.749640
v -0.256382 0.041392 -0.672597
f 1 647 644
f 1 644 643
f 1 643 645
f 1 645 646
f 1 646 647
f 2 649 652
f 6 672 670
f 12 702 699
f 11 696 695
f 8 679 681
f 4 662 659
f 4 659 658
f 4 658 660
f 4 660 661
f 4 661 662
f 5 666 665
f 3 654 657
f 7 673 677
f 9 685 686
f 10 692 688
f 12 701 698
f 6 669 668
f 2 650 648
f 8 682 678
f 11 697 693
f 6 671 669
f 12 700 701
f 11 694 697
f 8 680 682
f 2 651 650
f 10 690 689
f 5 663 664
f 3 655 653
f 7 676 674
f 9 687 684
f 10 691 690
f 5 667 663
f 3 656 655
f 7 675 676
f 9 683 687
f 6 668 672
f 2 648 649
f 8 678 679
f 11 693 696
f 12 698 702
f 10 688 691
f 5 665 667
f 3 657 656
f 7 677 675
f 9 686 683
f 5 664 666
f 3 653 654
f 7 674 673
f 9 684 685
f 10 689 692
f 6 670 671
f 12 699 700
f 11 695 694
f 8 681 680
f 2 652 651
f 35 837 838
f 18 735 736
f 19 742 741
f 40 868 867
f 42 880 879
f 34 832 831
f 33 827 828
f 25 778 780
f 36 844 846
f 20 749 747
f 32 819 820
f 23 765 767
f 24 773 771
f 37 850 849
f 41 876 875
f 34 833 834
f 33 826 825
f 25 779 777
f 36 845 843
f 20 748 750
f 17 729 727
f 14 711 709
f 13 706 703
f 15 718 715
f 16 724 721
f 18 737 733
f 35 839 835
f 42 882 878
f 40 870 866
f 19 744 740
f 30 807 805
f 27 789 787
f 22 762 758
f 28 797 793
f 29 802 799
f 32 821 817
f 23 766 763
f 24 774 770
f 37 852 848
f 41 874 872
f 35 838 836
f 18 736 734
f 19 741 739
f 40 867 865
f 42 879 877
f 34 831 829
f 33 828 824
f 25 780 776
f 36 846 842
f 20 747 745
f 32 820 818
f 23 767 764
f 24 771 769
f 37 849 847
f 41 875 871
f 34 834 830
f 33 825 823
f 25 777 775
f 36 843 841
f 20 750 746
f 14 714 710
f 13 707 704
f 15 719 716
f 16 725 722
f 17 732 728
f 21 755 752
f 31 814 811
f 26 784 781
f 38 857 853
f 39 862 860
f 27 792 788
f 22 759 757
f 28 796 794
f 29 803 800
f 30 810 806
f 31 815 812
f 26 785 782
f 38 856 854
f 39 863 859
f 21 754 751
f 14 712 714
f 13 705 707
f 15 717 719
f 16 723 725
f 17 730 732
f 21 753 755
f 31 816 814
f 26 786 784
f 38 858 857
f 39 861 862
f 27 791 792
f 22 761 759
f 28 795 796
f 29 801 803
f 30 808 810
f 31 813 815
f 26 783 785
f 38 855 856
f 39 864 863
f 21 756 754
f 14 709 712
f 13 703 705
f 15 715 717
f 16 721 723
f 17 727 730
f 21 751 753
f 31 812 816
f 26 782 786
f 38 854 858
f 39 859 861
f 27 787 791
f 22 758 761
f 28 793 795
f 29 799 801
f 30 805 808
f 31 811 813
f 26 781 783
f 38 853 855
f 39 860 864
f 21 752 756
f 17 728 731
f 14 710 713
f 13 704 708
f 15 716 720
f 16 722 726
f 18 734 738
f 35 836 840
f 42 877 881
f 40 865 869
f 19 739 743
f 30 806 809
f 27 788 790
f 22 757 760
f 28 794 798
f 29 800 804
f 32 818 822
f 23 764 768
f 24 769 772
f 37 847 851
f 41 871 873
f 35 835 837
f 18 733 735
f 19 740 742
f 40 866 868
f 42 878 880
f 34 830 832
f 33 823 827
f 25 775 778
f 36 841 844
f 20 746 749
f 32 817 819
f 23 763 765
f 24 770 773
f 37 848 850
f 41 872 876
f 34 829 833
f 33 824 826
f 25 776 779
f 36 842 845
f 20 745 748
f 17 731 729
f 14 713 711
f 13 708 706
f 15 720 718
f 16 726 724
f 18 738 737
f 35 840 839
f 42 881 882
f 40 869 870
f 19 743 744
f 30 809 807
f 27 790 789
f 22 760 762
f 28 798 797
f 29 804 802
f 32 822 821
f 23 768 766
f 24 772 774
f 37 851 852
f 41 873 874
f 107 1269 1270
f 103 1245 1246
f 104 1252 1251
f 110 1288 1287
f 113 1306 1305
f 118 1336 1335
f 154 1551 1552
f 141 1473 1474
f 162 1599 1600
f 121 1354 1353
f 142 1479 1480
f 129 1401 1402
f 130 1408 1407
f 144 1492 1491
f 146 1504 1503
f 151 1533 1534
f 131 1414 1413
f 136 1444 1443
f 161 1594 1593
f 126 1383 1384
f 116 1323 1324
f 108 1275 1276
f 106 1263 1264
f 112 1299 1300
f 115 1317 1318
f 119 1341 1342
f 156 1564 1563
f 139 1462 1461
f 160 1588 1587
f 120 1347 1348
f 149 1521 1522
f 132 1420 1419
f 128 1395 1396
f 145 1497 1498
f 148 1515 1516
f 155 1557 1558
f 133 1425 1426
f 134 1431 1432
f 157 1570 1569
f 124 1372 1371
f 109 1282 1281
f 105 1258 1257
f 111 1294 1293
f 114 1312 1311
f 117 1330 1329
f 125 1378 1377
f 152 1540 1539
f 137 1449 1450
f 158 1575 1576
f 123 1365 1366
f 143 1486 1485
f 127 1390 1389
f 135 1437 1438
f 147 1510 1509
f 150 1528 1527
f 153 1546 1545
f 140 1468 1467
f 138 1455 1456
f 159 1581 1582
f 122 1359 1360
f 107 1272 1271
f 103 1248 1247
f 104 1253 1254
f 110 1289 1290
f 113 1307 1308
f 118 1337 1338
f 154 1554 1553
f 141 1476 1475
f 162 1602 1601
f 121 1355 1356
f 142 1482 1481
f 129 1404 1403
f 130 1409 1410
f 144 1493 1494
f 146 1505 1506
f 151 1536 1535
f 131 1415 1416
f 136 1445 1446
f 161 1595 1596
f 126 1386 1385
f 47 909 907
f 44 891 889
f 43 886 883
f 45 898 895
f 46 904 901
f 49 922 919
f 72 1060 1057
f 102 1240 1237
f 96 1204 1201
f 79 1102 1099
f 62 999 997
f 59 981 979
f 58 976 973
f 60 988 985
f 61 994 991
f 66 1024 1021
f 54 952 949
f 73 1066 1063
f 85 1138 1135
f 92 1179 1177
f 101 1233 1231
f 69 1041 1039
f 50 927 925
f 82 1119 1117
f 97 1209 1207
f 71 1053 1051
f 100 1228 1225
f 94 1192 1189
f 80 1108 1105
f 51 933 931
f 90 1167 1165
f 63 1005 1003
f 55 957 955
f 76 1083 1081
f 87 1150 1147
f 91 1174 1171
f 67 1029 1027
f 56 963 961
f 75 1077 1075
f 83 1126 1123
f 68 1036 1033
f 48 915 913
f 78 1095 1093
f 93 1185 1183
f 98 1216 1213
f 88 1155 1153
f 65 1018 1015
f 57 970 967
f 77 1090 1087
f 86 1143 1141
f 64 1012 1009
f 53 945 943
f 74 1071 1069
f 84 1131 1129
f 89 1162 1159
f 70 1047 1045
f 99 1221 1219
f 95 1197 1195
f 81 1114 1111
f 52 940 937
f 109 1284 1280
f 105 1260 1256
f 111 1296 1292
f 114 1314 1310
f 117 1332 1328
f 125 1380 1376
f 152 1542 1538
f 137 1451 1447
f 158 1577 1573
f 123 1367 1363
f 143 1488 1484
f 127 1392 1388
f 135 1439 1435
f 147 1512 1508
f 150 1530 1526
f 153 1548 1544
f 140 1470 1466
f 138 1457 1453
f 159 1583 1579
f 122 1361 1357
f 107 1270 1268
f 103 1246 1244
f 104 1251 1249
f 110 1287 1285
f 113 1305 1303
f 118 1335 1333
f 154 1552 1550
f 141 1474 1472
f 162 1600 1598
f 121 1353 1351
f 142 1480 1478
f 129 1402 1400
f 130 1407 1405
f 144 1491 1489
f 146 1503 1501
f 151 1534 1532
f 131 1413 1411
f 136 1443 1441
f 161 1593 1591
f 126 1384 1382
f 116 1324 1322
f 108 1276 1274
f 106 1264 1262
f 112 1300 1298
f 115 1318 1316
f 119 1342 1340
f 156 1563 1561
f 139 1461 1459
f 160 1587 1585
f 120 1348 1346
f 149 1522 1520
f 132 1419 1417
f 128 1396 1394
f 145 1498 1496
f 148 1516 1514
f 155 1558 1556
f 133 1426 1424
f 134 1432 1430
f 157 1569 1567
f 124 1371 1369
f 109 1281 1279
f 105 1257 1255
f 111 1293 1291
f 114 1311 1309
f 117 1329 1327
f 125 1377 1375
f 152 1539 1537
f 137 1450 1448
f 158 1576 1574
f 123 1366 1364
f 143 1485 1483
f 127 1389 1387
f 135 1438 1436
f 147 1509 1507
f 150 1527 1525
f 153 1545 1543
f 140 1467 1465
f 138 1456 1454
f 159 1582 1580
f 122 1360 1358
f 107 1271 1267
f 103 1247 1243
f 104 1254 1250
f 110 1290 1286
f 113 1308 1304
f 118 1338 1334
f 154 1553 1549
f 141 1475 1471
f 162 1601 1597
f 121 1356 1352
f 142 1481 1477
f 129 1403 1399
f 130 1410 1406
f 144 1494 1490
f 146 1506 1502
f 151 1535 1531
f 131 1416 1412
f 136 1446 1442
f 161 1596 1592
f 126 1385 1381
f 44 894 890
f 43 887 884
f 45 899 896
f 46 905 902
f 47 912 908
f 52 941 938
f 70 1050 1046
f 99 1224 1220
f 95 1200 1196
f 81 1115 1112
f 59 984 980
f 58 977 974
f 60 989 986
f 61 995 992
f 62 1002 998
f 65 1019 1016
f 57 971 968
f 77 1091 1088
f 86 1146 1142
f 88 1158 1154
f 98 1217 1214
f 68 1037 1034
f 48 918 914
f 78 1098 1094
f 93 1188 1184
f 69 1044 1040
f 101 1236 1232
f 97 1212 1208
f 82 1122 1118
f 50 930 926
f 89 1163 1160
f 64 1013 1010
f 53 948 944
f 74 1074 1070
f 84 1134 1130
f 90 1170 1166
f 63 1008 1004
f 55 960 956
f 76 1086 1082
f 87 1151 1148
f 72 1061 1058
f 49 923 920
f 79 1103 1100
f 96 1205 1202
f 102 1241 1238
f 91 1175 1172
f 67 1032 1028
f 56 966 962
f 75 1080 1076
f 83 1127 1124
f 66 1025 1022
f 54 953 950
f 73 1067 1064
f 85 1139 1136
f 92 1182 1178
f 71 1056 1052
f 100 1229 1226
f 94 1193 1190
f 80 1109 1106
f 51 936 932
f 116 1325 1321
f 108 1277 1273
f 106 1265 1261
f 112 1301 1297
f 115 1319 1315
f 119 1343 1339
f 156 1566 1562
f 139 1464 1460
f 160 1590 1586
f 120 1349 1345
f 149 1523 1519
f 132 1422 1418
f 128 1397 1393
f 145 1499 1495
f 148 1517 1513
f 155 1559 1555
f 133 1427 1423
f 134 1433 1429
f 157 1572 1568
f 124 1374 1370
f 44 892 894
f 43 885 887
f 45 897 899
f 46 903 905
f 47 910 912
f 52 939 941
f 70 1048 1050
f 99 1222 1224
f 95 1198 1200
f 81 1113 1115
f 59 982 984
f 58 975 977
f 60 987 989
f 61 993 995
f 62 1000 1002
f 65 1017 1019
f 57 969 971
f 77 1089 1091
f 86 1144 1146
f 88 1156 1158
f 98 1215 1217
f 68 1035 1037
f 48 916 918
f 78 1096 1098
f 93 1186 1188
f 69 1042 1044
f 101 1234 1236
f 97 1210 1212
f 82 1120 1122
f 50 928 930
f 89 1161 1163
f 64 1011 1013
f 53 946 948
f 74 1072 1074
f 84 1132 1134
f 90 1168 1170
f 63 1006 1008
f 55 958 960
f 76 1084 1086
f 87 1149 1151
f 72 1059 1061
f 49 921 923
f 79 1101 1103
f 96 1203 1205
f 102 1239 1241
f 91 1173 1175
f 67 1030 1032
f 56 964 966
f 75 1078 1080
f 83 1125 1127
f 66 1023 1025
f 54 951 953
f 73 1065 1067
f 85 1137 1139
f 92 1180 1182
f 71 1054 1056
f 100 1227 1229
f 94 1191 1193
f 80 1107 1109
f 51 934 936
f 116 1326 1325
f 108 1278 1277
f 106 1266 1265
f 112 1302 1301
f 115 1320 1319
f 119 1344 1343
f 156 1565 1566
f 139 1463 1464
f 160 1589 1590
f 120 1350 1349
f 149 1524 1523
f 132 1421 1422
f 128 1398 1397
f 145 1500 1499
f 148 1518 1517
f 155 1560 1559
f 133 1428 1427
f 134 1434 1433
f 157 1571 1572
f 124 1373 1374
f 44 889 892
f 43 883 885
f 45 895 897
f 46 901 903
f 47 907 910
f 52 937 939
f 70 1045 1048
f 99 1219 1222
f 95 1195 1198
f 81 1111 1113
f 59 979 982
f 58 973 975
f 60 985 987
f 61 991 993
f 62 997 1000
f 65 1015 1017
f 57 967 969
f 77 1087 1089
f 86 1141 1144
f 88 1153 1156
f 98 1213 1215
f 68 1033 1035
f 48 913 916
f 78 1093 1096
f 93 1183 1186
f 69 1039 1042
f 101 1231 1234
f 97 1207 1210
f 82 1117 1120
f 50 925 928
f 89 1159 1161
f 64 1009 1011
f 53 943 946
f 74 1069 1072
f 84 1129 1132
f 90 1165 1168
f 63 1003 1006
f 55 955 958
f 76 1081 1084
f 87 1147 1149
f 72 1057 1059
f 49 919 921
f 79 1099 1101
f 96 1201 1203
f 102 1237 1239
f 91 1171 1173
f 67 1027 1030
f 56 961 964
f 75 1075 1078
f 83 1123 1125
f 66 1021 1023
f 54 949 951
f 73 1063 1065
f 85 1135 1137
f 92 1177 1180
f 71 1051 1054
f 100 1225 1227
f 94 1189 1191
f 80 1105 1107
f 51 931 934
f 116 1322 1326
f 108 1274 1278
f 106 1262 1266
f 112 1298 1302
f 115 1316 1320
f 119 1340 1344
f 156 1561 1565
f 139 1459 1463
f 160 1585 1589
f 120 1346 1350
f 149 1520 1524
f 132 1417 1421
f 128 1394 1398
f 145 1496 1500
f 148 1514 1518
f 155 1556 1560
f 133 1424 1428
f 134 1430 1434
f 157 1567 1571
f 124 1369 1373
f 47 908 911
f 44 890 893
f 43 884 888
f 45 896 900
f 46 902 906
f 49 920 924
f 72 1058 1062
f 102 1238 1242
f 96 1202 1206
f 79 1100 1104
f 62 998 1001
f 59 980 983
f 58 974 978
f 60 986 990
f 61 992 996
f 66 1022 1026
f 54 950 954
f 73 1064 1068
f 85 1136 1140
f 92 1178 1181
f 101 1232 1235
f 69 1040 1043
f 50 926 929
f 82 1118 1121
f 97 1208 1211
f 71 1052 1055
f 100 1226 1230
f 94 1190 1194
f 80 1106 1110
f 51 932 935
f 90 1166 1169
f 63 1004 1007
f 55 956 959
f 76 1082 1085
f 87 1148 1152
f 91 1172 1176
f 67 1028 1031
f 56 962 965
f 75 1076 1079
f 83 1124 1128
f 68 1034 1038
f 48 914 917
f 78 1094 1097
f 93 1184 1187
f 98 1214 1218
f 88 1154 1157
f 65 1016 1020
f 57 968 972
f 77 1088 1092
f 86 1142 1145
f 64 1010 1014
f 53 944 947
f 74 1070 1073
f 84 1130 1133
f 89 1160 1164
f 70 1046 1049
f 99 1220 1223
f 95 1196 1199
f 81 1112 1116
f 52 938 942
f 109 1279 1283
f 105 1255 1259
f 111 1291 1295
f 114 1309 1313
f 117 1327 1331
f 125 1375 1379
f 152 1537 1541
f 137 1448 1452
f 158 1574 1578
f 123 1364 1368
f 143 1483 1487
f 127 1387 1391
f 135 1436 1440
f 147 1507 1511
f 150 1525 1529
f 153 1543 1547
f 140 1465 1469
f 138 1454 1458
f 159 1580 1584
f 122 1358 1362
f 107 1267 1269
f 103 1243 1245
f 104 1250 1252
f 110 1286 1288
f 113 1304 1306
f 118 1334 1336
f 154 1549 1551
f 141 1471 1473
f 162 1597 1599
f 121 1352 1354
f 142 1477 1479
f 129 1399 1401
f 130 1406 1408
f 144 1490 1492
f 146 1502 1504
f 151 1531 1533
f 131 1412 1414
f 136 1442 1444
f 161 1592 1594
f 126 1381 1383
f 116 1321 1323
f 108 1273 1275
f 106 1261 1263
f 112 1297 1299
f 115 1315 1317
f 119 1339 1341
f 156 1562 1564
f 139 1460 1462
f 160 1586 1588
f 120 1345 1347
f 149 1519 1521
f 132 1418 1420
f 128 1393 1395
f 145 1495 1497
f 148 1513 1515
f 155 1555 1557
f 133 1423 1425
f 134 1429 1431
f 157 1568 1570
f 124 1370 1372
f 109 1280 1282
f 105 1256 1258
f 111 1292 1294
f 114 1310 1312
f 117 1328 1330
f 125 1376 1378
f 152 1538 1540
f 137 1447 1449
f 158 1573 1575
f 123 1363 1365
f 143 1484 1486
f 127 1388 1390
f 135 1435 1437
f 147 1508 1510
f 150 1526 1528
f 153 1544 1546
f 140 1466 1468
f 138 1453 1455
f 159 1579 1581
f 122 1357 1359
f 107 1268 1272
f 103 1244 1248
f 104 1249 1253
f 110 1285 1289
f 113 1303 1307
f 118 1333 1337
f 154 1550 1554
f 141 1472 1476
f 162 1598 1602
f 121 1351 1355
f 142 1478 1482
f 129 1400 1404
f 130 1405 1409
f 144 1489 1493
f 146 1501 1505
f 151 1532 1536
f 131 1411 1415
f 136 1441 1445
f 161 1591 1595
f 126 1382 1386
f 47 911 909
f 44 893 891
f 43 888 886
f 45 900 898
f 46 906 904
f 49 924 922
f 72 1062 1060
f 102 1242 1240
f 96 1206 1204
f 79 1104 1102
f 62 1001 999
f 59 983 981
f 58 978 976
f 60 990 988
f 61 996 994
f 66 1026 1024
f 54 954 952
f 73 1068 1066
f 85 1140 1138
f 92 1181 1179
f 101 1235 1233
f 69 1043 1041
f 50 929 927
f 82 1121 1119
f 97 1211 1209
f 71 1055 1053
f 100 1230 1228
f 94 1194 1192
f 80 1110 1108
f 51 935 933
f 90 1169 1167
f 63 1007 1005
f 55 959 957
f 76 1085 1083
f 87 1152 1150
f 91 1176 1174
f 67 1031 1029
f 56 965 963
f 75 1079 1077
f 83 1128 1126
f 68 1038 1036
f 48 917 915
f 78 1097 1095
f 93 1187 1185
f 98 1218 1216
f 88 1157 1155
f 65 1020 1018
f 57 972 970
f 77 1092 1090
f 86 1145 1143
f 64 1014 1012
f 53 947 945
f 74 1073 1071
f 84 1133 1131
f 89 1164 1162
f 70 1049 1047
f 99 1223 1221
f 95 1199 1197
f 81 1116 1114
f 52 942 940
f 109 1283 1284
f 105 1259 1260
f 111 1295 1296
f 114 1313 1314
f 117 1331 1332
f 125 1379 1380
f 152 1541 1542
f 137 1452 1451
f 158 1578 1577
f 123 1368 1367
f 143 1487 1488
f 127 1391 1392
f 135 1440 1439
f 147 1511 1512
f 150 1529 1530
f 153 1547 1548
f 140 1469 1470
f 138 1458 1457
f 159 1584 1583
f 122 1362 1361
f 407 1609 1616
f 403 1605 1608
f 404 1611 1606
f 410 1614 1612
f 413 1617 1615
f 422 1631 1624
f 486 1688 1692
f 573 1775 1782
f 561 1763 1765
f 512 1719 1714
f 452 1654 1661
f 448 1650 1653
f 449 1656 1651
f 455 1659 1657
f 458 1662 1660
f 470 1672 1675
f 437 1646 1639
f 494 1706 1696
f 531 1735 1733
f 539 1741 1751
f 568 1770 1779
f 478 1680 1683
f 419 1621 1626
f 509 1711 1721
f 554 1756 1766
f 482 1684 1689
f 576 1780 1778
f 558 1767 1760
f 516 1722 1718
f 425 1627 1629
f 542 1744 1747
f 463 1668 1665
f 434 1636 1641
f 497 1699 1704
f 528 1730 1737
f 546 1748 1750
f 464 1666 1676
f 440 1642 1644
f 500 1705 1702
f 524 1736 1726
f 479 1691 1681
f 418 1623 1620
f 508 1713 1710
f 553 1764 1755
f 569 1781 1771
f 538 1749 1740
f 471 1677 1673
f 443 1645 1647
f 501 1703 1707
f 523 1725 1734
f 467 1674 1669
f 433 1638 1635
f 493 1695 1698
f 527 1732 1729
f 543 1752 1745
f 485 1690 1687
f 572 1777 1774
f 557 1759 1762
f 515 1717 1720
f 428 1630 1632
f 591 2191 2189
f 587 1885 1883
f 588 1901 1903
f 594 2279 2281
f 597 2315 2317
f 600 2171 2173
f 634 2160 2158
f 619 2016 2012
f 639 2214 2210
f 602 1919 1924
f 624 2137 2135
f 608 1978 1973
f 610 1991 1996
f 627 2225 2227
f 630 2302 2304
f 635 2178 2176
f 615 2153 2155
f 617 2009 2014
f 637 2207 2212
f 604 1926 1922
f 416 1857 1864
f 408 1803 1810
f 406 1786 1795
f 412 1822 1831
f 415 1840 1849
f 424 1876 1887
f 492 2182 2193
f 582 2312 2321
f 565 2276 2285
f 514 1898 1907
f 461 2091 2098
f 453 2037 2044
f 451 1952 1961
f 457 2056 2067
f 460 2074 2083
f 475 2128 2139
f 439 1966 1975
f 496 1988 1997
f 533 2222 2231
f 551 2293 2298
f 579 2185 2190
f 483 1879 1884
f 426 1893 1900
f 521 2271 2278
f 566 2307 2314
f 489 2163 2170
f 578 2150 2159
f 560 2006 2015
f 518 2204 2213
f 429 1911 1918
f 547 2131 2136
f 465 1969 1977
f 441 1983 1990
f 504 2217 2224
f 537 2290 2301
f 550 2168 2177
f 476 2145 2152
f 444 2001 2008
f 502 2199 2206
f 526 1916 1925
f 481 1808 1817
f 420 1789 1797
f 510 1825 1833
f 555 1843 1851
f 571 1862 1871
f 540 1933 1941
f 473 2110 2119
f 447 2020 2029
f 507 2236 2247
f 534 2257 2262
f 469 2042 2051
f 435 1947 1954
f 498 2059 2064
f 529 2077 2085
f 545 2096 2105
f 487 2113 2121
f 574 2023 2031
f 562 2239 2244
f 520 2254 2265
f 432 1930 1939
f 589 1818 1814
f 583 1798 1793
f 586 1834 1829
f 593 1852 1847
f 596 1872 1868
f 599 1942 1937
f 633 2120 2124
f 620 2030 2034
f 640 2248 2250
f 603 2263 2261
f 622 2052 2050
f 607 1955 1960
f 612 2065 2063
f 626 2086 2081
f 629 2106 2102
f 631 2122 2117
f 614 2032 2027
f 618 2245 2243
f 641 2266 2268
f 605 1940 1944
f 409 1813 1804
f 405 1792 1785
f 411 1828 1821
f 414 1846 1839
f 417 1867 1858
f 431 1936 1929
f 488 2123 2114
f 575 2033 2024
f 563 2249 2240
f 519 2260 2253
f 454 2049 2038
f 450 1959 1951
f 456 2062 2055
f 459 2080 2073
f 462 2101 2092
f 472 2116 2109
f 446 2026 2019
f 506 2242 2235
f 535 2267 2258
f 541 1943 1934
f 570 1869 1861
f 480 1815 1807
f 421 1799 1790
f 511 1835 1826
f 556 1853 1844
f 484 1889 1880
f 580 2195 2186
f 567 2319 2308
f 522 2283 2272
f 427 1905 1894
f 544 2103 2095
f 468 2046 2041
f 436 1957 1948
f 499 2069 2060
f 530 2087 2078
f 548 2141 2132
f 466 1979 1970
f 442 1993 1984
f 505 2229 2218
f 536 2296 2289
f 491 2188 2181
f 423 1882 1875
f 513 1902 1897
f 564 2280 2275
f 581 2316 2311
f 549 2172 2167
f 477 2157 2146
f 445 2011 2002
f 503 2209 2200
f 525 1923 1915
f 474 2134 2127
f 438 1972 1965
f 495 1995 1987
f 532 2226 2221
f 552 2303 2294
f 490 2175 2164
f 577 2154 2149
f 559 2013 2005
f 517 2211 2203
f 430 1921 1912
f 590 1865 1870
f 584 1811 1816
f 585 1796 1800
f 592 1832 1836
f 595 1850 1854
f 598 1888 1890
f 636 2194 2196
f 621 2322 2320
f 642 2286 2284
f 601 1908 1906
f 623 2099 2104
f 611 2045 2047
f 609 1962 1958
f 625 2068 2070
f 628 2084 2088
f 632 2140 2142
f 613 1976 1980
f 616 1998 1994
f 638 2232 2230
f 606 2299 2297
f 407 2330 2329
f 403 2324 2323
f 404 2325 2326
f 410 2332 2333
f 413 2335 2336
f 422 2344 2345
f 486 2410 2409
f 573 2497 2496
f 561 2486 2485
f 512 2434 2435
f 452 2375 2374
f 448 2369 2368
f 449 2370 2371
f 455 2377 2378
f 458 2380 2381
f 470 2393 2392
f 437 2359 2360
f 494 2415 2416
f 531 2455 2456
f 539 2461 2460
f 568 2489 2488
f 478 2399 2398
f 419 2341 2340
f 509 2431 2430
f 554 2476 2475
f 482 2405 2404
f 576 2500 2501
f 558 2481 2482
f 516 2439 2440
f 425 2348 2347
f 542 2465 2464
f 463 2383 2384
f 434 2356 2355
f 497 2420 2419
f 528 2452 2451
f 546 2471 2470
f 464 2386 2385
f 440 2363 2362
f 500 2422 2423
f 524 2445 2446
f 479 2400 2401
f 418 2338 2339
f 508 2428 2429
f 553 2473 2474
f 569 2490 2491
f 538 2458 2459
f 471 2394 2395
f 443 2366 2365
f 501 2425 2424
f 523 2444 2443
f 467 2389 2390
f 433 2353 2354
f 493 2414 2413
f 527 2449 2450
f 543 2466 2467
f 485 2407 2408
f 572 2494 2495
f 557 2480 2479
f 515 2438 2437
f 428 2351 2350
f 591 2510 2511
f 587 2504 2505
f 588 2508 2507
f 594 2514 2513
f 597 2517 2516
f 600 2520 2519
f 634 2554 2556
f 619 2539 2540
f 639 2560 2561
f 602 2523 2521
f 624 2543 2544
f 608 2527 2529
f 610 2532 2530
f 627 2547 2546
f 630 2550 2549
f 635 2552 2553
f 615 2535 2534
f 617 2538 2536
f 637 2558 2557
f 604 2524 2525
f 167 1607 647
f 164 1603 644
f 163 1604 643
f 165 1610 645
f 166 1613 646
f 169 1622 649
f 192 1686 672
f 222 1773 702
f 216 1761 696
f 199 1712 679
f 182 1652 662
f 179 1648 659
f 178 1649 658
f 180 1655 660
f 181 1658 661
f 186 1670 666
f 174 1637 654
f 193 1694 673
f 205 1731 685
f 212 1739 692
f 221 1768 701
f 189 1678 669
f 170 1619 650
f 202 1709 682
f 217 1754 697
f 191 1682 671
f 220 1776 700
f 214 1758 694
f 200 1716 680
f 171 1625 651
f 210 1742 690
f 183 1663 663
f 175 1634 655
f 196 1697 676
f 207 1728 687
f 211 1746 691
f 187 1664 667
f 176 1640 656
f 195 1700 675
f 203 1724 683
f 188 1679 668
f 168 1618 648
f 198 1708 678
f 213 1753 693
f 218 1769 698
f 208 1738 688
f 185 1671 665
f 177 1643 657
f 197 1701 677
f 206 1723 686
f 184 1667 664
f 173 1633 653
f 194 1693 674
f 204 1727 684
f 209 1743 689
f 190 1685 670
f 219 1772 699
f 215 1757 695
f 201 1715 681
f 172 1628 652
f 357 2187 837
f 255 1881 735
f 262 1899 742
f 388 2277 868
f 400 2313 880
f 352 2169 832
f 347 2156 827
f 298 2010 778
f 364 2208 844
f 269 1917 749
f 339 2133 819
f 285 1971 765
f 293 1989 773
f 370 2223 850
f 396 2300 876
f 353 2174 833
f 346 2151 826
f 299 2007 779
f 365 2205 845
f 268 1920 748
f 249 1855 729
f 231 1801 711
f 226 1784 706
f 238 1820 718
f 244 1838 724
f 257 1874 737
f 359 2180 839
f 402 2310 882
f 390 2274 870
f 264 1896 744
f 327 2089 807
f 309 2035 789
f 282 1950 762
f 317 2054 797
f 322 2072 802
f 341 2126 821
f 286 1964 766
f 294 1986 774
f 372 2220 852
f 394 2291 874
f 358 2183 838
f 256 1877 736
f 261 1891 741
f 387 2269 867
f 399 2305 879
f 351 2161 831
f 348 2148 828
f 300 2004 780
f 366 2202 846
f 267 1909 747
f 340 2129 820
f 287 1967 767
f 291 1981 771
f 369 2215 849
f 395 2288 875
f 354 2166 834
f 345 2143 825
f 297 1999 777
f 363 2197 843
f 270 1914 750
f 234 1806 714
f 227 1787 707
f 239 1823 719
f 245 1841 725
f 252 1860 732
f 275 1931 755
f 334 2108 814
f 304 2018 784
f 377 2234 857
f 382 2255 862
f 312 2040 792
f 279 1945 759
f 316 2057 796
f 323 2075 803
f 330 2094 810
f 335 2111 815
f 305 2021 785
f 376 2237 856
f 383 2252 863
f 274 1928 754
f 232 1812 712
f 225 1791 705
f 237 1827 717
f 243 1845 723
f 250 1866 730
f 273 1935 753
f 336 2118 816
f 306 2028 786
f 378 2246 858
f 381 2259 861
f 311 2048 791
f 281 1953 761
f 315 2061 795
f 321 2079 801
f 328 2100 808
f 333 2115 813
f 303 2025 783
f 375 2241 855
f 384 2264 864
f 276 1938 756
f 229 1802 709
f 223 1783 703
f 235 1819 715
f 241 1837 721
f 247 1856 727
f 271 1927 751
f 332 2112 812
f 302 2022 782
f 374 2238 854
f 379 2251 859
f 307 2036 787
f 278 1949 758
f 313 2053 793
f 319 2071 799
f 325 2090 805
f 331 2107 811
f 301 2017 781
f 373 2233 853
f 380 2256 860
f 272 1932 752
f 248 1859 728
f 230 1805 710
f 224 1788 704
f 236 1824 716
f 242 1842 722
f 254 1878 734
f 356 2184 836
f 397 2306 877
f 385 2270 865
f 259 1892 739
f 326 2093 806
f 308 2039 788
f 277 1946 757
f 314 2058 794
f 320 2076 800
f 338 2130 818
f 284 1968 764
f 289 1982 769
f 367 2216 847
f 391 2287 871
f 355 2179 835
f 253 1873 733
f 260 1895 740
f 386 2273 866
f 398 2309 878
f 350 2165 830
f 343 2144 823
f 295 2000 775
f 361 2198 841
f 266 1913 746
f 337 2125 817
f 283 1963 763
f 290 1985 770
f 368 2219 848
f 392 2292 872
f 349 2162 829
f 344 2147 824
f 296 2003 776
f 362 2201 842
f 265 1910 745
f 251 1863 731
f 233 1809 713
f 228 1794 708
f 240 1830 720
f 246 1848 726
f 258 1886 738
f 360 2192 840
f 401 2318 881
f 389 2282 869
f 263 1904 743
f 329 2097 809
f 310 2043 790
f 280 1956 760
f 318 2066 798
f 324 2082 804
f 342 2138 822
f 288 1974 768
f 292 1992 772
f 371 2228 851
f 393 2295 873
f 409 2331 1269
f 405 2327 1245
f 411 2328 1252
f 414 2334 1288
f 417 2337 1306
f 431 2346 1336
f 488 2412 1551
f 575 2499 1473
f 563 2487 1599
f 519 2436 1354
f 454 2376 1479
f 450 2372 1401
f 456 2373 1408
f 459 2379 1492
f 462 2382 1504
f 472 2396 1533
f 446 2361 1414
f 506 2418 1444
f 535 2457 1594
f 541 2463 1383
f 570 2492 1323
f 480 2402 1275
f 421 2343 1263
f 511 2433 1299
f 556 2478 1317
f 484 2406 1341
f 580 2502 1564
f 567 2484 1462
f 522 2442 1588
f 427 2349 1347
f 544 2468 1521
f 468 2387 1420
f 436 2358 1395
f 499 2421 1497
f 530 2454 1515
f 548 2472 1557
f 466 2388 1425
f 442 2364 1431
f 505 2426 1570
f 536 2448 1372
f 491 2403 1282
f 423 2342 1258
f 513 2432 1294
f 564 2477 1312
f 581 2493 1330
f 549 2462 1378
f 477 2397 1540
f 445 2367 1449
f 503 2427 1575
f 525 2447 1365
f 474 2391 1486
f 438 2357 1390
f 495 2417 1437
f 532 2453 1510
f 552 2469 1528
f 490 2411 1546
f 577 2498 1468
f 559 2483 1455
f 517 2441 1581
f 430 2352 1359
f 590 2509 1272
f 584 2503 1248
f 585 2506 1253
f 592 2512 1289
f 595 2515 1307
f 598 2518 1337
f 636 2555 1554
f 621 2541 1476
f 642 2562 1602
f 601 2522 1355
f 623 2542 1482
f 611 2528 1404
f 609 2531 1409
f 625 2545 1493
f 628 2548 1505
f 632 2551 1536
f 613 2533 1415
f 616 2537 1445
f 638 2559 1595
f 606 2526 1386
f 407 1616 909
f 403 1608 891
f 404 1606 886
f 410 1612 898
f 413 1615 904
f 422 1624 922
f 486 1692 1060
f 573 1782 1240
f 561 1765 1204
f 512 1714 1102
f 452 1661 999
f 448 1653 981
f 449 1651 976
f 455 1657 988
f 458 1660 994
f 470 1675 1024
f 437 1639 952
f 494 1696 1066
f 531 1733 1138
f 539 1751 1179
f 568 1779 1233
f 478 1683 1041
f 419 1626 927
f 509 1721 1119
f 554 1766 1209
f 482 1689 1053
f 576 1778 1228
f 558 1760 1192
f 516 1718 1108
f 425 1629 933
f 542 1747 1167
f 463 1665 1005
f 434 1641 957
f 497 1704 1083
f 528 1737 1150
f 546 1750 1174
f 464 1676 1029
f 440 1644 963
f 500 1702 1077
f 524 1726 1126
f 479 1681 1036
f 418 1620 915
f 508 1710 1095
f 553 1755 1185
f 569 1771 1216
f 538 1740 1155
f 471 1673 1018
f 443 1647 970
f 501 1707 1090
f 523 1734 1143
f 467 1669 1012
f 433 1635 945
f 493 1698 1071
f 527 1729 1131
f 543 1745 1162
f 485 1687 1047
f 572 1774 1221
f 557 1762 1197
f 515 1720 1114
f 428 1632 940
f 591 2189 1284
f 587 1883 1260
f 588 1903 1296
f 594 2281 1314
f 597 2317 1332
f 600 2173 1380
f 634 2158 1542
f 619 2012 1451
f 639 2210 1577
f 602 1924 1367
f 624 2135 1488
f 608 1973 1392
f 610 1996 1439
f 627 2227 1512
f 630 2304 1530
f 635 2176 1548
f 615 2155 1470
f 617 2014 1457
f 637 2212 1583
f 604 1922 1361
f 416 1864 1270
f 408 1810 1246
f 406 1795 1251
f 412 1831 1287
f 415 1849 1305
f 424 1887 1335
f 492 2193 1552
f 582 2321 1474
f 565 2285 1600
f 514 1907 1353
f 461 2098 1480
f 453 2044 1402
f 451 1961 1407
f 457 2067 1491
f 460 2083 1503
f 475 2139 1534
f 439 1975 1413
f 496 1997 1443
f 533 2231 1593
f 551 2298 1384
f 579 2190 1324
f 483 1884 1276
f 426 1900 1264
f 521 2278 1300
f 566 2314 1318
f 489 2170 1342
f 578 2159 1563
f 560 2015 1461
f 518 2213 1587
f 429 1918 1348
f 547 2136 1522
f 465 1977 1419
f 441 1990 1396
f 504 2224 1498
f 537 2301 1516
f 550 2177 1558
f 476 2152 1426
f 444 2008 1432
f 502 2206 1569
f 526 1925 1371
f 481 1817 1281
f 420 1797 1257
f 510 1833 1293
f 555 1851 1311
f 571 1871 1329
f 540 1941 1377
f 473 2119 1539
f 447 2029 1450
f 507 2247 1576
f 534 2262 1366
f 469 2051 1485
f 435 1954 1389
f 498 2064 1438
f 529 2085 1509
f 545 2105 1527
f 487 2121 1545
f 574 2031 1467
f 562 2244 1456
f 520 2265 1582
f 432 1939 1360
f 589 1814 1271
f 583 1793 1247
f 586 1829 1254
f 593 1847 1290
f 596 1868 1308
f 599 1937 1338
f 633 2124 1553
f 620 2034 1475
f 640 2250 1601
f 603 2261 1356
f 622 2050 1481
f 607 1960 1403
f 612 2063 1410
f 626 2081 1494
f 629 2102 1506
f 631 2117 1535
f 614 2027 1416
f 618 2243 1446
f 641 2268 1596
f 605 1944 1385
f 409 1804 894
f 405 1785 887
f 411 1821 899
f 414 1839 905
f 417 1858 912
f 431 1929 941
f 488 2114 1050
f 575 2024 1224
f 563 2240 1200
f 519 2253 1115
f 454 2038 984
f 450 1951 977
f 456 2055 989
f 459 2073 995
f 462 2092 1002
f 472 2109 1019
f 446 2019 971
f 506 2235 1091
f 535 2258 1146
f 541 1934 1158
f 570 1861 1217
f 480 1807 1037
f 421 1790 918
f 511 1826 1098
f 556 1844 1188
f 484 1880 1044
f 580 2186 1236
f 567 2308 1212
f 522 2272 1122
f 427 1894 930
f 544 2095 1163
f 468 2041 1013
f 436 1948 948
f 499 2060 1074
f 530 2078 1134
f 548 2132 1170
f 466 1970 1008
f 442 1984 960
f 505 2218 1086
f 536 2289 1151
f 491 2181 1061
f 423 1875 923
f 513 1897 1103
f 564 2275 1205
f 581 2311 1241
f 549 2167 1175
f 477 2146 1032
f 445 2002 966
f 503 2200 1080
f 525 1915 1127
f 474 2127 1025
f 438 1965 953
f 495 1987 1067
f 532 2221 1139
f 552 2294 1182
f 490 2164 1056
f 577 2149 1229
f 559 2005 1193
f 517 2203 1109
f 430 1912 936
f 590 1870 1325
f 584 1816 1277
f 585 1800 1265
f 592 1836 1301
f 595 1854 1319
f 598 1890 1343
f 636 2196 1566
f 621 2320 1464
f 642 2284 1590
f 601 1906 1349
f 623 2104 1523
f 611 2047 1422
f 609 1958 1397
f 625 2070 1499
f 628 2088 1517
f 632 2142 1559
f 613 1980 1427
f 616 1994 1433
f 638 2230 1572
f 606 2297 1374
f 407 2329 892
f 403 2323 885
f 404 2326 897
f 410 2333 903
f 413 2336 910
f 422 2345 939
f 486 2409 1048
f 573 2496 1222
f 561 2485 1198
f 512 2435 1113
f 452 2374 982
f 448 2368 975
f 449 2371 987
f 455 2378 993
f 458 2381 1000
f 470 2392 1017
f 437 2360 969
f 494 2416 1089
f 531 2456 1144
f 539 2460 1156
f 568 2488 1215
f 478 2398 1035
f 419 2340 916
f 509 2430 1096
f 554 2475 1186
f 482 2404 1042
f 576 2501 1234
f 558 2482 1210
f 516 2440 1120
f 425 2347 928
f 542 2464 1161
f 463 2384 1011
f 434 2355 946
f 497 2419 1072
f 528 2451 1132
f 546 2470 1168
f 464 2385 1006
f 440 2362 958
f 500 2423 1084
f 524 2446 1149
f 479 2401 1059
f 418 2339 921
f 508 2429 1101
f 553 2474 1203
f 569 2491 1239
f 538 2459 1173
f 471 2395 1030
f 443 2365 964
f 501 2424 1078
f 523 2443 1125
f 467 2390 1023
f 433 2354 951
f 493 2413 1065
f 527 2450 1137
f 543 2467 1180
f 485 2408 1054
f 572 2495 1227
f 557 2479 1191
f 515 2437 1107
f 428 2350 934
f 591 2511 1326
f 587 2505 1278
f 588 2507 1266
f 594 2513 1302
f 597 2516 1320
f 600 2519 1344
f 634 2556 1565
f 619 2540 1463
f 639 2561 1589
f 602 2521 1350
f 624 2544 1524
f 608 2529 1421
f 610 2530 1398
f 627 2546 1500
f 630 2549 1518
f 635 2553 1560
f 615 2534 1428
f 617 2536 1434
f 637 2557 1571
f 604 2525 1373
f 164 1609 889
f 163 1605 883
f 165 1611 895
f 166 1614 901
f 167 1617 907
f 172 1631 937
f 190 1688 1045
f 219 1775 1219
f 215 1763 1195
f 201 1719 1111
f 179 1654 979
f 178 1650 973
f 180 1656 985
f 181 1659 991
f 182 1662 997
f 185 1672 1015
f 177 1646 967
f 197 1706 1087
f 206 1735 1141
f 208 1741 1153
f 218 1770 1213
f 188 1680 1033
f 168 1621 913
f 198 1711 1093
f 213 1756 1183
f 189 1684 1039
f 221 1780 1231
f 217 1767 1207
f 202 1722 1117
f 170 1627 925
f 209 1744 1159
f 184 1668 1009
f 173 1636 943
f 194 1699 1069
f 204 1730 1129
f 210 1748 1165
f 183 1666 1003
f 175 1642 955
f 196 1705 1081
f 207 1736 1147
f 192 1691 1057
f 169 1623 919
f 199 1713 1099
f 216 1764 1201
f 222 1781 1237
f 211 1749 1171
f 187 1677 1027
f 176 1645 961
f 195 1703 1075
f 203 1725 1123
f 186 1674 1021
f 174 1638 949
f 193 1695 1063
f 205 1732 1135
f 212 1752 1177
f 191 1690 1051
f 220 1777 1225
f 214 1759 1189
f 200 1717 1105
f 171 1630 931
f 358 2191 1322
f 256 1885 1274
f 261 1901 1262
f 387 2279 1298
f 399 2315 1316
f 351 2171 1340
f 348 2160 1561
f 300 2016 1459
f 366 2214 1585
f 267 1919 1346
f 340 2137 1520
f 287 1978 1417
f 291 1991 1394
f 369 2225 1496
f 395 2302 1514
f 354 2178 1556
f 345 2153 1424
f 297 2009 1430
f 363 2207 1567
f 270 1926 1369
f 247 1857 908
f 229 1803 890
f 223 1786 884
f 235 1822 896
f 241 1840 902
f 253 1876 920
f 355 2182 1058
f 398 2312 1238
f 386 2276 1202
f 260 1898 1100
f 325 2091 998
f 307 2037 980
f 278 1952 974
f 313 2056 986
f 319 2074 992
f 337 2128 1022
f 283 1966 950
f 290 1988 1064
f 368 2222 1136
f 392 2293 1178
f 356 2185 1232
f 254 1879 1040
f 259 1893 926
f 385 2271 1118
f 397 2307 1208
f 349 2163 1052
f 344 2150 1226
f 296 2006 1190
f 362 2204 1106
f 265 1911 932
f 338 2131 1166
f 284 1969 1004
f 289 1983 956
f 367 2217 1082
f 391 2290 1148
f 350 2168 1172
f 343 2145 1028
f 295 2001 962
f 361 2199 1076
f 266 1916 1124
f 230 1808 1034
f 224 1789 914
f 236 1825 1094
f 242 1843 1184
f 248 1862 1214
f 272 1933 1154
f 331 2110 1016
f 301 2020 968
f 373 2236 1088
f 380 2257 1142
f 308 2042 1010
f 277 1947 944
f 314 2059 1070
f 320 2077 1130
f 326 2096 1160
f 332 2113 1046
f 302 2023 1220
f 374 2239 1196
f 379 2254 1112
f 271 1930 938
f 234 1818 1279
f 227 1798 1255
f 239 1834 1291
f 245 1852 1309
f 252 1872 1327
f 275 1942 1375
f 334 2120 1537
f 304 2030 1448
f 377 2248 1574
f 382 2263 1364
f 312 2052 1483
f 279 1955 1387
f 316 2065 1436
f 323 2086 1507
f 330 2106 1525
f 335 2122 1543
f 305 2032 1465
f 376 2245 1454
f 383 2266 1580
f 274 1940 1358
f 232 1813 1267
f 225 1792 1243
f 237 1828 1250
f 243 1846 1286
f 250 1867 1304
f 273 1936 1334
f 336 2123 1549
f 306 2033 1471
f 378 2249 1597
f 381 2260 1352
f 311 2049 1477
f 281 1959 1399
f 315 2062 1406
f 321 2080 1490
f 328 2101 1502
f 333 2116 1531
f 303 2026 1412
f 375 2242 1442
f 384 2267 1592
f 276 1943 1381
f 251 1869 1321
f 233 1815 1273
f 228 1799 1261
f 240 1835 1297
f 246 1853 1315
f 258 1889 1339
f 360 2195 1562
f 401 2319 1460
f 389 2283 1586
f 263 1905 1345
f 329 2103 1519
f 310 2046 1418
f 280 1957 1393
f 318 2069 1495
f 324 2087 1513
f 342 2141 1555
f 288 1979 1423
f 292 1993 1429
f 371 2229 1568
f 393 2296 1370
f 357 2188 1280
f 255 1882 1256
f 262 1902 1292
f 388 2280 1310
f 400 2316 1328
f 352 2172 1376
f 347 2157 1538
f 298 2011 1447
f 364 2209 1573
f 269 1923 1363
f 339 2134 1484
f 285 1972 1388
f 293 1995 1435
f 370 2226 1508
f 396 2303 1526
f 353 2175 1544
f 346 2154 1466
f 299 2013 1453
f 365 2211 1579
f 268 1921 1357
f 249 1865 1268
f 231 1811 1244
f 226 1796 1249
f 238 1832 1285
f 244 1850 1303
f 257 1888 1333
f 359 2194 1550
f 402 2322 1472
f 390 2286 1598
f 264 1908 1351
f 327 2099 1478
f 309 2045 1400
f 282 1962 1405
f 317 2068 1489
f 322 2084 1501
f 341 2140 1532
f 286 1976 1411
f 294 1998 1441
f 372 2232 1591
f 394 2299 1382
f 416 2330 911
f 408 2324 893
f 406 2325 888
f 412 2332 900
f 415 2335 906
f 424 2344 924
f 492 2410 1062
f 582 2497 1242
f 565 2486 1206
f 514 2434 1104
f 461 2375 1001
f 453 2369 983
f 451 2370 978
f 457 2377 990
f 460 2380 996
f 475 2393 1026
f 439 2359 954
f 496 2415 1068
f 533 2455 1140
f 551 2461 1181
f 579 2489 1235
f 483 2399 1043
f 426 2341 929
f 521 2431 1121
f 566 2476 1211
f 489 2405 1055
f 578 2500 1230
f 560 2481 1194
f 518 2439 1110
f 429 2348 935
f 547 2465 1169
f 465 2383 1007
f 441 2356 959
f 504 2420 1085
f 537 2452 1152
f 550 2471 1176
f 476 2386 1031
f 444 2363 965
f 502 2422 1079
f 526 2445 1128
f 481 2400 1038
f 420 2338 917
f 510 2428 1097
f 555 2473 1187
f 571 2490 1218
f 540 2458 1157
f 473 2394 1020
f 447 2366 972
f 507 2425 1092
f 534 2444 1145
f 469 2389 1014
f 435 2353 947
f 498 2414 1073
f 529 2449 1133
f 545 2466 1164
f 487 2407 1049
f 574 2494 1223
f 562 2480 1199
f 520 2438 1116
f 432 2351 942
f 589 2510 1283
f 583 2504 1259
f 586 2508 1295
f 593 2514 1313
f 596 2517 1331
f 599 2520 1379
f 633 2554 1541
f 620 2539 1452
f 640 2560 1578
f 603 2523 1368
f 622 2543 1487
f 607 2527 1391
f 612 2532 1440
f 626 2547 1511
f 629 2550 1529
f 631 2552 1547
f 614 2535 1469
f 618 2538 1458
f 641 2558 1584
f 605 2524 1362
f 164 1607 1609
f 163 1603 1605
f 165 1604 1611
f 166 1610 1614
f 167 1613 1617
f 172 1622 1631
f 190 1686 1688
f 219 1773 1775
f 215 1761 1763
f 201 1712 1719
f 179 1652 1654
f 178 1648 1650
f 180 1649 1656
f 181 1655 1659
f 182 1658 1662
f 185 1670 1672
f 177 1637 1646
f 197 1694 1706
f 206 1731 1735
f 208 1739 1741
f 218 1768 1770
f 188 1678 1680
f 168 1619 1621
f 198 1709 1711
f 213 1754 1756
f 189 1682 1684
f 221 1776 1780
f 217 1758 1767
f 202 1716 1722
f 170 1625 1627
f 209 1742 1744
f 184 1663 1668
f 173 1634 1636
f 194 1697 1699
f 204 1728 1730
f 210 1746 1748
f 183 1664 1666
f 175 1640 1642
f 196 1700 1705
f 207 1724 1736
f 192 1679 1691
f 169 1618 1623
f 199 1708 1713
f 216 1753 1764
f 222 1769 1781
f 211 1738 1749
f 187 1671 1677
f 176 1643 1645
f 195 1701 1703
f 203 1723 1725
f 186 1667 1674
f 174 1633 1638
f 193 1693 1695
f 205 1727 1732
f 212 1743 1752
f 191 1685 1690
f 220 1772 1777
f 214 1757 1759
f 200 1715 1717
f 171 1628 1630
f 358 2187 2191
f 256 1881 1885
f 261 1899 1901
f 387 2277 2279
f 399 2313 2315
f 351 2169 2171
f 348 2156 2160
f 300 2010 2016
f 366 2208 2214
f 267 1917 1919
f 340 2133 2137
f 287 1971 1978
f 291 1989 1991
f 369 2223 2225
f 395 2300 2302
f 354 2174 2178
f 345 2151 2153
f 297 2007 2009
f 363 2205 2207
f 270 1920 1926
f 247 1855 1857
f 229 1801 1803
f 223 1784 1786
f 235 1820 1822
f 241 1838 1840
f 253 1874 1876
f 355 2180 2182
f 398 2310 2312
f 386 2274 2276
f 260 1896 1898
f 325 2089 2091
f 307 2035 2037
f 278 1950 1952
f 313 2054 2056
f 319 2072 2074
f 337 2126 2128
f 283 1964 1966
f 290 1986 1988
f 368 2220 2222
f 392 2291 2293
f 356 2183 2185
f 254 1877 1879
f 259 1891 1893
f 385 2269 2271
f 397 2305 2307
f 349 2161 2163
f 344 2148 2150
f 296 2004 2006
f 362 2202 2204
f 265 1909 1911
f 338 2129 2131
f 284 1967 1969
f 289 1981 1983
f 367 2215 2217
f 391 2288 2290
f 350 2166 2168
f 343 2143 2145
f 295 1999 2001
f 361 2197 2199
f 266 1914 1916
f 230 1806 1808
f 224 1787 1789
f 236 1823 1825
f 242 1841 1843
f 248 1860 1862
f 272 1931 1933
f 331 2108 2110
f 301 2018 2020
f 373 2234 2236
f 380 2255 2257
f 308 2040 2042
f 277 1945 1947
f 314 2057 2059
f 320 2075 2077
f 326 2094 2096
f 332 2111 2113
f 302 2021 2023
f 374 2237 2239
f 379 2252 2254
f 271 1928 1930
f 234 1812 1818
f 227 1791 1798
f 239 1827 1834
f 245 1845 1852
f 252 1866 1872
f 275 1935 1942
f 334 2118 2120
f 304 2028 2030
f 377 2246 2248
f 382 2259 2263
f 312 2048 2052
f 279 1953 1955
f 316 2061 2065
f 323 2079 2086
f 330 2100 2106
f 335 2115 2122
f 305 2025 2032
f 376 2241 2245
f 383 2264 2266
f 274 1938 1940
f 232 1802 1813
f 225 1783 1792
f 237 1819 1828
f 243 1837 1846
f 250 1856 1867
f 273 1927 1936
f 336 2112 2123
f 306 2022 2033
f 378 2238 2249
f 381 2251 2260
f 311 2036 2049
f 281 1949 1959
f 315 2053 2062
f 321 2071 2080
f 328 2090 2101
f 333 2107 2116
f 303 2017 2026
f 375 2233 2242
f 384 2256 2267
f 276 1932 1943
f 251 1859 1869
f 233 1805 1815
f 228 1788 1799
f 240 1824 1835
f 246 1842 1853
f 258 1878 1889
f 360 2184 2195
f 401 2306 2319
f 389 2270 2283
f 263 1892 1905
f 329 2093 2103
f 310 2039 2046
f 280 1946 1957
f 318 2058 2069
f 324 2076 2087
f 342 2130 2141
f 288 1968 1979
f 292 1982 1993
f 371 2216 2229
f 393 2287 2296
f 357 2179 2188
f 255 1873 1882
f 262 1895 1902
f 388 2273 2280
f 400 2309 2316
f 352 2165 2172
f 347 2144 2157
f 298 2000 2011
f 364 2198 2209
f 269 1913 1923
f 339 2125 2134
f 285 1963 1972
f 293 1985 1995
f 370 2219 2226
f 396 2292 2303
f 353 2162 2175
f 346 2147 2154
f 299 2003 2013
f 365 2201 2211
f 268 1910 1921
f 249 1863 1865
f 231 1809 1811
f 226 1794 1796
f 238 1830 1832
f 244 1848 1850
f 257 1886 1888
f 359 2192 2194
f 402 2318 2322
f 390 2282 2286
f 264 1904 1908
f 327 2097 2099
f 309 2043 2045
f 282 1956 1962
f 317 2066 2068
f 322 2082 2084
f 341 2138 2140
f 286 1974 1976
f 294 1992 1998
f 372 2228 2232
f 394 2295 2299
f 416 2331 2330
f 408 2327 2324
f 406 2328 2325
f 412 2334 2332
f 415 2337 2335
f 424 2346 2344
f 492 2412 2410
f 582 2499 2497
f 565 2487 2486
f 514 2436 2434
f 461 2376 2375
f 453 2372 2369
f 451 2373 2370
f 457 2379 2377
f 460 2382 2380
f 475 2396 2393
f 439 2361 2359
f 496 2418 2415
f 533 2457 2455
f 551 2463 2461
f 579 2492 2489
f 483 2402 2399
f 426 2343 2341
f 521 2433 2431
f 566 2478 2476
f 489 2406 2405
f 578 2502 2500
f 560 2484 2481
f 518 2442 2439
f 429 2349 2348
f 547 2468 2465
f 465 2387 2383
f 441 2358 2356
f 504 2421 2420
f 537 2454 2452
f 550 2472 2471
f 476 2388 2386
f 444 2364 2363
f 502 2426 2422
f 526 2448 2445
f 481 2403 2400
f 420 2342 2338
f 510 2432 2428
f 555 2477 2473
f 571 2493 2490
f 540 2462 2458
f 473 2397 2394
f 447 2367 2366
f 507 2427 2425
f 534 2447 2444
f 469 2391 2389
f 435 2357 2353
f 498 2417 2414
f 529 2453 2449
f 545 2469 2466
f 487 2411 2407
f 574 2498 2494
f 562 2483 2480
f 520 2441 2438
f 432 2352 2351
f 589 2509 2510
f 583 2503 2504
f 586 2506 2508
f 593 2512 2514
f 596 2515 2517
f 599 2518 2520
f 633 2555 2554
f 620 2541 2539
f 640 2562 2560
f 603 2522 2523
f 622 2542 2543
f 607 2528 2527
f 612 2531 2532
f 626 2545 2547
f 629 2548 2550
f 631 2551 2552
f 614 2533 2535
f 618 2537 2538
f 641 2559 2558
f 605 2526 2524
f 164 644 1607
f 163 643 1603
f 165 645 1604
f 166 646 1610
f 167 647 1613
f 172 652 1622
f 190 670 1686
f 219 699 1773
f 215 695 1761
f 201 681 1712
f 179 659 1652
f 178 658 1648
f 180 660 1649
f 181 661 1655
f 182 662 1658
f 185 665 1670
f 177 657 1637
f 197 677 1694
f 206 686 1731
f 208 688 1739
f 218 698 1768
f 188 668 1678
f 168 648 1619
f 198 678 1709
f 213 693 1754
f 189 669 1682
f 221 701 1776
f 217 697 1758
f 202 682 1716
f 170 650 1625
f 209 689 1742
f 184 664 1663
f 173 653 1634
f 194 674 1697
f 204 684 1728
f 210 690 1746
f 183 663 1664
f 175 655 1640
f 196 676 1700
f 207 687 1724
f 192 672 1679
f 169 649 1618
f 199 679 1708
f 216 696 1753
f 222 702 1769
f 211 691 1738
f 187 667 1671
f 176 656 1643
f 195 675 1701
f 203 683 1723
f 186 666 1667
f 174 654 1633
f 193 673 1693
f 205 685 1727
f 212 692 1743
f 191 671 1685
f 220 700 1772
f 214 694 1757
f 200 680 1715
f 171 651 1628
f 358 838 2187
f 256 736 1881
f 261 741 1899
f 387 867 2277
f 399 879 2313
f 351 831 2169
f 348 828 2156
f 300 780 2010
f 366 846 2208
f 267 747 1917
f 340 820 2133
f 287 767 1971
f 291 771 1989
f 369 849 2223
f 395 875 2300
f 354 834 2174
f 345 825 2151
f 297 777 2007
f 363 843 2205
f 270 750 1920
f 247 727 1855
f 229 709 1801
f 223 703 1784
f 235 715 1820
f 241 721 1838
f 253 733 1874
f 355 835 2180
f 398 878 2310
f 386 866 2274
f 260 740 1896
f 325 805 2089
f 307 787 2035
f 278 758 1950
f 313 793 2054
f 319 799 2072
f 337 817 2126
f 283 763 1964
f 290 770 1986
f 368 848 2220
f 392 872 2291
f 356 836 2183
f 254 734 1877
f 259 739 1891
f 385 865 2269
f 397 877 2305
f 349 829 2161
f 344 824 2148
f 296 776 2004
f 362 842 2202
f 265 745 1909
f 338 818 2129
f 284 764 1967
f 289 769 1981
f 367 847 2215
f 391 871 2288
f 350 830 2166
f 343 823 2143
f 295 775 1999
f 361 841 2197
f 266 746 1914
f 230 710 1806
f 224 704 1787
f 236 716 1823
f 242 722 1841
f 248 728 1860
f 272 752 1931
f 331 811 2108
f 301 781 2018
f 373 853 2234
f 380 860 2255
f 308 788 2040
f 277 757 1945
f 314 794 2057
f 320 800 2075
f 326 806 2094
f 332 812 2111
f 302 782 2021
f 374 854 2237
f 379 859 2252
f 271 751 1928
f 234 714 1812
f 227 707 1791
f 239 719 1827
f 245 725 1845
f 252 732 1866
f 275 755 1935
f 334 814 2118
f 304 784 2028
f 377 857 2246
f 382 862 2259
f 312 792 2048
f 279 759 1953
f 316 796 2061
f 323 803 2079
f 330 810 2100
f 335 815 2115
f 305 785 2025
f 376 856 2241
f 383 863 2264
f 274 754 1938
f 232 712 1802
f 225 705 1783
f 237 717 1819
f 243 723 1837
f 250 730 1856
f 273 753 1927
f 336 816 2112
f 306 786 2022
f 378 858 2238
f 381 861 2251
f 311 791 2036
f 281 761 1949
f 315 795 2053
f 321 801 2071
f 328 808 2090
f 333 813 2107
f 303 783 2017
f 375 855 2233
f 384 864 2256
f 276 756 1932
f 251 731 1859
f 233 713 1805
f 228 708 1788
f 240 720 1824
f 246 726 1842
f 258 738 1878
f 360 840 2184
f 401 881 2306
f 389 869 2270
f 263 743 1892
f 329 809 2093
f 310 790 2039
f 280 760 1946
f 318 798 2058
f 324 804 2076
f 342 822 2130
f 288 768 1968
f 292 772 1982
f 371 851 2216
f 393 873 2287
f 357 837 2179
f 255 735 1873
f 262 742 1895
f 388 868 2273
f 400 880 2309
f 352 832 2165
f 347 827 2144
f 298 778 2000
f 364 844 2198
f 269 749 1913
f 339 819 2125
f 285 765 1963
f 293 773 1985
f 370 850 2219
f 396 876 2292
f 353 833 2162
f 346 826 2147
f 299 779 2003
f 365 845 2201
f 268 748 1910
f 249 729 1863
f 231 711 1809
f 226 706 1794
f 238 718 1830
f 244 724 1848
f 257 737 1886
f 359 839 2192
f 402 882 2318
f 390 870 2282
f 264 744 1904
f 327 807 2097
f 309 789 2043
f 282 762 1956
f 317 797 2066
f 322 802 2082
f 341 821 2138
f 286 766 1974
f 294 774 1992
f 372 852 2228
f 394 874 2295
f 416 1270 2331
f 408 1246 2327
f 406 1251 2328
f 412 1287 2334
f 415 1305 2337
f 424 1335 2346
f 492 1552 2412
f 582 1474 2499
f 565 1600 2487
f 514 1353 2436
f 461 1480 2376
f 453 1402 2372
f 451 1407 2373
f 457 1491 2379
f 460 1503 2382
f 475 1534 2396
f 439 1413 2361
f 496 1443 2418
f 533 1593 2457
f 551 1384 2463
f 579 1324 2492
f 483 1276 2402
f 426 1264 2343
f 521 1300 2433
f 566 1318 2478
f 489 1342 2406
f 578 1563 2502
f 560 1461 2484
f 518 1587 2442
f 429 1348 2349
f 547 1522 2468
f 465 1419 2387
f 441 1396 2358
f 504 1498 2421
f 537 1516 2454
f 550 1558 2472
f 476 1426 2388
f 444 1432 2364
f 502 1569 2426
f 526 1371 2448
f 481 1281 2403
f 420 1257 2342
f 510 1293 2432
f 555 1311 2477
f 571 1329 2493
f 540 1377 2462
f 473 1539 2397
f 447 1450 2367
f 507 1576 2427
f 534 1366 2447
f 469 1485 2391
f 435 1389 2357
f 498 1438 2417
f 529 1509 2453
f 545 1527 2469
f 487 1545 2411
f 574 1467 2498
f 562 1456 2483
f 520 1582 2441
f 432 1360 2352
f 589 1271 2509
f 583 1247 2503
f 586 1254 2506
f 593 1290 2512
f 596 1308 2515
f 599 1338 2518
f 633 1553 2555
f 620 1475 2541
f 640 1601 2562
f 603 1356 2522
f 622 1481 2542
f 607 1403 2528
f 612 1410 2531
f 626 1494 2545
f 629 1506 2548
f 631 1535 2551
f 614 1416 2533
f 618 1446 2537
f 641 1596 2559
f 605 1385 2526
f 167 907 1616
f 164 889 1608
f 163 883 1606
f 165 895 1612
f 166 901 1615
f 169 919 1624
f 192 1057 1692
f 222 1237 1782
f 216 1201 1765
f 199 1099 1714
f 182 997 1661
f 179 979 1653
f 178 973 1651
f 180 985 1657
f 181 991 1660
f 186 1021 1675
f 174 949 1639
f 193 1063 1696
f 205 1135 1733
f 212 1177 1751
f 221 1231 1779
f 189 1039 1683
f 170 925 1626
f 202 1117 1721
f 217 1207 1766
f 191 1051 1689
f 220 1225 1778
f 214 1189 1760
f 200 1105 1718
f 171 931 1629
f 210 1165 1747
f 183 1003 1665
f 175 955 1641
f 196 1081 1704
f 207 1147 1737
f 211 1171 1750
f 187 1027 1676
f 176 961 1644
f 195 1075 1702
f 203 1123 1726
f 188 1033 1681
f 168 913 1620
f 198 1093 1710
f 213 1183 1755
f 218 1213 1771
f 208 1153 1740
f 185 1015 1673
f 177 967 1647
f 197 1087 1707
f 206 1141 1734
f 184 1009 1669
f 173 943 1635
f 194 1069 1698
f 204 1129 1729
f 209 1159 1745
f 190 1045 1687
f 219 1219 1774
f 215 1195 1762
f 201 1111 1720
f 172 937 1632
f 357 1280 2189
f 255 1256 1883
f 262 1292 1903
f 388 1310 2281
f 400 1328 2317
f 352 1376 2173
f 347 1538 2158
f 298 1447 2012
f 364 1573 2210
f 269 1363 1924
f 339 1484 2135
f 285 1388 1973
f 293 1435 1996
f 370 1508 2227
f 396 1526 2304
f 353 1544 2176
f 346 1466 2155
f 299 1453 2014
f 365 1579 2212
f 268 1357 1922
f 249 1268 1864
f 231 1244 1810
f 226 1249 1795
f 238 1285 1831
f 244 1303 1849
f 257 1333 1887
f 359 1550 2193
f 402 1472 2321
f 390 1598 2285
f 264 1351 1907
f 327 1478 2098
f 309 1400 2044
f 282 1405 1961
f 317 1489 2067
f 322 1501 2083
f 341 1532 2139
f 286 1411 1975
f 294 1441 1997
f 372 1591 2231
f 394 1382 2298
f 358 1322 2190
f 256 1274 1884
f 261 1262 1900
f 387 1298 2278
f 399 1316 2314
f 351 1340 2170
f 348 1561 2159
f 300 1459 2015
f 366 1585 2213
f 267 1346 1918
f 340 1520 2136
f 287 1417 1977
f 291 1394 1990
f 369 1496 2224
f 395 1514 2301
f 354 1556 2177
f 345 1424 2152
f 297 1430 2008
f 363 1567 2206
f 270 1369 1925
f 234 1279 1817
f 227 1255 1797
f 239 1291 1833
f 245 1309 1851
f 252 1327 1871
f 275 1375 1941
f 334 1537 2119
f 304 1448 2029
f 377 1574 2247
f 382 1364 2262
f 312 1483 2051
f 279 1387 1954
f 316 1436 2064
f 323 1507 2085
f 330 1525 2105
f 335 1543 2121
f 305 1465 2031
f 376 1454 2244
f 383 1580 2265
f 274 1358 1939
f 232 1267 1814
f 225 1243 1793
f 237 1250 1829
f 243 1286 1847
f 250 1304 1868
f 273 1334 1937
f 336 1549 2124
f 306 1471 2034
f 378 1597 2250
f 381 1352 2261
f 311 1477 2050
f 281 1399 1960
f 315 1406 2063
f 321 1490 2081
f 328 1502 2102
f 333 1531 2117
f 303 1412 2027
f 375 1442 2243
f 384 1592 2268
f 276 1381 1944
f 229 890 1804
f 223 884 1785
f 235 896 1821
f 241 902 1839
f 247 908 1858
f 271 938 1929
f 332 1046 2114
f 302 1220 2024
f 374 1196 2240
f 379 1112 2253
f 307 980 2038
f 278 974 1951
f 313 986 2055
f 319 992 2073
f 325 998 2092
f 331 1016 2109
f 301 968 2019
f 373 1088 2235
f 380 1142 2258
f 272 1154 1934
f 248 1214 1861
f 230 1034 1807
f 224 914 1790
f 236 1094 1826
f 242 1184 1844
f 254 1040 1880
f 356 1232 2186
f 397 1208 2308
f 385 1118 2272
f 259 926 1894
f 326 1160 2095
f 308 1010 2041
f 277 944 1948
f 314 1070 2060
f 320 1130 2078
f 338 1166 2132
f 284 1004 1970
f 289 956 1984
f 367 1082 2218
f 391 1148 2289
f 355 1058 2181
f 253 920 1875
f 260 1100 1897
f 386 1202 2275
f 398 1238 2311
f 350 1172 2167
f 343 1028 2146
f 295 962 2002
f 361 1076 2200
f 266 1124 1915
f 337 1022 2127
f 283 950 1965
f 290 1064 1987
f 368 1136 2221
f 392 1178 2294
f 349 1052 2164
f 344 1226 2149
f 296 1190 2005
f 362 1106 2203
f 265 932 1912
f 251 1321 1870
f 233 1273 1816
f 228 1261 1800
f 240 1297 1836
f 246 1315 1854
f 258 1339 1890
f 360 1562 2196
f 401 1460 2320
f 389 1586 2284
f 263 1345 1906
f 329 1519 2104
f 310 1418 2047
f 280 1393 1958
f 318 1495 2070
f 324 1513 2088
f 342 1555 2142
f 288 1423 1980
f 292 1429 1994
f 371 1568 2230
f 393 1370 2297
f 409 894 2329
f 405 887 2323
f 411 899 2326
f 414 905 2333
f 417 912 2336
f 431 941 2345
f 488 1050 2409
f 575 1224 2496
f 563 1200 2485
f 519 1115 2435
f 454 984 2374
f 450 977 2368
f 456 989 2371
f 459 995 2378
f 462 1002 2381
f 472 1019 2392
f 446 971 2360
f 506 1091 2416
f 535 1146 2456
f 541 1158 2460
f 570 1217 2488
f 480 1037 2398
f 421 918 2340
f 511 1098 2430
f 556 1188 2475
f 484 1044 2404
f 580 1236 2501
f 567 1212 2482
f 522 1122 2440
f 427 930 2347
f 544 1163 2464
f 468 1013 2384
f 436 948 2355
f 499 1074 2419
f 530 1134 2451
f 548 1170 2470
f 466 1008 2385
f 442 960 2362
f 505 1086 2423
f 536 1151 2446
f 491 1061 2401
f 423 923 2339
f 513 1103 2429
f 564 1205 2474
f 581 1241 2491
f 549 1175 2459
f 477 1032 2395
f 445 966 2365
f 503 1080 2424
f 525 1127 2443
f 474 1025 2390
f 438 953 2354
f 495 1067 2413
f 532 1139 2450
f 552 1182 2467
f 490 1056 2408
f 577 1229 2495
f 559 1193 2479
f 517 1109 2437
f 430 936 2350
f 590 1325 2511
f 584 1277 2505
f 585 1265 2507
f 592 1301 2513
f 595 1319 2516
f 598 1343 2519
f 636 1566 2556
f 621 1464 2540
f 642 1590 2561
f 601 1349 2521
f 623 1523 2544
f 611 1422 2529
f 609 1397 2530
f 625 1499 2546
f 628 1517 2549
f 632 1559 2553
f 613 1427 2534
f 616 1433 2536
f 638 1572 2557
f 606 1374 2525
f 407 892 1609
f 403 885 1605
f 404 897 1611
f 410 903 1614
f 413 910 1617
f 422 939 1631
f 486 1048 1688
f 573 1222 1775
f 561 1198 1763
f 512 1113 1719
f 452 982 1654
f 448 975 1650
f 449 987 1656
f 455 993 1659
f 458 1000 1662
f 470 1017 1672
f 437 969 1646
f 494 1089 1706
f 531 1144 1735
f 539 1156 1741
f 568 1215 1770
f 478 1035 1680
f 419 916 1621
f 509 1096 1711
f 554 1186 1756
f 482 1042 1684
f 576 1234 1780
f 558 1210 1767
f 516 1120 1722
f 425 928 1627
f 542 1161 1744
f 463 1011 1668
f 434 946 1636
f 497 1072 1699
f 528 1132 1730
f 546 1168 1748
f 464 1006 1666
f 440 958 1642
f 500 1084 1705
f 524 1149 1736
f 479 1059 1691
f 418 921 1623
f 508 1101 1713
f 553 1203 1764
f 569 1239 1781
f 538 1173 1749
f 471 1030 1677
f 443 964 1645
f 501 1078 1703
f 523 1125 1725
f 467 1023 1674
f 433 951 1638
f 493 1065 1695
f 527 1137 1732
f 543 1180 1752
f 485 1054 1690
f 572 1227 1777
f 557 1191 1759
f 515 1107 1717
f 428 934 1630
f 591 1326 2191
f 587 1278 1885
f 588 1266 1901
f 594 1302 2279
f 597 1320 2315
f 600 1344 2171
f 634 1565 2160
f 619 1463 2016
f 639 1589 2214
f 602 1350 1919
f 624 1524 2137
f 608 1421 1978
f 610 1398 1991
f 627 1500 2225
f 630 1518 2302
f 635 1560 2178
f 615 1428 2153
f 617 1434 2009
f 637 1571 2207
f 604 1373 1926
f 416 911 1857
f 408 893 1803
f 406 888 1786
f 412 900 1822
f 415 906 1840
f 424 924 1876
f 492 1062 2182
f 582 1242 2312
f 565 1206 2276
f 514 1104 1898
f 461 1001 2091
f 453 983 2037
f 451 978 1952
f 457 990 2056
f 460 996 2074
f 475 1026 2128
f 439 954 1966
f 496 1068 1988
f 533 1140 2222
f 551 1181 2293
f 579 1235 2185
f 483 1043 1879
f 426 929 1893
f 521 1121 2271
f 566 1211 2307
f 489 1055 2163
f 578 1230 2150
f 560 1194 2006
f 518 1110 2204
f 429 935 1911
f 547 1169 2131
f 465 1007 1969
f 441 959 1983
f 504 1085 2217
f 537 1152 2290
f 550 1176 2168
f 476 1031 2145
f 444 965 2001
f 502 1079 2199
f 526 1128 1916
f 481 1038 1808
f 420 917 1789
f 510 1097 1825
f 555 1187 1843
f 571 1218 1862
f 540 1157 1933
f 473 1020 2110
f 447 972 2020
f 507 1092 2236
f 534 1145 2257
f 469 1014 2042
f 435 947 1947
f 498 1073 2059
f 529 1133 2077
f 545 1164 2096
f 487 1049 2113
f 574 1223 2023
f 562 1199 2239
f 520 1116 2254
f 432 942 1930
f 589 1283 1818
f 583 1259 1798
f 586 1295 1834
f 593 1313 1852
f 596 1331 1872
f 599 1379 1942
f 633 1541 2120
f 620 1452 2030
f 640 1578 2248
f 603 1368 2263
f 622 1487 2052
f 607 1391 1955
f 612 1440 2065
f 626 1511 2086
f 629 1529 2106
f 631 1547 2122
f 614 1469 2032
f 618 1458 2245
f 641 1584 2266
f 605 1362 1940
f 409 1269 1813
f 405 1245 1792
f 411 1252 1828
f 414 1288 1846
f 417 1306 1867
f 431 1336 1936
f 488 1551 2123
f 575 1473 2033
f 563 1599 2249
f 519 1354 2260
f 454 1479 2049
f 450 1401 1959
f 456 1408 2062
f 459 1492 2080
f 462 1504 2101
f 472 1533 2116
f 446 1414 2026
f 506 1444 2242
f 535 1594 2267
f 541 1383 1943
f 570 1323 1869
f 480 1275 1815
f 421 1263 1799
f 511 1299 1835
f 556 1317 1853
f 484 1341 1889
f 580 1564 2195
f 567 1462 2319
f 522 1588 2283
f 427 1347 1905
f 544 1521 2103
f 468 1420 2046
f 436 1395 1957
f 499 1497 2069
f 530 1515 2087
f 548 1557 2141
f 466 1425 1979
f 442 1431 1993
f 505 1570 2229
f 536 1372 2296
f 491 1282 2188
f 423 1258 1882
f 513 1294 1902
f 564 1312 2280
f 581 1330 2316
f 549 1378 2172
f 477 1540 2157
f 445 1449 2011
f 503 1575 2209
f 525 1365 1923
f 474 1486 2134
f 438 1390 1972
f 495 1437 1995
f 532 1510 2226
f 552 1528 2303
f 490 1546 2175
f 577 1468 2154
f 559 1455 2013
f 517 1581 2211
f 430 1359 1921
f 590 1272 1865
f 584 1248 1811
f 585 1253 1796
f 592 1289 1832
f 595 1307 1850
f 598 1337 1888
f 636 1554 2194
f 621 1476 2322
f 642 1602 2286
f 601 1355 1908
f 623 1482 2099
f 611 1404 2045
f 609 1409 1962
f 625 1493 2068
f 628 1505 2084
f 632 1536 2140
f 613 1415 1976
f 616 1445 1998
f 638 1595 2232
f 606 1386 2299
f 407 909 2330
f 403 891 2324
f 404 886 2325
f 410 898 2332
f 413 904 2335
f 422 922 2344
f 486 1060 2410
f 573 1240 2497
f 561 1204 2486
f 512 1102 2434
f 452 999 2375
f 448 981 2369
f 449 976 2370
f 455 988 2377
f 458 994 2380
f 470 1024 2393
f 437 952 2359
f 494 1066 2415
f 531 1138 2455
f 539 1179 2461
f 568 1233 2489
f 478 1041 2399
f 419 927 2341
f 509 1119 2431
f 554 1209 2476
f 482 1053 2405
f 576 1228 2500
f 558 1192 2481
f 516 1108 2439
f 425 933 2348
f 542 1167 2465
f 463 1005 2383
f 434 957 2356
f 497 1083 2420
f 528 1150 2452
f 546 1174 2471
f 464 1029 2386
f 440 963 2363
f 500 1077 2422
f 524 1126 2445
f 479 1036 2400
f 418 915 2338
f 508 1095 2428
f 553 1185 2473
f 569 1216 2490
f 538 1155 2458
f 471 1018 2394
f 443 970 2366
f 501 1090 2425
f 523 1143 2444
f 467 1012 2389
f 433 945 2353
f 493 1071 2414
f 527 1131 2449
f 543 1162 2466
f 485 1047 2407
f 572 1221 2494
f 557 1197 2480
f 515 1114 2438
f 428 940 2351
f 591 1284 2510
f 587 1260 2504
f 588 1296 2508
f 594 1314 2514
f 597 1332 2517
f 600 1380 2520
f 634 1542 2554
f 619 1451 2539
f 639 1577 2560
f 602 1367 2523
f 624 1488 2543
f 608 1392 2527
f 610 1439 2532
f 627 1512 2547
f 630 1530 2550
f 635 1548 2552
f 615 1470 2535
f 617 1457 2538
f 637 1583 2558
f 604 1361 2524
f 167 1616 1607
f 164 1608 1603
f 163 1606 1604
f 165 1612 1610
f 166 1615 1613
f 169 1624 1622
f 192 1692 1686
f 222 1782 1773
f 216 1765 1761
f 199 1714 1712
f 182 1661 1652
f 179 1653 1648
f 178 1651 1649
f 180 1657 1655
f 181 1660 1658
f 186 1675 1670
f 174 1639 1637
f 193 1696 1694
f 205 1733 1731
f 212 1751 1739
f 221 1779 1768
f 189 1683 1678
f 170 1626 1619
f 202 1721 1709
f 217 1766 1754
f 191 1689 1682
f 220 1778 1776
f 214 1760 1758
f 200 1718 1716
f 171 1629 1625
f 210 1747 1742
f 183 1665 1663
f 175 1641 1634
f 196 1704 1697
f 207 1737 1728
f 211 1750 1746
f 187 1676 1664
f 176 1644 1640
f 195 1702 1700
f 203 1726 1724
f 188 1681 1679
f 168 1620 1618
f 198 1710 1708
f 213 1755 1753
f 218 1771 1769
f 208 1740 1738
f 185 1673 1671
f 177 1647 1643
f 197 1707 1701
f 206 1734 1723
f 184 1669 1667
f 173 1635 1633
f 194 1698 1693
f 204 1729 1727
f 209 1745 1743
f 190 1687 1685
f 219 1774 1772
f 215 1762 1757
f 201 1720 1715
f 172 1632 1628
f 357 2189 2187
f 255 1883 1881
f 262 1903 1899
f 388 2281 2277
f 400 2317 2313
f 352 2173 2169
f 347 2158 2156
f 298 2012 2010
f 364 2210 2208
f 269 1924 1917
f 339 2135 2133
f 285 1973 1971
f 293 1996 1989
f 370 2227 2223
f 396 2304 2300
f 353 2176 2174
f 346 2155 2151
f 299 2014 2007
f 365 2212 2205
f 268 1922 1920
f 249 1864 1855
f 231 1810 1801
f 226 1795 1784
f 238 1831 1820
f 244 1849 1838
f 257 1887 1874
f 359 2193 2180
f 402 2321 2310
f 390 2285 2274
f 264 1907 1896
f 327 2098 2089
f 309 2044 2035
f 282 1961 1950
f 317 2067 2054
f 322 2083 2072
f 341 2139 2126
f 286 1975 1964
f 294 1997 1986
f 372 2231 2220
f 394 2298 2291
f 358 2190 2183
f 256 1884 1877
f 261 1900 1891
f 387 2278 2269
f 399 2314 2305
f 351 2170 2161
f 348 2159 2148
f 300 2015 2004
f 366 2213 2202
f 267 1918 1909
f 340 2136 2129
f 287 1977 1967
f 291 1990 1981
f 369 2224 2215
f 395 2301 2288
f 354 2177 2166
f 345 2152 2143
f 297 2008 1999
f 363 2206 2197
f 270 1925 1914
f 234 1817 1806
f 227 1797 1787
f 239 1833 1823
f 245 1851 1841
f 252 1871 1860
f 275 1941 1931
f 334 2119 2108
f 304 2029 2018
f 377 2247 2234
f 382 2262 2255
f 312 2051 2040
f 279 1954 1945
f 316 2064 2057
f 323 2085 2075
f 330 2105 2094
f 335 2121 2111
f 305 2031 2021
f 376 2244 2237
f 383 2265 2252
f 274 1939 1928
f 232 1814 1812
f 225 1793 1791
f 237 1829 1827
f 243 1847 1845
f 250 1868 1866
f 273 1937 1935
f 336 2124 2118
f 306 2034 2028
f 378 2250 2246
f 381 2261 2259
f 311 2050 2048
f 281 1960 1953
f 315 2063 2061
f 321 2081 2079
f 328 2102 2100
f 333 2117 2115
f 303 2027 2025
f 375 2243 2241
f 384 2268 2264
f 276 1944 1938
f 229 1804 1802
f 223 1785 1783
f 235 1821 1819
f 241 1839 1837
f 247 1858 1856
f 271 1929 1927
f 332 2114 2112
f 302 2024 2022
f 374 2240 2238
f 379 2253 2251
f 307 2038 2036
f 278 1951 1949
f 313 2055 2053
f 319 2073 2071
f 325 2092 2090
f 331 2109 2107
f 301 2019 2017
f 373 2235 2233
f 380 2258 2256
f 272 1934 1932
f 248 1861 1859
f 230 1807 1805
f 224 1790 1788
f 236 1826 1824
f 242 1844 1842
f 254 1880 1878
f 356 2186 2184
f 397 2308 2306
f 385 2272 2270
f 259 1894 1892
f 326 2095 2093
f 308 2041 2039
f 277 1948 1946
f 314 2060 2058
f 320 2078 2076
f 338 2132 2130
f 284 1970 1968
f 289 1984 1982
f 367 2218 2216
f 391 2289 2287
f 355 2181 2179
f 253 1875 1873
f 260 1897 1895
f 386 2275 2273
f 398 2311 2309
f 350 2167 2165
f 343 2146 2144
f 295 2002 2000
f 361 2200 2198
f 266 1915 1913
f 337 2127 2125
f 283 1965 1963
f 290 1987 1985
f 368 2221 2219
f 392 2294 2292
f 349 2164 2162
f 344 2149 2147
f 296 2005 2003
f 362 2203 2201
f 265 1912 1910
f 251 1870 1863
f 233 1816 1809
f 228 1800 1794
f 240 1836 1830
f 246 1854 1848
f 258 1890 1886
f 360 2196 2192
f 401 2320 2318
f 389 2284 2282
f 263 1906 1904
f 329 2104 2097
f 310 2047 2043
f 280 1958 1956
f 318 2070 2066
f 324 2088 2082
f 342 2142 2138
f 288 1980 1974
f 292 1994 1992
f 371 2230 2228
f 393 2297 2295
f 409 2329 2331
f 405 2323 2327
f 411 2326 2328
f 414 2333 2334
f 417 2336 2337
f 431 2345 2346
f 488 2409 2412
f 575 2496 2499
f 563 2485 2487
f 519 2435 2436
f 454 2374 2376
f 450 2368 2372
f 456 2371 2373
f 459 2378 2379
f 462 2381 2382
f 472 2392 2396
f 446 2360 2361
f 506 2416 2418
f 535 2456 2457
f 541 2460 2463
f 570 2488 2492
f 480 2398 2402
f 421 2340 2343
f 511 2430 2433
f 556 2475 2478
f 484 2404 2406
f 580 2501 2502
f 567 2482 2484
f 522 2440 2442
f 427 2347 2349
f 544 2464 2468
f 468 2384 2387
f 436 2355 2358
f 499 2419 2421
f 530 2451 2454
f 548 2470 2472
f 466 2385 2388
f 442 2362 2364
f 505 2423 2426
f 536 2446 2448
f 491 2401 2403
f 423 2339 2342
f 513 2429 2432
f 564 2474 2477
f 581 2491 2493
f 549 2459 2462
f 477 2395 2397
f 445 2365 2367
f 503 2424 2427
f 525 2443 2447
f 474 2390 2391
f 438 2354 2357
f 495 2413 2417
f 532 2450 2453
f 552 2467 2469
f 490 2408 2411
f 577 2495 2498
f 559 2479 2483
f 517 2437 2441
f 430 2350 2352
f 590 2511 2509
f 584 2505 2503
f 585 2507 2506
f 592 2513 2512
f 595 2516 2515
f 598 2519 2518
f 636 2556 2555
f 621 2540 2541
f 642 2561 2562
f 601 2521 2522
f 623 2544 2542
f 611 2529 2528
f 609 2530 2531
f 625 2546 2545
f 628 2549 2548
f 632 2553 2551
f 613 2534 2533
f 616 2536 2537
f 638 2557 2559
f 606 2525 2526
f 1607 644 647
f 1603 643 644
f 1604 645 643
f 1610 646 645
f 1613 647 646
f 1622 652 649
f 1686 670 672
f 1773 699 702
f 1761 695 696
f 1712 681 679
f 1652 659 662
f 1648 658 659
f 1649 660 658
f 1655 661 660
f 1658 662 661
f 1670 665 666
f 1637 657 654
f 1694 677 673
f 1731 686 685
f 1739 688 692
f 1768 698 701
f 1678 668 669
f 1619 648 650
f 1709 678 682
f 1754 693 697
f 1682 669 671
f 1776 701 700
f 1758 697 694
f 1716 682 680
f 1625 650 651
f 1742 689 690
f 1663 664 663
f 1634 653 655
f 1697 674 676
f 1728 684 687
f 1746 690 691
f 1664 663 667
f 1640 655 656
f 1700 676 675
f 1724 687 683
f 1679 672 668
f 1618 649 648
f 1708 679 678
f 1753 696 693
f 1769 702 698
f 1738 691 688
f 1671 667 665
f 1643 656 657
f 1701 675 677
f 1723 683 686
f 1667 666 664
f 1633 654 653
f 1693 673 674
f 1727 685 684
f 1743 692 689
f 1685 671 670
f 1772 700 699
f 1757 694 695
f 1715 680 681
f 1628 651 652
f 2187 838 837
f 1881 736 735
f 1899 741 742
f 2277 867 868
f 2313 879 880
f 2169 831 832
f 2156 828 827
f 2010 780 778
f 2208 846 844
f 1917 747 749
f 2133 820 819
f 1971 767 765
f 1989 771 773
f 2223 849 850
f 2300 875 876
f 2174 834 833
f 2151 825 826
f 2007 777 779
f 2205 843 845
f 1920 750 748
f 1855 727 729
f 1801 709 711
f 1784 703 706
f 1820 715 718
f 1838 721 724
f 1874 733 737
f 2180 835 839
f 2310 878 882
f 2274 866 870
f 1896 740 744
f 2089 805 807
f 2035 787 789
f 1950 758 762
f 2054 793 797
f 2072 799 802
f 2126 817 821
f 1964 763 766
f 1986 770 774
f 2220 848 852
f 2291 872 874
f 2183 836 838
f 1877 734 736
f 1891 739 741
f 2269 865 867
f 2305 877 879
f 2161 829 831
f 2148 824 828
f 2004 776 780
f 2202 842 846
f 1909 745 747
f 2129 818 820
f 1967 764 767
f 1981 769 771
f 2215 847 849
f 2288 871 875
f 2166 830 834
f 2143 823 825
f 1999 775 777
f 2197 841 843
f 1914 746 750
f 1806 710 714
f 1787 704 707
f 1823 716 719
f 1841 722 725
f 1860 728 732
f 1931 752 755
f 2108 811 814
f 2018 781 784
f 2234 853 857
f 2255 860 862
f 2040 788 792
f 1945 757 759
f 2057 794 796
f 2075 800 803
f 2094 806 810
f 2111 812 815
f 2021 782 785
f 2237 854 856
f 2252 859 863
f 1928 751 754
f 1812 714 712
f 1791 707 705
f 1827 719 717
f 1845 725 723
f 1866 732 730
f 1935 755 753
f 2118 814 816
f 2028 784 786
f 2246 857 858
f 2259 862 861
f 2048 792 791
f 1953 759 761
f 2061 796 795
f 2079 803 801
f 2100 810 808
f 2115 815 813
f 2025 785 783
f 2241 856 855
f 2264 863 864
f 1938 754 756
f 1802 712 709
f 1783 705 703
f 1819 717 715
f 1837 723 721
f 1856 730 727
f 1927 753 751
f 2112 816 812
f 2022 786 782
f 2238 858 854
f 2251 861 859
f 2036 791 787
f 1949 761 758
f 2053 795 793
f 2071 801 799
f 2090 808 805
f 2107 813 811
f 2017 783 781
f 2233 855 853
f 2256 864 860
f 1932 756 752
f 1859 731 728
f 1805 713 710
f 1788 708 704
f 1824 720 716
f 1842 726 722
f 1878 738 734
f 2184 840 836
f 2306 881 877
f 2270 869 865
f 1892 743 739
f 2093 809 806
f 2039 790 788
f 1946 760 757
f 2058 798 794
f 2076 804 800
f 2130 822 818
f 1968 768 764
f 1982 772 769
f 2216 851 847
f 2287 873 871
f 2179 837 835
f 1873 735 733
f 1895 742 740
f 2273 868 866
f 2309 880 878
f 2165 832 830
f 2144 827 823
f 2000 778 775
f 2198 844 841
f 1913 749 746
f 2125 819 817
f 1963 765 763
f 1985 773 770
f 2219 850 848
f 2292 876 872
f 2162 833 829
f 2147 826 824
f 2003 779 776
f 2201 845 842
f 1910 748 745
f 1863 729 731
f 1809 711 713
f 1794 706 708
f 1830 718 720
f 1848 724 726
f 1886 737 738
f 2192 839 840
f 2318 882 881
f 2282 870 869
f 1904 744 743
f 2097 807 809
f 2043 789 790
f 1956 762 760
f 2066 797 798
f 2082 802 804
f 2138 821 822
f 1974 766 768
f 1992 774 772
f 2228 852 851
f 2295 874 873
f 2331 1270 1269
f 2327 1246 1245
f 2328 1251 1252
f 2334 1287 1288
f 2337 1305 1306
f 2346 1335 1336
f 2412 1552 1551
f 2499 1474 1473
f 2487 1600 1599
f 2436 1353 1354
f 2376 1480 1479
f 2372 1402 1401
f 2373 1407 1408
f 2379 1491 1492
f 2382 1503 1504
f 2396 1534 1533
f 2361 1413 1414
f 2418 1443 1444
f 2457 1593 1594
f 2463 1384 1383
f 2492 1324 1323
f 2402 1276 1275
f 2343 1264 1263
f 2433 1300 1299
f 2478 1318 1317
f 2406 1342 1341
f 2502 1563 1564
f 2484 1461 1462
f 2442 1587 1588
f 2349 1348 1347
f 2468 1522 1521
f 2387 1419 1420
f 2358 1396 1395
f 2421 1498 1497
f 2454 1516 1515
f 2472 1558 1557
f 2388 1426 1425
f 2364 1432 1431
f 2426 1569 1570
f 2448 1371 1372
f 2403 1281 1282
f 2342 1257 1258
f 2432 1293 1294
f 2477 1311 1312
f 2493 1329 1330
f 2462 1377 1378
f 2397 1539 1540
f 2367 1450 1449
f 2427 1576 1575
f 2447 1366 1365
f 2391 1485 1486
f 2357 1389 1390
f 2417 1438 1437
f 2453 1509 1510
f 2469 1527 1528
f 2411 1545 1546
f 2498 1467 1468
f 2483 1456 1455
f 2441 1582 1581
f 2352 1360 1359
f 2509 1271 1272
f 2503 1247 1248
f 2506 1254 1253
f 2512 1290 1289
f 2515 1308 1307
f 2518 1338 1337
f 2555 1553 1554
f 2541 1475 1476
f 2562 1601 1602
f 2522 1356 1355
f 2542 1481 1482
f 2528 1403 1404
f 2531 1410 1409
f 2545 1494 1493
f 2548 1506 1505
f 2551 1535 1536
f 2533 1416 1415
f 2537 1446 1445
f 2559 1596 1595
f 2526 1385 1386
f 1616 907 909
f 1608 889 891
f 1606 883 886
f 1612 895 898
f 1615 901 904
f 1624 919 922
f 1692 1057 1060
f 1782 1237 1240
f 1765 1201 1204
f 1714 1099 1102
f 1661 997 999
f 1653 979 981
f 1651 973 976
f 1657 985 988
f 1660 991 994
f 1675 1021 1024
f 1639 949 952
f 1696 1063 1066
f 1733 1135 1138
f 1751 1177 1179
f 1779 1231 1233
f 1683 1039 1041
f 1626 925 927
f 1721 1117 1119
f 1766 1207 1209
f 1689 1051 1053
f 1778 1225 1228
f 1760 1189 1192
f 1718 1105 1108
f 1629 931 933
f 1747 1165 1167
f 1665 1003 1005
f 1641 955 957
f 1704 1081 1083
f 1737 1147 1150
f 1750 1171 1174
f 1676 1027 1029
f 1644 961 963
f 1702 1075 1077
f 1726 1123 1126
f 1681 1033 1036
f 1620 913 915
f 1710 1093 1095
f 1755 1183 1185
f 1771 1213 1216
f 1740 1153 1155
f 1673 1015 1018
f 1647 967 970
f 1707 1087 1090
f 1734 1141 1143
f 1669 1009 1012
f 1635 943 945
f 1698 1069 1071
f 1729 1129 1131
f 1745 1159 1162
f 1687 1045 1047
f 1774 1219 1221
f 1762 1195 1197
f 1720 1111 1114
f 1632 937 940
f 2189 1280 1284
f 1883 1256 1260
f 1903 1292 1296
f 2281 1310 1314
f 2317 1328 1332
f 2173 1376 1380
f 2158 1538 1542
f 2012 1447 1451
f 2210 1573 1577
f 1924 1363 1367
f 2135 1484 1488
f 1973 1388 1392
f 1996 1435 1439
f 2227 1508 1512
f 2304 1526 1530
f 2176 1544 1548
f 2155 1466 1470
f 2014 1453 1457
f 2212 1579 1583
f 1922 1357 1361
f 1864 1268 1270
f 1810 1244 1246
f 1795 1249 1251
f 1831 1285 1287
f 1849 1303 1305
f 1887 1333 1335
f 2193 1550 1552
f 2321 1472 1474
f 2285 1598 1600
f 1907 1351 1353
f 2098 1478 1480
f 2044 1400 1402
f 1961 1405 1407
f 2067 1489 1491
f 2083 1501 1503
f 2139 1532 1534
f 1975 1411 1413
f 1997 1441 1443
f 2231 1591 1593
f 2298 1382 1384
f 2190 1322 1324
f 1884 1274 1276
f 1900 1262 1264
f 2278 1298 1300
f 2314 1316 1318
f 2170 1340 1342
f 2159 1561 1563
f 2015 1459 1461
f 2213 1585 1587
f 1918 1346 1348
f 2136 1520 1522
f 1977 1417 1419
f 1990 1394 1396
f 2224 1496 1498
f 2301 1514 1516
f 2177 1556 1558
f 2152 1424 1426
f 2008 1430 1432
f 2206 1567 1569
f 1925 1369 1371
f 1817 1279 1281
f 1797 1255 1257
f 1833 1291 1293
f 1851 1309 1311
f 1871 1327 1329
f 1941 1375 1377
f 2119 1537 1539
f 2029 1448 1450
f 2247 1574 1576
f 2262 1364 1366
f 2051 1483 1485
f 1954 1387 1389
f 2064 1436 1438
f 2085 1507 1509
f 2105 1525 1527
f 2121 1543 1545
f 2031 1465 1467
f 2244 1454 1456
f 2265 1580 1582
f 1939 1358 1360
f 1814 1267 1271
f 1793 1243 1247
f 1829 1250 1254
f 1847 1286 1290
f 1868 1304 1308
f 1937 1334 1338
f 2124 1549 1553
f 2034 1471 1475
f 2250 1597 1601
f 2261 1352 1356
f 2050 1477 1481
f 1960 1399 1403
f 2063 1406 1410
f 2081 1490 1494
f 2102 1502 1506
f 2117 1531 1535
f 2027 1412 1416
f 2243 1442 1446
f 2268 1592 1596
f 1944 1381 1385
f 1804 890 894
f 1785 884 887
f 1821 896 899
f 1839 902 905
f 1858 908 912
f 1929 938 941
f 2114 1046 1050
f 2024 1220 1224
f 2240 1196 1200
f 2253 1112 1115
f 2038 980 984
f 1951 974 977
f 2055 986 989
f 2073 992 995
f 2092 998 1002
f 2109 1016 1019
f 2019 968 971
f 2235 1088 1091
f 2258 1142 1146
f 1934 1154 1158
f 1861 1214 1217
f 1807 1034 1037
f 1790 914 918
f 1826 1094 1098
f 1844 1184 1188
f 1880 1040 1044
f 2186 1232 1236
f 2308 1208 1212
f 2272 1118 1122
f 1894 926 930
f 2095 1160 1163
f 2041 1010 1013
f 1948 944 948
f 2060 1070 1074
f 2078 1130 1134
f 2132 1166 1170
f 1970 1004 1008
f 1984 956 960
f 2218 1082 1086
f 2289 1148 1151
f 2181 1058 1061
f 1875 920 923
f 1897 1100 1103
f 2275 1202 1205
f 2311 1238 1241
f 2167 1172 1175
f 2146 1028 1032
f 2002 962 966
f 2200 1076 1080
f 1915 1124 1127
f 2127 1022 1025
f 1965 950 953
f 1987 1064 1067
f 2221 1136 1139
f 2294 1178 1182
f 2164 1052 1056
f 2149 1226 1229
f 2005 1190 1193
f 2203 1106 1109
f 1912 932 936
f 1870 1321 1325
f 1816 1273 1277
f 1800 1261 1265
f 1836 1297 1301
f 1854 1315 1319
f 1890 1339 1343
f 2196 1562 1566
f 2320 1460 1464
f 2284 1586 1590
f 1906 1345 1349
f 2104 1519 1523
f 2047 1418 1422
f 1958 1393 1397
f 2070 1495 1499
f 2088 1513 1517
f 2142 1555 1559
f 1980 1423 1427
f 1994 1429 1433
f 2230 1568 1572
f 2297 1370 1374
f 2329 894 892
f 2323 887 885
f 2326 899 897
f 2333 905 903
f 2336 912 910
f 2345 941 939
f 2409 1050 1048
f 2496 1224 1222
f 2485 1200 1198
f 2435 1115 1113
f 2374 984 982
f 2368 977 975
f 2371 989 987
f 2378 995 993
f 2381 1002 1000
f 2392 1019 1017
f 2360 971 969
f 2416 1091 1089
f 2456 1146 1144
f 2460 1158 1156
f 2488 1217 1215
f 2398 1037 1035
f 2340 918 916
f 2430 1098 1096
f 2475 1188 1186
f 2404 1044 1042
f 2501 1236 1234
f 2482 1212 1210
f 2440 1122 1120
f 2347 930 928
f 2464 1163 1161
f 2384 1013 1011
f 2355 948 946
f 2419 1074 1072
f 2451 1134 1132
f 2470 1170 1168
f 2385 1008 1006
f 2362 960 958
f 2423 1086 1084
f 2446 1151 1149
f 2401 1061 1059
f 2339 923 921
f 2429 1103 1101
f 2474 1205 1203
f 2491 1241 1239
f 2459 1175 1173
f 2395 1032 1030
f 2365 966 964
f 2424 1080 1078
f 2443 1127 1125
f 2390 1025 1023
f 2354 953 951
f 2413 1067 1065
f 2450 1139 1137
f 2467 1182 1180
f 2408 1056 1054
f 2495 1229 1227
f 2479 1193 1191
f 2437 1109 1107
f 2350 936 934
f 2511 1325 1326
f 2505 1277 1278
f 2507 1265 1266
f 2513 1301 1302
f 2516 1319 1320
f 2519 1343 1344
f 2556 1566 1565
f 2540 1464 1463
f 2561 1590 1589
f 2521 1349 1350
f 2544 1523 1524
f 2529 1422 1421
f 2530 1397 1398
f 2546 1499 1500
f 2549 1517 1518
f 2553 1559 1560
f 2534 1427 1428
f 2536 1433 1434
f 2557 1572 1571
f 2525 1374 1373
f 1609 892 889
f 1605 885 883
f 1611 897 895
f 1614 903 901
f 1617 910 907
f 1631 939 937
f 1688 1048 1045
f 1775 1222 1219
f 1763 1198 1195
f 1719 1113 1111
f 1654 982 979
f 1650 975 973
f 1656 987 985
f 1659 993 991
f 1662 1000 997
f 1672 1017 1015
f 1646 969 967
f 1706 1089 1087
f 1735 1144 1141
f 1741 1156 1153
f 1770 1215 1213
f 1680 1035 1033
f 1621 916 913
f 1711 1096 1093
f 1756 1186 1183
f 1684 1042 1039
f 1780 1234 1231
f 1767 1210 1207
f 1722 1120 1117
f 1627 928 925
f 1744 1161 1159
f 1668 1011 1009
f 1636 946 943
f 1699 1072 1069
f 1730 1132 1129
f 1748 1168 1165
f 1666 1006 1003
f 1642 958 955
f 1705 1084 1081
f 1736 1149 1147
f 1691 1059 1057
f 1623 921 919
f 1713 1101 1099
f 1764 1203 1201
f 1781 1239 1237
f 1749 1173 1171
f 1677 1030 1027
f 1645 964 961
f 1703 1078 1075
f 1725 1125 1123
f 1674 1023 1021
f 1638 951 949
f 1695 1065 1063
f 1732 1137 1135
f 1752 1180 1177
f 1690 1054 1051
f 1777 1227 1225
f 1759 1191 1189
f 1717 1107 1105
f 1630 934 931
f 2191 1326 1322
f 1885 1278 1274
f 1901 1266 1262
f 2279 1302 1298
f 2315 1320 1316
f 2171 1344 1340
f 2160 1565 1561
f 2016 1463 1459
f 2214 1589 1585
f 1919 1350 1346
f 2137 1524 1520
f 1978 1421 1417
f 1991 1398 1394
f 2225 1500 1496
f 2302 1518 1514
f 2178 1560 1556
f 2153 1428 1424
f 2009 1434 1430
f 2207 1571 1567
f 1926 1373 1369
f 1857 911 908
f 1803 893 890
f 1786 888 884
f 1822 900 896
f 1840 906 902
f 1876 924 920
f 2182 1062 1058
f 2312 1242 1238
f 2276 1206 1202
f 1898 1104 1100
f 2091 1001 998
f 2037 983 980
f 1952 978 974
f 2056 990 986
f 2074 996 992
f 2128 1026 1022
f 1966 954 950
f 1988 1068 1064
f 2222 1140 1136
f 2293 1181 1178
f 2185 1235 1232
f 1879 1043 1040
f 1893 929 926
f 2271 1121 1118
f 2307 1211 1208
f 2163 1055 1052
f 2150 1230 1226
f 2006 1194 1190
f 2204 1110 1106
f 1911 935 932
f 2131 1169 1166
f 1969 1007 1004
f 1983 959 956
f 2217 1085 1082
f 2290 1152 1148
f 2168 1176 1172
f 2145 1031 1028
f 2001 965 962
f 2199 1079 1076
f 1916 1128 1124
f 1808 1038 1034
f 1789 917 914
f 1825 1097 1094
f 1843 1187 1184
f 1862 1218 1214
f 1933 1157 1154
f 2110 1020 1016
f 2020 972 968
f 2236 1092 1088
f 2257 1145 1142
f 2042 1014 1010
f 1947 947 944
f 2059 1073 1070
f 2077 1133 1130
f 2096 1164 1160
f 2113 1049 1046
f 2023 1223 1220
f 2239 1199 1196
f 2254 1116 1112
f 1930 942 938
f 1818 1283 1279
f 1798 1259 1255
f 1834 1295 1291
f 1852 1313 1309
f 1872 1331 1327
f 1942 1379 1375
f 2120 1541 1537
f 2030 1452 1448
f 2248 1578 1574
f 2263 1368 1364
f 2052 1487 1483
f 1955 1391 1387
f 2065 1440 1436
f 2086 1511 1507
f 2106 1529 1525
f 2122 1547 1543
f 2032 1469 1465
f 2245 1458 1454
f 2266 1584 1580
f 1940 1362 1358
f 1813 1269 1267
f 1792 1245 1243
f 1828 1252 1250
f 1846 1288 1286
f 1867 1306 1304
f 1936 1336 1334
f 2123 1551 1549
f 2033 1473 1471
f 2249 1599 1597
f 2260 1354 1352
f 2049 1479 1477
f 1959 1401 1399
f 2062 1408 1406
f 2080 1492 1490
f 2101 1504 1502
f 2116 1533 1531
f 2026 1414 1412
f 2242 1444 1442
f 2267 1594 1592
f 1943 1383 1381
f 1869 1323 1321
f 1815 1275 1273
f 1799 1263 1261
f 1835 1299 1297
f 1853 1317 1315
f 1889 1341 1339
f 2195 1564 1562
f 2319 1462 1460
f 2283 1588 1586
f 1905 1347 1345
f 2103 1521 1519
f 2046 1420 1418
f 1957 1395 1393
f 2069 1497 1495
f 2087 1515 1513
f 2141 1557 1555
f 1979 1425 1423
f 1993 1431 1429
f 2229 1570 1568
f 2296 1372 1370
f 2188 1282 1280
f 1882 1258 1256
f 1902 1294 1292
f 2280 1312 1310
f 2316 1330 1328
f 2172 1378 1376
f 2157 1540 1538
f 2011 1449 1447
f 2209 1575 1573
f 1923 1365 1363
f 2134 1486 1484
f 1972 1390 1388
f 1995 1437 1435
f 2226 1510 1508
f 2303 1528 1526
f 2175 1546 1544
f 2154 1468 1466
f 2013 1455 1453
f 2211 1581 1579
f 1921 1359 1357
f 1865 1272 1268
f 1811 1248 1244
f 1796 1253 1249
f 1832 1289 1285
f 1850 1307 1303
f 1888 1337 1333
f 2194 1554 1550
f 2322 1476 1472
f 2286 1602 1598
f 1908 1355 1351
f 2099 1482 1478
f 2045 1404 1400
f 1962 1409 1405
f 2068 1493 1489
f 2084 1505 1501
f 2140 1536 1532
f 1976 1415 1411
f 1998 1445 1441
f 2232 1595 1591
f 2299 1386 1382
f 2330 909 911
f 2324 891 893
f 2325 886 888
f 2332 898 900
f 2335 904 906
f 2344 922 924
f 2410 1060 1062
f 2497 1240 1242
f 2486 1204 1206
f 2434 1102 1104
f 2375 999 1001
f 2369 981 983
f 2370 976 978
f 2377 988 990
f 2380 994 996
f 2393 1024 1026
f 2359 952 954
f 2415 1066 1068
f 2455 1138 1140
f 2461 1179 1181
f 2489 1233 1235
f 2399 1041 1043
f 2341 927 929
f 2431 1119 1121
f 2476 1209 1211
f 2405 1053 1055
f 2500 1228 1230
f 2481 1192 1194
f 2439 1108 1110
f 2348 933 935
f 2465 1167 1169
f 2383 1005 1007
f 2356 957 959
f 2420 1083 1085
f 2452 1150 1152
f 2471 1174 1176
f 2386 1029 1031
f 2363 963 965
f 2422 1077 1079
f 2445 1126 1128
f 2400 1036 1038
f 2338 915 917
f 2428 1095 1097
f 2473 1185 1187
f 2490 1216 1218
f 2458 1155 1157
f 2394 1018 1020
f 2366 970 972
f 2425 1090 1092
f 2444 1143 1145
f 2389 1012 1014
f 2353 945 947
f 2414 1071 1073
f 2449 1131 1133
f 2466 1162 1164
f 2407 1047 1049
f 2494 1221 1223
f 2480 1197 1199
f 2438 1114 1116
f 2351 940 942
f 2510 1284 1283
f 2504 1260 1259
f 2508 1296 1295
f 2514 1314 1313
f 2517 1332 1331
f 2520 1380 1379
f 2554 1542 1541
f 2539 1451 1452
f 2560 1577 1578
f 2523 1367 1368
f 2543 1488 1487
f 2527 1392 1391
f 2532 1439 1440
f 2547 1512 1511
f 2550 1530 1529
f 2552 1548 1547
f 2535 1470 1469
f 2538 1457 1458
f 2558 1583 1584
f 2524 1361 1362
f 1607 1616 1609
f 1603 1608 1605
f 1604 1606 1611
f 1610 1612 1614
f 1613 1615 1617
f 1622 1624 1631
f 1686 1692 1688
f 1773 1782 1775
f 1761 1765 1763
f 1712 1714 1719
f 1652 1661 1654
f 1648 1653 1650
f 1649 1651 1656
f 1655 1657 1659
f 1658 1660 1662
f 1670 1675 1672
f 1637 1639 1646
f 1694 1696 1706
f 1731 1733 1735
f 1739 1751 1741
f 1768 1779 1770
f 1678 1683 1680
f 1619 1626 1621
f 1709 1721 1711
f 1754 1766 1756
f 1682 1689 1684
f 1776 1778 1780
f 1758 1760 1767
f 1716 1718 1722
f 1625 1629 1627
f 1742 1747 1744
f 1663 1665 1668
f 1634 1641 1636
f 1697 1704 1699
f 1728 1737 1730
f 1746 1750 1748
f 1664 1676 1666
f 1640 1644 1642
f 1700 1702 1705
f 1724 1726 1736
f 1679 1681 1691
f 1618 1620 1623
f 1708 1710 1713
f 1753 1755 1764
f 1769 1771 1781
f 1738 1740 1749
f 1671 1673 1677
f 1643 1647 1645
f 1701 1707 1703
f 1723 1734 1725
f 1667 1669 1674
f 1633 1635 1638
f 1693 1698 1695
f 1727 1729 1732
f 1743 1745 1752
f 1685 1687 1690
f 1772 1774 1777
f 1757 1762 1759
f 1715 1720 1717
f 1628 1632 1630
f 2187 2189 2191
f 1881 1883 1885
f 1899 1903 1901
f 2277 2281 2279
f 2313 2317 2315
f 2169 2173 2171
f 2156 2158 2160
f 2010 2012 2016
f 2208 2210 2214
f 1917 1924 1919
f 2133 2135 2137
f 1971 1973 1978
f 1989 1996 1991
f 2223 2227 2225
f 2300 2304 2302
f 2174 2176 2178
f 2151 2155 2153
f 2007 2014 2009
f 2205 2212 2207
f 1920 1922 1926
f 1855 1864 1857
f 1801 1810 1803
f 1784 1795 1786
f 1820 1831 1822
f 1838 1849 1840
f 1874 1887 1876
f 2180 2193 2182
f 2310 2321 2312
f 2274 2285 2276
f 1896 1907 1898
f 2089 2098 2091
f 2035 2044 2037
f 1950 1961 1952
f 2054 2067 2056
f 2072 2083 2074
f 2126 2139 2128
f 1964 1975 1966
f 1986 1997 1988
f 2220 2231 2222
f 2291 2298 2293
f 2183 2190 2185
f 1877 1884 1879
f 1891 1900 1893
f 2269 2278 2271
f 2305 2314 2307
f 2161 2170 2163
f 2148 2159 2150
f 2004 2015 2006
f 2202 2213 2204
f 1909 1918 1911
f 2129 2136 2131
f 1967 1977 1969
f 1981 1990 1983
f 2215 2224 2217
f 2288 2301 2290
f 2166 2177 2168
f 2143 2152 2145
f 1999 2008 2001
f 2197 2206 2199
f 1914 1925 1916
f 1806 1817 1808
f 1787 1797 1789
f 1823 1833 1825
f 1841 1851 1843
f 1860 1871 1862
f 1931 1941 1933
f 2108 2119 2110
f 2018 2029 2020
f 2234 2247 2236
f 2255 2262 2257
f 2040 2051 2042
f 1945 1954 1947
f 2057 2064 2059
f 2075 2085 2077
f 2094 2105 2096
f 2111 2121 2113
f 2021 2031 2023
f 2237 2244 2239
f 2252 2265 2254
f 1928 1939 1930
f 1812 1814 1818
f 1791 1793 1798
f 1827 1829 1834
f 1845 1847 1852
f 1866 1868 1872
f 1935 1937 1942
f 2118 2124 2120
f 2028 2034 2030
f 2246 2250 2248
f 2259 2261 2263
f 2048 2050 2052
f 1953 1960 1955
f 2061 2063 2065
f 2079 2081 2086
f 2100 2102 2106
f 2115 2117 2122
f 2025 2027 2032
f 2241 2243 2245
f 2264 2268 2266
f 1938 1944 1940
f 1802 1804 1813
f 1783 1785 1792
f 1819 1821 1828
f 1837 1839 1846
f 1856 1858 1867
f 1927 1929 1936
f 2112 2114 2123
f 2022 2024 2033
f 2238 2240 2249
f 2251 2253 2260
f 2036 2038 2049
f 1949 1951 1959
f 2053 2055 2062
f 2071 2073 2080
f 2090 2092 2101
f 2107 2109 2116
f 2017 2019 2026
f 2233 2235 2242
f 2256 2258 2267
f 1932 1934 1943
f 1859 1861 1869
f 1805 1807 1815
f 1788 1790 1799
f 1824 1826 1835
f 1842 1844 1853
f 1878 1880 1889
f 2184 2186 2195
f 2306 2308 2319
f 2270 2272 2283
f 1892 1894 1905
f 2093 2095 2103
f 2039 2041 2046
f 1946 1948 1957
f 2058 2060 2069
f 2076 2078 2087
f 2130 2132 2141
f 1968 1970 1979
f 1982 1984 1993
f 2216 2218 2229
f 2287 2289 2296
f 2179 2181 2188
f 1873 1875 1882
f 1895 1897 1902
f 2273 2275 2280
f 2309 2311 2316
f 2165 2167 2172
f 2144 2146 2157
f 2000 2002 2011
f 2198 2200 2209
f 1913 1915 1923
f 2125 2127 2134
f 1963 1965 1972
f 1985 1987 1995
f 2219 2221 2226
f 2292 2294 2303
f 2162 2164 2175
f 2147 2149 2154
f 2003 2005 2013
f 2201 2203 2211
f 1910 1912 1921
f 1863 1870 1865
f 1809 1816 1811
f 1794 1800 1796
f 1830 1836 1832
f 1848 1854 1850
f 1886 1890 1888
f 2192 2196 2194
f 2318 2320 2322
f 2282 2284 2286
f 1904 1906 1908
f 2097 2104 2099
f 2043 2047 2045
f 1956 1958 1962
f 2066 2070 2068
f 2082 2088 2084
f 2138 2142 2140
f 1974 1980 1976
f 1992 1994 1998
f 2228 2230 2232
f 2295 2297 2299
f 2331 2329 2330
f 2327 2323 2324
f 2328 2326 2325
f 2334 2333 2332
f 2337 2336 2335
f 2346 2345 2344
f 2412 2409 2410
f 2499 2496 2497
f 2487 2485 2486
f 2436 2435 2434
f 2376 2374 2375
f 2372 2368 2369
f 2373 2371 2370
f 2379 2378 2377
f 2382 2381 2380
f 2396 2392 2393
f 2361 2360 2359
f 2418 2416 2415
f 2457 2456 2455
f 2463 2460 2461
f 2492 2488 2489
f 2402 2398 2399
f 2343 2340 2341
f 2433 2430 2431
f 2478 2475 2476
f 2406 2404 2405
f 2502 2501 2500
f 2484 2482 2481
f 2442 2440 2439
f 2349 2347 2348
f 2468 2464 2465
f 2387 2384 2383
f 2358 2355 2356
f 2421 2419 2420
f 2454 2451 2452
f 2472 2470 2471
f 2388 2385 2386
f 2364 2362 2363
f 2426 2423 2422
f 2448 2446 2445
f 2403 2401 2400
f 2342 2339 2338
f 2432 2429 2428
f 2477 2474 2473
f 2493 2491 2490
f 2462 2459 2458
f 2397 2395 2394
f 2367 2365 2366
f 2427 2424 2425
f 2447 2443 2444
f 2391 2390 2389
f 2357 2354 2353
f 2417 2413 2414
f 2453 2450 2449
f 2469 2467 2466
f 2411 2408 2407
f 2498 2495 2494
f 2483 2479 2480
f 2441 2437 2438
f 2352 2350 2351
f 2509 2511 2510
f 2503 2505 2504
f 2506 2507 2508
f 2512 2513 2514
f 2515 2516 2517
f 2518 2519 2520
f 2555 2556 2554
f 2541 2540 2539
f 2562 2561 2560
f 2522 2521 2523
f 2542 2544 2543
f 2528 2529 2527
f 2531 2530 2532
f 2545 2546 2547
f 2548 2549 2550
f 2551 2553 2552
f 2533 2534 2535
f 2537 2536 2538
f 2559 2557 2558
f 2526 2525 2524