v -0.154661 0.351367 -0.187714
v 0.150002 0.348927 -0.187004
v -0.376449 -0.644849 0.001677
v 0.374704 -0.644533 0.005079
v 0.000029 -0.521329 0.857152
v 0.000041 0.143198 0.430720
v -0.000052 -0.189366 -0.484037
v -0.001292 0.516290 -0.858949
v 0.348989 0.070150 -0.277360
v 0.372081 -0.022742 0.280166
v -0.347726 0.070084 -0.281610
v -0.369406 -0.016475 0.278317
v -0.002020 0.582741 -0.211989
v -0.108050 0.247077 0.061933
v -0.247270 0.791034 -0.528630
v -0.288416 0.228181 -0.265201
v -0.318058 0.100553 0.101062
v 0.104631 0.245589 0.060496
v 0.247187 0.792211 -0.527936
v 0.288363 0.228266 -0.266795
v 0.315275 0.100844 0.099182
v 0.000049 -0.663324 0.016764
v -0.306770 -0.851664 0.552381
v -0.245298 -0.586754 -0.364677
v -0.418521 -0.208505 -0.151543
v -0.409348 -0.274692 0.226530
v 0.305291 -0.850976 0.551914
v 0.245216 -0.588429 -0.364585
v 0.418225 -0.209082 -0.148972
v 0.407624 -0.276633 0.228675
v -0.001181 0.011626 0.830827
v 0.382716 -0.258761 0.664820
v -0.383405 -0.259352 0.665958
v 0.263851 0.069044 0.449169
v -0.264543 0.068253 0.448305
v -0.000810 0.044336 -0.772535
v 0.220968 -0.032584 -0.395968
v -0.219522 -0.029963 -0.395438
v 0.372456 0.249523 -0.725192
v -0.373188 0.247110 -0.725173
v 0.364709 0.019968 0.009624
v -0.364912 0.021970 0.011404
v -0.099247 0.502254 -0.183775
v -0.115684 0.272545 -0.118660
v -0.211046 0.566225 -0.306023
v -0.220750 0.310117 -0.219117
v -0.222297 0.202955 -0.066309
v 0.088641 0.494633 -0.190861
v 0.113178 0.271762 -0.117816
v 0.211220 0.564999 -0.301216
v 0.221385 0.311215 -0.219676
v 0.218605 0.204881 -0.068186
v -0.208536 -0.735731 0.008158
v -0.290227 -0.637396 0.241167
v -0.423905 -0.848688 -0.224765
v -0.442248 -0.475268 -0.093903
v -0.400782 -0.464437 0.128269
v 0.210137 -0.735559 0.009373
v 0.288973 -0.638220 0.243142
v 0.424746 -0.848341 -0.223409
v 0.443210 -0.477127 -0.093247
v 0.399674 -0.464613 0.127597
v -0.181179 -0.759442 0.837803
v 0.179872 -0.767244 0.850142
v 0.000690 -0.273161 0.931766
v 0.242968 -0.436751 0.843543
v -0.244466 -0.436895 0.848655
v -0.060141 0.174887 0.268442
v 0.060978 0.174109 0.267024
v 0.000172 0.133330 0.614891
v 0.123349 0.125796 0.466918
v -0.120208 0.125324 0.466350
v -0.096404 -0.354280 -0.438157
v 0.093630 -0.351624 -0.436494
v -0.000830 -0.005791 -0.529399
v 0.110017 -0.117184 -0.458039
v -0.111398 -0.115702 -0.457224
v -0.157621 0.708186 -0.764577
v 0.156241 0.710842 -0.764838
v -0.000461 0.260111 -0.936689
v 0.236593 0.413270 -0.884638
v -0.235760 0.413404 -0.884486
v 0.343029 0.132715 -0.282487
v 0.347197 -0.016266 -0.193467
v 0.312172 0.025720 -0.349870
v 0.347248 0.134431 -0.453776
v 0.356510 0.047981 -0.139824
v 0.351405 0.039866 0.212732
v 0.396367 -0.109649 0.269518
v 0.386959 -0.111811 0.431668
v 0.347887 0.010676 0.370832
v 0.368737 0.001885 0.155278
v -0.344878 0.130465 -0.285094
v -0.350115 -0.016689 -0.196986
v -0.310828 0.028091 -0.352802
v -0.348828 0.132611 -0.455054
v -0.357737 0.046221 -0.143518
v -0.352936 0.044541 0.212743
v -0.395164 -0.108828 0.267044
v -0.387989 -0.109079 0.431095
v -0.348295 0.009012 0.372403
v -0.366101 0.003582 0.155503
v -0.031269 0.339645 -0.154793
v -0.097560 0.738895 -0.349520
v 0.028880 0.338674 -0.153243
v 0.096726 0.737786 -0.349562
v -0.229891 0.176977 0.095954
v -0.001202 0.240741 0.035882
v -0.193011 0.142349 0.278884
v -0.393854 0.573091 -0.400611
v 0.000970 0.854047 -0.571440
v -0.334302 0.548820 -0.660289
v -0.300905 0.136685 -0.071505
v -0.333205 0.308905 -0.476685
v -0.344132 0.081454 -0.105788
v -0.315051 0.086234 0.266154
v -0.346701 0.056695 0.058150
v 0.226361 0.179032 0.097263
v 0.190926 0.144216 0.280776
v 0.391331 0.572340 -0.404395
v 0.336195 0.548500 -0.662147
v 0.300123 0.136994 -0.071392
v 0.334747 0.309162 -0.474097
v 0.341392 0.084049 -0.103620
v 0.308045 0.084247 0.265341
v 0.345931 0.056241 0.058427
v -0.108450 -0.685675 0.303762
v -0.113103 -0.738354 -0.228302
v 0.107703 -0.685395 0.304508
v 0.112933 -0.743481 -0.226585
v -0.373535 -0.509493 0.402160
v 0.000068 -0.709037 0.600854
v -0.398705 -0.582316 0.689072
v -0.412056 -0.428283 -0.292560
v 0.000689 -0.546635 -0.344904
v -0.253839 -0.272220 -0.385292
v -0.437069 -0.243767 0.026600
v -0.333850 -0.138386 -0.293028
v -0.387230 -0.052487 -0.048161
v -0.404278 -0.300467 0.447359
v -0.397497 -0.080852 0.106219
v 0.371090 -0.509777 0.398614
v 0.394717 -0.582319 0.685479
v 0.412346 -0.431854 -0.292427
v 0.254825 -0.274540 -0.386522
v 0.435221 -0.242538 0.028349
v 0.337621 -0.135997 -0.290634
v 0.386980 -0.052267 -0.047181
v 0.403916 -0.302068 0.447547
v 0.398075 -0.081882 0.107656
v 0.245439 -0.124163 0.827652
v -0.245413 -0.122975 0.826647
v 0.182409 0.068976 0.660826
v -0.181745 0.067619 0.661396
v 0.329855 -0.044111 0.580698
v -0.329907 -0.045325 0.581948
v 0.141975 0.006925 -0.594024
v -0.143419 0.009012 -0.597396
v 0.252985 0.085456 -0.903331
v -0.254468 0.088537 -0.906047
v 0.298266 0.061968 -0.582757
v -0.297496 0.063446 -0.585234
v -0.132120 0.418110 -0.191912
v -0.132418 0.310831 -0.160289
v -0.171081 0.442744 -0.230212
v -0.183963 0.335825 -0.201828
v -0.174019 0.270609 -0.147260
v 0.124943 0.416455 -0.194512
v 0.128635 0.310325 -0.158213
v 0.168568 0.441078 -0.227232
v 0.183148 0.334888 -0.197379
v 0.169627 0.271637 -0.148419
v -0.313615 -0.713508 0.007271
v -0.329015 -0.622643 0.093343
v -0.409121 -0.749110 -0.071277
v -0.420636 -0.591228 -0.047206
v -0.386904 -0.559380 0.059707
v 0.313816 -0.711880 0.009086
v 0.331036 -0.622496 0.094574
v 0.408670 -0.744369 -0.072532
v 0.417093 -0.590183 -0.042808
v 0.385414 -0.557185 0.061714
v -0.076940 -0.602680 0.840295
v 0.078069 -0.604127 0.842992
v 0.001355 -0.415347 0.882203
v 0.115682 -0.489086 0.861524
v -0.112660 -0.489211 0.861520
v -0.028554 0.147528 0.363136
v 0.029054 0.148277 0.360329
v 0.001250 0.144011 0.513518
v 0.051403 0.138335 0.451277
v -0.052525 0.138949 0.450814
v -0.038720 -0.261773 -0.469822
v 0.038108 -0.263770 -0.474329
v -0.000026 -0.101123 -0.495149
v 0.051994 -0.159276 -0.479971
v -0.052849 -0.160172 -0.480066
v -0.069564 0.606004 -0.818876
v 0.068381 0.605224 -0.819603
v -0.000240 0.403508 -0.904943
v 0.105496 0.476984 -0.872937
v -0.107375 0.475729 -0.872782
v 0.352016 0.098441 -0.283991
v 0.341655 0.037765 -0.233257
v 0.336401 0.055261 -0.311861
v 0.346750 0.095692 -0.349403
v 0.351801 0.061659 -0.215776
v 0.361988 0.010676 0.251109
v 0.383338 -0.055711 0.277535
v 0.378669 -0.057074 0.341600
v 0.364621 -0.009582 0.322245
v 0.370396 -0.007288 0.224394
v -0.351467 0.097234 -0.286456
v -0.341998 0.037645 -0.238092
v -0.334828 0.056306 -0.315975
v -0.346925 0.095853 -0.353857
v -0.351333 0.062116 -0.217652
v -0.360516 0.016853 0.251131
v -0.381782 -0.052511 0.275433
v -0.377766 -0.057327 0.342760
v -0.361945 -0.005706 0.323072
v -0.367991 -0.005237 0.224002
v -0.050718 0.553550 -0.205481
v 0.047856 0.552976 -0.202427
v -0.020466 0.460612 -0.183969
v -0.035145 0.667505 -0.265043
v 0.016134 0.460886 -0.180432
v 0.032268 0.665749 -0.264614
v -0.111951 0.252034 -0.040255
v -0.087841 0.210223 0.166897
v -0.056600 0.264357 -0.069570
v -0.169047 0.219076 0.082426
v -0.047796 0.242138 0.044048
v -0.154650 0.200208 0.179859
v -0.260447 0.703530 -0.408774
v -0.222616 0.773244 -0.657070
v -0.199926 0.827794 -0.449040
v -0.502520 0.765829 -0.483470
v -0.226638 0.971013 -0.587697
v -0.335469 0.700105 -0.604846
v -0.251991 0.274085 -0.243229
v -0.319313 0.173301 -0.278902
v -0.292050 0.378412 -0.341670
v -0.289417 0.173099 -0.163958
v -0.310240 0.284180 -0.367668
v -0.321245 0.139047 -0.180978
v -0.277372 0.146118 0.020745
v -0.341662 0.070516 0.164456
v -0.279903 0.132727 0.103580
v -0.311899 0.112191 0.016398
v -0.318321 0.092556 0.184190
v -0.338954 0.077403 0.080921
v 0.108998 0.254728 -0.041864
v 0.085827 0.211611 0.169580
v 0.053570 0.264158 -0.072472
v 0.046634 0.241928 0.043245
v 0.167397 0.222595 0.082478
v 0.151965 0.200523 0.179772
v 0.263667 0.702163 -0.408104
v 0.223864 0.774024 -0.655990
v 0.200982 0.826263 -0.449689
v 0.227069 0.971449 -0.587859
v 0.501380 0.765100 -0.483162
v 0.337285 0.699352 -0.606148
v 0.253268 0.274653 -0.246995
v 0.319138 0.173126 -0.278384
v 0.288569 0.378176 -0.347534
v 0.289150 0.174648 -0.165822
v 0.310332 0.285235 -0.367826
v 0.319051 0.140164 -0.180231
v 0.274536 0.148243 0.020680
v 0.339327 0.067891 0.163588
v 0.276994 0.135402 0.103453
v 0.311154 0.114808 0.017011
v 0.316279 0.092763 0.181497
v 0.336938 0.075690 0.083850
v -0.108714 -0.691890 0.010675
v 0.110058 -0.694738 0.011195
v -0.054779 -0.671868 0.152931
v -0.062958 -0.656408 -0.112200
v 0.053601 -0.675648 0.153407
v 0.064135 -0.656683 -0.108960
v -0.261140 -0.662371 0.440572
v -0.282623 -0.952430 0.756814
v -0.168929 -0.705763 0.470144
v -0.340057 -0.645990 0.501073
v -0.141202 -0.873256 0.596750
v -0.389464 -0.762697 0.656070
v -0.354109 -0.776591 -0.356629
v -0.161222 -0.453499 -0.387700
v -0.193914 -0.738858 -0.332394
v -0.360131 -0.542934 -0.348245
v -0.122107 -0.565604 -0.351574
v -0.259234 -0.425524 -0.373798
v -0.439403 -0.339934 -0.126893
v -0.379175 -0.097959 -0.170773
v -0.416425 -0.313123 -0.216855
v -0.439717 -0.223782 -0.065109
v -0.384203 -0.177501 -0.228547
v -0.408537 -0.116513 -0.093010
v -0.410461 -0.369669 0.185792
v -0.404685 -0.184982 0.252647
v -0.399453 -0.388317 0.306313
v -0.419484 -0.260152 0.124622
v -0.404138 -0.292377 0.337476
v -0.408697 -0.171467 0.161394
v 0.260121 -0.662576 0.438961
v 0.282338 -0.953257 0.754092
v 0.165921 -0.706539 0.470507
v 0.142361 -0.873741 0.597548
v 0.337212 -0.647736 0.499939
v 0.389957 -0.760062 0.650818
v 0.353350 -0.778796 -0.356695
v 0.161645 -0.454540 -0.389490
v 0.194057 -0.739859 -0.331974
v 0.122489 -0.569073 -0.351992
v 0.356388 -0.541759 -0.349093
v 0.258793 -0.423990 -0.375343
v 0.439250 -0.341064 -0.125768
v 0.380278 -0.100286 -0.168111
v 0.417516 -0.315027 -0.216530
v 0.441375 -0.223993 -0.063713
v 0.387430 -0.177593 -0.227773
v 0.407051 -0.121304 -0.093301
v 0.408518 -0.369140 0.186406
v 0.406285 -0.186275 0.253672
v 0.395961 -0.389308 0.306143
v 0.421533 -0.256633 0.124029
v 0.404514 -0.292063 0.335899
v 0.409974 -0.172360 0.162499
v -0.000604 -0.123911 0.932850
v -0.000085 0.094330 0.723602
v 0.125702 -0.053047 0.853679
v -0.124203 -0.053335 0.854129
v 0.108774 0.053630 0.759821
v -0.108011 0.054498 0.759686
v 0.337892 -0.353886 0.777242
v 0.395024 -0.180945 0.541649
v 0.385089 -0.409920 0.678221
v 0.400803 -0.295735 0.558229
v 0.337935 -0.197006 0.760515
v 0.366640 -0.137484 0.635170
v -0.333927 -0.351929 0.774112
v -0.390320 -0.179014 0.542794
v -0.386960 -0.410352 0.680142
v -0.401654 -0.294357 0.559737
v -0.336231 -0.196486 0.759268
v -0.369497 -0.135676 0.634633
v 0.197136 0.101171 0.463045
v 0.316270 0.034975 0.416086
v 0.232480 0.103790 0.370292
v 0.289695 0.075200 0.352774
v 0.229114 0.067143 0.552545
v 0.295403 0.022589 0.518799
v -0.195854 0.099426 0.463882
v -0.316175 0.036638 0.416088
v -0.230926 0.104805 0.368766
v -0.289828 0.076291 0.353423
v -0.229214 0.064703 0.552028
v -0.296674 0.021192 0.518623
v -0.000156 0.019377 -0.633417
v -0.000911 0.126119 -0.891627
v 0.081995 0.010619 -0.696627
v -0.082163 0.010840 -0.697334
v 0.112054 0.057304 -0.845773
v -0.112708 0.056494 -0.847525
v 0.166798 -0.071758 -0.426995
v 0.273186 -0.003065 -0.378375
v 0.233541 -0.139674 -0.384321
v 0.274533 -0.086795 -0.340289
v 0.180311 0.003319 -0.485138
v 0.250578 0.019061 -0.480689
v -0.166045 -0.070720 -0.427086
v -0.272933 -0.002988 -0.381103
v -0.235083 -0.135729 -0.384271
v -0.273641 -0.085659 -0.341731
v -0.182575 0.001149 -0.488607
v -0.250944 0.019748 -0.483885
v 0.344620 0.332053 -0.850238
v 0.357035 0.186175 -0.577902
v 0.347225 0.394456 -0.704487
v 0.353997 0.297956 -0.591546
v 0.367787 0.162204 -0.865870
v 0.352692 0.131804 -0.679655
v -0.346671 0.332750 -0.849424
v -0.353619 0.186328 -0.579248
v -0.347905 0.395053 -0.703534
v -0.351868 0.295741 -0.591168
v -0.368163 0.164259 -0.866545
v -0.353153 0.128926 -0.680920
v 0.360818 0.032459 -0.061927
v 0.366875 0.008467 0.084291
v 0.354403 0.048030 -0.040077
v 0.355489 0.039308 0.036789
v 0.372178 -0.006742 -0.011960
v 0.379557 -0.019429 0.060965
v -0.360648 0.035363 -0.065157
v -0.364650 0.016725 0.083597
v -0.354877 0.049568 -0.041713
v -0.355186 0.040549 0.034369
v -0.372503 -0.006470 -0.015672
v -0.378372 -0.016601 0.059480
v -0.098263 0.371208 -0.164034
v -0.144732 0.537529 -0.246373
v -0.059293 0.425314 -0.172086
v -0.097846 0.616950 -0.260684
v -0.170956 0.237287 -0.085479
v -0.068446 0.308858 -0.142432
v -0.170859 0.222162 -0.011766
v -0.222162 0.447153 -0.267548
v -0.164778 0.665431 -0.334541
v -0.309990 0.588788 -0.357779
v -0.213982 0.238118 -0.144022
v -0.270513 0.436416 -0.305864
v -0.253279 0.206858 -0.151559
v -0.227210 0.183966 0.009764
v -0.266527 0.170119 -0.062011
v 0.092797 0.368580 -0.163945
v 0.138045 0.536050 -0.245926
v 0.055024 0.424651 -0.168757
v 0.092777 0.616431 -0.257909
v 0.168241 0.239765 -0.086376
v 0.065152 0.307219 -0.142245
v 0.166135 0.226319 -0.011989
v 0.228746 0.448511 -0.244604
v 0.161762 0.666540 -0.332748
v 0.309000 0.587728 -0.356130
v 0.211508 0.240805 -0.144106
v 0.266963 0.435229 -0.306454
v 0.252474 0.208010 -0.151566
v 0.224131 0.186648 0.011366
v 0.262540 0.171344 -0.064979
v -0.249700 -0.663286 0.111670
v -0.288773 -0.924253 -0.051131
v -0.159041 -0.680412 0.138945
v -0.148385 -0.816551 -0.105650
v -0.354536 -0.556119 0.184720
v -0.205609 -0.682533 0.285382
v -0.333798 -0.580830 0.339818
v -0.441169 -0.632603 -0.156188
v -0.254190 -0.956170 -0.271077
v -0.435932 -0.630170 -0.282909
v -0.425028 -0.467078 0.013632
v -0.439991 -0.470132 -0.200328
v -0.446264 -0.350237 -0.029469
v -0.381881 -0.477895 0.260422
v -0.426869 -0.357343 0.073511
v 0.250970 -0.663913 0.115659
v 0.290594 -0.923747 -0.052767
v 0.156645 -0.677240 0.138104
v 0.151319 -0.824222 -0.107078
v 0.354582 -0.557102 0.186888
v 0.206863 -0.683192 0.286798
v 0.333157 -0.583308 0.340689
v 0.443677 -0.633905 -0.158000
v 0.260770 -0.955059 -0.270924
v 0.434476 -0.630772 -0.283551
v 0.427838 -0.466692 0.014042
v 0.440350 -0.471789 -0.198521
v 0.444728 -0.349779 -0.027781
v 0.379895 -0.477719 0.258687
v 0.428887 -0.357131 0.074849
v -0.001860 -0.647737 0.798648
v -0.229167 -0.603044 0.847242
v -0.086699 -0.776582 0.743228
v -0.355062 -0.759023 0.815543
v 0.229932 -0.604976 0.845293
v 0.084926 -0.777515 0.742391
v 0.357665 -0.759145 0.812011
v 0.126030 -0.347254 0.885058
v -0.125829 -0.346199 0.885929
v 0.132749 -0.197276 0.906110
v -0.129759 -0.196354 0.905448
v 0.354525 -0.533735 0.800169
v 0.248557 -0.275051 0.847012
v -0.353494 -0.533394 0.801013
v -0.248406 -0.274984 0.847877
v -0.000108 0.174370 0.263467
v -0.091840 0.141526 0.367416
v -0.028426 0.209704 0.155963
v -0.125782 0.164575 0.275932
v 0.090517 0.142063 0.370408
v 0.027913 0.209153 0.157500
v 0.126812 0.163447 0.275416
v 0.070476 0.132508 0.547564
v -0.071137 0.132342 0.548604
v 0.089657 0.113291 0.655014
v -0.088232 0.113157 0.656081
v 0.161281 0.127616 0.374458
v 0.151466 0.107870 0.563077
v -0.161117 0.128709 0.373599
v -0.150274 0.104998 0.561152
v -0.001300 -0.362201 -0.441411
v -0.111696 -0.235929 -0.458239
v -0.055551 -0.457154 -0.393001
v -0.178418 -0.323351 -0.413211
v 0.109766 -0.235862 -0.456279
v 0.053036 -0.457263 -0.393313
v 0.179459 -0.324053 -0.413302
v 0.053300 -0.054944 -0.496567
v -0.054512 -0.052814 -0.496713
v 0.060458 0.010900 -0.562034
v -0.062977 0.011833 -0.563533
v 0.178185 -0.191571 -0.422780
v 0.110330 -0.015221 -0.489083
v -0.178433 -0.191978 -0.420261
v -0.113118 -0.012551 -0.488409
v 0.001643 0.722890 -0.767523
v -0.203842 0.567595 -0.818151
v -0.089609 0.811171 -0.679992
v -0.271559 0.645259 -0.729462
v 0.203915 0.565966 -0.816593
v 0.088981 0.810873 -0.678117
v 0.274229 0.644385 -0.731082
v 0.130923 0.336385 -0.941155
v -0.132527 0.335187 -0.940703
v 0.138348 0.176995 -0.952936
v -0.139615 0.178467 -0.947659
v 0.300603 0.491419 -0.784685
v 0.279411 0.250914 -0.976652
v -0.301802 0.492927 -0.787303
v -0.280695 0.252241 -0.977025
v 0.347712 0.141471 -0.371383
v 0.352679 0.085772 -0.204498
v 0.328842 0.202525 -0.376910
v 0.342063 0.108404 -0.192284
v 0.329280 0.002642 -0.267962
v 0.352499 0.024149 -0.160211
v 0.345367 -0.072169 -0.237959
v 0.370383 -0.036428 -0.121983
v 0.332248 0.080283 -0.406755
v 0.304426 -0.035903 -0.299874
v 0.301811 0.048962 -0.453221
v 0.345793 0.207407 -0.474980
v 0.335750 0.105412 -0.528747
v 0.354204 0.065474 -0.123970
v 0.364525 0.007141 -0.086871
v 0.351802 0.029085 0.289737
v 0.357792 0.024709 0.180763
v 0.336733 0.060566 0.242160
v 0.347525 0.049162 0.138532
v 0.394631 -0.118035 0.349754
v 0.384193 -0.044665 0.207669
v 0.403280 -0.199353 0.350732
v 0.396970 -0.098074 0.186667
v 0.365247 -0.043048 0.407932
v 0.401194 -0.198320 0.447025
v 0.367793 -0.085738 0.513215
v 0.329887 0.050584 0.324623
v 0.340097 -0.016594 0.467783
v 0.356932 0.030472 0.110467
v 0.381431 -0.029326 0.133463
v -0.345120 0.143442 -0.372302
v -0.353156 0.083895 -0.205856
v -0.329359 0.202142 -0.377715
v -0.341878 0.108162 -0.194463
v -0.324966 0.001294 -0.270980
v -0.351758 0.022288 -0.162673
v -0.344800 -0.070321 -0.239288
v -0.368817 -0.035158 -0.122355
v -0.334422 0.077220 -0.409760
v -0.302358 -0.037018 -0.303510
v -0.302913 0.048833 -0.454990
v -0.344485 0.206510 -0.477509
v -0.336449 0.104908 -0.529772
v -0.353767 0.066514 -0.125925
v -0.364053 0.008513 -0.089193
v -0.352594 0.033174 0.287624
v -0.359024 0.026864 0.181296
v -0.340376 0.062882 0.243726
v -0.350037 0.051704 0.135860
v -0.392208 -0.118527 0.351276
v -0.379987 -0.035671 0.202586
v -0.402664 -0.197492 0.347678
v -0.396541 -0.094861 0.185768
v -0.366940 -0.041891 0.405211
v -0.400322 -0.199770 0.446476
v -0.369747 -0.084432 0.511772
v -0.330627 0.052681 0.325336
v -0.341974 -0.017132 0.468538
v -0.355518 0.034945 0.109316
v -0.380773 -0.027751 0.131567
v 0.000740 0.350131 -0.160649
v -0.016149 0.269226 -0.086728
v -0.000573 0.766832 -0.346487
v -0.095532 0.849094 -0.468740
v 0.014858 0.270200 -0.087144
v 0.097596 0.848387 -0.467464
v -0.219241 0.165334 0.185750
v -0.277620 0.120907 0.193396
v -0.259738 0.112983 0.279292
v -0.421146 0.600604 -0.542030
v -0.328735 0.445467 -0.454042
v -0.345760 0.436393 -0.574583
v -0.325711 0.108491 -0.086682
v -0.332070 0.088263 -0.001116
v -0.345311 0.065380 -0.018951
v 0.216685 0.164643 0.187086
v 0.272750 0.125524 0.189218
v 0.255507 0.113264 0.276305
v 0.419395 0.601789 -0.540190
v 0.329999 0.443420 -0.456190
v 0.346886 0.435777 -0.575301
v 0.325985 0.106705 -0.085297
v 0.328682 0.087686 0.000783
v 0.343369 0.067155 -0.020153
v -0.000490 -0.687167 0.307158
v -0.060682 -0.717723 0.460339
v 0.002215 -0.606077 -0.207567
v -0.067341 -0.620063 -0.290733
v 0.062490 -0.717234 0.458819
v 0.066701 -0.619897 -0.288859
v -0.385969 -0.556982 0.544865
v -0.398272 -0.410762 0.434118
v -0.397354 -0.427495 0.562348
v -0.337290 -0.356367 -0.346816
v -0.375309 -0.266748 -0.292029
v -0.306386 -0.204864 -0.344512
v -0.419531 -0.135025 -0.011439
v -0.415995 -0.154996 0.073401
v -0.395450 -0.068086 0.027994
v 0.384230 -0.555882 0.542051
v 0.396011 -0.411348 0.434261
v 0.399224 -0.426252 0.560044
v 0.338970 -0.356288 -0.347569
v 0.377085 -0.266204 -0.291368
v 0.309516 -0.207235 -0.345565
v 0.420096 -0.137245 -0.009935
v 0.416588 -0.154063 0.073670
v 0.396135 -0.067136 0.029423
v 0.219455 -0.004786 0.756075
v 0.308423 -0.074713 0.707968
v -0.218468 -0.005524 0.757321
v -0.308348 -0.073509 0.710174
v 0.266939 0.010675 0.634099
v -0.268694 0.011111 0.634374
v 0.191233 0.008828 -0.747552
v 0.227440 0.025446 -0.606963
v -0.193026 0.011677 -0.747477
v -0.228610 0.026561 -0.607013
v 0.299947 0.060991 -0.745458
v -0.299478 0.061025 -0.748290
v -0.143421 0.380887 -0.190177
v -0.140588 0.330670 -0.174837
v -0.160728 0.389082 -0.204291
v -0.165902 0.343664 -0.193725
v -0.157728 0.311501 -0.173246
v 0.140355 0.379061 -0.191116
v 0.139367 0.331455 -0.174561
v 0.155579 0.388209 -0.204176
v 0.162403 0.341783 -0.189454
v 0.155066 0.311913 -0.172543
v -0.350103 -0.679483 0.003788
v -0.351100 -0.633969 0.038916
v -0.385637 -0.686508 -0.031501
v -0.396882 -0.627592 -0.018208
v -0.379172 -0.605877 0.025941
v 0.350973 -0.677560 0.003647
v 0.355595 -0.631153 0.040168
v 0.383845 -0.682369 -0.030228
v 0.397973 -0.626700 -0.018135
v 0.380644 -0.605088 0.028357
v -0.033203 -0.556560 0.850307
v 0.034666 -0.557400 0.849770
v 0.001809 -0.474661 0.867106
v 0.052043 -0.505897 0.860605
v -0.049806 -0.508429 0.858837
v -0.012840 0.143973 0.398700
v 0.013574 0.143161 0.398686
v 0.000878 0.142825 0.466928
v 0.023343 0.142360 0.440526
v -0.022442 0.141008 0.439286
v -0.015395 -0.221937 -0.480041
v 0.015063 -0.221531 -0.482194
v -0.000900 -0.148680 -0.488500
v 0.023253 -0.176250 -0.484472
v -0.023990 -0.175484 -0.486197
v -0.029775 0.554016 -0.840499
v 0.031041 0.556459 -0.840426
v -0.000118 0.466504 -0.880070
v 0.046852 0.499120 -0.864523
v -0.047120 0.498853 -0.864003
v 0.350162 0.083058 -0.282042
v 0.344755 0.057122 -0.257111
v 0.342978 0.066468 -0.293015
v 0.349346 0.083142 -0.308143
v 0.350420 0.067588 -0.248591
v 0.365880 -0.005087 0.268272
v 0.377065 -0.034936 0.279717
v 0.373948 -0.034448 0.308382
v 0.368802 -0.016185 0.299616
v 0.371138 -0.016484 0.256090
v -0.349703 0.083531 -0.283465
v -0.343899 0.057093 -0.261504
v -0.343585 0.065078 -0.296077
v -0.348957 0.082818 -0.313358
v -0.350817 0.068076 -0.252650
v -0.365355 0.000098 0.267939
v -0.373433 -0.031885 0.277494
v -0.373778 -0.031186 0.305340
v -0.367626 -0.012052 0.299489
v -0.368154 -0.014256 0.254424
v -0.025702 0.573438 -0.210509
v 0.024387 0.571573 -0.208823
v -0.011621 0.527237 -0.194778
v -0.015101 0.623815 -0.236036
v 0.009382 0.524119 -0.193617
v 0.013364 0.623802 -0.236496
v -0.111482 0.249587 0.009264
v -0.098350 0.232127 0.115118
v -0.081088 0.253539 -0.006189
v -0.140038 0.240503 0.072656
v -0.076869 0.244738 0.051289
v -0.133599 0.232722 0.125832
v -0.272340 0.762601 -0.468089
v -0.239875 0.794545 -0.593201
v -0.241058 0.837961 -0.496361
v -0.339744 0.769195 -0.497813
v -0.264215 0.913620 -0.578133
v -0.298166 0.749186 -0.563729
v -0.271750 0.251807 -0.254362
v -0.306236 0.201069 -0.272731
v -0.284195 0.293071 -0.304197
v -0.287531 0.199248 -0.216053
v -0.298236 0.256343 -0.316303
v -0.304889 0.178953 -0.221267
v -0.299829 0.121017 0.061242
v -0.331309 0.083941 0.134143
v -0.301239 0.115079 0.103700
v -0.316598 0.106637 0.058581
v -0.321162 0.095221 0.142902
v -0.329086 0.089949 0.092357
v 0.107533 0.250504 0.008423
v 0.096675 0.231591 0.116242
v 0.079042 0.254363 -0.004209
v 0.074403 0.245304 0.050863
v 0.137220 0.241854 0.072484
v 0.130445 0.234781 0.124695
v 0.272338 0.765448 -0.467330
v 0.241212 0.795848 -0.592551
v 0.240815 0.836497 -0.496967
v 0.263818 0.913051 -0.577624
v 0.341374 0.770846 -0.497298
v 0.298877 0.750130 -0.566354
v 0.272734 0.252400 -0.257911
v 0.305418 0.201270 -0.272432
v 0.285524 0.294319 -0.306025
v 0.287402 0.197681 -0.216047
v 0.298884 0.259292 -0.316755
v 0.304122 0.178149 -0.222009
v 0.297119 0.123427 0.061553
v 0.332752 0.079640 0.134080
v 0.299517 0.116675 0.102930
v 0.313994 0.106164 0.059041
v 0.316188 0.096004 0.140341
v 0.327812 0.088094 0.093335
v -0.055924 -0.671765 0.014140
v 0.056511 -0.672482 0.014502
v -0.027109 -0.669381 0.082848
v -0.029290 -0.657792 -0.047906
v 0.028432 -0.667963 0.081200
v 0.030633 -0.655870 -0.048260
v -0.271010 -0.725584 0.506204
v -0.312956 -0.945386 0.641065
v -0.224647 -0.782906 0.515705
v -0.323208 -0.737056 0.541117
v -0.226225 -0.934026 0.565363
v -0.360215 -0.831590 0.611590
v -0.296045 -0.677041 -0.361229
v -0.200159 -0.513208 -0.373377
v -0.228009 -0.671224 -0.354886
v -0.306380 -0.576990 -0.361418
v -0.183709 -0.582203 -0.359873
v -0.255380 -0.504239 -0.368831
v -0.431445 -0.270128 -0.139918
v -0.401009 -0.149432 -0.160850
v -0.418205 -0.258080 -0.183051
v -0.432715 -0.216549 -0.108724
v -0.401991 -0.195097 -0.192552
v -0.414325 -0.160259 -0.121226
v -0.408059 -0.322802 0.208176
v -0.408487 -0.229381 0.242972
v -0.406417 -0.330828 0.264436
v -0.415605 -0.265939 0.174062
v -0.405853 -0.284090 0.281186
v -0.408929 -0.221447 0.191916
v 0.268352 -0.727110 0.506002
v 0.313245 -0.944434 0.639098
v 0.224717 -0.784228 0.515192
v 0.225910 -0.934713 0.565441
v 0.321528 -0.735255 0.538646
v 0.359197 -0.827998 0.608062
v 0.297029 -0.678297 -0.363802
v 0.200755 -0.515485 -0.372819
v 0.226880 -0.671942 -0.354145
v 0.183493 -0.583728 -0.359208
v 0.305356 -0.575152 -0.361426
v 0.255741 -0.505196 -0.369875
v 0.428149 -0.272996 -0.137496
v 0.400227 -0.151541 -0.158689
v 0.418149 -0.258816 -0.182452
v 0.429710 -0.218845 -0.107359
v 0.403736 -0.194403 -0.189936
v 0.416538 -0.160082 -0.120043
v 0.409292 -0.321570 0.208582
v 0.408370 -0.229741 0.242854
v 0.405327 -0.331850 0.265101
v 0.414914 -0.267066 0.174420
v 0.405937 -0.284776 0.280850
v 0.412539 -0.220977 0.193678
v -0.000967 -0.050969 0.880084
v -0.000419 0.060208 0.777868
v 0.061047 -0.018512 0.850274
v -0.062146 -0.018300 0.850414
v 0.058056 0.037188 0.800276
v -0.057806 0.037265 0.800778
v 0.362908 -0.305540 0.722533
v 0.397960 -0.216217 0.605975
v 0.381974 -0.332278 0.671900
v 0.394803 -0.280729 0.611552
v 0.365528 -0.229385 0.713113
v 0.381885 -0.192901 0.653006
v -0.361924 -0.304991 0.721827
v -0.389293 -0.217774 0.604509
v -0.382337 -0.331457 0.672976
v -0.394191 -0.280978 0.613983
v -0.365764 -0.229763 0.715415
v -0.380894 -0.191732 0.654245
v 0.231390 0.085271 0.459413
v 0.293486 0.052219 0.432691
v 0.248484 0.086776 0.409619
v 0.279377 0.070786 0.400624
v 0.247744 0.066791 0.497995
v 0.279470 0.047572 0.484606
v -0.231387 0.084925 0.458284
v -0.294232 0.052335 0.434854
v -0.246539 0.086374 0.410979
v -0.278580 0.072280 0.399556
v -0.248013 0.065781 0.498522
v -0.279720 0.047613 0.484733
v -0.002603 0.027236 -0.701555
v -0.000655 0.075739 -0.838481
v 0.043861 0.027807 -0.736268
v -0.046158 0.029317 -0.736026
v 0.050431 0.052359 -0.806587
v -0.054749 0.052924 -0.806263
v 0.192726 -0.049014 -0.409948
v 0.247730 -0.018145 -0.389885
v 0.223283 -0.080676 -0.383909
v 0.244112 -0.059460 -0.364363
v 0.199399 -0.011966 -0.436060
v 0.230798 -0.001184 -0.432736
v -0.191506 -0.048862 -0.409665
v -0.246610 -0.016477 -0.387121
v -0.220501 -0.081745 -0.383621
v -0.243252 -0.057126 -0.364544
v -0.200029 -0.012367 -0.438917
v -0.231120 -0.002915 -0.435894
v 0.378315 0.288901 -0.801403
v 0.363624 0.216425 -0.648854
v 0.362168 0.321451 -0.717076
v 0.361189 0.278155 -0.654854
v 0.387151 0.209534 -0.804559
v 0.368990 0.185202 -0.710718
v -0.377954 0.288613 -0.800205
v -0.363416 0.215040 -0.650654
v -0.361684 0.319942 -0.719082
v -0.361583 0.276130 -0.656161
v -0.386791 0.209454 -0.802891
v -0.371383 0.184283 -0.711295
v 0.361570 0.025397 -0.025158
v 0.365529 0.013981 0.049265
v 0.359992 0.035463 -0.013328
v 0.359587 0.027621 0.024237
v 0.368388 0.008317 0.000037
v 0.370551 0.002614 0.036526
v -0.362984 0.027830 -0.025703
v -0.365041 0.017121 0.048232
v -0.357181 0.037197 -0.012149
v -0.360322 0.031174 0.022125
v -0.367913 0.008757 -0.001707
v -0.370637 0.002604 0.034372
v -0.119728 0.460897 -0.183300
v -0.073800 0.531715 -0.195581
v -0.098576 0.433941 -0.172995
v -0.120425 0.522539 -0.212466
v -0.076488 0.467791 -0.177039
v -0.099293 0.558802 -0.219482
v -0.121771 0.289094 -0.142468
v -0.112967 0.259296 -0.086432
v -0.100416 0.312625 -0.151441
v -0.143644 0.255066 -0.099784
v -0.089423 0.288233 -0.134888
v -0.142677 0.245159 -0.066724
v -0.187002 0.501651 -0.262648
v -0.235707 0.633493 -0.354590
v -0.174054 0.552518 -0.276925
v -0.219896 0.509823 -0.288236
v -0.191197 0.619537 -0.321410
v -0.256999 0.576776 -0.333511
v -0.202646 0.325243 -0.210123
v -0.235779 0.293299 -0.229778
v -0.222347 0.380933 -0.245289
v -0.212018 0.267339 -0.182672
v -0.242863 0.369926 -0.258826
v -0.231821 0.252228 -0.188554
v -0.196066 0.234038 -0.108178
v -0.250111 0.171949 -0.022277
v -0.196335 0.218916 -0.074262
v -0.218872 0.217295 -0.104212
v -0.223650 0.190489 -0.028511
v -0.246440 0.182529 -0.062255
v 0.109354 0.454407 -0.194104
v 0.069264 0.529890 -0.191062
v 0.090436 0.430825 -0.172569
v 0.112255 0.516112 -0.218288
v 0.071775 0.466492 -0.170146
v 0.090825 0.555622 -0.220694
v 0.120310 0.290045 -0.141022
v 0.109030 0.256427 -0.083909
v 0.097016 0.313471 -0.149763
v 0.140378 0.255254 -0.100321
v 0.087596 0.290201 -0.131284
v 0.138532 0.245475 -0.066610
v 0.186544 0.500139 -0.259151
v 0.238879 0.632487 -0.351694
v 0.171856 0.552660 -0.274534
v 0.222553 0.508674 -0.278592
v 0.189691 0.617365 -0.319852
v 0.253936 0.577377 -0.326969
v 0.202903 0.323716 -0.207675
v 0.236462 0.292805 -0.233483
v 0.224548 0.379663 -0.237953
v 0.211673 0.268395 -0.183721
v 0.242250 0.369003 -0.259918
v 0.231285 0.252567 -0.190381
v 0.193014 0.235285 -0.109535
v 0.247732 0.174219 -0.023882
v 0.194419 0.223884 -0.075669
v 0.214637 0.221723 -0.106672
v 0.222390 0.195411 -0.029809
v 0.241857 0.186334 -0.064769
v -0.261778 -0.735441 0.010717
v -0.158723 -0.713625 0.007291
v -0.230359 -0.676782 0.048554
v -0.241219 -0.821184 -0.024968
v -0.182585 -0.681736 0.059822
v -0.178138 -0.789551 -0.040255
v -0.308039 -0.626396 0.162720
v -0.274939 -0.651052 0.334109
v -0.272618 -0.655342 0.179533
v -0.325324 -0.598353 0.212445
v -0.249882 -0.683867 0.269004
v -0.311494 -0.609544 0.296092
v -0.424792 -0.815131 -0.137153
v -0.396911 -0.834349 -0.307047
v -0.375277 -0.928306 -0.146521
v -0.443856 -0.735395 -0.191411
v -0.349312 -0.936717 -0.254361
v -0.437341 -0.740643 -0.265139
v -0.434073 -0.538034 -0.070738
v -0.445956 -0.408691 -0.112731
v -0.443768 -0.549387 -0.124457
v -0.435416 -0.472256 -0.039725
v -0.448192 -0.476217 -0.149906
v -0.443409 -0.410250 -0.060898
v -0.392956 -0.511700 0.093910
v -0.408179 -0.415651 0.159561
v -0.382343 -0.514835 0.155772
v -0.412395 -0.464514 0.068405
v -0.389736 -0.470634 0.191095
v -0.417224 -0.412588 0.099712
v 0.264724 -0.733925 0.009681
v 0.158341 -0.720894 0.009449
v 0.229678 -0.676914 0.050306
v 0.239316 -0.819820 -0.024708
v 0.183644 -0.682921 0.060113
v 0.179893 -0.793670 -0.038841
v 0.307746 -0.625191 0.161758
v 0.273099 -0.652459 0.335059
v 0.271910 -0.656710 0.180123
v 0.323849 -0.597965 0.212884
v 0.249402 -0.683136 0.266486
v 0.311408 -0.611489 0.297183
v 0.424704 -0.811295 -0.135894
v 0.398047 -0.833211 -0.306224
v 0.377549 -0.926625 -0.147328
v 0.445462 -0.734204 -0.191354
v 0.352390 -0.934556 -0.254214
v 0.437765 -0.737923 -0.264463
v 0.432902 -0.537655 -0.069687
v 0.444726 -0.408946 -0.112035
v 0.442320 -0.547717 -0.125157
v 0.435701 -0.470300 -0.039761
v 0.443203 -0.476671 -0.145786
v 0.447405 -0.411071 -0.061823
v 0.392859 -0.511264 0.095328
v 0.404014 -0.417615 0.157664
v 0.380025 -0.512182 0.158173
v 0.412666 -0.463445 0.069941
v 0.388258 -0.469280 0.191447
v 0.416153 -0.413499 0.101182
v -0.127896 -0.663342 0.834900
v -0.236609 -0.905936 0.831109
v -0.097025 -0.690264 0.813432
v -0.211070 -0.685746 0.846437
v -0.134623 -0.801455 0.824630
v -0.278804 -0.799499 0.852193
v 0.126894 -0.668070 0.839485
v 0.230719 -0.912053 0.829267
v 0.093894 -0.692618 0.816753
v 0.213667 -0.692784 0.850505
v 0.131569 -0.799811 0.817962
v 0.279437 -0.806099 0.851188
v 0.000607 -0.345143 0.903306
v 0.000315 -0.209338 1.003319
v 0.065246 -0.308535 0.907117
v -0.063454 -0.309022 0.907735
v 0.066265 -0.236130 0.932997
v -0.066935 -0.235300 0.935484
v 0.178963 -0.465909 0.856150
v 0.298738 -0.398344 0.817337
v 0.241486 -0.521998 0.846295
v 0.187682 -0.391617 0.865786
v 0.302874 -0.486685 0.824768
v 0.247511 -0.353417 0.848097
v -0.179293 -0.466580 0.859430
v -0.296914 -0.398151 0.820607
v -0.237784 -0.520030 0.846090
v -0.184883 -0.390526 0.865462
v -0.298852 -0.485541 0.823901
v -0.245300 -0.354927 0.846589
v -0.044591 0.158489 0.315664
v -0.074512 0.191035 0.220381
v -0.031152 0.175859 0.265647
v -0.076700 0.156294 0.318162
v -0.044081 0.193986 0.215929
v -0.093147 0.169239 0.271880
v 0.046209 0.159155 0.315422
v 0.075058 0.191926 0.218485
v 0.030196 0.172691 0.265931
v 0.074708 0.156492 0.320242
v 0.043078 0.194333 0.214332
v 0.091927 0.171537 0.272285
v -0.000115 0.139504 0.561014
v 0.000475 0.118367 0.667738
v 0.038564 0.136938 0.582608
v -0.038386 0.137253 0.584321
v 0.043711 0.124548 0.637018
v -0.042957 0.124693 0.638369
v 0.086578 0.131787 0.460217
v 0.159320 0.115742 0.466912
v 0.107266 0.132425 0.419738
v 0.098180 0.129442 0.509797
v 0.143224 0.123974 0.421759
v 0.138575 0.117773 0.515389
v -0.086228 0.133468 0.458924
v -0.159615 0.113454 0.465796
v -0.106629 0.133229 0.416257
v -0.098123 0.127876 0.506650
v -0.143184 0.123646 0.418527
v -0.136207 0.116438 0.513378
v -0.065896 -0.306154 -0.456497
v -0.127352 -0.400150 -0.412175
v -0.048591 -0.357396 -0.438578
v -0.109973 -0.296656 -0.453583
v -0.078191 -0.405235 -0.416494
v -0.137584 -0.341911 -0.425579
v 0.062882 -0.307540 -0.458067
v 0.125626 -0.399998 -0.411412
v 0.045776 -0.358843 -0.440395
v 0.106247 -0.295791 -0.453082
v 0.074485 -0.405449 -0.414683
v 0.137478 -0.340023 -0.425892
v -0.001640 -0.050532 -0.506864
v -0.000077 0.013860 -0.573304
v 0.025422 -0.027335 -0.513486
v -0.027982 -0.028454 -0.514235
v 0.028298 0.007206 -0.544125
v -0.029494 0.007634 -0.543826
v 0.082349 -0.139160 -0.471305
v 0.139056 -0.094242 -0.444791
v 0.113067 -0.176389 -0.455457
v 0.081522 -0.082364 -0.477809
v 0.142816 -0.154012 -0.441933
v 0.108489 -0.060821 -0.467882
v -0.082926 -0.138696 -0.472542
v -0.140594 -0.093432 -0.444610
v -0.110887 -0.175265 -0.457093
v -0.082157 -0.083175 -0.476639
v -0.143825 -0.153909 -0.440481
v -0.110053 -0.057243 -0.463908
v -0.111692 0.656742 -0.795105
v -0.197879 0.752381 -0.721185
v -0.081199 0.721622 -0.766980
v -0.183685 0.641241 -0.792024
v -0.125667 0.767428 -0.729921
v -0.229810 0.691602 -0.756874
v 0.109860 0.656732 -0.792767
v 0.198141 0.751530 -0.722344
v 0.080166 0.723653 -0.768955
v 0.184104 0.639811 -0.790951
v 0.125195 0.767866 -0.729336
v 0.230432 0.691015 -0.758537
v -0.001187 0.333501 -0.927486
v -0.000105 0.189218 -0.925759
v 0.065922 0.297443 -0.938510
v -0.068971 0.296972 -0.939236
v 0.067995 0.223004 -0.942313
v -0.068859 0.223882 -0.939288
v 0.170590 0.446574 -0.880651
v 0.296070 0.375685 -0.878703
v 0.216606 0.490253 -0.846238
v 0.190128 0.376740 -0.924489
v 0.274760 0.456489 -0.838534
v 0.260050 0.338301 -0.938068
v -0.175234 0.447718 -0.878222
v -0.296526 0.374282 -0.879274
v -0.217585 0.490159 -0.844777
v -0.191114 0.376676 -0.924021
v -0.275177 0.454131 -0.840901
v -0.263167 0.338851 -0.935157
v 0.350245 0.114258 -0.284300
v 0.332401 0.153516 -0.281270
v 0.346346 0.138230 -0.326814
v 0.348824 0.107738 -0.243023
v 0.336563 0.162709 -0.329316
v 0.341386 0.121340 -0.236547
v 0.341751 0.012485 -0.212766
v 0.361665 -0.055373 -0.179568
v 0.337777 -0.004600 -0.230845
v 0.349988 0.005306 -0.176597
v 0.347233 -0.042428 -0.214470
v 0.357384 -0.025346 -0.155947
v 0.324641 0.042841 -0.331386
v 0.293832 0.011590 -0.366297
v 0.318792 0.016587 -0.306071
v 0.322039 0.053775 -0.379783
v 0.303533 -0.002426 -0.323153
v 0.304731 0.037555 -0.397729
v 0.347132 0.111527 -0.397419
v 0.350774 0.159060 -0.513168
v 0.347380 0.140502 -0.411659
v 0.343926 0.105502 -0.430939
v 0.350184 0.168597 -0.465775
v 0.344488 0.121795 -0.490176
v 0.352793 0.055877 -0.177633
v 0.355895 0.041308 -0.099955
v 0.356631 0.066319 -0.170171
v 0.356093 0.034482 -0.149100
v 0.356948 0.057538 -0.132617
v 0.357085 0.027487 -0.111373
v 0.355303 0.026917 0.231482
v 0.347554 0.052966 0.190902
v 0.350578 0.034922 0.250613
v 0.354686 0.033309 0.197059
v 0.346246 0.049954 0.227072
v 0.350435 0.045818 0.177400
v 0.389436 -0.082369 0.274131
v 0.402927 -0.144322 0.261850
v 0.395328 -0.116152 0.309895
v 0.390450 -0.075982 0.234760
v 0.401021 -0.152471 0.307970
v 0.398237 -0.103268 0.227892
v 0.381848 -0.083448 0.386265
v 0.388475 -0.143301 0.485148
v 0.391975 -0.114752 0.392611
v 0.376009 -0.073852 0.419782
v 0.394650 -0.152111 0.440579
v 0.379021 -0.098903 0.473668
v 0.359311 0.000326 0.347219
v 0.336205 0.021704 0.394145
v 0.349540 0.020173 0.328712
v 0.357094 -0.013846 0.390855
v 0.341835 0.031980 0.347482
v 0.344613 -0.003026 0.416365
v 0.368481 -0.002796 0.192151
v 0.367614 0.005806 0.121148
v 0.362040 0.013642 0.169427
v 0.373647 -0.019711 0.183116
v 0.361442 0.017636 0.135680
v 0.374795 -0.011006 0.145722
v -0.349891 0.112955 -0.285771
v -0.333332 0.151431 -0.282772
v -0.345960 0.137975 -0.329513
v -0.351586 0.103930 -0.245445
v -0.336104 0.161882 -0.330227
v -0.343553 0.119354 -0.242479
v -0.339134 0.016975 -0.214124
v -0.362411 -0.055168 -0.182541
v -0.334907 -0.007737 -0.233102
v -0.348892 0.004946 -0.178160
v -0.345851 -0.043288 -0.218707
v -0.359020 -0.026202 -0.160253
v -0.324287 0.040954 -0.335699
v -0.294038 0.012237 -0.366748
v -0.317339 0.013882 -0.310917
v -0.321627 0.052656 -0.383485
v -0.304596 -0.002090 -0.323877
v -0.305270 0.038541 -0.402286
v -0.348664 0.111420 -0.401304
v -0.350793 0.157367 -0.514347
v -0.349453 0.140759 -0.414940
v -0.342669 0.103633 -0.436271
v -0.350810 0.168129 -0.469513
v -0.346141 0.121423 -0.493665
v -0.355016 0.054058 -0.181075
v -0.359128 0.040575 -0.105889
v -0.354993 0.064822 -0.173747
v -0.354864 0.036223 -0.152599
v -0.355689 0.055164 -0.133970
v -0.358664 0.028000 -0.115649
v -0.356381 0.032108 0.232746
v -0.348396 0.057712 0.189765
v -0.353629 0.039621 0.250284
v -0.356094 0.034778 0.195833
v -0.347298 0.054484 0.227840
v -0.350382 0.048685 0.173766
v -0.386080 -0.074362 0.273760
v -0.401247 -0.143385 0.259525
v -0.392469 -0.114199 0.310853
v -0.389101 -0.070226 0.235157
v -0.400725 -0.151462 0.306472
v -0.396202 -0.100294 0.226784
v -0.381380 -0.083322 0.384830
v -0.388732 -0.143348 0.484840
v -0.391295 -0.116166 0.392659
v -0.375509 -0.074276 0.419644
v -0.393667 -0.150364 0.442314
v -0.379093 -0.098951 0.472199
v -0.356697 0.000781 0.347870
v -0.335919 0.022464 0.396171
v -0.349510 0.023369 0.328376
v -0.357178 -0.014978 0.390029
v -0.338722 0.032773 0.350890
v -0.343308 -0.001792 0.417077
v -0.367475 0.000543 0.190773
v -0.367206 0.008758 0.120435
v -0.362768 0.017558 0.165958
v -0.373093 -0.013401 0.179691
v -0.361132 0.021215 0.132392
v -0.374234 -0.011176 0.140769
v -0.026651 0.398719 -0.168917
v -0.037051 0.289618 -0.130217
v -0.044526 0.383750 -0.164910
v -0.048188 0.326526 -0.150071
v -0.015087 0.348679 -0.159221
v -0.019690 0.294345 -0.136436
v -0.061170 0.702493 -0.306225
v -0.145987 0.779783 -0.399448
v -0.096377 0.680025 -0.302536
v -0.136530 0.708711 -0.346198
v -0.052613 0.756106 -0.352074
v -0.099093 0.799541 -0.407065
v 0.023951 0.396524 -0.168542
v 0.037346 0.288341 -0.129888
v 0.041711 0.381684 -0.162624
v 0.046150 0.325183 -0.148198
v 0.013048 0.346485 -0.157567
v 0.019546 0.293685 -0.136965
v 0.060479 0.702077 -0.304700
v 0.144847 0.778846 -0.398712
v 0.095790 0.675005 -0.303199
v 0.134134 0.707311 -0.345262
v 0.050071 0.758256 -0.351494
v 0.097965 0.800616 -0.404019
v -0.198973 0.198866 0.089248
v -0.256718 0.154147 0.100822
v -0.201663 0.200185 0.044479
v -0.228398 0.178877 0.052318
v -0.226248 0.171216 0.141548
v -0.253549 0.149436 0.144863
v -0.024763 0.241322 0.036719
v 0.022791 0.240328 0.037159
v -0.014680 0.226814 0.095889
v 0.011649 0.224262 0.095638
v -0.011167 0.254899 -0.026758
v 0.008584 0.255420 -0.025165
v -0.172035 0.170178 0.229969
v -0.213229 0.121623 0.325863
v -0.158103 0.155078 0.278014
v -0.177796 0.132362 0.327219
v -0.206378 0.152868 0.233614
v -0.226541 0.129625 0.278206
v -0.550938 0.704974 -0.413929
v -0.299202 0.486394 -0.379619
v -0.372303 0.595632 -0.378738
v -0.299301 0.513038 -0.355851
v -0.499250 0.607003 -0.446006
v -0.343138 0.524858 -0.435754
v -0.115088 0.873154 -0.567076
v 0.116859 0.873654 -0.566318
v -0.051409 0.841280 -0.625696
v 0.050936 0.841192 -0.625707
v -0.066806 0.852305 -0.518688
v 0.067749 0.852884 -0.518327
v -0.339515 0.626400 -0.633629
v -0.335475 0.469964 -0.682983
v -0.309905 0.598609 -0.699591
v -0.317668 0.521179 -0.723515
v -0.364729 0.574870 -0.601960
v -0.344783 0.494045 -0.622184
v -0.295568 0.149283 -0.113788
v -0.307538 0.124917 -0.028393
v -0.277574 0.170663 -0.109049
v -0.282693 0.154551 -0.065785
v -0.316693 0.119427 -0.076209
v -0.320213 0.108890 -0.033470
v -0.319997 0.301728 -0.419075
v -0.342381 0.307639 -0.532985
v -0.327374 0.249895 -0.427128
v -0.338596 0.254255 -0.479101
v -0.331816 0.373197 -0.469056
v -0.340333 0.372499 -0.524711
v -0.334170 0.107243 -0.142580
v -0.350296 0.063665 -0.072296
v -0.343855 0.094769 -0.149950
v -0.350408 0.074525 -0.114184
v -0.338592 0.093448 -0.096895
v -0.344045 0.072772 -0.063112
v -0.313825 0.089377 0.223801
v -0.301391 0.081563 0.309948
v -0.327454 0.073997 0.256530
v -0.322426 0.068644 0.297361
v -0.295003 0.103351 0.231302
v -0.287764 0.097781 0.272715
v -0.341759 0.066989 0.071362
v -0.350980 0.049502 0.047743
v -0.346876 0.054109 0.099514
v -0.352171 0.044112 0.088571
v -0.339142 0.070677 0.030160
v -0.344102 0.061204 0.017957
v 0.198065 0.201821 0.089085
v 0.253037 0.156658 0.102258
v 0.199411 0.203742 0.046503
v 0.226382 0.181462 0.052721
v 0.224754 0.174223 0.142675
v 0.252241 0.151890 0.145045
v 0.171813 0.171633 0.231281
v 0.211664 0.122563 0.326174
v 0.157591 0.155592 0.278878
v 0.178449 0.133240 0.326644
v 0.204539 0.154849 0.233382
v 0.224557 0.130536 0.278420
v 0.550962 0.704118 -0.413640
v 0.297493 0.481966 -0.386591
v 0.370286 0.592510 -0.379394
v 0.296775 0.511008 -0.360008
v 0.500953 0.606954 -0.448117
v 0.342810 0.522986 -0.440821
v 0.340998 0.627441 -0.634959
v 0.336710 0.472895 -0.684255
v 0.310270 0.597092 -0.697206
v 0.318905 0.522009 -0.724493
v 0.366132 0.575283 -0.601152
v 0.345930 0.495371 -0.620205
v 0.293788 0.155631 -0.118108
v 0.303272 0.125515 -0.026918
v 0.276280 0.170206 -0.112269
v 0.284460 0.151167 -0.064632
v 0.314935 0.121487 -0.077981
v 0.316894 0.110462 -0.034210
v 0.323757 0.303655 -0.420028
v 0.343429 0.308094 -0.531386
v 0.329325 0.253021 -0.425970
v 0.340582 0.254153 -0.477777
v 0.331474 0.372325 -0.468074
v 0.340330 0.372114 -0.525351
v 0.333574 0.109815 -0.142245
v 0.349650 0.064818 -0.072237
v 0.343015 0.095759 -0.149102
v 0.349264 0.076123 -0.116035
v 0.335717 0.096550 -0.095427
v 0.342948 0.073510 -0.063534
v 0.313029 0.087759 0.222505
v 0.300531 0.079616 0.309301
v 0.325844 0.070166 0.256579
v 0.319324 0.066113 0.297130
v 0.291930 0.103405 0.228465
v 0.283434 0.098009 0.271875
v 0.341330 0.065453 0.070539
v 0.351412 0.046527 0.047656
v 0.348720 0.051857 0.098558
v 0.350301 0.043525 0.086106
v 0.339449 0.071621 0.030289
v 0.344323 0.061871 0.019711
v -0.080380 -0.678944 0.226792
v -0.138916 -0.695005 0.384145
v -0.131866 -0.680122 0.220188
v -0.159206 -0.682969 0.297669
v -0.054832 -0.687850 0.308554
v -0.083963 -0.694913 0.386858
v -0.092480 -0.686767 -0.166329
v -0.147043 -0.763472 -0.289379
v -0.127202 -0.798305 -0.176586
v -0.137271 -0.880889 -0.260828
v -0.071758 -0.639936 -0.210768
v -0.096718 -0.669881 -0.264326
v 0.081059 -0.676857 0.226429
v 0.137760 -0.695360 0.384286
v 0.131848 -0.680273 0.220541
v 0.158557 -0.685854 0.298112
v 0.053955 -0.685075 0.306872
v 0.084022 -0.697100 0.383835
v 0.094106 -0.690312 -0.166846
v 0.147477 -0.764739 -0.289411
v 0.129063 -0.805203 -0.177759
v 0.139151 -0.885187 -0.262891
v 0.071313 -0.638729 -0.210618
v 0.097715 -0.670560 -0.261224
v -0.357912 -0.574697 0.448465
v -0.388676 -0.447674 0.352832
v -0.354700 -0.549012 0.374452
v -0.374628 -0.492524 0.327275
v -0.378416 -0.533162 0.472363
v -0.389158 -0.462381 0.421707
v -0.083807 -0.768843 0.605113
v 0.083041 -0.770017 0.605673
v -0.055107 -0.711670 0.667633
v 0.055716 -0.712070 0.666862
v -0.035386 -0.733238 0.532568
v 0.035939 -0.732354 0.533043
v -0.394476 -0.672842 0.680876
v -0.393573 -0.494352 0.687433
v -0.390875 -0.675092 0.756029
v -0.385758 -0.569833 0.755234
v -0.392495 -0.575745 0.616636
v -0.397666 -0.499723 0.624586
v -0.393765 -0.490400 -0.323813
v -0.415141 -0.370924 -0.253311
v -0.426243 -0.523833 -0.289645
v -0.427510 -0.454023 -0.249140
v -0.378068 -0.395448 -0.323708
v -0.394621 -0.344050 -0.293106
v -0.060220 -0.551022 -0.347189
v 0.061078 -0.551627 -0.346467
v -0.029163 -0.504459 -0.369565
v 0.029121 -0.503689 -0.370196
v -0.031579 -0.582965 -0.317762
v 0.030640 -0.583881 -0.318735
v -0.258751 -0.344140 -0.380981
v -0.245382 -0.203343 -0.385826
v -0.218024 -0.300854 -0.400425
v -0.213978 -0.230571 -0.404525
v -0.294850 -0.315908 -0.366283
v -0.285743 -0.239570 -0.367470
v -0.441346 -0.233138 -0.020643
v -0.427990 -0.251752 0.074741
v -0.442070 -0.293446 0.000057
v -0.434083 -0.299326 0.047989
v -0.430046 -0.185245 0.006546
v -0.426949 -0.196258 0.050166
v -0.362669 -0.157787 -0.262774
v -0.303443 -0.112861 -0.318855
v -0.341595 -0.103121 -0.265060
v -0.313706 -0.082709 -0.294169
v -0.357913 -0.196911 -0.293780
v -0.323760 -0.171093 -0.320766
v -0.396729 -0.079348 -0.067019
v -0.378189 -0.025698 -0.029141
v -0.376334 -0.042648 -0.083930
v -0.371690 -0.018413 -0.065483
v -0.402727 -0.088774 -0.029424
v -0.392906 -0.056623 -0.007729
v -0.405271 -0.299446 0.394150
v -0.403754 -0.302115 0.503826
v -0.404419 -0.246952 0.396475
v -0.402630 -0.249309 0.449190
v -0.400783 -0.356963 0.445034
v -0.402109 -0.360978 0.502743
v -0.403795 -0.123941 0.131255
v -0.386547 -0.044702 0.083342
v -0.397373 -0.084965 0.144613
v -0.388758 -0.052190 0.120261
v -0.404594 -0.116362 0.090383
v -0.396027 -0.076058 0.066912
v 0.355894 -0.575605 0.448930
v 0.384312 -0.448497 0.352034
v 0.354467 -0.549839 0.372969
v 0.373028 -0.492664 0.329866
v 0.374842 -0.532393 0.470113
v 0.385326 -0.461662 0.420355
v 0.394846 -0.672773 0.675569
v 0.391322 -0.493545 0.683654
v 0.392063 -0.673193 0.753609
v 0.387192 -0.570414 0.752205
v 0.390972 -0.575459 0.612588
v 0.398747 -0.499268 0.622257
v 0.393465 -0.491267 -0.326388
v 0.417353 -0.371987 -0.253954
v 0.425247 -0.527013 -0.289609
v 0.429840 -0.457766 -0.248417
v 0.378910 -0.396581 -0.323841
v 0.394272 -0.345471 -0.291933
v 0.258053 -0.348061 -0.382269
v 0.246641 -0.203545 -0.384669
v 0.218945 -0.301037 -0.401276
v 0.214169 -0.233408 -0.404831
v 0.295438 -0.316693 -0.365693
v 0.286099 -0.242570 -0.367729
v 0.443280 -0.232416 -0.018296
v 0.427493 -0.252997 0.076716
v 0.441025 -0.293786 0.001022
v 0.435839 -0.299526 0.049338
v 0.431956 -0.186466 0.008636
v 0.426070 -0.195960 0.052445
v 0.367157 -0.157486 -0.263577
v 0.306538 -0.113628 -0.316158
v 0.343259 -0.103014 -0.264215
v 0.317425 -0.084164 -0.294053
v 0.357992 -0.196416 -0.292225
v 0.325874 -0.172660 -0.318703
v 0.397825 -0.084443 -0.067585
v 0.379000 -0.027035 -0.028722
v 0.380604 -0.045648 -0.083123
v 0.372982 -0.020742 -0.064867
v 0.403616 -0.091450 -0.028226
v 0.392564 -0.059816 -0.007826
v 0.404779 -0.297228 0.392908
v 0.403272 -0.301174 0.503666
v 0.406108 -0.248019 0.396321
v 0.404399 -0.248213 0.448584
v 0.401639 -0.356675 0.441648
v 0.403873 -0.362435 0.502048
v 0.405174 -0.123140 0.132038
v 0.388518 -0.047333 0.083034
v 0.397739 -0.092430 0.146046
v 0.390127 -0.054043 0.121477
v 0.407141 -0.116253 0.091781
v 0.397801 -0.074824 0.067546
v 0.187130 -0.087457 0.844940
v 0.294908 -0.161321 0.797086
v 0.195091 -0.157216 0.871400
v 0.251891 -0.196636 0.845708
v 0.233739 -0.059544 0.795688
v 0.283259 -0.095331 0.770949
v -0.186672 -0.087717 0.845686
v -0.296104 -0.160945 0.796040
v -0.194486 -0.157010 0.869751
v -0.251911 -0.194824 0.845009
v -0.233543 -0.058934 0.796058
v -0.283124 -0.095737 0.770075
v 0.151333 0.064791 0.714801
v 0.208267 0.066271 0.606814
v 0.137577 0.093604 0.663031
v 0.167053 0.089520 0.610676
v 0.202207 0.037714 0.709926
v 0.226330 0.038919 0.649921
v -0.150885 0.065990 0.714773
v -0.207624 0.066502 0.605633
v -0.135981 0.092159 0.661747
v -0.166372 0.088783 0.610429
v -0.200824 0.037351 0.709833
v -0.228041 0.041977 0.653595
v 0.351732 -0.085515 0.611305
v 0.313621 -0.008750 0.549928
v 0.354946 -0.066401 0.549240
v 0.337223 -0.029864 0.523722
v 0.323954 -0.058688 0.644552
v 0.301007 -0.018767 0.610299
v -0.351319 -0.085628 0.611017
v -0.311260 -0.006656 0.552861
v -0.353672 -0.068354 0.549572
v -0.335699 -0.030807 0.523410
v -0.322014 -0.057466 0.645757
v -0.302844 -0.017815 0.612977
v 0.114159 0.004959 -0.649703
v 0.162892 0.008068 -0.538139
v 0.098784 0.010564 -0.580313
v 0.123225 0.004847 -0.533460
v 0.161735 0.005525 -0.665612
v 0.184518 0.012843 -0.603453
v -0.115594 0.007169 -0.649580
v -0.164919 0.007189 -0.543072
v -0.101834 0.009025 -0.580047
v -0.125861 0.008847 -0.533256
v -0.165149 0.007634 -0.668568
v -0.187417 0.012830 -0.605265
v 0.180755 0.054788 -0.892390
v 0.320786 0.120124 -0.898325
v 0.202429 0.122738 -0.957582
v 0.274636 0.159664 -0.959121
v 0.224644 0.034107 -0.830600
v 0.291385 0.062182 -0.833824
v -0.184055 0.055808 -0.893600
v -0.320823 0.121822 -0.900413
v -0.204351 0.124508 -0.956949
v -0.274162 0.162527 -0.959683
v -0.224158 0.034319 -0.833402
v -0.292849 0.062660 -0.835912
v 0.273422 0.039395 -0.531844
v 0.324485 0.091203 -0.633202
v 0.300986 0.056458 -0.513815
v 0.320247 0.085414 -0.557528
v 0.268043 0.042803 -0.600397
v 0.298556 0.063850 -0.659642
v -0.273385 0.040812 -0.532955
v -0.325279 0.091574 -0.634893
v -0.300103 0.057773 -0.516355
v -0.321732 0.084881 -0.561884
v -0.268906 0.043688 -0.602192
v -0.300993 0.064244 -0.663366
v -0.128153 0.361867 -0.176376
v -0.150497 0.432760 -0.210858
v -0.116300 0.397791 -0.173896
v -0.137274 0.478293 -0.209889
v -0.153330 0.287825 -0.152763
v -0.114638 0.338903 -0.163154
v -0.148284 0.269534 -0.128226
v -0.178984 0.391057 -0.218877
v -0.160400 0.491055 -0.238602
v -0.196739 0.447490 -0.248507
v -0.175828 0.296160 -0.174603
v -0.200817 0.388039 -0.230626
v -0.193016 0.281157 -0.177300
v -0.173749 0.251869 -0.116136
v -0.194150 0.254683 -0.143628
v 0.123839 0.361515 -0.177014
v 0.145272 0.430434 -0.211034
v 0.108424 0.394538 -0.177581
v 0.131386 0.473861 -0.217540
v 0.146994 0.289470 -0.151638
v 0.109780 0.338432 -0.163157
v 0.143319 0.269924 -0.128301
v 0.175036 0.386856 -0.210771
v 0.157417 0.488865 -0.237877
v 0.196515 0.445722 -0.239471
v 0.172884 0.294880 -0.174096
v 0.200082 0.385527 -0.222303
v 0.192281 0.281264 -0.177471
v 0.168811 0.252700 -0.117053
v 0.191611 0.256201 -0.143710
v -0.318364 -0.655698 0.038522
v -0.359621 -0.746409 -0.028710
v -0.275792 -0.669363 0.041605
v -0.310423 -0.802759 -0.015053
v -0.360279 -0.596054 0.079006
v -0.291187 -0.647302 0.102511
v -0.339600 -0.592377 0.140498
v -0.414735 -0.661746 -0.063979
v -0.377660 -0.846756 -0.060060
v -0.429810 -0.702173 -0.119986
v -0.404388 -0.572549 0.006118
v -0.433167 -0.614954 -0.098410
v -0.421630 -0.525270 -0.017810
v -0.370639 -0.555812 0.119796
v -0.411022 -0.516099 0.035227
v 0.320207 -0.653088 0.042622
v 0.358448 -0.743080 -0.026358
v 0.278754 -0.667099 0.041479
v 0.313249 -0.800973 -0.013244
v 0.360133 -0.592305 0.079125
v 0.292779 -0.646372 0.106114
v 0.341358 -0.592181 0.143270
v 0.412833 -0.658551 -0.062469
v 0.379339 -0.841536 -0.063165
v 0.429278 -0.699312 -0.119409
v 0.401492 -0.570201 0.008381
v 0.429666 -0.611138 -0.097237
v 0.420719 -0.523335 -0.016199
v 0.369531 -0.555668 0.120518
v 0.407745 -0.515254 0.038008
v 0.000556 -0.599369 0.839135
v -0.097422 -0.549463 0.850998
v -0.042634 -0.638775 0.825119
v -0.154040 -0.607550 0.843743
v 0.101203 -0.553499 0.852319
v 0.045196 -0.641330 0.826345
v 0.155288 -0.609977 0.847523
v 0.059358 -0.448723 0.871065
v -0.057355 -0.448566 0.871910
v 0.062819 -0.379862 0.887813
v -0.060776 -0.380931 0.889232
v 0.171132 -0.540948 0.850959
v 0.121424 -0.421423 0.872790
v -0.168758 -0.541400 0.850507
v -0.120902 -0.421217 0.873324
v 0.000775 0.148725 0.360069
v -0.040885 0.141567 0.404967
v -0.015987 0.160114 0.312774
v -0.060455 0.145425 0.363855
v 0.042619 0.141207 0.407957
v 0.015030 0.159767 0.313211
v 0.059608 0.145838 0.364450
v 0.027829 0.140457 0.485059
v -0.027654 0.142011 0.484685
v 0.032916 0.140851 0.532907
v -0.033271 0.139460 0.532129
v 0.073091 0.138117 0.412886
v 0.060735 0.135539 0.499345
v -0.073435 0.137457 0.411926
v -0.061520 0.136712 0.497009
v 0.000911 -0.266226 -0.472993
v -0.048319 -0.210811 -0.476090
v -0.022500 -0.313503 -0.460808
v -0.076655 -0.251080 -0.465392
v 0.047227 -0.212841 -0.476341
v 0.021237 -0.314747 -0.465063
v 0.074373 -0.254289 -0.466410
v 0.026437 -0.127224 -0.489492
v -0.028455 -0.128002 -0.488690
v 0.025013 -0.073392 -0.497391
v -0.027563 -0.077358 -0.496614
v 0.081291 -0.195672 -0.470558
v 0.052679 -0.106634 -0.485929
v -0.081928 -0.196381 -0.471134
v -0.054627 -0.106788 -0.486813
v -0.000814 0.609304 -0.818816
v -0.091046 0.540048 -0.843955
v -0.038021 0.664527 -0.793663
v -0.136496 0.589295 -0.818607
v 0.090480 0.542112 -0.843204
v 0.037542 0.667644 -0.794634
v 0.136818 0.592431 -0.818549
v 0.054786 0.439402 -0.891880
v -0.056428 0.437547 -0.892531
v 0.061115 0.370238 -0.919032
v -0.064602 0.370651 -0.919682
v 0.153735 0.518784 -0.847135
v 0.119456 0.407688 -0.905672
v -0.155817 0.518063 -0.846540
v -0.121135 0.407310 -0.904503
v 0.351700 0.098462 -0.318336
v 0.351765 0.079501 -0.247349
v 0.350000 0.118158 -0.324275
v 0.352459 0.093398 -0.245216
v 0.337172 0.048373 -0.272119
v 0.348001 0.050953 -0.223001
v 0.336062 0.023231 -0.250145
v 0.347433 0.027799 -0.197623
v 0.341552 0.075637 -0.333601
v 0.328929 0.032662 -0.289260
v 0.333555 0.066570 -0.355658
v 0.349227 0.119076 -0.362351
v 0.341015 0.088636 -0.378635
v 0.353951 0.073285 -0.208279
v 0.350888 0.042775 -0.186790
v 0.361611 0.002893 0.287782
v 0.366059 0.002896 0.235518
v 0.357247 0.020052 0.268486
v 0.360071 0.017054 0.219749
v 0.381595 -0.058383 0.309528
v 0.376863 -0.030043 0.247795
v 0.389299 -0.086106 0.312324
v 0.383987 -0.049331 0.244668
v 0.370624 -0.033239 0.333628
v 0.384897 -0.085098 0.347673
v 0.371617 -0.052194 0.376576
v 0.358633 0.011075 0.307364
v 0.367109 -0.025507 0.363373
v 0.362931 0.009036 0.202152
v 0.377413 -0.021254 0.214658
v -0.349174 0.098356 -0.320078
v -0.354381 0.079226 -0.250418
v -0.351401 0.117592 -0.325914
v -0.352879 0.093608 -0.248254
v -0.338648 0.046933 -0.275698
v -0.348506 0.051792 -0.226722
v -0.333925 0.021388 -0.255431
v -0.347104 0.031401 -0.201341
v -0.341714 0.075027 -0.336692
v -0.330036 0.030833 -0.293418
v -0.333020 0.066599 -0.360605
v -0.347213 0.117351 -0.364280
v -0.341811 0.089352 -0.384632
v -0.354205 0.074411 -0.213223
v -0.351113 0.043287 -0.189304
v -0.360242 0.008767 0.286210
v -0.363292 0.004834 0.234908
v -0.356978 0.025321 0.269081
v -0.359403 0.023076 0.218983
v -0.380142 -0.056540 0.310247
v -0.376561 -0.025250 0.245449
v -0.387463 -0.083468 0.310866
v -0.382050 -0.043812 0.238843
v -0.369502 -0.029945 0.334431
v -0.383827 -0.084435 0.349686
v -0.373233 -0.049510 0.373385
v -0.358153 0.014695 0.307932
v -0.363540 -0.023378 0.362276
v -0.364022 0.010960 0.200998
v -0.373673 -0.016598 0.214631
v -0.032864 0.512048 -0.192743
v -0.044942 0.611028 -0.233677
v -0.055379 0.490671 -0.185873
v -0.073851 0.589440 -0.227648
v 0.030425 0.510627 -0.189696
v 0.042097 0.611374 -0.232817
v 0.052385 0.490964 -0.177780
v 0.067231 0.588050 -0.224923
v -0.001589 0.464031 -0.183104
v -0.040223 0.445505 -0.179358
v -0.009387 0.405544 -0.172403
v -0.000642 0.672891 -0.265658
v -0.067619 0.645582 -0.265092
v -0.020869 0.719064 -0.302065
v 0.037234 0.444932 -0.174550
v 0.007541 0.404452 -0.170905
v 0.064764 0.644785 -0.263010
v 0.020559 0.719597 -0.300907
v -0.082622 0.260954 -0.055839
v -0.141473 0.236371 0.022098
v -0.083929 0.270351 -0.105429
v -0.140462 0.239255 -0.026282
v -0.068433 0.229528 0.106019
v -0.120648 0.208662 0.174099
v -0.057904 0.210947 0.160652
v -0.107786 0.188557 0.222429
v -0.054034 0.253205 -0.014850
v -0.057902 0.280262 -0.120289
v -0.035496 0.267883 -0.079911
v -0.166398 0.221684 0.132650
v -0.170531 0.219928 0.033770
v -0.198963 0.195397 0.137499
v -0.039792 0.227117 0.100346
v -0.030965 0.254915 -0.022337
v -0.140960 0.179820 0.225994
v -0.186032 0.184708 0.184686
v -0.224758 0.759486 -0.430125
v -0.345547 0.721058 -0.441768
v -0.208369 0.686585 -0.372954
v -0.300488 0.650043 -0.383668
v -0.211237 0.849624 -0.617959
v -0.272909 0.732962 -0.630422
v -0.166387 0.800771 -0.670324
v -0.249182 0.711628 -0.694921
v -0.256583 0.975696 -0.516531
v -0.178099 0.737417 -0.389056
v -0.162172 0.870645 -0.458069
v -0.407260 0.754100 -0.553275
v -0.396981 0.669765 -0.410873
v -0.527800 0.711531 -0.538899
v -0.147493 0.848137 -0.620400
v -0.179777 0.989084 -0.518454
v -0.297677 0.668560 -0.665365
v -0.400572 0.660011 -0.579565
v -0.270182 0.324593 -0.290610
v -0.267717 0.218179 -0.205220
v -0.257515 0.351213 -0.276838
v -0.251862 0.234952 -0.195920
v -0.309698 0.221771 -0.323284
v -0.319456 0.157951 -0.230023
v -0.321947 0.190433 -0.327688
v -0.331209 0.137889 -0.235889
v -0.302028 0.331142 -0.356367
v -0.281316 0.416254 -0.324912
v -0.313554 0.420843 -0.396571
v -0.305401 0.153515 -0.171623
v -0.270980 0.190064 -0.157571
v -0.310449 0.133207 -0.124055
v -0.317525 0.239679 -0.375712
v -0.318715 0.358629 -0.411759
v -0.331190 0.123611 -0.188980
v -0.322973 0.119810 -0.133681
v -0.278407 0.137800 0.062446
v -0.297682 0.128073 0.020069
v -0.252455 0.164051 0.018085
v -0.275047 0.153706 -0.018903
v -0.333427 0.079199 0.175867
v -0.338458 0.074031 0.122482
v -0.344990 0.064861 0.206397
v -0.345573 0.059597 0.151183
v -0.299874 0.111312 0.145071
v -0.256701 0.158683 0.059943
v -0.279025 0.128627 0.148392
v -0.325125 0.093211 0.049289
v -0.289419 0.140296 -0.021382
v -0.322725 0.101916 0.009856
v -0.331083 0.077148 0.216412
v -0.298933 0.107058 0.188273
v -0.344500 0.061694 0.111980
v -0.332731 0.082950 0.040100
v 0.080614 0.261470 -0.057757
v 0.139701 0.240379 0.021415
v 0.081093 0.269368 -0.103983
v 0.138825 0.240887 -0.025170
v 0.066236 0.228864 0.107851
v 0.118968 0.208559 0.175755
v 0.056026 0.210974 0.160358
v 0.105725 0.189759 0.224291
v 0.052863 0.253351 -0.014428
v 0.056040 0.279759 -0.119614
v 0.032703 0.268869 -0.082512
v 0.037554 0.225710 0.099922
v 0.029670 0.253217 -0.021095
v 0.165033 0.219783 0.132593
v 0.167888 0.222446 0.032932
v 0.195535 0.198049 0.138392
v 0.138051 0.182228 0.229003
v 0.185252 0.185894 0.184832
v 0.224720 0.758396 -0.430777
v 0.346210 0.720233 -0.440926
v 0.209210 0.686261 -0.371468
v 0.300885 0.648852 -0.381879
v 0.211241 0.849953 -0.618626
v 0.271508 0.734673 -0.628790
v 0.167274 0.800897 -0.671785
v 0.249687 0.712180 -0.693912
v 0.256803 0.975689 -0.516310
v 0.178314 0.738415 -0.387910
v 0.162155 0.870161 -0.461271
v 0.147279 0.847997 -0.618776
v 0.180318 0.988840 -0.518401
v 0.410119 0.753058 -0.553266
v 0.397541 0.671481 -0.409724
v 0.527882 0.710810 -0.541310
v 0.298404 0.669634 -0.664690
v 0.400255 0.661749 -0.580506
v 0.271727 0.326013 -0.295415
v 0.267270 0.216882 -0.206886
v 0.255824 0.351247 -0.279225
v 0.250472 0.236061 -0.198517
v 0.310539 0.223930 -0.322641
v 0.317856 0.158307 -0.228368
v 0.322228 0.190777 -0.326501
v 0.330179 0.138301 -0.233935
v 0.301656 0.333077 -0.356996
v 0.280180 0.414729 -0.328184
v 0.309588 0.420989 -0.401438
v 0.305939 0.154900 -0.172504
v 0.270489 0.190808 -0.157899
v 0.309213 0.134489 -0.123869
v 0.319809 0.240944 -0.375456
v 0.317124 0.360846 -0.412679
v 0.331981 0.124704 -0.186137
v 0.323540 0.118438 -0.133081
v 0.275672 0.140999 0.061885
v 0.294754 0.130554 0.020417
v 0.249625 0.167826 0.017440
v 0.267634 0.158659 -0.022604
v 0.333422 0.077663 0.176178
v 0.338225 0.071208 0.123455
v 0.342151 0.063599 0.202858
v 0.345105 0.058307 0.150492
v 0.299288 0.111157 0.144172
v 0.250572 0.162676 0.058906
v 0.278491 0.128774 0.148238
v 0.325863 0.092793 0.051755
v 0.287382 0.140379 -0.024945
v 0.321597 0.102306 0.009396
v 0.328296 0.073833 0.214742
v 0.296434 0.106689 0.186758
v 0.343411 0.062688 0.112001
v 0.332805 0.083435 0.042242
v -0.082364 -0.674231 0.078527
v -0.086484 -0.684065 -0.050723
v -0.134776 -0.679497 0.069859
v -0.133703 -0.732917 -0.050484
v 0.080766 -0.677638 0.081277
v 0.086862 -0.685503 -0.050619
v 0.133428 -0.685673 0.071366
v 0.134956 -0.737786 -0.048944
v 0.000890 -0.672300 0.155999
v -0.106899 -0.675491 0.147595
v -0.025963 -0.677827 0.228641
v 0.000257 -0.635980 -0.108127
v -0.109903 -0.724588 -0.110360
v -0.035058 -0.623059 -0.160086
v 0.109204 -0.676686 0.148782
v 0.027033 -0.676709 0.228566
v 0.112999 -0.730062 -0.111136
v 0.037705 -0.623587 -0.158958
v -0.216424 -0.689465 0.464880
v -0.301142 -0.660187 0.480058
v -0.232750 -0.676860 0.362223
v -0.302101 -0.628434 0.385092
v -0.212091 -0.988565 0.685595
v -0.363582 -0.885375 0.705745
v -0.170272 -0.935624 0.790766
v -0.331264 -0.876875 0.797073
v -0.163779 -0.796364 0.525976
v -0.186828 -0.688513 0.378743
v -0.119163 -0.718401 0.467026
v -0.360922 -0.705172 0.572462
v -0.331453 -0.605931 0.421944
v -0.367463 -0.610773 0.523705
v -0.105225 -0.907859 0.699486
v -0.100868 -0.766809 0.531413
v -0.385510 -0.783382 0.742875
v -0.383117 -0.647733 0.599134
v -0.276609 -0.797506 -0.365937
v -0.363835 -0.652569 -0.356803
v -0.319972 -0.894257 -0.332658
v -0.410586 -0.714903 -0.326926
v -0.144919 -0.511735 -0.373170
v -0.210945 -0.442717 -0.384466
v -0.108000 -0.456826 -0.392143
v -0.172152 -0.387817 -0.402447
v -0.160133 -0.638369 -0.338614
v -0.222356 -0.884492 -0.336866
v -0.126120 -0.672858 -0.304462
v -0.304492 -0.481484 -0.361723
v -0.405459 -0.596704 -0.326730
v -0.350511 -0.444521 -0.345232
v -0.086308 -0.507869 -0.371543
v -0.095064 -0.603365 -0.325784
v -0.217677 -0.369735 -0.393601
v -0.300918 -0.395083 -0.363541
v -0.429715 -0.329597 -0.173289
v -0.438798 -0.280134 -0.093868
v -0.441668 -0.402661 -0.162927
v -0.445123 -0.346010 -0.080230
v -0.384724 -0.136670 -0.199459
v -0.394615 -0.110252 -0.131933
v -0.363712 -0.084879 -0.207332
v -0.375556 -0.066804 -0.145462
v -0.402126 -0.243071 -0.222318
v -0.428682 -0.389392 -0.209025
v -0.400962 -0.292574 -0.258018
v -0.424609 -0.168561 -0.079636
v -0.444297 -0.286549 -0.047991
v -0.434669 -0.176338 -0.037373
v -0.365275 -0.120639 -0.234651
v -0.385216 -0.222131 -0.261030
v -0.384890 -0.072142 -0.106300
v -0.417210 -0.122567 -0.051267
v -0.402959 -0.378503 0.245174
v -0.417492 -0.315085 0.152964
v -0.396204 -0.423684 0.221094
v -0.418819 -0.361502 0.128609
v -0.406769 -0.237002 0.292502
v -0.406161 -0.178125 0.206113
v -0.403826 -0.191085 0.301517
v -0.402610 -0.136382 0.216524
v -0.402458 -0.340329 0.325022
v -0.390411 -0.434330 0.284621
v -0.396597 -0.398495 0.372048
v -0.415192 -0.210908 0.143141
v -0.424469 -0.306812 0.099382
v -0.419038 -0.205100 0.097447
v -0.404916 -0.243025 0.344567
v -0.400995 -0.348726 0.383328
v -0.401843 -0.130620 0.173659
v -0.412758 -0.164482 0.116145
v 0.213938 -0.690332 0.464698
v 0.298760 -0.660705 0.478275
v 0.231855 -0.676441 0.362591
v 0.300728 -0.630812 0.386437
v 0.213338 -0.988597 0.685378
v 0.364640 -0.881711 0.699966
v 0.166742 -0.934716 0.788042
v 0.333789 -0.882490 0.792402
v 0.162014 -0.798388 0.524587
v 0.184964 -0.687084 0.378810
v 0.116777 -0.716432 0.465339
v 0.105709 -0.908451 0.699327
v 0.099498 -0.767408 0.531828
v 0.361355 -0.707270 0.571688
v 0.329540 -0.605847 0.422520
v 0.365978 -0.610982 0.521936
v 0.386211 -0.781339 0.739014
v 0.380350 -0.646859 0.596383
v 0.276988 -0.797629 -0.365772
v 0.363405 -0.651972 -0.357352
v 0.321179 -0.893717 -0.332434
v 0.409591 -0.715733 -0.327814
v 0.143506 -0.513456 -0.372927
v 0.211357 -0.443522 -0.384339
v 0.107703 -0.456066 -0.390838
v 0.173270 -0.387952 -0.403146
v 0.160991 -0.639818 -0.338488
v 0.223722 -0.884640 -0.336810
v 0.128244 -0.673670 -0.306339
v 0.087116 -0.508085 -0.369547
v 0.096136 -0.603138 -0.324571
v 0.303658 -0.480954 -0.361038
v 0.404104 -0.596613 -0.329185
v 0.348270 -0.444755 -0.346275
v 0.218733 -0.371466 -0.394549
v 0.301799 -0.396170 -0.363864
v 0.429443 -0.331004 -0.171994
v 0.441249 -0.280624 -0.093654
v 0.438688 -0.403835 -0.161590
v 0.445527 -0.346081 -0.077556
v 0.385560 -0.137618 -0.196702
v 0.394903 -0.112036 -0.131724
v 0.364716 -0.086396 -0.204267
v 0.375401 -0.065583 -0.143944
v 0.403230 -0.242670 -0.222007
v 0.430959 -0.392118 -0.209444
v 0.401849 -0.293210 -0.255852
v 0.426900 -0.168461 -0.077466
v 0.448403 -0.284243 -0.046702
v 0.436294 -0.174759 -0.034392
v 0.366171 -0.122038 -0.232380
v 0.383280 -0.221999 -0.259867
v 0.387474 -0.076579 -0.106799
v 0.416581 -0.128103 -0.050949
v 0.401902 -0.376807 0.245252
v 0.415794 -0.313383 0.155514
v 0.394393 -0.424714 0.220625
v 0.416692 -0.363060 0.130190
v 0.406930 -0.236502 0.293397
v 0.406752 -0.178467 0.208615
v 0.404345 -0.193708 0.301899
v 0.402627 -0.141327 0.219965
v 0.400693 -0.342522 0.324871
v 0.389531 -0.434053 0.284571
v 0.394648 -0.398787 0.368798
v 0.416217 -0.214208 0.145433
v 0.425194 -0.306762 0.101946
v 0.420782 -0.206166 0.098577
v 0.405426 -0.244105 0.344796
v 0.401674 -0.350611 0.383727
v 0.402807 -0.133245 0.177015
v 0.411754 -0.164631 0.117031
v 0.064725 -0.086763 0.895523
v -0.065470 -0.086662 0.895251
v 0.070387 -0.159220 0.952006
v -0.071483 -0.158154 0.951484
v 0.052860 0.075980 0.745713
v -0.052239 0.076339 0.746098
v 0.047770 0.104695 0.690461
v -0.047093 0.105456 0.691993
v 0.117995 0.007400 0.809512
v 0.131835 -0.121359 0.891109
v 0.176754 -0.025005 0.808626
v -0.116806 0.007605 0.809967
v -0.131289 -0.121414 0.891543
v -0.176215 -0.025283 0.808325
v 0.099355 0.087979 0.707996
v 0.165485 0.026780 0.763038
v -0.098014 0.088902 0.708916
v -0.164776 0.027032 0.763958
v 0.364654 -0.385197 0.730138
v 0.336119 -0.273573 0.767649
v 0.344483 -0.439448 0.787864
v 0.295989 -0.314753 0.813854
v 0.398585 -0.235568 0.553555
v 0.381871 -0.161456 0.590486
v 0.396423 -0.192206 0.496206
v 0.379639 -0.130193 0.529595
v 0.392880 -0.349968 0.616629
v 0.375575 -0.473409 0.743204
v 0.395046 -0.422016 0.620728
v 0.400779 -0.244724 0.501457
v 0.401652 -0.359215 0.562254
v 0.358885 -0.164021 0.700009
v 0.297481 -0.235883 0.807732
v 0.327190 -0.130053 0.739082
v 0.369612 -0.110133 0.572402
v 0.343299 -0.106041 0.674814
v -0.363751 -0.384735 0.731354
v -0.336478 -0.271561 0.768880
v -0.344001 -0.440099 0.788577
v -0.295868 -0.314317 0.814687
v -0.396626 -0.235164 0.552745
v -0.384294 -0.159237 0.590971
v -0.397949 -0.191740 0.494035
v -0.379998 -0.127677 0.529955
v -0.394482 -0.350495 0.619526
v -0.375104 -0.472835 0.742977
v -0.395303 -0.423312 0.622966
v -0.402539 -0.245130 0.502318
v -0.400133 -0.360620 0.562637
v -0.357346 -0.163701 0.698563
v -0.298299 -0.234905 0.809305
v -0.328230 -0.129025 0.739589
v -0.367832 -0.110858 0.571181
v -0.340159 -0.107059 0.673744
v 0.214989 0.103171 0.416231
v 0.214764 0.085342 0.507690
v 0.178607 0.114111 0.421168
v 0.175685 0.103075 0.512267
v 0.302423 0.056369 0.385068
v 0.305662 0.029185 0.465756
v 0.323928 0.041621 0.369265
v 0.327144 0.011517 0.442268
v 0.262471 0.089956 0.362910
v 0.196832 0.115901 0.372931
v 0.243635 0.109519 0.322961
v 0.312435 0.060611 0.339607
v 0.275454 0.094272 0.318433
v 0.263805 0.044522 0.537635
v 0.191728 0.087150 0.558198
v 0.248586 0.042601 0.591964
v 0.319859 0.000533 0.494253
v 0.282286 0.014870 0.574446
v -0.215703 0.100113 0.415946
v -0.211584 0.083886 0.508662
v -0.179999 0.114356 0.420384
v -0.176272 0.101543 0.514530
v -0.304000 0.058456 0.386291
v -0.306467 0.029304 0.464559
v -0.326874 0.045003 0.370141
v -0.327903 0.011585 0.443754
v -0.262816 0.090291 0.362756
v -0.197271 0.116717 0.373165
v -0.245812 0.107766 0.322351
v -0.313089 0.065486 0.340279
v -0.275450 0.094324 0.317744
v -0.265024 0.043897 0.536574
v -0.191308 0.085937 0.561269
v -0.247436 0.040178 0.593175
v -0.321568 0.002672 0.495242
v -0.283230 0.015692 0.574619
v 0.038073 0.019272 -0.665309
v -0.037471 0.021108 -0.664637
v 0.032490 0.016587 -0.600234
v -0.034533 0.014743 -0.599262
v 0.058882 0.096098 -0.870090
v -0.061917 0.094341 -0.868703
v 0.064974 0.155262 -0.917761
v -0.065974 0.154680 -0.918394
v 0.096546 0.024483 -0.772951
v 0.072455 0.014006 -0.625202
v 0.131467 -0.004328 -0.725516
v -0.098120 0.027120 -0.771674
v -0.072782 0.012390 -0.625927
v -0.135306 -0.003889 -0.730589
v 0.126290 0.109786 -0.908873
v 0.155029 0.012910 -0.812590
v -0.127983 0.107815 -0.910274
v -0.156905 0.013280 -0.812373
v 0.199443 -0.105149 -0.406192
v 0.168374 -0.024948 -0.446194
v 0.171589 -0.129428 -0.423945
v 0.136620 -0.040720 -0.456271
v 0.266866 -0.039454 -0.350423
v 0.261631 0.009326 -0.426374
v 0.286396 -0.018336 -0.335947
v 0.285402 0.023314 -0.413356
v 0.255100 -0.112363 -0.361313
v 0.207484 -0.167737 -0.402823
v 0.270490 -0.174325 -0.364179
v 0.290511 -0.060657 -0.320221
v 0.290599 -0.144537 -0.340932
v 0.217607 0.008960 -0.488046
v 0.145761 -0.006737 -0.486536
v 0.202912 0.014859 -0.543622
v 0.279198 0.033755 -0.469649
v 0.239346 0.024827 -0.539852
v -0.198657 -0.105594 -0.403910
v -0.167700 -0.022035 -0.444356
v -0.172574 -0.130682 -0.422275
v -0.137880 -0.039538 -0.453559
v -0.264467 -0.036327 -0.349085
v -0.260385 0.009694 -0.429443
v -0.286436 -0.018506 -0.339287
v -0.285581 0.023714 -0.416251
v -0.254295 -0.111067 -0.363418
v -0.206330 -0.166970 -0.404469
v -0.270442 -0.173875 -0.364911
v -0.290170 -0.059597 -0.320598
v -0.289483 -0.142013 -0.341907
v -0.218192 0.008225 -0.487104
v -0.147131 -0.002132 -0.486183
v -0.203514 0.013752 -0.546412
v -0.280509 0.033589 -0.471867
v -0.240374 0.024116 -0.544321
v 0.352288 0.368209 -0.775776
v 0.367637 0.247340 -0.875860
v 0.319674 0.411223 -0.816349
v 0.325295 0.292535 -0.924421
v 0.358648 0.236511 -0.591435
v 0.356446 0.163612 -0.630749
v 0.352492 0.200944 -0.526502
v 0.351203 0.139263 -0.557021
v 0.353580 0.345242 -0.648018
v 0.328058 0.442788 -0.748716
v 0.345985 0.417685 -0.636707
v 0.349775 0.251235 -0.532804
v 0.349050 0.362550 -0.585008
v 0.370856 0.140166 -0.775525
v 0.335739 0.202666 -0.935819
v 0.340916 0.097531 -0.815549
v 0.340359 0.121128 -0.597078
v 0.332988 0.094915 -0.720478
v -0.351034 0.367687 -0.778782
v -0.368309 0.248377 -0.877301
v -0.317763 0.412142 -0.815358
v -0.324096 0.293595 -0.921764
v -0.355152 0.236985 -0.590689
v -0.360413 0.160099 -0.633911
v -0.351541 0.200372 -0.528053
v -0.349689 0.139511 -0.557206
v -0.354581 0.344588 -0.649438
v -0.331060 0.444322 -0.749304
v -0.345747 0.416792 -0.635191
v -0.347007 0.249010 -0.533201
v -0.345566 0.363006 -0.586981
v -0.371346 0.140157 -0.777345
v -0.334520 0.205176 -0.937311
v -0.342492 0.100603 -0.817155
v -0.341413 0.117064 -0.601102
v -0.335984 0.095299 -0.723917
v 0.358422 0.041370 -0.051313
v 0.365627 0.014893 -0.037243
v 0.356736 0.047276 -0.089392
v 0.361345 0.022230 -0.074784
v 0.360504 0.024429 0.062521
v 0.371382 -0.003993 0.073586
v 0.362118 0.020762 0.097491
v 0.373844 -0.009851 0.109392
v 0.356208 0.041033 -0.002122
v 0.353326 0.056809 -0.082131
v 0.349792 0.054541 -0.031024
v 0.354657 0.034302 0.073014
v 0.349217 0.049808 0.008513
v 0.378835 -0.011556 0.024973
v 0.365479 0.001610 -0.048237
v 0.382091 -0.031792 0.010362
v 0.378925 -0.025082 0.095831
v 0.388266 -0.039892 0.047348
v -0.358803 0.043400 -0.055946
v -0.367776 0.015169 -0.038787
v -0.356050 0.050257 -0.091749
v -0.363824 0.024741 -0.075870
v -0.359711 0.028112 0.060056
v -0.371748 -0.000314 0.072333
v -0.360726 0.024757 0.096714
v -0.374732 -0.006945 0.106266
v -0.355072 0.044168 -0.002207
v -0.353452 0.057491 -0.083231
v -0.350256 0.056172 -0.030229
v -0.354923 0.038712 0.070278
v -0.350141 0.050897 0.007842
v -0.376370 -0.011228 0.021731
v -0.367452 0.003281 -0.050992
v -0.383621 -0.031882 0.007722
v -0.379705 -0.022906 0.095535
v -0.384835 -0.036361 0.043038
v -0.080163 0.400968 -0.166225
v -0.083030 0.340787 -0.155014
v -0.122801 0.580644 -0.254038
v -0.155387 0.599480 -0.286912
v -0.063641 0.363361 -0.160297
v -0.128108 0.643872 -0.295065
v -0.169964 0.228141 -0.050639
v -0.198406 0.210534 -0.038269
v -0.202007 0.204422 0.001488
v -0.257262 0.514494 -0.311381
v -0.246149 0.444794 -0.282694
v -0.284524 0.519882 -0.333937
v -0.234734 0.224611 -0.145219
v -0.240392 0.202674 -0.104122
v -0.259238 0.185465 -0.107040
v 0.072407 0.400494 -0.164415
v 0.079416 0.337734 -0.156614
v 0.118084 0.580083 -0.252980
v 0.151595 0.598701 -0.287676
v 0.059630 0.362832 -0.158233
v 0.126507 0.641739 -0.295376
v 0.167776 0.230143 -0.051594
v 0.194196 0.212683 -0.039603
v 0.196205 0.207329 0.002293
v 0.256459 0.514834 -0.302800
v 0.249534 0.444482 -0.280482
v 0.281362 0.517047 -0.334468
v 0.231545 0.224902 -0.146775
v 0.235982 0.203118 -0.105844
v 0.258686 0.186873 -0.107385
v -0.204744 -0.677370 0.125693
v -0.228823 -0.678549 0.194579
v -0.188105 -0.919159 -0.074175
v -0.263633 -0.982317 -0.164459
v -0.182697 -0.680611 0.209755
v -0.156030 -0.938215 -0.177949
v -0.344188 -0.567735 0.259242
v -0.369784 -0.518296 0.224783
v -0.358600 -0.531019 0.297180
v -0.448174 -0.642002 -0.222748
v -0.443253 -0.552254 -0.181506
v -0.440643 -0.546013 -0.239733
v -0.437529 -0.409462 -0.009683
v -0.427113 -0.410838 0.044856
v -0.437239 -0.353891 0.021057
v 0.203032 -0.675079 0.127174
v 0.227929 -0.678503 0.197924
v 0.184934 -0.924290 -0.076862
v 0.272702 -0.979538 -0.166389
v 0.181755 -0.680949 0.210100
v 0.178702 -0.953097 -0.194427
v 0.340373 -0.566839 0.259843
v 0.367923 -0.519082 0.224773
v 0.357792 -0.529465 0.296936
v 0.448136 -0.642286 -0.222439
v 0.444762 -0.553939 -0.182240
v 0.441811 -0.548268 -0.239812
v 0.439354 -0.411260 -0.009538
v 0.428420 -0.410846 0.045839
v 0.437656 -0.353747 0.022074
v -0.053486 -0.673996 0.769045
v 0.053878 -0.674187 0.769293
v -0.297769 -0.682538 0.844560
v -0.301015 -0.579650 0.834935
v -0.000584 -0.635869 0.707242
v -0.357101 -0.641608 0.811072
v 0.299116 -0.684446 0.845010
v 0.302431 -0.581760 0.834500
v 0.357927 -0.640228 0.809169
v 0.129986 -0.271818 0.897443
v 0.190638 -0.312432 0.873371
v -0.130052 -0.272857 0.902492
v -0.187981 -0.312289 0.871769
v 0.192109 -0.234254 0.876398
v -0.192078 -0.233598 0.877327
v -0.013817 0.193417 0.212802
v 0.014712 0.192612 0.211752
v -0.108969 0.150617 0.323155
v -0.125996 0.135734 0.371337
v 0.000570 0.209145 0.155263
v -0.142263 0.142810 0.322703
v 0.108730 0.151002 0.323585
v 0.125301 0.136071 0.373522
v 0.142279 0.143641 0.324531
v 0.080617 0.126596 0.602242
v 0.110655 0.122074 0.558887
v -0.079401 0.127569 0.601059
v -0.109348 0.123174 0.560316
v 0.123990 0.110941 0.608636
v -0.122424 0.111923 0.610483
v -0.026794 -0.406578 -0.416545
v 0.024400 -0.408777 -0.418187
v -0.143414 -0.277620 -0.435221
v -0.145671 -0.214899 -0.437356
v -0.002412 -0.458090 -0.393669
v -0.181117 -0.255656 -0.420423
v 0.143104 -0.278992 -0.436969
v 0.145268 -0.215772 -0.439992
v 0.180813 -0.256105 -0.421811
v 0.054461 -0.008377 -0.516870
v 0.080964 -0.028806 -0.492492
v -0.057463 -0.005092 -0.518231
v -0.083262 -0.031775 -0.491732
v 0.085997 0.002715 -0.523253
v -0.088041 0.005136 -0.522750
v -0.044079 0.778650 -0.736843
v 0.042461 0.777854 -0.736058
v -0.251550 0.617624 -0.785473
v -0.261226 0.534796 -0.811598
v 0.001117 0.823249 -0.687669
v -0.291580 0.573582 -0.763152
v 0.250240 0.616714 -0.785597
v 0.261053 0.536993 -0.809596
v 0.293341 0.572030 -0.760018
v 0.139019 0.258109 -0.958470
v 0.212529 0.299098 -0.975096
v -0.141386 0.257569 -0.962822
v -0.213843 0.302719 -0.974817
v 0.216623 0.210857 -0.989564
v -0.218940 0.210828 -0.990375
v 0.340184 0.170058 -0.376355
v 0.344680 0.175122 -0.421203
v 0.349578 0.097657 -0.200919
v 0.353917 0.076026 -0.163649
v 0.338220 0.209432 -0.425466
v 0.349773 0.085683 -0.155844
v 0.332174 -0.027562 -0.249836
v 0.317209 -0.016135 -0.284151
v 0.356281 -0.002705 -0.138658
v 0.357251 0.017383 -0.122119
v 0.325323 -0.054871 -0.269134
v 0.364565 -0.010770 -0.099990
v 0.319279 0.065418 -0.432356
v 0.331766 0.089389 -0.463712
v 0.320629 0.074942 -0.490365
v 0.344765 0.045659 0.266445
v 0.342870 0.038528 0.307170
v 0.353612 0.036150 0.159729
v 0.357239 0.027377 0.148919
v 0.334232 0.055991 0.283346
v 0.353055 0.038182 0.124637
v 0.399556 -0.157545 0.350832
v 0.399176 -0.155068 0.396286
v 0.389717 -0.067078 0.197061
v 0.382127 -0.037489 0.171305
v 0.403908 -0.199280 0.397291
v 0.391678 -0.063668 0.158466
v 0.365467 -0.064462 0.457124
v 0.358079 -0.031760 0.437973
v 0.353152 -0.049673 0.491667
v -0.338987 0.170636 -0.378925
v -0.344728 0.172493 -0.423649
v -0.351847 0.095685 -0.199965
v -0.355333 0.075446 -0.167437
v -0.337131 0.207984 -0.426560
v -0.350397 0.084402 -0.158525
v -0.331903 -0.030226 -0.251847
v -0.315897 -0.015393 -0.286338
v -0.357295 -0.003525 -0.144072
v -0.356938 0.014141 -0.126771
v -0.323388 -0.055061 -0.271897
v -0.364512 -0.009158 -0.103372
v -0.319020 0.063703 -0.435034
v -0.333133 0.091491 -0.465683
v -0.319277 0.074560 -0.493239
v -0.347929 0.049844 0.267649
v -0.344807 0.040495 0.309731
v -0.354542 0.040284 0.160270
v -0.357841 0.031127 0.146101
v -0.337244 0.058642 0.286493
v -0.352053 0.043446 0.121422
v -0.399372 -0.154648 0.350909
v -0.398306 -0.156901 0.396029
v -0.389167 -0.064957 0.195571
v -0.383043 -0.034065 0.168237
v -0.400636 -0.201140 0.397578
v -0.388059 -0.056932 0.156209
v -0.368476 -0.063358 0.457775
v -0.355756 -0.030013 0.439942
v -0.354843 -0.049009 0.491578
v -0.006980 0.295829 -0.139232
v 0.004633 0.296808 -0.138593
v -0.000889 0.269641 -0.089078
v -0.035581 0.800784 -0.407108
v 0.035148 0.802430 -0.406467
v -0.001578 0.831503 -0.463490
v -0.248934 0.143631 0.189076
v -0.237427 0.135036 0.234679
v -0.268228 0.120206 0.233131
v -0.365815 0.531568 -0.496040
v -0.357106 0.517999 -0.560947
v -0.342330 0.446957 -0.514111
v -0.329472 0.097279 -0.043011
v -0.337585 0.084337 -0.051719
v -0.337825 0.075473 -0.011015
v 0.246850 0.145406 0.189546
v 0.236011 0.138682 0.232928
v 0.264746 0.120203 0.231748
v 0.364921 0.533459 -0.500561
v 0.356339 0.518574 -0.560748
v 0.341835 0.446557 -0.513862
v 0.328805 0.095423 -0.042037
v 0.336596 0.085337 -0.050924
v 0.336344 0.078444 -0.008675
v -0.029226 -0.699373 0.384382
v 0.028106 -0.697715 0.383485
v -0.000325 -0.708239 0.461688
v -0.035700 -0.609419 -0.249228
v 0.039377 -0.610938 -0.247895
v 0.001068 -0.599752 -0.285577
v -0.393352 -0.479818 0.488000
v -0.394612 -0.493752 0.557557
v -0.398479 -0.421007 0.499578
v -0.363208 -0.311174 -0.322869
v -0.325993 -0.276212 -0.347878
v -0.345240 -0.235670 -0.322968
v -0.419138 -0.145288 0.030557
v -0.405735 -0.099131 0.010015
v -0.407272 -0.109249 0.049571
v 0.391247 -0.479985 0.486286
v 0.397377 -0.494058 0.554915
v 0.398800 -0.421284 0.498061
v 0.364877 -0.313185 -0.323169
v 0.328446 -0.277051 -0.347491
v 0.345824 -0.236716 -0.321242
v 0.418979 -0.144574 0.031790
v 0.406701 -0.099605 0.010857
v 0.408202 -0.106117 0.051823
v 0.267877 -0.039612 0.737380
v 0.247601 0.004979 0.695877
v 0.288467 -0.028326 0.672585
v -0.267143 -0.041027 0.738517
v -0.245865 0.005941 0.696379
v -0.288392 -0.029084 0.675030
v 0.214087 0.021271 -0.673796
v 0.247935 0.033089 -0.752581
v 0.260125 0.040912 -0.674965
v -0.213857 0.020731 -0.679715
v -0.249397 0.033788 -0.755036
v -0.260653 0.040953 -0.676910
f 1 647 644
f 1 644 643
f 1 643 645
f 1 645 646
f 1 646 647
f 2 649 652
f 6 672 670
f 12 702 699
f 11 696 695
f 8 679 681
f 4 662 659
f 4 659 658
f 4 658 660
f 4 660 661
f 4 661 662
f 5 666 665
f 3 654 657
f 7 673 677
f 9 685 686
f 10 692 688
f 12 701 698
f 6 669 668
f 2 650 648
f 8 682 678
f 11 697 693
f 6 671 669
f 12 700 701
f 11 694 697
f 8 680 682
f 2 651 650
f 10 690 689
f 5 663 664
f 3 655 653
f 7 676 674
f 9 687 684
f 10 691 690
f 5 667 663
f 3 656 655
f 7 675 676
f 9 683 687
f 6 668 672
f 2 648 649
f 8 678 679
f 11 693 696
f 12 698 702
f 10 688 691
f 5 665 667
f 3 657 656
f 7 677 675
f 9 686 683
f 5 664 666
f 3 653 654
f 7 674 673
f 9 684 685
f 10 689 692
f 6 670 671
f 12 699 700
f 11 695 694
f 8 681 680
f 2 652 651
f 35 837 838
f 18 735 736
f 19 742 741
f 40 868 867
f 42 880 879
f 34 832 831
f 33 827 828
f 25 778 780
f 36 844 846
f 20 749 747
f 32 819 820
f 23 765 767
f 24 773 771
f 37 850 849
f 41 876 875
f 34 833 834
f 33 826 825
f 25 779 777
f 36 845 843
f 20 748 750
f 17 729 727
f 14 711 709
f 13 706 703
f 15 718 715
f 16 724 721
f 18 737 733
f 35 839 835
f 42 882 878
f 40 870 866
f 19 744 740
f 30 807 805
f 27 789 787
f 22 762 758
f 28 797 793
f 29 802 799
f 32 821 817
f 23 766 763
f 24 774 770
f 37 852 848
f 41 874 872
f 35 838 836
f 18 736 734
f 19 741 739
f 40 867 865
f 42 879 877
f 34 831 829
f 33 828 824
f 25 780 776
f 36 846 842
f 20 747 745
f 32 820 818
f 23 767 764
f 24 771 769
f 37 849 847
f 41 875 871
f 34 834 830
f 33 825 823
f 25 777 775
f 36 843 841
f 20 750 746
f 14 714 710
f 13 707 704
f 15 719 716
f 16 725 722
f 17 732 728
f 21 755 752
f 31 814 811
f 26 784 781
f 38 857 853
f 39 862 860
f 27 792 788
f 22 759 757
f 28 796 794
f 29 803 800
f 30 810 806
f 31 815 812
f 26 785 782
f 38 856 854
f 39 863 859
f 21 754 751
f 14 712 714
f 13 705 707
f 15 717 719
f 16 723 725
f 17 730 732
f 21 753 755
f 31 816 814
f 26 786 784
f 38 858 857
f 39 861 862
f 27 791 792
f 22 761 759
f 28 795 796
f 29 801 803
f 30 808 810
f 31 813 815
f 26 783 785
f 38 855 856
f 39 864 863
f 21 756 754
f 14 709 712
f 13 703 705
f 15 715 717
f 16 721 723
f 17 727 730
f 21 751 753
f 31 812 816
f 26 782 786
f 38 854 858
f 39 859 861
f 27 787 791
f 22 758 761
f 28 793 795
f 29 799 801
f 30 805 808
f 31 811 813
f 26 781 783
f 38 853 855
f 39 860 864
f 21 752 756
f 17 728 731
f 14 710 713
f 13 704 708
f 15 716 720
f 16 722 726
f 18 734 738
f 35 836 840
f 42 877 881
f 40 865 869
f 19 739 743
f 30 806 809
f 27 788 790
f 22 757 760
f 28 794 798
f 29 800 804
f 32 818 822
f 23 764 768
f 24 769 772
f 37 847 851
f 41 871 873
f 35 835 837
f 18 733 735
f 19 740 742
f 40 866 868
f 42 878 880
f 34 830 832
f 33 823 827
f 25 775 778
f 36 841 844
f 20 746 749
f 32 817 819
f 23 763 765
f 24 770 773
f 37 848 850
f 41 872 876
f 34 829 833
f 33 824 826
f 25 776 779
f 36 842 845
f 20 745 748
f 17 731 729
f 14 713 711
f 13 708 706
f 15 720 718
f 16 726 724
f 18 738 737
f 35 840 839
f 42 881 882
f 40 869 870
f 19 743 744
f 30 809 807
f 27 790 789
f 22 760 762
f 28 798 797
f 29 804 802
f 32 822 821
f 23 768 766
f 24 772 774
f 37 851 852
f 41 873 874
f 107 1269 1270
f 103 1245 1246
f 104 1252 1251
f 110 1288 1287
f 113 1306 1305
f 118 1336 1335
f 154 1551 1552
f 141 1473 1474
f 162 1599 1600
f 121 1354 1353
f 142 1479 1480
f 129 1401 1402
f 130 1408 1407
f 144 1492 1491
f 146 1504 1503
f 151 1533 1534
f 131 1414 1413
f 136 1444 1443
f 161 1594 1593
f 126 1383 1384
f 116 1323 1324
f 108 1275 1276
f 106 1263 1264
f 112 1299 1300
f 115 1317 1318
f 119 1341 1342
f 156 1564 1563
f 139 1462 1461
f 160 1588 1587
f 120 1347 1348
f 149 1521 1522
f 132 1420 1419
f 128 1395 1396
f 145 1497 1498
f 148 1515 1516
f 155 1557 1558
f 133 1425 1426
f 134 1431 1432
f 157 1570 1569
f 124 1372 1371
f 109 1282 1281
f 105 1258 1257
f 111 1294 1293
f 114 1312 1311
f 117 1330 1329
f 125 1378 1377
f 152 1540 1539
f 137 1449 1450
f 158 1575 1576
f 123 1365 1366
f 143 1486 1485
f 127 1390 1389
f 135 1437 1438
f 147 1510 1509
f 150 1528 1527
f 153 1546 1545
f 140 1468 1467
f 138 1455 1456
f 159 1581 1582
f 122 1359 1360
f 107 1272 1271
f 103 1248 1247
f 104 1253 1254
f 110 1289 1290
f 113 1307 1308
f 118 1337 1338
f 154 1554 1553
f 141 1476 1475
f 162 1602 1601
f 121 1355 1356
f 142 1482 1481
f 129 1404 1403
f 130 1409 1410
f 144 1493 1494
f 146 1505 1506
f 151 1536 1535
f 131 1415 1416
f 136 1445 1446
f 161 1595 1596
f 126 1386 1385
f 47 909 907
f 44 891 889
f 43 886 883
f 45 898 895
f 46 904 901
f 49 922 919
f 72 1060 1057
f 102 1240 1237
f 96 1204 1201
f 79 1102 1099
f 62 999 997
f 59 981 979
f 58 976 973
f 60 988 985
f 61 994 991
f 66 1024 1021
f 54 952 949
f 73 1066 1063
f 85 1138 1135
f 92 1179 1177
f 101 1233 1231
f 69 1041 1039
f 50 927 925
f 82 1119 1117
f 97 1209 1207
f 71 1053 1051
f 100 1228 1225
f 94 1192 1189
f 80 1108 1105
f 51 933 931
f 90 1167 1165
f 63 1005 1003
f 55 957 955
f 76 1083 1081
f 87 1150 1147
f 91 1174 1171
f 67 1029 1027
f 56 963 961
f 75 1077 1075
f 83 1126 1123
f 68 1036 1033
f 48 915 913
f 78 1095 1093
f 93 1185 1183
f 98 1216 1213
f 88 1155 1153
f 65 1018 1015
f 57 970 967
f 77 1090 1087
f 86 1143 1141
f 64 1012 1009
f 53 945 943
f 74 1071 1069
f 84 1131 1129
f 89 1162 1159
f 70 1047 1045
f 99 1221 1219
f 95 1197 1195
f 81 1114 1111
f 52 940 937
f 109 1284 1280
f 105 1260 1256
f 111 1296 1292
f 114 1314 1310
f 117 1332 1328
f 125 1380 1376
f 152 1542 1538
f 137 1451 1447
f 158 1577 1573
f 123 1367 1363
f 143 1488 1484
f 127 1392 1388
f 135 1439 1435
f 147 1512 1508
f 150 1530 1526
f 153 1548 1544
f 140 1470 1466
f 138 1457 1453
f 159 1583 1579
f 122 1361 1357
f 107 1270 1268
f 103 1246 1244
f 104 1251 1249
f 110 1287 1285
f 113 1305 1303
f 118 1335 1333
f 154 1552 1550
f 141 1474 1472
f 162 1600 1598
f 121 1353 1351
f 142 1480 1478
f 129 1402 1400
f 130 1407 1405
f 144 1491 1489
f 146 1503 1501
f 151 1534 1532
f 131 1413 1411
f 136 1443 1441
f 161 1593 1591
f 126 1384 1382
f 116 1324 1322
f 108 1276 1274
f 106 1264 1262
f 112 1300 1298
f 115 1318 1316
f 119 1342 1340
f 156 1563 1561
f 139 1461 1459
f 160 1587 1585
f 120 1348 1346
f 149 1522 1520
f 132 1419 1417
f 128 1396 1394
f 145 1498 1496
f 148 1516 1514
f 155 1558 1556
f 133 1426 1424
f 134 1432 1430
f 157 1569 1567
f 124 1371 1369
f 109 1281 1279
f 105 1257 1255
f 111 1293 1291
f 114 1311 1309
f 117 1329 1327
f 125 1377 1375
f 152 1539 1537
f 137 1450 1448
f 158 1576 1574
f 123 1366 1364
f 143 1485 1483
f 127 1389 1387
f 135 1438 1436
f 147 1509 1507
f 150 1527 1525
f 153 1545 1543
f 140 1467 1465
f 138 1456 1454
f 159 1582 1580
f 122 1360 1358
f 107 1271 1267
f 103 1247 1243
f 104 1254 1250
f 110 1290 1286
f 113 1308 1304
f 118 1338 1334
f 154 1553 1549
f 141 1475 1471
f 162 1601 1597
f 121 1356 1352
f 142 1481 1477
f 129 1403 1399
f 130 1410 1406
f 144 1494 1490
f 146 1506 1502
f 151 1535 1531
f 131 1416 1412
f 136 1446 1442
f 161 1596 1592
f 126 1385 1381
f 44 894 890
f 43 887 884
f 45 899 896
f 46 905 902
f 47 912 908
f 52 941 938
f 70 1050 1046
f 99 1224 1220
f 95 1200 1196
f 81 1115 1112
f 59 984 980
f 58 977 974
f 60 989 986
f 61 995 992
f 62 1002 998
f 65 1019 1016
f 57 971 968
f 77 1091 1088
f 86 1146 1142
f 88 1158 1154
f 98 1217 1214
f 68 1037 1034
f 48 918 914
f 78 1098 1094
f 93 1188 1184
f 69 1044 1040
f 101 1236 1232
f 97 1212 1208
f 82 1122 1118
f 50 930 926
f 89 1163 1160
f 64 1013 1010
f 53 948 944
f 74 1074 1070
f 84 1134 1130
f 90 1170 1166
f 63 1008 1004
f 55 960 956
f 76 1086 1082
f 87 1151 1148
f 72 1061 1058
f 49 923 920
f 79 1103 1100
f 96 1205 1202
f 102 1241 1238
f 91 1175 1172
f 67 1032 1028
f 56 966 962
f 75 1080 1076
f 83 1127 1124
f 66 1025 1022
f 54 953 950
f 73 1067 1064
f 85 1139 1136
f 92 1182 1178
f 71 1056 1052
f 100 1229 1226
f 94 1193 1190
f 80 1109 1106
f 51 936 932
f 116 1325 1321
f 108 1277 1273
f 106 1265 1261
f 112 1301 1297
f 115 1319 1315
f 119 1343 1339
f 156 1566 1562
f 139 1464 1460
f 160 1590 1586
f 120 1349 1345
f 149 1523 1519
f 132 1422 1418
f 128 1397 1393
f 145 1499 1495
f 148 1517 1513
f 155 1559 1555
f 133 1427 1423
f 134 1433 1429
f 157 1572 1568
f 124 1374 1370
f 44 892 894
f 43 885 887
f 45 897 899
f 46 903 905
f 47 910 912
f 52 939 941
f 70 1048 1050
f 99 1222 1224
f 95 1198 1200
f 81 1113 1115
f 59 982 984
f 58 975 977
f 60 987 989
f 61 993 995
f 62 1000 1002
f 65 1017 1019
f 57 969 971
f 77 1089 1091
f 86 1144 1146
f 88 1156 1158
f 98 1215 1217
f 68 1035 1037
f 48 916 918
f 78 1096 1098
f 93 1186 1188
f 69 1042 1044
f 101 1234 1236
f 97 1210 1212
f 82 1120 1122
f 50 928 930
f 89 1161 1163
f 64 1011 1013
f 53 946 948
f 74 1072 1074
f 84 1132 1134
f 90 1168 1170
f 63 1006 1008
f 55 958 960
f 76 1084 1086
f 87 1149 1151
f 72 1059 1061
f 49 921 923
f 79 1101 1103
f 96 1203 1205
f 102 1239 1241
f 91 1173 1175
f 67 1030 1032
f 56 964 966
f 75 1078 1080
f 83 1125 1127
f 66 1023 1025
f 54 951 953
f 73 1065 1067
f 85 1137 1139
f 92 1180 1182
f 71 1054 1056
f 100 1227 1229
f 94 1191 1193
f 80 1107 1109
f 51 934 936
f 116 1326 1325
f 108 1278 1277
f 106 1266 1265
f 112 1302 1301
f 115 1320 1319
f 119 1344 1343
f 156 1565 1566
f 139 1463 1464
f 160 1589 1590
f 120 1350 1349
f 149 1524 1523
f 132 1421 1422
f 128 1398 1397
f 145 1500 1499
f 148 1518 1517
f 155 1560 1559
f 133 1428 1427
f 134 1434 1433
f 157 1571 1572
f 124 1373 1374
f 44 889 892
f 43 883 885
f 45 895 897
f 46 901 903
f 47 907 910
f 52 937 939
f 70 1045 1048
f 99 1219 1222
f 95 1195 1198
f 81 1111 1113
f 59 979 982
f 58 973 975
f 60 985 987
f 61 991 993
f 62 997 1000
f 65 1015 1017
f 57 967 969
f 77 1087 1089
f 86 1141 1144
f 88 1153 1156
f 98 1213 1215
f 68 1033 1035
f 48 913 916
f 78 1093 1096
f 93 1183 1186
f 69 1039 1042
f 101 1231 1234
f 97 1207 1210
f 82 1117 1120
f 50 925 928
f 89 1159 1161
f 64 1009 1011
f 53 943 946
f 74 1069 1072
f 84 1129 1132
f 90 1165 1168
f 63 1003 1006
f 55 955 958
f 76 1081 1084
f 87 1147 1149
f 72 1057 1059
f 49 919 921
f 79 1099 1101
f 96 1201 1203
f 102 1237 1239
f 91 1171 1173
f 67 1027 1030
f 56 961 964
f 75 1075 1078
f 83 1123 1125
f 66 1021 1023
f 54 949 951
f 73 1063 1065
f 85 1135 1137
f 92 1177 1180
f 71 1051 1054
f 100 1225 1227
f 94 1189 1191
f 80 1105 1107
f 51 931 934
f 116 1322 1326
f 108 1274 1278
f 106 1262 1266
f 112 1298 1302
f 115 1316 1320
f 119 1340 1344
f 156 1561 1565
f 139 1459 1463
f 160 1585 1589
f 120 1346 1350
f 149 1520 1524
f 132 1417 1421
f 128 1394 1398
f 145 1496 1500
f 148 1514 1518
f 155 1556 1560
f 133 1424 1428
f 134 1430 1434
f 157 1567 1571
f 124 1369 1373
f 47 908 911
f 44 890 893
f 43 884 888
f 45 896 900
f 46 902 906
f 49 920 924
f 72 1058 1062
f 102 1238 1242
f 96 1202 1206
f 79 1100 1104
f 62 998 1001
f 59 980 983
f 58 974 978
f 60 986 990
f 61 992 996
f 66 1022 1026
f 54 950 954
f 73 1064 1068
f 85 1136 1140
f 92 1178 1181
f 101 1232 1235
f 69 1040 1043
f 50 926 929
f 82 1118 1121
f 97 1208 1211
f 71 1052 1055
f 100 1226 1230
f 94 1190 1194
f 80 1106 1110
f 51 932 935
f 90 1166 1169
f 63 1004 1007
f 55 956 959
f 76 1082 1085
f 87 1148 1152
f 91 1172 1176
f 67 1028 1031
f 56 962 965
f 75 1076 1079
f 83 1124 1128
f 68 1034 1038
f 48 914 917
f 78 1094 1097
f 93 1184 1187
f 98 1214 1218
f 88 1154 1157
f 65 1016 1020
f 57 968 972
f 77 1088 1092
f 86 1142 1145
f 64 1010 1014
f 53 944 947
f 74 1070 1073
f 84 1130 1133
f 89 1160 1164
f 70 1046 1049
f 99 1220 1223
f 95 1196 1199
f 81 1112 1116
f 52 938 942
f 109 1279 1283
f 105 1255 1259
f 111 1291 1295
f 114 1309 1313
f 117 1327 1331
f 125 1375 1379
f 152 1537 1541
f 137 1448 1452
f 158 1574 1578
f 123 1364 1368
f 143 1483 1487
f 127 1387 1391
f 135 1436 1440
f 147 1507 1511
f 150 1525 1529
f 153 1543 1547
f 140 1465 1469
f 138 1454 1458
f 159 1580 1584
f 122 1358 1362
f 107 1267 1269
f 103 1243 1245
f 104 1250 1252
f 110 1286 1288
f 113 1304 1306
f 118 1334 1336
f 154 1549 1551
f 141 1471 1473
f 162 1597 1599
f 121 1352 1354
f 142 1477 1479
f 129 1399 1401
f 130 1406 1408
f 144 1490 1492
f 146 1502 1504
f 151 1531 1533
f 131 1412 1414
f 136 1442 1444
f 161 1592 1594
f 126 1381 1383
f 116 1321 1323
f 108 1273 1275
f 106 1261 1263
f 112 1297 1299
f 115 1315 1317
f 119 1339 1341
f 156 1562 1564
f 139 1460 1462
f 160 1586 1588
f 120 1345 1347
f 149 1519 1521
f 132 1418 1420
f 128 1393 1395
f 145 1495 1497
f 148 1513 1515
f 155 1555 1557
f 133 1423 1425
f 134 1429 1431
f 157 1568 1570
f 124 1370 1372
f 109 1280 1282
f 105 1256 1258
f 111 1292 1294
f 114 1310 1312
f 117 1328 1330
f 125 1376 1378
f 152 1538 1540
f 137 1447 1449
f 158 1573 1575
f 123 1363 1365
f 143 1484 1486
f 127 1388 1390
f 135 1435 1437
f 147 1508 1510
f 150 1526 1528
f 153 1544 1546
f 140 1466 1468
f 138 1453 1455
f 159 1579 1581
f 122 1357 1359
f 107 1268 1272
f 103 1244 1248
f 104 1249 1253
f 110 1285 1289
f 113 1303 1307
f 118 1333 1337
f 154 1550 1554
f 141 1472 1476
f 162 1598 1602
f 121 1351 1355
f 142 1478 1482
f 129 1400 1404
f 130 1405 1409
f 144 1489 1493
f 146 1501 1505
f 151 1532 1536
f 131 1411 1415
f 136 1441 1445
f 161 1591 1595
f 126 1382 1386
f 47 911 909
f 44 893 891
f 43 888 886
f 45 900 898
f 46 906 904
f 49 924 922
f 72 1062 1060
f 102 1242 1240
f 96 1206 1204
f 79 1104 1102
f 62 1001 999
f 59 983 981
f 58 978 976
f 60 990 988
f 61 996 994
f 66 1026 1024
f 54 954 952
f 73 1068 1066
f 85 1140 1138
f 92 1181 1179
f 101 1235 1233
f 69 1043 1041
f 50 929 927
f 82 1121 1119
f 97 1211 1209
f 71 1055 1053
f 100 1230 1228
f 94 1194 1192
f 80 1110 1108
f 51 935 933
f 90 1169 1167
f 63 1007 1005
f 55 959 957
f 76 1085 1083
f 87 1152 1150
f 91 1176 1174
f 67 1031 1029
f 56 965 963
f 75 1079 1077
f 83 1128 1126
f 68 1038 1036
f 48 917 915
f 78 1097 1095
f 93 1187 1185
f 98 1218 1216
f 88 1157 1155
f 65 1020 1018
f 57 972 970
f 77 1092 1090
f 86 1145 1143
f 64 1014 1012
f 53 947 945
f 74 1073 1071
f 84 1133 1131
f 89 1164 1162
f 70 1049 1047
f 99 1223 1221
f 95 1199 1197
f 81 1116 1114
f 52 942 940
f 109 1283 1284
f 105 1259 1260
f 111 1295 1296
f 114 1313 1314
f 117 1331 1332
f 125 1379 1380
f 152 1541 1542
f 137 1452 1451
f 158 1578 1577
f 123 1368 1367
f 143 1487 1488
f 127 1391 1392
f 135 1440 1439
f 147 1511 1512
f 150 1529 1530
f 153 1547 1548
f 140 1469 1470
f 138 1458 1457
f 159 1584 1583
f 122 1362 1361
f 407 1609 1616
f 403 1605 1608
f 404 1611 1606
f 410 1614 1612
f 413 1617 1615
f 422 1631 1624
f 486 1688 1692
f 573 1775 1782
f 561 1763 1765
f 512 1719 1714
f 452 1654 1661
f 448 1650 1653
f 449 1656 1651
f 455 1659 1657
f 458 1662 1660
f 470 1672 1675
f 437 1646 1639
f 494 1706 1696
f 531 1735 1733
f 539 1741 1751
f 568 1770 1779
f 478 1680 1683
f 419 1621 1626
f 509 1711 1721
f 554 1756 1766
f 482 1684 1689
f 576 1780 1778
f 558 1767 1760
f 516 1722 1718
f 425 1627 1629
f 542 1744 1747
f 463 1668 1665
f 434 1636 1641
f 497 1699 1704
f 528 1730 1737
f 546 1748 1750
f 464 1666 1676
f 440 1642 1644
f 500 1705 1702
f 524 1736 1726
f 479 1691 1681
f 418 1623 1620
f 508 1713 1710
f 553 1764 1755
f 569 1781 1771
f 538 1749 1740
f 471 1677 1673
f 443 1645 1647
f 501 1703 1707
f 523 1725 1734
f 467 1674 1669
f 433 1638 1635
f 493 1695 1698
f 527 1732 1729
f 543 1752 1745
f 485 1690 1687
f 572 1777 1774
f 557 1759 1762
f 515 1717 1720
f 428 1630 1632
f 591 2191 2189
f 587 1885 1883
f 588 1901 1903
f 594 2279 2281
f 597 2315 2317
f 600 2171 2173
f 634 2160 2158
f 619 2016 2012
f 639 2214 2210
f 602 1919 1924
f 624 2137 2135
f 608 1978 1973
f 610 1991 1996
f 627 2225 2227
f 630 2302 2304
f 635 2178 2176
f 615 2153 2155
f 617 2009 2014
f 637 2207 2212
f 604 1926 1922
f 416 1857 1864
f 408 1803 1810
f 406 1786 1795
f 412 1822 1831
f 415 1840 1849
f 424 1876 1887
f 492 2182 2193
f 582 2312 2321
f 565 2276 2285
f 514 1898 1907
f 461 2091 2098
f 453 2037 2044
f 451 1952 1961
f 457 2056 2067
f 460 2074 2083
f 475 2128 2139
f 439 1966 1975
f 496 1988 1997
f 533 2222 2231
f 551 2293 2298
f 579 2185 2190
f 483 1879 1884
f 426 1893 1900
f 521 2271 2278
f 566 2307 2314
f 489 2163 2170
f 578 2150 2159
f 560 2006 2015
f 518 2204 2213
f 429 1911 1918
f 547 2131 2136
f 465 1969 1977
f 441 1983 1990
f 504 2217 2224
f 537 2290 2301
f 550 2168 2177
f 476 2145 2152
f 444 2001 2008
f 502 2199 2206
f 526 1916 1925
f 481 1808 1817
f 420 1789 1797
f 510 1825 1833
f 555 1843 1851
f 571 1862 1871
f 540 1933 1941
f 473 2110 2119
f 447 2020 2029
f 507 2236 2247
f 534 2257 2262
f 469 2042 2051
f 435 1947 1954
f 498 2059 2064
f 529 2077 2085
f 545 2096 2105
f 487 2113 2121
f 574 2023 2031
f 562 2239 2244
f 520 2254 2265
f 432 1930 1939
f 589 1818 1814
f 583 1798 1793
f 586 1834 1829
f 593 1852 1847
f 596 1872 1868
f 599 1942 1937
f 633 2120 2124
f 620 2030 2034
f 640 2248 2250
f 603 2263 2261
f 622 2052 2050
f 607 1955 1960
f 612 2065 2063
f 626 2086 2081
f 629 2106 2102
f 631 2122 2117
f 614 2032 2027
f 618 2245 2243
f 641 2266 2268
f 605 1940 1944
f 409 1813 1804
f 405 1792 1785
f 411 1828 1821
f 414 1846 1839
f 417 1867 1858
f 431 1936 1929
f 488 2123 2114
f 575 2033 2024
f 563 2249 2240
f 519 2260 2253
f 454 2049 2038
f 450 1959 1951
f 456 2062 2055
f 459 2080 2073
f 462 2101 2092
f 472 2116 2109
f 446 2026 2019
f 506 2242 2235
f 535 2267 2258
f 541 1943 1934
f 570 1869 1861
f 480 1815 1807
f 421 1799 1790
f 511 1835 1826
f 556 1853 1844
f 484 1889 1880
f 580 2195 2186
f 567 2319 2308
f 522 2283 2272
f 427 1905 1894
f 544 2103 2095
f 468 2046 2041
f 436 1957 1948
f 499 2069 2060
f 530 2087 2078
f 548 2141 2132
f 466 1979 1970
f 442 1993 1984
f 505 2229 2218
f 536 2296 2289
f 491 2188 2181
f 423 1882 1875
f 513 1902 1897
f 564 2280 2275
f 581 2316 2311
f 549 2172 2167
f 477 2157 2146
f 445 2011 2002
f 503 2209 2200
f 525 1923 1915
f 474 2134 2127
f 438 1972 1965
f 495 1995 1987
f 532 2226 2221
f 552 2303 2294
f 490 2175 2164
f 577 2154 2149
f 559 2013 2005
f 517 2211 2203
f 430 1921 1912
f 590 1865 1870
f 584 1811 1816
f 585 1796 1800
f 592 1832 1836
f 595 1850 1854
f 598 1888 1890
f 636 2194 2196
f 621 2322 2320
f 642 2286 2284
f 601 1908 1906
f 623 2099 2104
f 611 2045 2047
f 609 1962 1958
f 625 2068 2070
f 628 2084 2088
f 632 2140 2142
f 613 1976 1980
f 616 1998 1994
f 638 2232 2230
f 606 2299 2297
f 407 2330 2329
f 403 2324 2323
f 404 2325 2326
f 410 2332 2333
f 413 2335 2336
f 422 2344 2345
f 486 2410 2409
f 573 2497 2496
f 561 2486 2485
f 512 2434 2435
f 452 2375 2374
f 448 2369 2368
f 449 2370 2371
f 455 2377 2378
f 458 2380 2381
f 470 2393 2392
f 437 2359 2360
f 494 2415 2416
f 531 2455 2456
f 539 2461 2460
f 568 2489 2488
f 478 2399 2398
f 419 2341 2340
f 509 2431 2430
f 554 2476 2475
f 482 2405 2404
f 576 2500 2501
f 558 2481 2482
f 516 2439 2440
f 425 2348 2347
f 542 2465 2464
f 463 2383 2384
f 434 2356 2355
f 497 2420 2419
f 528 2452 2451
f 546 2471 2470
f 464 2386 2385
f 440 2363 2362
f 500 2422 2423
f 524 2445 2446
f 479 2400 2401
f 418 2338 2339
f 508 2428 2429
f 553 2473 2474
f 569 2490 2491
f 538 2458 2459
f 471 2394 2395
f 443 2366 2365
f 501 2425 2424
f 523 2444 2443
f 467 2389 2390
f 433 2353 2354
f 493 2414 2413
f 527 2449 2450
f 543 2466 2467
f 485 2407 2408
f 572 2494 2495
f 557 2480 2479
f 515 2438 2437
f 428 2351 2350
f 591 2510 2511
f 587 2504 2505
f 588 2508 2507
f 594 2514 2513
f 597 2517 2516
f 600 2520 2519
f 634 2554 2556
f 619 2539 2540
f 639 2560 2561
f 602 2523 2521
f 624 2543 2544
f 608 2527 2529
f 610 2532 2530
f 627 2547 2546
f 630 2550 2549
f 635 2552 2553
f 615 2535 2534
f 617 2538 2536
f 637 2558 2557
f 604 2524 2525
f 167 1607 647
f 164 1603 644
f 163 1604 643
f 165 1610 645
f 166 1613 646
f 169 1622 649
f 192 1686 672
f 222 1773 702
f 216 1761 696
f 199 1712 679
f 182 1652 662
f 179 1648 659
f 178 1649 658
f 180 1655 660
f 181 1658 661
f 186 1670 666
f 174 1637 654
f 193 1694 673
f 205 1731 685
f 212 1739 692
f 221 1768 701
f 189 1678 669
f 170 1619 650
f 202 1709 682
f 217 1754 697
f 191 1682 671
f 220 1776 700
f 214 1758 694
f 200 1716 680
f 171 1625 651
f 210 1742 690
f 183 1663 663
f 175 1634 655
f 196 1697 676
f 207 1728 687
f 211 1746 691
f 187 1664 667
f 176 1640 656
f 195 1700 675
f 203 1724 683
f 188 1679 668
f 168 1618 648
f 198 1708 678
f 213 1753 693
f 218 1769 698
f 208 1738 688
f 185 1671 665
f 177 1643 657
f 197 1701 677
f 206 1723 686
f 184 1667 664
f 173 1633 653
f 194 1693 674
f 204 1727 684
f 209 1743 689
f 190 1685 670
f 219 1772 699
f 215 1757 695
f 201 1715 681
f 172 1628 652
f 357 2187 837
f 255 1881 735
f 262 1899 742
f 388 2277 868
f 400 2313 880
f 352 2169 832
f 347 2156 827
f 298 2010 778
f 364 2208 844
f 269 1917 749
f 339 2133 819
f 285 1971 765
f 293 1989 773
f 370 2223 850
f 396 2300 876
f 353 2174 833
f 346 2151 826
f 299 2007 779
f 365 2205 845
f 268 1920 748
f 249 1855 729
f 231 1801 711
f 226 1784 706
f 238 1820 718
f 244 1838 724
f 257 1874 737
f 359 2180 839
f 402 2310 882
f 390 2274 870
f 264 1896 744
f 327 2089 807
f 309 2035 789
f 282 1950 762
f 317 2054 797
f 322 2072 802
f 341 2126 821
f 286 1964 766
f 294 1986 774
f 372 2220 852
f 394 2291 874
f 358 2183 838
f 256 1877 736
f 261 1891 741
f 387 2269 867
f 399 2305 879
f 351 2161 831
f 348 2148 828
f 300 2004 780
f 366 2202 846
f 267 1909 747
f 340 2129 820
f 287 1967 767
f 291 1981 771
f 369 2215 849
f 395 2288 875
f 354 2166 834
f 345 2143 825
f 297 1999 777
f 363 2197 843
f 270 1914 750
f 234 1806 714
f 227 1787 707
f 239 1823 719
f 245 1841 725
f 252 1860 732
f 275 1931 755
f 334 2108 814
f 304 2018 784
f 377 2234 857
f 382 2255 862
f 312 2040 792
f 279 1945 759
f 316 2057 796
f 323 2075 803
f 330 2094 810
f 335 2111 815
f 305 2021 785
f 376 2237 856
f 383 2252 863
f 274 1928 754
f 232 1812 712
f 225 1791 705
f 237 1827 717
f 243 1845 723
f 250 1866 730
f 273 1935 753
f 336 2118 816
f 306 2028 786
f 378 2246 858
f 381 2259 861
f 311 2048 791
f 281 1953 761
f 315 2061 795
f 321 2079 801
f 328 2100 808
f 333 2115 813
f 303 2025 783
f 375 2241 855
f 384 2264 864
f 276 1938 756
f 229 1802 709
f 223 1783 703
f 235 1819 715
f 241 1837 721
f 247 1856 727
f 271 1927 751
f 332 2112 812
f 302 2022 782
f 374 2238 854
f 379 2251 859
f 307 2036 787
f 278 1949 758
f 313 2053 793
f 319 2071 799
f 325 2090 805
f 331 2107 811
f 301 2017 781
f 373 2233 853
f 380 2256 860
f 272 1932 752
f 248 1859 728
f 230 1805 710
f 224 1788 704
f 236 1824 716
f 242 1842 722
f 254 1878 734
f 356 2184 836
f 397 2306 877
f 385 2270 865
f 259 1892 739
f 326 2093 806
f 308 2039 788
f 277 1946 757
f 314 2058 794
f 320 2076 800
f 338 2130 818
f 284 1968 764
f 289 1982 769
f 367 2216 847
f 391 2287 871
f 355 2179 835
f 253 1873 733
f 260 1895 740
f 386 2273 866
f 398 2309 878
f 350 2165 830
f 343 2144 823
f 295 2000 775
f 361 2198 841
f 266 1913 746
f 337 2125 817
f 283 1963 763
f 290 1985 770
f 368 2219 848
f 392 2292 872
f 349 2162 829
f 344 2147 824
f 296 2003 776
f 362 2201 842
f 265 1910 745
f 251 1863 731
f 233 1809 713
f 228 1794 708
f 240 1830 720
f 246 1848 726
f 258 1886 738
f 360 2192 840
f 401 2318 881
f 389 2282 869
f 263 1904 743
f 329 2097 809
f 310 2043 790
f 280 1956 760
f 318 2066 798
f 324 2082 804
f 342 2138 822
f 288 1974 768
f 292 1992 772
f 371 2228 851
f 393 2295 873
f 409 2331 1269
f 405 2327 1245
f 411 2328 1252
f 414 2334 1288
f 417 2337 1306
f 431 2346 1336
f 488 2412 1551
f 575 2499 1473
f 563 2487 1599
f 519 2436 1354
f 454 2376 1479
f 450 2372 1401
f 456 2373 1408
f 459 2379 1492
f 462 2382 1504
f 472 2396 1533
f 446 2361 1414
f 506 2418 1444
f 535 2457 1594
f 541 2463 1383
f 570 2492 1323
f 480 2402 1275
f 421 2343 1263
f 511 2433 1299
f 556 2478 1317
f 484 2406 1341
f 580 2502 1564
f 567 2484 1462
f 522 2442 1588
f 427 2349 1347
f 544 2468 1521
f 468 2387 1420
f 436 2358 1395
f 499 2421 1497
f 530 2454 1515
f 548 2472 1557
f 466 2388 1425
f 442 2364 1431
f 505 2426 1570
f 536 2448 1372
f 491 2403 1282
f 423 2342 1258
f 513 2432 1294
f 564 2477 1312
f 581 2493 1330
f 549 2462 1378
f 477 2397 1540
f 445 2367 1449
f 503 2427 1575
f 525 2447 1365
f 474 2391 1486
f 438 2357 1390
f 495 2417 1437
f 532 2453 1510
f 552 2469 1528
f 490 2411 1546
f 577 2498 1468
f 559 2483 1455
f 517 2441 1581
f 430 2352 1359
f 590 2509 1272
f 584 2503 1248
f 585 2506 1253
f 592 2512 1289
f 595 2515 1307
f 598 2518 1337
f 636 2555 1554
f 621 2541 1476
f 642 2562 1602
f 601 2522 1355
f 623 2542 1482
f 611 2528 1404
f 609 2531 1409
f 625 2545 1493
f 628 2548 1505
f 632 2551 1536
f 613 2533 1415
f 616 2537 1445
f 638 2559 1595
f 606 2526 1386
f 407 1616 909
f 403 1608 891
f 404 1606 886
f 410 1612 898
f 413 1615 904
f 422 1624 922
f 486 1692 1060
f 573 1782 1240
f 561 1765 1204
f 512 1714 1102
f 452 1661 999
f 448 1653 981
f 449 1651 976
f 455 1657 988
f 458 1660 994
f 470 1675 1024
f 437 1639 952
f 494 1696 1066
f 531 1733 1138
f 539 1751 1179
f 568 1779 1233
f 478 1683 1041
f 419 1626 927
f 509 1721 1119
f 554 1766 1209
f 482 1689 1053
f 576 1778 1228
f 558 1760 1192
f 516 1718 1108
f 425 1629 933
f 542 1747 1167
f 463 1665 1005
f 434 1641 957
f 497 1704 1083
f 528 1737 1150
f 546 1750 1174
f 464 1676 1029
f 440 1644 963
f 500 1702 1077
f 524 1726 1126
f 479 1681 1036
f 418 1620 915
f 508 1710 1095
f 553 1755 1185
f 569 1771 1216
f 538 1740 1155
f 471 1673 1018
f 443 1647 970
f 501 1707 1090
f 523 1734 1143
f 467 1669 1012
f 433 1635 945
f 493 1698 1071
f 527 1729 1131
f 543 1745 1162
f 485 1687 1047
f 572 1774 1221
f 557 1762 1197
f 515 1720 1114
f 428 1632 940
f 591 2189 1284
f 587 1883 1260
f 588 1903 1296
f 594 2281 1314
f 597 2317 1332
f 600 2173 1380
f 634 2158 1542
f 619 2012 1451
f 639 2210 1577
f 602 1924 1367
f 624 2135 1488
f 608 1973 1392
f 610 1996 1439
f 627 2227 1512
f 630 2304 1530
f 635 2176 1548
f 615 2155 1470
f 617 2014 1457
f 637 2212 1583
f 604 1922 1361
f 416 1864 1270
f 408 1810 1246
f 406 1795 1251
f 412 1831 1287
f 415 1849 1305
f 424 1887 1335
f 492 2193 1552
f 582 2321 1474
f 565 2285 1600
f 514 1907 1353
f 461 2098 1480
f 453 2044 1402
f 451 1961 1407
f 457 2067 1491
f 460 2083 1503
f 475 2139 1534
f 439 1975 1413
f 496 1997 1443
f 533 2231 1593
f 551 2298 1384
f 579 2190 1324
f 483 1884 1276
f 426 1900 1264
f 521 2278 1300
f 566 2314 1318
f 489 2170 1342
f 578 2159 1563
f 560 2015 1461
f 518 2213 1587
f 429 1918 1348
f 547 2136 1522
f 465 1977 1419
f 441 1990 1396
f 504 2224 1498
f 537 2301 1516
f 550 2177 1558
f 476 2152 1426
f 444 2008 1432
f 502 2206 1569
f 526 1925 1371
f 481 1817 1281
f 420 1797 1257
f 510 1833 1293
f 555 1851 1311
f 571 1871 1329
f 540 1941 1377
f 473 2119 1539
f 447 2029 1450
f 507 2247 1576
f 534 2262 1366
f 469 2051 1485
f 435 1954 1389
f 498 2064 1438
f 529 2085 1509
f 545 2105 1527
f 487 2121 1545
f 574 2031 1467
f 562 2244 1456
f 520 2265 1582
f 432 1939 1360
f 589 1814 1271
f 583 1793 1247
f 586 1829 1254
f 593 1847 1290
f 596 1868 1308
f 599 1937 1338
f 633 2124 1553
f 620 2034 1475
f 640 2250 1601
f 603 2261 1356
f 622 2050 1481
f 607 1960 1403
f 612 2063 1410
f 626 2081 1494
f 629 2102 1506
f 631 2117 1535
f 614 2027 1416
f 618 2243 1446
f 641 2268 1596
f 605 1944 1385
f 409 1804 894
f 405 1785 887
f 411 1821 899
f 414 1839 905
f 417 1858 912
f 431 1929 941
f 488 2114 1050
f 575 2024 1224
f 563 2240 1200
f 519 2253 1115
f 454 2038 984
f 450 1951 977
f 456 2055 989
f 459 2073 995
f 462 2092 1002
f 472 2109 1019
f 446 2019 971
f 506 2235 1091
f 535 2258 1146
f 541 1934 1158
f 570 1861 1217
f 480 1807 1037
f 421 1790 918
f 511 1826 1098
f 556 1844 1188
f 484 1880 1044
f 580 2186 1236
f 567 2308 1212
f 522 2272 1122
f 427 1894 930
f 544 2095 1163
f 468 2041 1013
f 436 1948 948
f 499 2060 1074
f 530 2078 1134
f 548 2132 1170
f 466 1970 1008
f 442 1984 960
f 505 2218 1086
f 536 2289 1151
f 491 2181 1061
f 423 1875 923
f 513 1897 1103
f 564 2275 1205
f 581 2311 1241
f 549 2167 1175
f 477 2146 1032
f 445 2002 966
f 503 2200 1080
f 525 1915 1127
f 474 2127 1025
f 438 1965 953
f 495 1987 1067
f 532 2221 1139
f 552 2294 1182
f 490 2164 1056
f 577 2149 1229
f 559 2005 1193
f 517 2203 1109
f 430 1912 936
f 590 1870 1325
f 584 1816 1277
f 585 1800 1265
f 592 1836 1301
f 595 1854 1319
f 598 1890 1343
f 636 2196 1566
f 621 2320 1464
f 642 2284 1590
f 601 1906 1349
f 623 2104 1523
f 611 2047 1422
f 609 1958 1397
f 625 2070 1499
f 628 2088 1517
f 632 2142 1559
f 613 1980 1427
f 616 1994 1433
f 638 2230 1572
f 606 2297 1374
f 407 2329 892
f 403 2323 885
f 404 2326 897
f 410 2333 903
f 413 2336 910
f 422 2345 939
f 486 2409 1048
f 573 2496 1222
f 561 2485 1198
f 512 2435 1113
f 452 2374 982
f 448 2368 975
f 449 2371 987
f 455 2378 993
f 458 2381 1000
f 470 2392 1017
f 437 2360 969
f 494 2416 1089
f 531 2456 1144
f 539 2460 1156
f 568 2488 1215
f 478 2398 1035
f 419 2340 916
f 509 2430 1096
f 554 2475 1186
f 482 2404 1042
f 576 2501 1234
f 558 2482 1210
f 516 2440 1120
f 425 2347 928
f 542 2464 1161
f 463 2384 1011
f 434 2355 946
f 497 2419 1072
f 528 2451 1132
f 546 2470 1168
f 464 2385 1006
f 440 2362 958
f 500 2423 1084
f 524 2446 1149
f 479 2401 1059
f 418 2339 921
f 508 2429 1101
f 553 2474 1203
f 569 2491 1239
f 538 2459 1173
f 471 2395 1030
f 443 2365 964
f 501 2424 1078
f 523 2443 1125
f 467 2390 1023
f 433 2354 951
f 493 2413 1065
f 527 2450 1137
f 543 2467 1180
f 485 2408 1054
f 572 2495 1227
f 557 2479 1191
f 515 2437 1107
f 428 2350 934
f 591 2511 1326
f 587 2505 1278
f 588 2507 1266
f 594 2513 1302
f 597 2516 1320
f 600 2519 1344
f 634 2556 1565
f 619 2540 1463
f 639 2561 1589
f 602 2521 1350
f 624 2544 1524
f 608 2529 1421
f 610 2530 1398
f 627 2546 1500
f 630 2549 1518
f 635 2553 1560
f 615 2534 1428
f 617 2536 1434
f 637 2557 1571
f 604 2525 1373
f 164 1609 889
f 163 1605 883
f 165 1611 895
f 166 1614 901
f 167 1617 907
f 172 1631 937
f 190 1688 1045
f 219 1775 1219
f 215 1763 1195
f 201 1719 1111
f 179 1654 979
f 178 1650 973
f 180 1656 985
f 181 1659 991
f 182 1662 997
f 185 1672 1015
f 177 1646 967
f 197 1706 1087
f 206 1735 1141
f 208 1741 1153
f 218 1770 1213
f 188 1680 1033
f 168 1621 913
f 198 1711 1093
f 213 1756 1183
f 189 1684 1039
f 221 1780 1231
f 217 1767 1207
f 202 1722 1117
f 170 1627 925
f 209 1744 1159
f 184 1668 1009
f 173 1636 943
f 194 1699 1069
f 204 1730 1129
f 210 1748 1165
f 183 1666 1003
f 175 1642 955
f 196 1705 1081
f 207 1736 1147
f 192 1691 1057
f 169 1623 919
f 199 1713 1099
f 216 1764 1201
f 222 1781 1237
f 211 1749 1171
f 187 1677 1027
f 176 1645 961
f 195 1703 1075
f 203 1725 1123
f 186 1674 1021
f 174 1638 949
f 193 1695 1063
f 205 1732 1135
f 212 1752 1177
f 191 1690 1051
f 220 1777 1225
f 214 1759 1189
f 200 1717 1105
f 171 1630 931
f 358 2191 1322
f 256 1885 1274
f 261 1901 1262
f 387 2279 1298
f 399 2315 1316
f 351 2171 1340
f 348 2160 1561
f 300 2016 1459
f 366 2214 1585
f 267 1919 1346
f 340 2137 1520
f 287 1978 1417
f 291 1991 1394
f 369 2225 1496
f 395 2302 1514
f 354 2178 1556
f 345 2153 1424
f 297 2009 1430
f 363 2207 1567
f 270 1926 1369
f 247 1857 908
f 229 1803 890
f 223 1786 884
f 235 1822 896
f 241 1840 902
f 253 1876 920
f 355 2182 1058
f 398 2312 1238
f 386 2276 1202
f 260 1898 1100
f 325 2091 998
f 307 2037 980
f 278 1952 974
f 313 2056 986
f 319 2074 992
f 337 2128 1022
f 283 1966 950
f 290 1988 1064
f 368 2222 1136
f 392 2293 1178
f 356 2185 1232
f 254 1879 1040
f 259 1893 926
f 385 2271 1118
f 397 2307 1208
f 349 2163 1052
f 344 2150 1226
f 296 2006 1190
f 362 2204 1106
f 265 1911 932
f 338 2131 1166
f 284 1969 1004
f 289 1983 956
f 367 2217 1082
f 391 2290 1148
f 350 2168 1172
f 343 2145 1028
f 295 2001 962
f 361 2199 1076
f 266 1916 1124
f 230 1808 1034
f 224 1789 914
f 236 1825 1094
f 242 1843 1184
f 248 1862 1214
f 272 1933 1154
f 331 2110 1016
f 301 2020 968
f 373 2236 1088
f 380 2257 1142
f 308 2042 1010
f 277 1947 944
f 314 2059 1070
f 320 2077 1130
f 326 2096 1160
f 332 2113 1046
f 302 2023 1220
f 374 2239 1196
f 379 2254 1112
f 271 1930 938
f 234 1818 1279
f 227 1798 1255
f 239 1834 1291
f 245 1852 1309
f 252 1872 1327
f 275 1942 1375
f 334 2120 1537
f 304 2030 1448
f 377 2248 1574
f 382 2263 1364
f 312 2052 1483
f 279 1955 1387
f 316 2065 1436
f 323 2086 1507
f 330 2106 1525
f 335 2122 1543
f 305 2032 1465
f 376 2245 1454
f 383 2266 1580
f 274 1940 1358
f 232 1813 1267
f 225 1792 1243
f 237 1828 1250
f 243 1846 1286
f 250 1867 1304
f 273 1936 1334
f 336 2123 1549
f 306 2033 1471
f 378 2249 1597
f 381 2260 1352
f 311 2049 1477
f 281 1959 1399
f 315 2062 1406
f 321 2080 1490
f 328 2101 1502
f 333 2116 1531
f 303 2026 1412
f 375 2242 1442
f 384 2267 1592
f 276 1943 1381
f 251 1869 1321
f 233 1815 1273
f 228 1799 1261
f 240 1835 1297
f 246 1853 1315
f 258 1889 1339
f 360 2195 1562
f 401 2319 1460
f 389 2283 1586
f 263 1905 1345
f 329 2103 1519
f 310 2046 1418
f 280 1957 1393
f 318 2069 1495
f 324 2087 1513
f 342 2141 1555
f 288 1979 1423
f 292 1993 1429
f 371 2229 1568
f 393 2296 1370
f 357 2188 1280
f 255 1882 1256
f 262 1902 1292
f 388 2280 1310
f 400 2316 1328
f 352 2172 1376
f 347 2157 1538
f 298 2011 1447
f 364 2209 1573
f 269 1923 1363
f 339 2134 1484
f 285 1972 1388
f 293 1995 1435
f 370 2226 1508
f 396 2303 1526
f 353 2175 1544
f 346 2154 1466
f 299 2013 1453
f 365 2211 1579
f 268 1921 1357
f 249 1865 1268
f 231 1811 1244
f 226 1796 1249
f 238 1832 1285
f 244 1850 1303
f 257 1888 1333
f 359 2194 1550
f 402 2322 1472
f 390 2286 1598
f 264 1908 1351
f 327 2099 1478
f 309 2045 1400
f 282 1962 1405
f 317 2068 1489
f 322 2084 1501
f 341 2140 1532
f 286 1976 1411
f 294 1998 1441
f 372 2232 1591
f 394 2299 1382
f 416 2330 911
f 408 2324 893
f 406 2325 888
f 412 2332 900
f 415 2335 906
f 424 2344 924
f 492 2410 1062
f 582 2497 1242
f 565 2486 1206
f 514 2434 1104
f 461 2375 1001
f 453 2369 983
f 451 2370 978
f 457 2377 990
f 460 2380 996
f 475 2393 1026
f 439 2359 954
f 496 2415 1068
f 533 2455 1140
f 551 2461 1181
f 579 2489 1235
f 483 2399 1043
f 426 2341 929
f 521 2431 1121
f 566 2476 1211
f 489 2405 1055
f 578 2500 1230
f 560 2481 1194
f 518 2439 1110
f 429 2348 935
f 547 2465 1169
f 465 2383 1007
f 441 2356 959
f 504 2420 1085
f 537 2452 1152
f 550 2471 1176
f 476 2386 1031
f 444 2363 965
f 502 2422 1079
f 526 2445 1128
f 481 2400 1038
f 420 2338 917
f 510 2428 1097
f 555 2473 1187
f 571 2490 1218
f 540 2458 1157
f 473 2394 1020
f 447 2366 972
f 507 2425 1092
f 534 2444 1145
f 469 2389 1014
f 435 2353 947
f 498 2414 1073
f 529 2449 1133
f 545 2466 1164
f 487 2407 1049
f 574 2494 1223
f 562 2480 1199
f 520 2438 1116
f 432 2351 942
f 589 2510 1283
f 583 2504 1259
f 586 2508 1295
f 593 2514 1313
f 596 2517 1331
f 599 2520 1379
f 633 2554 1541
f 620 2539 1452
f 640 2560 1578
f 603 2523 1368
f 622 2543 1487
f 607 2527 1391
f 612 2532 1440
f 626 2547 1511
f 629 2550 1529
f 631 2552 1547
f 614 2535 1469
f 618 2538 1458
f 641 2558 1584
f 605 2524 1362
f 164 1607 1609
f 163 1603 1605
f 165 1604 1611
f 166 1610 1614
f 167 1613 1617
f 172 1622 1631
f 190 1686 1688
f 219 1773 1775
f 215 1761 1763
f 201 1712 1719
f 179 1652 1654
f 178 1648 1650
f 180 1649 1656
f 181 1655 1659
f 182 1658 1662
f 185 1670 1672
f 177 1637 1646
f 197 1694 1706
f 206 1731 1735
f 208 1739 1741
f 218 1768 1770
f 188 1678 1680
f 168 1619 1621
f 198 1709 1711
f 213 1754 1756
f 189 1682 1684
f 221 1776 1780
f 217 1758 1767
f 202 1716 1722
f 170 1625 1627
f 209 1742 1744
f 184 1663 1668
f 173 1634 1636
f 194 1697 1699
f 204 1728 1730
f 210 1746 1748
f 183 1664 1666
f 175 1640 1642
f 196 1700 1705
f 207 1724 1736
f 192 1679 1691
f 169 1618 1623
f 199 1708 1713
f 216 1753 1764
f 222 1769 1781
f 211 1738 1749
f 187 1671 1677
f 176 1643 1645
f 195 1701 1703
f 203 1723 1725
f 186 1667 1674
f 174 1633 1638
f 193 1693 1695
f 205 1727 1732
f 212 1743 1752
f 191 1685 1690
f 220 1772 1777
f 214 1757 1759
f 200 1715 1717
f 171 1628 1630
f 358 2187 2191
f 256 1881 1885
f 261 1899 1901
f 387 2277 2279
f 399 2313 2315
f 351 2169 2171
f 348 2156 2160
f 300 2010 2016
f 366 2208 2214
f 267 1917 1919
f 340 2133 2137
f 287 1971 1978
f 291 1989 1991
f 369 2223 2225
f 395 2300 2302
f 354 2174 2178
f 345 2151 2153
f 297 2007 2009
f 363 2205 2207
f 270 1920 1926
f 247 1855 1857
f 229 1801 1803
f 223 1784 1786
f 235 1820 1822
f 241 1838 1840
f 253 1874 1876
f 355 2180 2182
f 398 2310 2312
f 386 2274 2276
f 260 1896 1898
f 325 2089 2091
f 307 2035 2037
f 278 1950 1952
f 313 2054 2056
f 319 2072 2074
f 337 2126 2128
f 283 1964 1966
f 290 1986 1988
f 368 2220 2222
f 392 2291 2293
f 356 2183 2185
f 254 1877 1879
f 259 1891 1893
f 385 2269 2271
f 397 2305 2307
f 349 2161 2163
f 344 2148 2150
f 296 2004 2006
f 362 2202 2204
f 265 1909 1911
f 338 2129 2131
f 284 1967 1969
f 289 1981 1983
f 367 2215 2217
f 391 2288 2290
f 350 2166 2168
f 343 2143 2145
f 295 1999 2001
f 361 2197 2199
f 266 1914 1916
f 230 1806 1808
f 224 1787 1789
f 236 1823 1825
f 242 1841 1843
f 248 1860 1862
f 272 1931 1933
f 331 2108 2110
f 301 2018 2020
f 373 2234 2236
f 380 2255 2257
f 308 2040 2042
f 277 1945 1947
f 314 2057 2059
f 320 2075 2077
f 326 2094 2096
f 332 2111 2113
f 302 2021 2023
f 374 2237 2239
f 379 2252 2254
f 271 1928 1930
f 234 1812 1818
f 227 1791 1798
f 239 1827 1834
f 245 1845 1852
f 252 1866 1872
f 275 1935 1942
f 334 2118 2120
f 304 2028 2030
f 377 2246 2248
f 382 2259 2263
f 312 2048 2052
f 279 1953 1955
f 316 2061 2065
f 323 2079 2086
f 330 2100 2106
f 335 2115 2122
f 305 2025 2032
f 376 2241 2245
f 383 2264 2266
f 274 1938 1940
f 232 1802 1813
f 225 1783 1792
f 237 1819 1828
f 243 1837 1846
f 250 1856 1867
f 273 1927 1936
f 336 2112 2123
f 306 2022 2033
f 378 2238 2249
f 381 2251 2260
f 311 2036 2049
f 281 1949 1959
f 315 2053 2062
f 321 2071 2080
f 328 2090 2101
f 333 2107 2116
f 303 2017 2026
f 375 2233 2242
f 384 2256 2267
f 276 1932 1943
f 251 1859 1869
f 233 1805 1815
f 228 1788 1799
f 240 1824 1835
f 246 1842 1853
f 258 1878 1889
f 360 2184 2195
f 401 2306 2319
f 389 2270 2283
f 263 1892 1905
f 329 2093 2103
f 310 2039 2046
f 280 1946 1957
f 318 2058 2069
f 324 2076 2087
f 342 2130 2141
f 288 1968 1979
f 292 1982 1993
f 371 2216 2229
f 393 2287 2296
f 357 2179 2188
f 255 1873 1882
f 262 1895 1902
f 388 2273 2280
f 400 2309 2316
f 352 2165 2172
f 347 2144 2157
f 298 2000 2011
f 364 2198 2209
f 269 1913 1923
f 339 2125 2134
f 285 1963 1972
f 293 1985 1995
f 370 2219 2226
f 396 2292 2303
f 353 2162 2175
f 346 2147 2154
f 299 2003 2013
f 365 2201 2211
f 268 1910 1921
f 249 1863 1865
f 231 1809 1811
f 226 1794 1796
f 238 1830 1832
f 244 1848 1850
f 257 1886 1888
f 359 2192 2194
f 402 2318 2322
f 390 2282 2286
f 264 1904 1908
f 327 2097 2099
f 309 2043 2045
f 282 1956 1962
f 317 2066 2068
f 322 2082 2084
f 341 2138 2140
f 286 1974 1976
f 294 1992 1998
f 372 2228 2232
f 394 2295 2299
f 416 2331 2330
f 408 2327 2324
f 406 2328 2325
f 412 2334 2332
f 415 2337 2335
f 424 2346 2344
f 492 2412 2410
f 582 2499 2497
f 565 2487 2486
f 514 2436 2434
f 461 2376 2375
f 453 2372 2369
f 451 2373 2370
f 457 2379 2377
f 460 2382 2380
f 475 2396 2393
f 439 2361 2359
f 496 2418 2415
f 533 2457 2455
f 551 2463 2461
f 579 2492 2489
f 483 2402 2399
f 426 2343 2341
f 521 2433 2431
f 566 2478 2476
f 489 2406 2405
f 578 2502 2500
f 560 2484 2481
f 518 2442 2439
f 429 2349 2348
f 547 2468 2465
f 465 2387 2383
f 441 2358 2356
f 504 2421 2420
f 537 2454 2452
f 550 2472 2471
f 476 2388 2386
f 444 2364 2363
f 502 2426 2422
f 526 2448 2445
f 481 2403 2400
f 420 2342 2338
f 510 2432 2428
f 555 2477 2473
f 571 2493 2490
f 540 2462 2458
f 473 2397 2394
f 447 2367 2366
f 507 2427 2425
f 534 2447 2444
f 469 2391 2389
f 435 2357 2353
f 498 2417 2414
f 529 2453 2449
f 545 2469 2466
f 487 2411 2407
f 574 2498 2494
f 562 2483 2480
f 520 2441 2438
f 432 2352 2351
f 589 2509 2510
f 583 2503 2504
f 586 2506 2508
f 593 2512 2514
f 596 2515 2517
f 599 2518 2520
f 633 2555 2554
f 620 2541 2539
f 640 2562 2560
f 603 2522 2523
f 622 2542 2543
f 607 2528 2527
f 612 2531 2532
f 626 2545 2547
f 629 2548 2550
f 631 2551 2552
f 614 2533 2535
f 618 2537 2538
f 641 2559 2558
f 605 2526 2524
f 164 644 1607
f 163 643 1603
f 165 645 1604
f 166 646 1610
f 167 647 1613
f 172 652 1622
f 190 670 1686
f 219 699 1773
f 215 695 1761
f 201 681 1712
f 179 659 1652
f 178 658 1648
f 180 660 1649
f 181 661 1655
f 182 662 1658
f 185 665 1670
f 177 657 1637
f 197 677 1694
f 206 686 1731
f 208 688 1739
f 218 698 1768
f 188 668 1678
f 168 648 1619
f 198 678 1709
f 213 693 1754
f 189 669 1682
f 221 701 1776
f 217 697 1758
f 202 682 1716
f 170 650 1625
f 209 689 1742
f 184 664 1663
f 173 653 1634
f 194 674 1697
f 204 684 1728
f 210 690 1746
f 183 663 1664
f 175 655 1640
f 196 676 1700
f 207 687 1724
f 192 672 1679
f 169 649 1618
f 199 679 1708
f 216 696 1753
f 222 702 1769
f 211 691 1738
f 187 667 1671
f 176 656 1643
f 195 675 1701
f 203 683 1723
f 186 666 1667
f 174 654 1633
f 193 673 1693
f 205 685 1727
f 212 692 1743
f 191 671 1685
f 220 700 1772
f 214 694 1757
f 200 680 1715
f 171 651 1628
f 358 838 2187
f 256 736 1881
f 261 741 1899
f 387 867 2277
f 399 879 2313
f 351 831 2169
f 348 828 2156
f 300 780 2010
f 366 846 2208
f 267 747 1917
f 340 820 2133
f 287 767 1971
f 291 771 1989
f 369 849 2223
f 395 875 2300
f 354 834 2174
f 345 825 2151
f 297 777 2007
f 363 843 2205
f 270 750 1920
f 247 727 1855
f 229 709 1801
f 223 703 1784
f 235 715 1820
f 241 721 1838
f 253 733 1874
f 355 835 2180
f 398 878 2310
f 386 866 2274
f 260 740 1896
f 325 805 2089
f 307 787 2035
f 278 758 1950
f 313 793 2054
f 319 799 2072
f 337 817 2126
f 283 763 1964
f 290 770 1986
f 368 848 2220
f 392 872 2291
f 356 836 2183
f 254 734 1877
f 259 739 1891
f 385 865 2269
f 397 877 2305
f 349 829 2161
f 344 824 2148
f 296 776 2004
f 362 842 2202
f 265 745 1909
f 338 818 2129
f 284 764 1967
f 289 769 1981
f 367 847 2215
f 391 871 2288
f 350 830 2166
f 343 823 2143
f 295 775 1999
f 361 841 2197
f 266 746 1914
f 230 710 1806
f 224 704 1787
f 236 716 1823
f 242 722 1841
f 248 728 1860
f 272 752 1931
f 331 811 2108
f 301 781 2018
f 373 853 2234
f 380 860 2255
f 308 788 2040
f 277 757 1945
f 314 794 2057
f 320 800 2075
f 326 806 2094
f 332 812 2111
f 302 782 2021
f 374 854 2237
f 379 859 2252
f 271 751 1928
f 234 714 1812
f 227 707 1791
f 239 719 1827
f 245 725 1845
f 252 732 1866
f 275 755 1935
f 334 814 2118
f 304 784 2028
f 377 857 2246
f 382 862 2259
f 312 792 2048
f 279 759 1953
f 316 796 2061
f 323 803 2079
f 330 810 2100
f 335 815 2115
f 305 785 2025
f 376 856 2241
f 383 863 2264
f 274 754 1938
f 232 712 1802
f 225 705 1783
f 237 717 1819
f 243 723 1837
f 250 730 1856
f 273 753 1927
f 336 816 2112
f 306 786 2022
f 378 858 2238
f 381 861 2251
f 311 791 2036
f 281 761 1949
f 315 795 2053
f 321 801 2071
f 328 808 2090
f 333 813 2107
f 303 783 2017
f 375 855 2233
f 384 864 2256
f 276 756 1932
f 251 731 1859
f 233 713 1805
f 228 708 1788
f 240 720 1824
f 246 726 1842
f 258 738 1878
f 360 840 2184
f 401 881 2306
f 389 869 2270
f 263 743 1892
f 329 809 2093
f 310 790 2039
f 280 760 1946
f 318 798 2058
f 324 804 2076
f 342 822 2130
f 288 768 1968
f 292 772 1982
f 371 851 2216
f 393 873 2287
f 357 837 2179
f 255 735 1873
f 262 742 1895
f 388 868 2273
f 400 880 2309
f 352 832 2165
f 347 827 2144
f 298 778 2000
f 364 844 2198
f 269 749 1913
f 339 819 2125
f 285 765 1963
f 293 773 1985
f 370 850 2219
f 396 876 2292
f 353 833 2162
f 346 826 2147
f 299 779 2003
f 365 845 2201
f 268 748 1910
f 249 729 1863
f 231 711 1809
f 226 706 1794
f 238 718 1830
f 244 724 1848
f 257 737 1886
f 359 839 2192
f 402 882 2318
f 390 870 2282
f 264 744 1904
f 327 807 2097
f 309 789 2043
f 282 762 1956
f 317 797 2066
f 322 802 2082
f 341 821 2138
f 286 766 1974
f 294 774 1992
f 372 852 2228
f 394 874 2295
f 416 1270 2331
f 408 1246 2327
f 406 1251 2328
f 412 1287 2334
f 415 1305 2337
f 424 1335 2346
f 492 1552 2412
f 582 1474 2499
f 565 1600 2487
f 514 1353 2436
f 461 1480 2376
f 453 1402 2372
f 451 1407 2373
f 457 1491 2379
f 460 1503 2382
f 475 1534 2396
f 439 1413 2361
f 496 1443 2418
f 533 1593 2457
f 551 1384 2463
f 579 1324 2492
f 483 1276 2402
f 426 1264 2343
f 521 1300 2433
f 566 1318 2478
f 489 1342 2406
f 578 1563 2502
f 560 1461 2484
f 518 1587 2442
f 429 1348 2349
f 547 1522 2468
f 465 1419 2387
f 441 1396 2358
f 504 1498 2421
f 537 1516 2454
f 550 1558 2472
f 476 1426 2388
f 444 1432 2364
f 502 1569 2426
f 526 1371 2448
f 481 1281 2403
f 420 1257 2342
f 510 1293 2432
f 555 1311 2477
f 571 1329 2493
f 540 1377 2462
f 473 1539 2397
f 447 1450 2367
f 507 1576 2427
f 534 1366 2447
f 469 1485 2391
f 435 1389 2357
f 498 1438 2417
f 529 1509 2453
f 545 1527 2469
f 487 1545 2411
f 574 1467 2498
f 562 1456 2483
f 520 1582 2441
f 432 1360 2352
f 589 1271 2509
f 583 1247 2503
f 586 1254 2506
f 593 1290 2512
f 596 1308 2515
f 599 1338 2518
f 633 1553 2555
f 620 1475 2541
f 640 1601 2562
f 603 1356 2522
f 622 1481 2542
f 607 1403 2528
f 612 1410 2531
f 626 1494 2545
f 629 1506 2548
f 631 1535 2551
f 614 1416 2533
f 618 1446 2537
f 641 1596 2559
f 605 1385 2526
f 167 907 1616
f 164 889 1608
f 163 883 1606
f 165 895 1612
f 166 901 1615
f 169 919 1624
f 192 1057 1692
f 222 1237 1782
f 216 1201 1765
f 199 1099 1714
f 182 997 1661
f 179 979 1653
f 178 973 1651
f 180 985 1657
f 181 991 1660
f 186 1021 1675
f 174 949 1639
f 193 1063 1696
f 205 1135 1733
f 212 1177 1751
f 221 1231 1779
f 189 1039 1683
f 170 925 1626
f 202 1117 1721
f 217 1207 1766
f 191 1051 1689
f 220 1225 1778
f 214 1189 1760
f 200 1105 1718
f 171 931 1629
f 210 1165 1747
f 183 1003 1665
f 175 955 1641
f 196 1081 1704
f 207 1147 1737
f 211 1171 1750
f 187 1027 1676
f 176 961 1644
f 195 1075 1702
f 203 1123 1726
f 188 1033 1681
f 168 913 1620
f 198 1093 1710
f 213 1183 1755
f 218 1213 1771
f 208 1153 1740
f 185 1015 1673
f 177 967 1647
f 197 1087 1707
f 206 1141 1734
f 184 1009 1669
f 173 943 1635
f 194 1069 1698
f 204 1129 1729
f 209 1159 1745
f 190 1045 1687
f 219 1219 1774
f 215 1195 1762
f 201 1111 1720
f 172 937 1632
f 357 1280 2189
f 255 1256 1883
f 262 1292 1903
f 388 1310 2281
f 400 1328 2317
f 352 1376 2173
f 347 1538 2158
f 298 1447 2012
f 364 1573 2210
f 269 1363 1924
f 339 1484 2135
f 285 1388 1973
f 293 1435 1996
f 370 1508 2227
f 396 1526 2304
f 353 1544 2176
f 346 1466 2155
f 299 1453 2014
f 365 1579 2212
f 268 1357 1922
f 249 1268 1864
f 231 1244 1810
f 226 1249 1795
f 238 1285 1831
f 244 1303 1849
f 257 1333 1887
f 359 1550 2193
f 402 1472 2321
f 390 1598 2285
f 264 1351 1907
f 327 1478 2098
f 309 1400 2044
f 282 1405 1961
f 317 1489 2067
f 322 1501 2083
f 341 1532 2139
f 286 1411 1975
f 294 1441 1997
f 372 1591 2231
f 394 1382 2298
f 358 1322 2190
f 256 1274 1884
f 261 1262 1900
f 387 1298 2278
f 399 1316 2314
f 351 1340 2170
f 348 1561 2159
f 300 1459 2015
f 366 1585 2213
f 267 1346 1918
f 340 1520 2136
f 287 1417 1977
f 291 1394 1990
f 369 1496 2224
f 395 1514 2301
f 354 1556 2177
f 345 1424 2152
f 297 1430 2008
f 363 1567 2206
f 270 1369 1925
f 234 1279 1817
f 227 1255 1797
f 239 1291 1833
f 245 1309 1851
f 252 1327 1871
f 275 1375 1941
f 334 1537 2119
f 304 1448 2029
f 377 1574 2247
f 382 1364 2262
f 312 1483 2051
f 279 1387 1954
f 316 1436 2064
f 323 1507 2085
f 330 1525 2105
f 335 1543 2121
f 305 1465 2031
f 376 1454 2244
f 383 1580 2265
f 274 1358 1939
f 232 1267 1814
f 225 1243 1793
f 237 1250 1829
f 243 1286 1847
f 250 1304 1868
f 273 1334 1937
f 336 1549 2124
f 306 1471 2034
f 378 1597 2250
f 381 1352 2261
f 311 1477 2050
f 281 1399 1960
f 315 1406 2063
f 321 1490 2081
f 328 1502 2102
f 333 1531 2117
f 303 1412 2027
f 375 1442 2243
f 384 1592 2268
f 276 1381 1944
f 229 890 1804
f 223 884 1785
f 235 896 1821
f 241 902 1839
f 247 908 1858
f 271 938 1929
f 332 1046 2114
f 302 1220 2024
f 374 1196 2240
f 379 1112 2253
f 307 980 2038
f 278 974 1951
f 313 986 2055
f 319 992 2073
f 325 998 2092
f 331 1016 2109
f 301 968 2019
f 373 1088 2235
f 380 1142 2258
f 272 1154 1934
f 248 1214 1861
f 230 1034 1807
f 224 914 1790
f 236 1094 1826
f 242 1184 1844
f 254 1040 1880
f 356 1232 2186
f 397 1208 2308
f 385 1118 2272
f 259 926 1894
f 326 1160 2095
f 308 1010 2041
f 277 944 1948
f 314 1070 2060
f 320 1130 2078
f 338 1166 2132
f 284 1004 1970
f 289 956 1984
f 367 1082 2218
f 391 1148 2289
f 355 1058 2181
f 253 920 1875
f 260 1100 1897
f 386 1202 2275
f 398 1238 2311
f 350 1172 2167
f 343 1028 2146
f 295 962 2002
f 361 1076 2200
f 266 1124 1915
f 337 1022 2127
f 283 950 1965
f 290 1064 1987
f 368 1136 2221
f 392 1178 2294
f 349 1052 2164
f 344 1226 2149
f 296 1190 2005
f 362 1106 2203
f 265 932 1912
f 251 1321 1870
f 233 1273 1816
f 228 1261 1800
f 240 1297 1836
f 246 1315 1854
f 258 1339 1890
f 360 1562 2196
f 401 1460 2320
f 389 1586 2284
f 263 1345 1906
f 329 1519 2104
f 310 1418 2047
f 280 1393 1958
f 318 1495 2070
f 324 1513 2088
f 342 1555 2142
f 288 1423 1980
f 292 1429 1994
f 371 1568 2230
f 393 1370 2297
f 409 894 2329
f 405 887 2323
f 411 899 2326
f 414 905 2333
f 417 912 2336
f 431 941 2345
f 488 1050 2409
f 575 1224 2496
f 563 1200 2485
f 519 1115 2435
f 454 984 2374
f 450 977 2368
f 456 989 2371
f 459 995 2378
f 462 1002 2381
f 472 1019 2392
f 446 971 2360
f 506 1091 2416
f 535 1146 2456
f 541 1158 2460
f 570 1217 2488
f 480 1037 2398
f 421 918 2340
f 511 1098 2430
f 556 1188 2475
f 484 1044 2404
f 580 1236 2501
f 567 1212 2482
f 522 1122 2440
f 427 930 2347
f 544 1163 2464
f 468 1013 2384
f 436 948 2355
f 499 1074 2419
f 530 1134 2451
f 548 1170 2470
f 466 1008 2385
f 442 960 2362
f 505 1086 2423
f 536 1151 2446
f 491 1061 2401
f 423 923 2339
f 513 1103 2429
f 564 1205 2474
f 581 1241 2491
f 549 1175 2459
f 477 1032 2395
f 445 966 2365
f 503 1080 2424
f 525 1127 2443
f 474 1025 2390
f 438 953 2354
f 495 1067 2413
f 532 1139 2450
f 552 1182 2467
f 490 1056 2408
f 577 1229 2495
f 559 1193 2479
f 517 1109 2437
f 430 936 2350
f 590 1325 2511
f 584 1277 2505
f 585 1265 2507
f 592 1301 2513
f 595 1319 2516
f 598 1343 2519
f 636 1566 2556
f 621 1464 2540
f 642 1590 2561
f 601 1349 2521
f 623 1523 2544
f 611 1422 2529
f 609 1397 2530
f 625 1499 2546
f 628 1517 2549
f 632 1559 2553
f 613 1427 2534
f 616 1433 2536
f 638 1572 2557
f 606 1374 2525
f 407 892 1609
f 403 885 1605
f 404 897 1611
f 410 903 1614
f 413 910 1617
f 422 939 1631
f 486 1048 1688
f 573 1222 1775
f 561 1198 1763
f 512 1113 1719
f 452 982 1654
f 448 975 1650
f 449 987 1656
f 455 993 1659
f 458 1000 1662
f 470 1017 1672
f 437 969 1646
f 494 1089 1706
f 531 1144 1735
f 539 1156 1741
f 568 1215 1770
f 478 1035 1680
f 419 916 1621
f 509 1096 1711
f 554 1186 1756
f 482 1042 1684
f 576 1234 1780
f 558 1210 1767
f 516 1120 1722
f 425 928 1627
f 542 1161 1744
f 463 1011 1668
f 434 946 1636
f 497 1072 1699
f 528 1132 1730
f 546 1168 1748
f 464 1006 1666
f 440 958 1642
f 500 1084 1705
f 524 1149 1736
f 479 1059 1691
f 418 921 1623
f 508 1101 1713
f 553 1203 1764
f 569 1239 1781
f 538 1173 1749
f 471 1030 1677
f 443 964 1645
f 501 1078 1703
f 523 1125 1725
f 467 1023 1674
f 433 951 1638
f 493 1065 1695
f 527 1137 1732
f 543 1180 1752
f 485 1054 1690
f 572 1227 1777
f 557 1191 1759
f 515 1107 1717
f 428 934 1630
f 591 1326 2191
f 587 1278 1885
f 588 1266 1901
f 594 1302 2279
f 597 1320 2315
f 600 1344 2171
f 634 1565 2160
f 619 1463 2016
f 639 1589 2214
f 602 1350 1919
f 624 1524 2137
f 608 1421 1978
f 610 1398 1991
f 627 1500 2225
f 630 1518 2302
f 635 1560 2178
f 615 1428 2153
f 617 1434 2009
f 637 1571 2207
f 604 1373 1926
f 416 911 1857
f 408 893 1803
f 406 888 1786
f 412 900 1822
f 415 906 1840
f 424 924 1876
f 492 1062 2182
f 582 1242 2312
f 565 1206 2276
f 514 1104 1898
f 461 1001 2091
f 453 983 2037
f 451 978 1952
f 457 990 2056
f 460 996 2074
f 475 1026 2128
f 439 954 1966
f 496 1068 1988
f 533 1140 2222
f 551 1181 2293
f 579 1235 2185
f 483 1043 1879
f 426 929 1893
f 521 1121 2271
f 566 1211 2307
f 489 1055 2163
f 578 1230 2150
f 560 1194 2006
f 518 1110 2204
f 429 935 1911
f 547 1169 2131
f 465 1007 1969
f 441 959 1983
f 504 1085 2217
f 537 1152 2290
f 550 1176 2168
f 476 1031 2145
f 444 965 2001
f 502 1079 2199
f 526 1128 1916
f 481 1038 1808
f 420 917 1789
f 510 1097 1825
f 555 1187 1843
f 571 1218 1862
f 540 1157 1933
f 473 1020 2110
f 447 972 2020
f 507 1092 2236
f 534 1145 2257
f 469 1014 2042
f 435 947 1947
f 498 1073 2059
f 529 1133 2077
f 545 1164 2096
f 487 1049 2113
f 574 1223 2023
f 562 1199 2239
f 520 1116 2254
f 432 942 1930
f 589 1283 1818
f 583 1259 1798
f 586 1295 1834
f 593 1313 1852
f 596 1331 1872
f 599 1379 1942
f 633 1541 2120
f 620 1452 2030
f 640 1578 2248
f 603 1368 2263
f 622 1487 2052
f 607 1391 1955
f 612 1440 2065
f 626 1511 2086
f 629 1529 2106
f 631 1547 2122
f 614 1469 2032
f 618 1458 2245
f 641 1584 2266
f 605 1362 1940
f 409 1269 1813
f 405 1245 1792
f 411 1252 1828
f 414 1288 1846
f 417 1306 1867
f 431 1336 1936
f 488 1551 2123
f 575 1473 2033
f 563 1599 2249
f 519 1354 2260
f 454 1479 2049
f 450 1401 1959
f 456 1408 2062
f 459 1492 2080
f 462 1504 2101
f 472 1533 2116
f 446 1414 2026
f 506 1444 2242
f 535 1594 2267
f 541 1383 1943
f 570 1323 1869
f 480 1275 1815
f 421 1263 1799
f 511 1299 1835
f 556 1317 1853
f 484 1341 1889
f 580 1564 2195
f 567 1462 2319
f 522 1588 2283
f 427 1347 1905
f 544 1521 2103
f 468 1420 2046
f 436 1395 1957
f 499 1497 2069
f 530 1515 2087
f 548 1557 2141
f 466 1425 1979
f 442 1431 1993
f 505 1570 2229
f 536 1372 2296
f 491 1282 2188
f 423 1258 1882
f 513 1294 1902
f 564 1312 2280
f 581 1330 2316
f 549 1378 2172
f 477 1540 2157
f 445 1449 2011
f 503 1575 2209
f 525 1365 1923
f 474 1486 2134
f 438 1390 1972
f 495 1437 1995
f 532 1510 2226
f 552 1528 2303
f 490 1546 2175
f 577 1468 2154
f 559 1455 2013
f 517 1581 2211
f 430 1359 1921
f 590 1272 1865
f 584 1248 1811
f 585 1253 1796
f 592 1289 1832
f 595 1307 1850
f 598 1337 1888
f 636 1554 2194
f 621 1476 2322
f 642 1602 2286
f 601 1355 1908
f 623 1482 2099
f 611 1404 2045
f 609 1409 1962
f 625 1493 2068
f 628 1505 2084
f 632 1536 2140
f 613 1415 1976
f 616 1445 1998
f 638 1595 2232
f 606 1386 2299
f 407 909 2330
f 403 891 2324
f 404 886 2325
f 410 898 2332
f 413 904 2335
f 422 922 2344
f 486 1060 2410
f 573 1240 2497
f 561 1204 2486
f 512 1102 2434
f 452 999 2375
f 448 981 2369
f 449 976 2370
f 455 988 2377
f 458 994 2380
f 470 1024 2393
f 437 952 2359
f 494 1066 2415
f 531 1138 2455
f 539 1179 2461
f 568 1233 2489
f 478 1041 2399
f 419 927 2341
f 509 1119 2431
f 554 1209 2476
f 482 1053 2405
f 576 1228 2500
f 558 1192 2481
f 516 1108 2439
f 425 933 2348
f 542 1167 2465
f 463 1005 2383
f 434 957 2356
f 497 1083 2420
f 528 1150 2452
f 546 1174 2471
f 464 1029 2386
f 440 963 2363
f 500 1077 2422
f 524 1126 2445
f 479 1036 2400
f 418 915 2338
f 508 1095 2428
f 553 1185 2473
f 569 1216 2490
f 538 1155 2458
f 471 1018 2394
f 443 970 2366
f 501 1090 2425
f 523 1143 2444
f 467 1012 2389
f 433 945 2353
f 493 1071 2414
f 527 1131 2449
f 543 1162 2466
f 485 1047 2407
f 572 1221 2494
f 557 1197 2480
f 515 1114 2438
f 428 940 2351
f 591 1284 2510
f 587 1260 2504
f 588 1296 2508
f 594 1314 2514
f 597 1332 2517
f 600 1380 2520
f 634 1542 2554
f 619 1451 2539
f 639 1577 2560
f 602 1367 2523
f 624 1488 2543
f 608 1392 2527
f 610 1439 2532
f 627 1512 2547
f 630 1530 2550
f 635 1548 2552
f 615 1470 2535
f 617 1457 2538
f 637 1583 2558
f 604 1361 2524
f 167 1616 1607
f 164 1608 1603
f 163 1606 1604
f 165 1612 1610
f 166 1615 1613
f 169 1624 1622
f 192 1692 1686
f 222 1782 1773
f 216 1765 1761
f 199 1714 1712
f 182 1661 1652
f 179 1653 1648
f 178 1651 1649
f 180 1657 1655
f 181 1660 1658
f 186 1675 1670
f 174 1639 1637
f 193 1696 1694
f 205 1733 1731
f 212 1751 1739
f 221 1779 1768
f 189 1683 1678
f 170 1626 1619
f 202 1721 1709
f 217 1766 1754
f 191 1689 1682
f 220 1778 1776
f 214 1760 1758
f 200 1718 1716
f 171 1629 1625
f 210 1747 1742
f 183 1665 1663
f 175 1641 1634
f 196 1704 1697
f 207 1737 1728
f 211 1750 1746
f 187 1676 1664
f 176 1644 1640
f 195 1702 1700
f 203 1726 1724
f 188 1681 1679
f 168 1620 1618
f 198 1710 1708
f 213 1755 1753
f 218 1771 1769
f 208 1740 1738
f 185 1673 1671
f 177 1647 1643
f 197 1707 1701
f 206 1734 1723
f 184 1669 1667
f 173 1635 1633
f 194 1698 1693
f 204 1729 1727
f 209 1745 1743
f 190 1687 1685
f 219 1774 1772
f 215 1762 1757
f 201 1720 1715
f 172 1632 1628
f 357 2189 2187
f 255 1883 1881
f 262 1903 1899
f 388 2281 2277
f 400 2317 2313
f 352 2173 2169
f 347 2158 2156
f 298 2012 2010
f 364 2210 2208
f 269 1924 1917
f 339 2135 2133
f 285 1973 1971
f 293 1996 1989
f 370 2227 2223
f 396 2304 2300
f 353 2176 2174
f 346 2155 2151
f 299 2014 2007
f 365 2212 2205
f 268 1922 1920
f 249 1864 1855
f 231 1810 1801
f 226 1795 1784
f 238 1831 1820
f 244 1849 1838
f 257 1887 1874
f 359 2193 2180
f 402 2321 2310
f 390 2285 2274
f 264 1907 1896
f 327 2098 2089
f 309 2044 2035
f 282 1961 1950
f 317 2067 2054
f 322 2083 2072
f 341 2139 2126
f 286 1975 1964
f 294 1997 1986
f 372 2231 2220
f 394 2298 2291
f 358 2190 2183
f 256 1884 1877
f 261 1900 1891
f 387 2278 2269
f 399 2314 2305
f 351 2170 2161
f 348 2159 2148
f 300 2015 2004
f 366 2213 2202
f 267 1918 1909
f 340 2136 2129
f 287 1977 1967
f 291 1990 1981
f 369 2224 2215
f 395 2301 2288
f 354 2177 2166
f 345 2152 2143
f 297 2008 1999
f 363 2206 2197
f 270 1925 1914
f 234 1817 1806
f 227 1797 1787
f 239 1833 1823
f 245 1851 1841
f 252 1871 1860
f 275 1941 1931
f 334 2119 2108
f 304 2029 2018
f 377 2247 2234
f 382 2262 2255
f 312 2051 2040
f 279 1954 1945
f 316 2064 2057
f 323 2085 2075
f 330 2105 2094
f 335 2121 2111
f 305 2031 2021
f 376 2244 2237
f 383 2265 2252
f 274 1939 1928
f 232 1814 1812
f 225 1793 1791
f 237 1829 1827
f 243 1847 1845
f 250 1868 1866
f 273 1937 1935
f 336 2124 2118
f 306 2034 2028
f 378 2250 2246
f 381 2261 2259
f 311 2050 2048
f 281 1960 1953
f 315 2063 2061
f 321 2081 2079
f 328 2102 2100
f 333 2117 2115
f 303 2027 2025
f 375 2243 2241
f 384 2268 2264
f 276 1944 1938
f 229 1804 1802
f 223 1785 1783
f 235 1821 1819
f 241 1839 1837
f 247 1858 1856
f 271 1929 1927
f 332 2114 2112
f 302 2024 2022
f 374 2240 2238
f 379 2253 2251
f 307 2038 2036
f 278 1951 1949
f 313 2055 2053
f 319 2073 2071
f 325 2092 2090
f 331 2109 2107
f 301 2019 2017
f 373 2235 2233
f 380 2258 2256
f 272 1934 1932
f 248 1861 1859
f 230 1807 1805
f 224 1790 1788
f 236 1826 1824
f 242 1844 1842
f 254 1880 1878
f 356 2186 2184
f 397 2308 2306
f 385 2272 2270
f 259 1894 1892
f 326 2095 2093
f 308 2041 2039
f 277 1948 1946
f 314 2060 2058
f 320 2078 2076
f 338 2132 2130
f 284 1970 1968
f 289 1984 1982
f 367 2218 2216
f 391 2289 2287
f 355 2181 2179
f 253 1875 1873
f 260 1897 1895
f 386 2275 2273
f 398 2311 2309
f 350 2167 2165
f 343 2146 2144
f 295 2002 2000
f 361 2200 2198
f 266 1915 1913
f 337 2127 2125
f 283 1965 1963
f 290 1987 1985
f 368 2221 2219
f 392 2294 2292
f 349 2164 2162
f 344 2149 2147
f 296 2005 2003
f 362 2203 2201
f 265 1912 1910
f 251 1870 1863
f 233 1816 1809
f 228 1800 1794
f 240 1836 1830
f 246 1854 1848
f 258 1890 1886
f 360 2196 2192
f 401 2320 2318
f 389 2284 2282
f 263 1906 1904
f 329 2104 2097
f 310 2047 2043
f 280 1958 1956
f 318 2070 2066
f 324 2088 2082
f 342 2142 2138
f 288 1980 1974
f 292 1994 1992
f 371 2230 2228
f 393 2297 2295
f 409 2329 2331
f 405 2323 2327
f 411 2326 2328
f 414 2333 2334
f 417 2336 2337
f 431 2345 2346
f 488 2409 2412
f 575 2496 2499
f 563 2485 2487
f 519 2435 2436
f 454 2374 2376
f 450 2368 2372
f 456 2371 2373
f 459 2378 2379
f 462 2381 2382
f 472 2392 2396
f 446 2360 2361
f 506 2416 2418
f 535 2456 2457
f 541 2460 2463
f 570 2488 2492
f 480 2398 2402
f 421 2340 2343
f 511 2430 2433
f 556 2475 2478
f 484 2404 2406
f 580 2501 2502
f 567 2482 2484
f 522 2440 2442
f 427 2347 2349
f 544 2464 2468
f 468 2384 2387
f 436 2355 2358
f 499 2419 2421
f 530 2451 2454
f 548 2470 2472
f 466 2385 2388
f 442 2362 2364
f 505 2423 2426
f 536 2446 2448
f 491 2401 2403
f 423 2339 2342
f 513 2429 2432
f 564 2474 2477
f 581 2491 2493
f 549 2459 2462
f 477 2395 2397
f 445 2365 2367
f 503 2424 2427
f 525 2443 2447
f 474 2390 2391
f 438 2354 2357
f 495 2413 2417
f 532 2450 2453
f 552 2467 2469
f 490 2408 2411
f 577 2495 2498
f 559 2479 2483
f 517 2437 2441
f 430 2350 2352
f 590 2511 2509
f 584 2505 2503
f 585 2507 2506
f 592 2513 2512
f 595 2516 2515
f 598 2519 2518
f 636 2556 2555
f 621 2540 2541
f 642 2561 2562
f 601 2521 2522
f 623 2544 2542
f 611 2529 2528
f 609 2530 2531
f 625 2546 2545
f 628 2549 2548
f 632 2553 2551
f 613 2534 2533
f 616 2536 2537
f 638 2557 2559
f 606 2525 2526
f 1607 644 647
f 1603 643 644
f 1604 645 643
f 1610 646 645
f 1613 647 646
f 1622 652 649
f 1686 670 672
f 1773 699 702
f 1761 695 696
f 1712 681 679
f 1652 659 662
f 1648 658 659
f 1649 660 658
f 1655 661 660
f 1658 662 661
f 1670 665 666
f 1637 657 654
f 1694 677 673
f 1731 686 685
f 1739 688 692
f 1768 698 701
f 1678 668 669
f 1619 648 650
f 1709 678 682
f 1754 693 697
f 1682 669 671
f 1776 701 700
f 1758 697 694
f 1716 682 680
f 1625 650 651
f 1742 689 690
f 1663 664 663
f 1634 653 655
f 1697 674 676
f 1728 684 687
f 1746 690 691
f 1664 663 667
f 1640 655 656
f 1700 676 675
f 1724 687 683
f 1679 672 668
f 1618 649 648
f 1708 679 678
f 1753 696 693
f 1769 702 698
f 1738 691 688
f 1671 667 665
f 1643 656 657
f 1701 675 677
f 1723 683 686
f 1667 666 664
f 1633 654 653
f 1693 673 674
f 1727 685 684
f 1743 692 689
f 1685 671 670
f 1772 700 699
f 1757 694 695
f 1715 680 681
f 1628 651 652
f 2187 838 837
f 1881 736 735
f 1899 741 742
f 2277 867 868
f 2313 879 880
f 2169 831 832
f 2156 828 827
f 2010 780 778
f 2208 846 844
f 1917 747 749
f 2133 820 819
f 1971 767 765
f 1989 771 773
f 2223 849 850
f 2300 875 876
f 2174 834 833
f 2151 825 826
f 2007 777 779
f 2205 843 845
f 1920 750 748
f 1855 727 729
f 1801 709 711
f 1784 703 706
f 1820 715 718
f 1838 721 724
f 1874 733 737
f 2180 835 839
f 2310 878 882
f 2274 866 870
f 1896 740 744
f 2089 805 807
f 2035 787 789
f 1950 758 762
f 2054 793 797
f 2072 799 802
f 2126 817 821
f 1964 763 766
f 1986 770 774
f 2220 848 852
f 2291 872 874
f 2183 836 838
f 1877 734 736
f 1891 739 741
f 2269 865 867
f 2305 877 879
f 2161 829 831
f 2148 824 828
f 2004 776 780
f 2202 842 846
f 1909 745 747
f 2129 818 820
f 1967 764 767
f 1981 769 771
f 2215 847 849
f 2288 871 875
f 2166 830 834
f 2143 823 825
f 1999 775 777
f 2197 841 843
f 1914 746 750
f 1806 710 714
f 1787 704 707
f 1823 716 719
f 1841 722 725
f 1860 728 732
f 1931 752 755
f 2108 811 814
f 2018 781 784
f 2234 853 857
f 2255 860 862
f 2040 788 792
f 1945 757 759
f 2057 794 796
f 2075 800 803
f 2094 806 810
f 2111 812 815
f 2021 782 785
f 2237 854 856
f 2252 859 863
f 1928 751 754
f 1812 714 712
f 1791 707 705
f 1827 719 717
f 1845 725 723
f 1866 732 730
f 1935 755 753
f 2118 814 816
f 2028 784 786
f 2246 857 858
f 2259 862 861
f 2048 792 791
f 1953 759 761
f 2061 796 795
f 2079 803 801
f 2100 810 808
f 2115 815 813
f 2025 785 783
f 2241 856 855
f 2264 863 864
f 1938 754 756
f 1802 712 709
f 1783 705 703
f 1819 717 715
f 1837 723 721
f 1856 730 727
f 1927 753 751
f 2112 816 812
f 2022 786 782
f 2238 858 854
f 2251 861 859
f 2036 791 787
f 1949 761 758
f 2053 795 793
f 2071 801 799
f 2090 808 805
f 2107 813 811
f 2017 783 781
f 2233 855 853
f 2256 864 860
f 1932 756 752
f 1859 731 728
f 1805 713 710
f 1788 708 704
f 1824 720 716
f 1842 726 722
f 1878 738 734
f 2184 840 836
f 2306 881 877
f 2270 869 865
f 1892 743 739
f 2093 809 806
f 2039 790 788
f 1946 760 757
f 2058 798 794
f 2076 804 800
f 2130 822 818
f 1968 768 764
f 1982 772 769
f 2216 851 847
f 2287 873 871
f 2179 837 835
f 1873 735 733
f 1895 742 740
f 2273 868 866
f 2309 880 878
f 2165 832 830
f 2144 827 823
f 2000 778 775
f 2198 844 841
f 1913 749 746
f 2125 819 817
f 1963 765 763
f 1985 773 770
f 2219 850 848
f 2292 876 872
f 2162 833 829
f 2147 826 824
f 2003 779 776
f 2201 845 842
f 1910 748 745
f 1863 729 731
f 1809 711 713
f 1794 706 708
f 1830 718 720
f 1848 724 726
f 1886 737 738
f 2192 839 840
f 2318 882 881
f 2282 870 869
f 1904 744 743
f 2097 807 809
f 2043 789 790
f 1956 762 760
f 2066 797 798
f 2082 802 804
f 2138 821 822
f 1974 766 768
f 1992 774 772
f 2228 852 851
f 2295 874 873
f 2331 1270 1269
f 2327 1246 1245
f 2328 1251 1252
f 2334 1287 1288
f 2337 1305 1306
f 2346 1335 1336
f 2412 1552 1551
f 2499 1474 1473
f 2487 1600 1599
f 2436 1353 1354
f 2376 1480 1479
f 2372 1402 1401
f 2373 1407 1408
f 2379 1491 1492
f 2382 1503 1504
f 2396 1534 1533
f 2361 1413 1414
f 2418 1443 1444
f 2457 1593 1594
f 2463 1384 1383
f 2492 1324 1323
f 2402 1276 1275
f 2343 1264 1263
f 2433 1300 1299
f 2478 1318 1317
f 2406 1342 1341
f 2502 1563 1564
f 2484 1461 1462
f 2442 1587 1588
f 2349 1348 1347
f 2468 1522 1521
f 2387 1419 1420
f 2358 1396 1395
f 2421 1498 1497
f 2454 1516 1515
f 2472 1558 1557
f 2388 1426 1425
f 2364 1432 1431
f 2426 1569 1570
f 2448 1371 1372
f 2403 1281 1282
f 2342 1257 1258
f 2432 1293 1294
f 2477 1311 1312
f 2493 1329 1330
f 2462 1377 1378
f 2397 1539 1540
f 2367 1450 1449
f 2427 1576 1575
f 2447 1366 1365
f 2391 1485 1486
f 2357 1389 1390
f 2417 1438 1437
f 2453 1509 1510
f 2469 1527 1528
f 2411 1545 1546
f 2498 1467 1468
f 2483 1456 1455
f 2441 1582 1581
f 2352 1360 1359
f 2509 1271 1272
f 2503 1247 1248
f 2506 1254 1253
f 2512 1290 1289
f 2515 1308 1307
f 2518 1338 1337
f 2555 1553 1554
f 2541 1475 1476
f 2562 1601 1602
f 2522 1356 1355
f 2542 1481 1482
f 2528 1403 1404
f 2531 1410 1409
f 2545 1494 1493
f 2548 1506 1505
f 2551 1535 1536
f 2533 1416 1415
f 2537 1446 1445
f 2559 1596 1595
f 2526 1385 1386
f 1616 907 909
f 1608 889 891
f 1606 883 886
f 1612 895 898
f 1615 901 904
f 1624 919 922
f 1692 1057 1060
f 1782 1237 1240
f 1765 1201 1204
f 1714 1099 1102
f 1661 997 999
f 1653 979 981
f 1651 973 976
f 1657 985 988
f 1660 991 994
f 1675 1021 1024
f 1639 949 952
f 1696 1063 1066
f 1733 1135 1138
f 1751 1177 1179
f 1779 1231 1233
f 1683 1039 1041
f 1626 925 927
f 1721 1117 1119
f 1766 1207 1209
f 1689 1051 1053
f 1778 1225 1228
f 1760 1189 1192
f 1718 1105 1108
f 1629 931 933
f 1747 1165 1167
f 1665 1003 1005
f 1641 955 957
f 1704 1081 1083
f 1737 1147 1150
f 1750 1171 1174
f 1676 1027 1029
f 1644 961 963
f 1702 1075 1077
f 1726 1123 1126
f 1681 1033 1036
f 1620 913 915
f 1710 1093 1095
f 1755 1183 1185
f 1771 1213 1216
f 1740 1153 1155
f 1673 1015 1018
f 1647 967 970
f 1707 1087 1090
f 1734 1141 1143
f 1669 1009 1012
f 1635 943 945
f 1698 1069 1071
f 1729 1129 1131
f 1745 1159 1162
f 1687 1045 1047
f 1774 1219 1221
f 1762 1195 1197
f 1720 1111 1114
f 1632 937 940
f 2189 1280 1284
f 1883 1256 1260
f 1903 1292 1296
f 2281 1310 1314
f 2317 1328 1332
f 2173 1376 1380
f 2158 1538 1542
f 2012 1447 1451
f 2210 1573 1577
f 1924 1363 1367
f 2135 1484 1488
f 1973 1388 1392
f 1996 1435 1439
f 2227 1508 1512
f 2304 1526 1530
f 2176 1544 1548
f 2155 1466 1470
f 2014 1453 1457
f 2212 1579 1583
f 1922 1357 1361
f 1864 1268 1270
f 1810 1244 1246
f 1795 1249 1251
f 1831 1285 1287
f 1849 1303 1305
f 1887 1333 1335
f 2193 1550 1552
f 2321 1472 1474
f 2285 1598 1600
f 1907 1351 1353
f 2098 1478 1480
f 2044 1400 1402
f 1961 1405 1407
f 2067 1489 1491
f 2083 1501 1503
f 2139 1532 1534
f 1975 1411 1413
f 1997 1441 1443
f 2231 1591 1593
f 2298 1382 1384
f 2190 1322 1324
f 1884 1274 1276
f 1900 1262 1264
f 2278 1298 1300
f 2314 1316 1318
f 2170 1340 1342
f 2159 1561 1563
f 2015 1459 1461
f 2213 1585 1587
f 1918 1346 1348
f 2136 1520 1522
f 1977 1417 1419
f 1990 1394 1396
f 2224 1496 1498
f 2301 1514 1516
f 2177 1556 1558
f 2152 1424 1426
f 2008 1430 1432
f 2206 1567 1569
f 1925 1369 1371
f 1817 1279 1281
f 1797 1255 1257
f 1833 1291 1293
f 1851 1309 1311
f 1871 1327 1329
f 1941 1375 1377
f 2119 1537 1539
f 2029 1448 1450
f 2247 1574 1576
f 2262 1364 1366
f 2051 1483 1485
f 1954 1387 1389
f 2064 1436 1438
f 2085 1507 1509
f 2105 1525 1527
f 2121 1543 1545
f 2031 1465 1467
f 2244 1454 1456
f 2265 1580 1582
f 1939 1358 1360
f 1814 1267 1271
f 1793 1243 1247
f 1829 1250 1254
f 1847 1286 1290
f 1868 1304 1308
f 1937 1334 1338
f 2124 1549 1553
f 2034 1471 1475
f 2250 1597 1601
f 2261 1352 1356
f 2050 1477 1481
f 1960 1399 1403
f 2063 1406 1410
f 2081 1490 1494
f 2102 1502 1506
f 2117 1531 1535
f 2027 1412 1416
f 2243 1442 1446
f 2268 1592 1596
f 1944 1381 1385
f 1804 890 894
f 1785 884 887
f 1821 896 899
f 1839 902 905
f 1858 908 912
f 1929 938 941
f 2114 1046 1050
f 2024 1220 1224
f 2240 1196 1200
f 2253 1112 1115
f 2038 980 984
f 1951 974 977
f 2055 986 989
f 2073 992 995
f 2092 998 1002
f 2109 1016 1019
f 2019 968 971
f 2235 1088 1091
f 2258 1142 1146
f 1934 1154 1158
f 1861 1214 1217
f 1807 1034 1037
f 1790 914 918
f 1826 1094 1098
f 1844 1184 1188
f 1880 1040 1044
f 2186 1232 1236
f 2308 1208 1212
f 2272 1118 1122
f 1894 926 930
f 2095 1160 1163
f 2041 1010 1013
f 1948 944 948
f 2060 1070 1074
f 2078 1130 1134
f 2132 1166 1170
f 1970 1004 1008
f 1984 956 960
f 2218 1082 1086
f 2289 1148 1151
f 2181 1058 1061
f 1875 920 923
f 1897 1100 1103
f 2275 1202 1205
f 2311 1238 1241
f 2167 1172 1175
f 2146 1028 1032
f 2002 962 966
f 2200 1076 1080
f 1915 1124 1127
f 2127 1022 1025
f 1965 950 953
f 1987 1064 1067
f 2221 1136 1139
f 2294 1178 1182
f 2164 1052 1056
f 2149 1226 1229
f 2005 1190 1193
f 2203 1106 1109
f 1912 932 936
f 1870 1321 1325
f 1816 1273 1277
f 1800 1261 1265
f 1836 1297 1301
f 1854 1315 1319
f 1890 1339 1343
f 2196 1562 1566
f 2320 1460 1464
f 2284 1586 1590
f 1906 1345 1349
f 2104 1519 1523
f 2047 1418 1422
f 1958 1393 1397
f 2070 1495 1499
f 2088 1513 1517
f 2142 1555 1559
f 1980 1423 1427
f 1994 1429 1433
f 2230 1568 1572
f 2297 1370 1374
f 2329 894 892
f 2323 887 885
f 2326 899 897
f 2333 905 903
f 2336 912 910
f 2345 941 939
f 2409 1050 1048
f 2496 1224 1222
f 2485 1200 1198
f 2435 1115 1113
f 2374 984 982
f 2368 977 975
f 2371 989 987
f 2378 995 993
f 2381 1002 1000
f 2392 1019 1017
f 2360 971 969
f 2416 1091 1089
f 2456 1146 1144
f 2460 1158 1156
f 2488 1217 1215
f 2398 1037 1035
f 2340 918 916
f 2430 1098 1096
f 2475 1188 1186
f 2404 1044 1042
f 2501 1236 1234
f 2482 1212 1210
f 2440 1122 1120
f 2347 930 928
f 2464 1163 1161
f 2384 1013 1011
f 2355 948 946
f 2419 1074 1072
f 2451 1134 1132
f 2470 1170 1168
f 2385 1008 1006
f 2362 960 958
f 2423 1086 1084
f 2446 1151 1149
f 2401 1061 1059
f 2339 923 921
f 2429 1103 1101
f 2474 1205 1203
f 2491 1241 1239
f 2459 1175 1173
f 2395 1032 1030
f 2365 966 964
f 2424 1080 1078
f 2443 1127 1125
f 2390 1025 1023
f 2354 953 951
f 2413 1067 1065
f 2450 1139 1137
f 2467 1182 1180
f 2408 1056 1054
f 2495 1229 1227
f 2479 1193 1191
f 2437 1109 1107
f 2350 936 934
f 2511 1325 1326
f 2505 1277 1278
f 2507 1265 1266
f 2513 1301 1302
f 2516 1319 1320
f 2519 1343 1344
f 2556 1566 1565
f 2540 1464 1463
f 2561 1590 1589
f 2521 1349 1350
f 2544 1523 1524
f 2529 1422 1421
f 2530 1397 1398
f 2546 1499 1500
f 2549 1517 1518
f 2553 1559 1560
f 2534 1427 1428
f 2536 1433 1434
f 2557 1572 1571
f 2525 1374 1373
f 1609 892 889
f 1605 885 883
f 1611 897 895
f 1614 903 901
f 1617 910 907
f 1631 939 937
f 1688 1048 1045
f 1775 1222 1219
f 1763 1198 1195
f 1719 1113 1111
f 1654 982 979
f 1650 975 973
f 1656 987 985
f 1659 993 991
f 1662 1000 997
f 1672 1017 1015
f 1646 969 967
f 1706 1089 1087
f 1735 1144 1141
f 1741 1156 1153
f 1770 1215 1213
f 1680 1035 1033
f 1621 916 913
f 1711 1096 1093
f 1756 1186 1183
f 1684 1042 1039
f 1780 1234 1231
f 1767 1210 1207
f 1722 1120 1117
f 1627 928 925
f 1744 1161 1159
f 1668 1011 1009
f 1636 946 943
f 1699 1072 1069
f 1730 1132 1129
f 1748 1168 1165
f 1666 1006 1003
f 1642 958 955
f 1705 1084 1081
f 1736 1149 1147
f 1691 1059 1057
f 1623 921 919
f 1713 1101 1099
f 1764 1203 1201
f 1781 1239 1237
f 1749 1173 1171
f 1677 1030 1027
f 1645 964 961
f 1703 1078 1075
f 1725 1125 1123
f 1674 1023 1021
f 1638 951 949
f 1695 1065 1063
f 1732 1137 1135
f 1752 1180 1177
f 1690 1054 1051
f 1777 1227 1225
f 1759 1191 1189
f 1717 1107 1105
f 1630 934 931
f 2191 1326 1322
f 1885 1278 1274
f 1901 1266 1262
f 2279 1302 1298
f 2315 1320 1316
f 2171 1344 1340
f 2160 1565 1561
f 2016 1463 1459
f 2214 1589 1585
f 1919 1350 1346
f 2137 1524 1520
f 1978 1421 1417
f 1991 1398 1394
f 2225 1500 1496
f 2302 1518 1514
f 2178 1560 1556
f 2153 1428 1424
f 2009 1434 1430
f 2207 1571 1567
f 1926 1373 1369
f 1857 911 908
f 1803 893 890
f 1786 888 884
f 1822 900 896
f 1840 906 902
f 1876 924 920
f 2182 1062 1058
f 2312 1242 1238
f 2276 1206 1202
f 1898 1104 1100
f 2091 1001 998
f 2037 983 980
f 1952 978 974
f 2056 990 986
f 2074 996 992
f 2128 1026 1022
f 1966 954 950
f 1988 1068 1064
f 2222 1140 1136
f 2293 1181 1178
f 2185 1235 1232
f 1879 1043 1040
f 1893 929 926
f 2271 1121 1118
f 2307 1211 1208
f 2163 1055 1052
f 2150 1230 1226
f 2006 1194 1190
f 2204 1110 1106
f 1911 935 932
f 2131 1169 1166
f 1969 1007 1004
f 1983 959 956
f 2217 1085 1082
f 2290 1152 1148
f 2168 1176 1172
f 2145 1031 1028
f 2001 965 962
f 2199 1079 1076
f 1916 1128 1124
f 1808 1038 1034
f 1789 917 914
f 1825 1097 1094
f 1843 1187 1184
f 1862 1218 1214
f 1933 1157 1154
f 2110 1020 1016
f 2020 972 968
f 2236 1092 1088
f 2257 1145 1142
f 2042 1014 1010
f 1947 947 944
f 2059 1073 1070
f 2077 1133 1130
f 2096 1164 1160
f 2113 1049 1046
f 2023 1223 1220
f 2239 1199 1196
f 2254 1116 1112
f 1930 942 938
f 1818 1283 1279
f 1798 1259 1255
f 1834 1295 1291
f 1852 1313 1309
f 1872 1331 1327
f 1942 1379 1375
f 2120 1541 1537
f 2030 1452 1448
f 2248 1578 1574
f 2263 1368 1364
f 2052 1487 1483
f 1955 1391 1387
f 2065 1440 1436
f 2086 1511 1507
f 2106 1529 1525
f 2122 1547 1543
f 2032 1469 1465
f 2245 1458 1454
f 2266 1584 1580
f 1940 1362 1358
f 1813 1269 1267
f 1792 1245 1243
f 1828 1252 1250
f 1846 1288 1286
f 1867 1306 1304
f 1936 1336 1334
f 2123 1551 1549
f 2033 1473 1471
f 2249 1599 1597
f 2260 1354 1352
f 2049 1479 1477
f 1959 1401 1399
f 2062 1408 1406
f 2080 1492 1490
f 2101 1504 1502
f 2116 1533 1531
f 2026 1414 1412
f 2242 1444 1442
f 2267 1594 1592
f 1943 1383 1381
f 1869 1323 1321
f 1815 1275 1273
f 1799 1263 1261
f 1835 1299 1297
f 1853 1317 1315
f 1889 1341 1339
f 2195 1564 1562
f 2319 1462 1460
f 2283 1588 1586
f 1905 1347 1345
f 2103 1521 1519
f 2046 1420 1418
f 1957 1395 1393
f 2069 1497 1495
f 2087 1515 1513
f 2141 1557 1555
f 1979 1425 1423
f 1993 1431 1429
f 2229 1570 1568
f 2296 1372 1370
f 2188 1282 1280
f 1882 1258 1256
f 1902 1294 1292
f 2280 1312 1310
f 2316 1330 1328
f 2172 1378 1376
f 2157 1540 1538
f 2011 1449 1447
f 2209 1575 1573
f 1923 1365 1363
f 2134 1486 1484
f 1972 1390 1388
f 1995 1437 1435
f 2226 1510 1508
f 2303 1528 1526
f 2175 1546 1544
f 2154 1468 1466
f 2013 1455 1453
f 2211 1581 1579
f 1921 1359 1357
f 1865 1272 1268
f 1811 1248 1244
f 1796 1253 1249
f 1832 1289 1285
f 1850 1307 1303
f 1888 1337 1333
f 2194 1554 1550
f 2322 1476 1472
f 2286 1602 1598
f 1908 1355 1351
f 2099 1482 1478
f 2045 1404 1400
f 1962 1409 1405
f 2068 1493 1489
f 2084 1505 1501
f 2140 1536 1532
f 1976 1415 1411
f 1998 1445 1441
f 2232 1595 1591
f 2299 1386 1382
f 2330 909 911
f 2324 891 893
f 2325 886 888
f 2332 898 900
f 2335 904 906
f 2344 922 924
f 2410 1060 1062
f 2497 1240 1242
f 2486 1204 1206
f 2434 1102 1104
f 2375 999 1001
f 2369 981 983
f 2370 976 978
f 2377 988 990
f 2380 994 996
f 2393 1024 1026
f 2359 952 954
f 2415 1066 1068
f 2455 1138 1140
f 2461 1179 1181
f 2489 1233 1235
f 2399 1041 1043
f 2341 927 929
f 2431 1119 1121
f 2476 1209 1211
f 2405 1053 1055
f 2500 1228 1230
f 2481 1192 1194
f 2439 1108 1110
f 2348 933 935
f 2465 1167 1169
f 2383 1005 1007
f 2356 957 959
f 2420 1083 1085
f 2452 1150 1152
f 2471 1174 1176
f 2386 1029 1031
f 2363 963 965
f 2422 1077 1079
f 2445 1126 1128
f 2400 1036 1038
f 2338 915 917
f 2428 1095 1097
f 2473 1185 1187
f 2490 1216 1218
f 2458 1155 1157
f 2394 1018 1020
f 2366 970 972
f 2425 1090 1092
f 2444 1143 1145
f 2389 1012 1014
f 2353 945 947
f 2414 1071 1073
f 2449 1131 1133
f 2466 1162 1164
f 2407 1047 1049
f 2494 1221 1223
f 2480 1197 1199
f 2438 1114 1116
f 2351 940 942
f 2510 1284 1283
f 2504 1260 1259
f 2508 1296 1295
f 2514 1314 1313
f 2517 1332 1331
f 2520 1380 1379
f 2554 1542 1541
f 2539 1451 1452
f 2560 1577 1578
f 2523 1367 1368
f 2543 1488 1487
f 2527 1392 1391
f 2532 1439 1440
f 2547 1512 1511
f 2550 1530 1529
f 2552 1548 1547
f 2535 1470 1469
f 2538 1457 1458
f 2558 1583 1584
f 2524 1361 1362
f 1607 1616 1609
f 1603 1608 1605
f 1604 1606 1611
f 1610 1612 1614
f 1613 1615 1617
f 1622 1624 1631
f 1686 1692 1688
f 1773 1782 1775
f 1761 1765 1763
f 1712 1714 1719
f 1652 1661 1654
f 1648 1653 1650
f 1649 1651 1656
f 1655 1657 1659
f 1658 1660 1662
f 1670 1675 1672
f 1637 1639 1646
f 1694 1696 1706
f 1731 1733 1735
f 1739 1751 1741
f 1768 1779 1770
f 1678 1683 1680
f 1619 1626 1621
f 1709 1721 1711
f 1754 1766 1756
f 1682 1689 1684
f 1776 1778 1780
f 1758 1760 1767
f 1716 1718 1722
f 1625 1629 1627
f 1742 1747 1744
f 1663 1665 1668
f 1634 1641 1636
f 1697 1704 1699
f 1728 1737 1730
f 1746 1750 1748
f 1664 1676 1666
f 1640 1644 1642
f 1700 1702 1705
f 1724 1726 1736
f 1679 1681 1691
f 1618 1620 1623
f 1708 1710 1713
f 1753 1755 1764
f 1769 1771 1781
f 1738 1740 1749
f 1671 1673 1677
f 1643 1647 1645
f 1701 1707 1703
f 1723 1734 1725
f 1667 1669 1674
f 1633 1635 1638
f 1693 1698 1695
f 1727 1729 1732
f 1743 1745 1752
f 1685 1687 1690
f 1772 1774 1777
f 1757 1762 1759
f 1715 1720 1717
f 1628 1632 1630
f 2187 2189 2191
f 1881 1883 1885
f 1899 1903 1901
f 2277 2281 2279
f 2313 2317 2315
f 2169 2173 2171
f 2156 2158 2160
f 2010 2012 2016
f 2208 2210 2214
f 1917 1924 1919
f 2133 2135 2137
f 1971 1973 1978
f 1989 1996 1991
f 2223 2227 2225
f 2300 2304 2302
f 2174 2176 2178
f 2151 2155 2153
f 2007 2014 2009
f 2205 2212 2207
f 1920 1922 1926
f 1855 1864 1857
f 1801 1810 1803
f 1784 1795 1786
f 1820 1831 1822
f 1838 1849 1840
f 1874 1887 1876
f 2180 2193 2182
f 2310 2321 2312
f 2274 2285 2276
f 1896 1907 1898
f 2089 2098 2091
f 2035 2044 2037
f 1950 1961 1952
f 2054 2067 2056
f 2072 2083 2074
f 2126 2139 2128
f 1964 1975 1966
f 1986 1997 1988
f 2220 2231 2222
f 2291 2298 2293
f 2183 2190 2185
f 1877 1884 1879
f 1891 1900 1893
f 2269 2278 2271
f 2305 2314 2307
f 2161 2170 2163
f 2148 2159 2150
f 2004 2015 2006
f 2202 2213 2204
f 1909 1918 1911
f 2129 2136 2131
f 1967 1977 1969
f 1981 1990 1983
f 2215 2224 2217
f 2288 2301 2290
f 2166 2177 2168
f 2143 2152 2145
f 1999 2008 2001
f 2197 2206 2199
f 1914 1925 1916
f 1806 1817 1808
f 1787 1797 1789
f 1823 1833 1825
f 1841 1851 1843
f 1860 1871 1862
f 1931 1941 1933
f 2108 2119 2110
f 2018 2029 2020
f 2234 2247 2236
f 2255 2262 2257
f 2040 2051 2042
f 1945 1954 1947
f 2057 2064 2059
f 2075 2085 2077
f 2094 2105 2096
f 2111 2121 2113
f 2021 2031 2023
f 2237 2244 2239
f 2252 2265 2254
f 1928 1939 1930
f 1812 1814 1818
f 1791 1793 1798
f 1827 1829 1834
f 1845 1847 1852
f 1866 1868 1872
f 1935 1937 1942
f 2118 2124 2120
f 2028 2034 2030
f 2246 2250 2248
f 2259 2261 2263
f 2048 2050 2052
f 1953 1960 1955
f 2061 2063 2065
f 2079 2081 2086
f 2100 2102 2106
f 2115 2117 2122
f 2025 2027 2032
f 2241 2243 2245
f 2264 2268 2266
f 1938 1944 1940
f 1802 1804 1813
f 1783 1785 1792
f 1819 1821 1828
f 1837 1839 1846
f 1856 1858 1867
f 1927 1929 1936
f 2112 2114 2123
f 2022 2024 2033
f 2238 2240 2249
f 2251 2253 2260
f 2036 2038 2049
f 1949 1951 1959
f 2053 2055 2062
f 2071 2073 2080
f 2090 2092 2101
f 2107 2109 2116
f 2017 2019 2026
f 2233 2235 2242
f 2256 2258 2267
f 1932 1934 1943
f 1859 1861 1869
f 1805 1807 1815
f 1788 1790 1799
f 1824 1826 1835
f 1842 1844 1853
f 1878 1880 1889
f 2184 2186 2195
f 2306 2308 2319
f 2270 2272 2283
f 1892 1894 1905
f 2093 2095 2103
f 2039 2041 2046
f 1946 1948 1957
f 2058 2060 2069
f 2076 2078 2087
f 2130 2132 2141
f 1968 1970 1979
f 1982 1984 1993
f 2216 2218 2229
f 2287 2289 2296
f 2179 2181 2188
f 1873 1875 1882
f 1895 1897 1902
f 2273 2275 2280
f 2309 2311 2316
f 2165 2167 2172
f 2144 2146 2157
f 2000 2002 2011
f 2198 2200 2209
f 1913 1915 1923
f 2125 2127 2134
f 1963 1965 1972
f 1985 1987 1995
f 2219 2221 2226
f 2292 2294 2303
f 2162 2164 2175
f 2147 2149 2154
f 2003 2005 2013
f 2201 2203 2211
f 1910 1912 1921
f 1863 1870 1865
f 1809 1816 1811
f 1794 1800 1796
f 1830 1836 1832
f 1848 1854 1850
f 1886 1890 1888
f 2192 2196 2194
f 2318 2320 2322
f 2282 2284 2286
f 1904 1906 1908
f 2097 2104 2099
f 2043 2047 2045
f 1956 1958 1962
f 2066 2070 2068
f 2082 2088 2084
f 2138 2142 2140
f 1974 1980 1976
f 1992 1994 1998
f 2228 2230 2232
f 2295 2297 2299
f 2331 2329 2330
f 2327 2323 2324
f 2328 2326 2325
f 2334 2333 2332
f 2337 2336 2335
f 2346 2345 2344
f 2412 2409 2410
f 2499 2496 2497
f 2487 2485 2486
f 2436 2435 2434
f 2376 2374 2375
f 2372 2368 2369
f 2373 2371 2370
f 2379 2378 2377
f 2382 2381 2380
f 2396 2392 2393
f 2361 2360 2359
f 2418 2416 2415
f 2457 2456 2455
f 2463 2460 2461
f 2492 2488 2489
f 2402 2398 2399
f 2343 2340 2341
f 2433 2430 2431
f 2478 2475 2476
f 2406 2404 2405
f 2502 2501 2500
f 2484 2482 2481
f 2442 2440 2439
f 2349 2347 2348
f 2468 2464 2465
f 2387 2384 2383
f 2358 2355 2356
f 2421 2419 2420
f 2454 2451 2452
f 2472 2470 2471
f 2388 2385 2386
f 2364 2362 2363
f 2426 2423 2422
f 2448 2446 2445
f 2403 2401 2400
f 2342 2339 2338
f 2432 2429 2428
f 2477 2474 2473
f 2493 2491 2490
f 2462 2459 2458
f 2397 2395 2394
f 2367 2365 2366
f 2427 2424 2425
f 2447 2443 2444
f 2391 2390 2389
f 2357 2354 2353
f 2417 2413 2414
f 2453 2450 2449
f 2469 2467 2466
f 2411 2408 2407
f 2498 2495 2494
f 2483 2479 2480
f 2441 2437 2438
f 2352 2350 2351
f 2509 2511 2510
f 2503 2505 2504
f 2506 2507 2508
f 2512 2513 2514
f 2515 2516 2517
f 2518 2519 2520
f 2555 2556 2554
f 2541 2540 2539
f 2562 2561 2560
f 2522 2521 2523
f 2542 2544 2543
f 2528 2529 2527
f 2531 2530 2532
f 2545 2546 2547
f 2548 2549 2550
f 2551 2553 2552
f 2533 2534 2535
f 2537 2536 2538
f 2559 2557 2558
f 2526 2525 2524