v -0.179795 0.348852 -0.205723
v 0.175187 0.347584 -0.202718
v -0.365279 -0.631399 0.020502
v 0.364529 -0.630872 0.022135
v 0.000505 -0.491219 0.861081
v 0.002306 0.142300 0.414107
v -0.000244 -0.168068 -0.488154
v 0.001184 0.491380 -0.870480
v 0.329385 0.067507 -0.282184
v 0.376555 -0.040298 0.296332
v -0.331149 0.067431 -0.284224
v -0.374753 -0.039409 0.295007
v -0.002678 0.526843 -0.189439
v -0.123364 0.243002 0.057850
v -0.250281 0.783278 -0.531639
v -0.282068 0.269425 -0.285722
v -0.282605 0.120230 0.064879
v 0.121488 0.243447 0.056539
v 0.249538 0.789294 -0.528396
v 0.281900 0.267906 -0.283395
v 0.282427 0.118786 0.068067
v 0.000511 -0.655873 0.021623
v -0.304906 -0.857553 0.553095
v -0.238738 -0.547475 -0.366499
v -0.418517 -0.215002 -0.155564
v -0.418268 -0.281200 0.235775
v 0.272707 -0.812376 0.541858
v 0.239750 -0.548963 -0.364521
v 0.418708 -0.218041 -0.153209
v 0.418759 -0.280460 0.237123
v -0.001187 -0.003673 0.844267
v 0.381886 -0.248556 0.673988
v -0.379317 -0.250934 0.675383
v 0.250816 0.071802 0.447561
v -0.250001 0.070817 0.447164
v -0.001147 0.001057 -0.772740
v 0.214560 -0.029148 -0.400243
v -0.215690 -0.032901 -0.404091
v 0.370286 0.252644 -0.724172
v -0.370508 0.252157 -0.726936
v 0.366509 0.004112 0.002758
v -0.365047 0.006723 0.002314
v -0.126374 0.461948 -0.178747
v -0.145717 0.263166 -0.122248
v -0.226589 0.558429 -0.314190
v -0.235117 0.341252 -0.248284
v -0.216293 0.220046 -0.100102
v 0.112194 0.458967 -0.199312
v 0.143092 0.261612 -0.120583
v 0.221840 0.562076 -0.308272
v 0.232131 0.341123 -0.237809
v 0.214840 0.220158 -0.095439
v -0.201994 -0.724696 0.015566
v -0.287534 -0.632606 0.257257
v -0.423034 -0.851581 -0.229840
v -0.439686 -0.464148 -0.086098
v -0.399052 -0.454027 0.139835
v 0.198565 -0.724839 0.016171
v 0.286684 -0.625273 0.253865
v 0.423475 -0.852725 -0.226866
v 0.440108 -0.464081 -0.082974
v 0.399463 -0.453170 0.141054
v -0.182562 -0.719888 0.841151
v 0.157948 -0.735839 0.830116
v 0.003961 -0.266516 0.933460
v 0.241289 -0.414907 0.847180
v -0.237139 -0.412703 0.849227
v -0.063937 0.181817 0.250239
v 0.063404 0.180446 0.251051
v 0.000054 0.131517 0.622570
v 0.121540 0.127418 0.457859
v -0.122243 0.127085 0.457331
v -0.093658 -0.327398 -0.446838
v 0.091401 -0.325550 -0.444504
v -0.000921 0.002408 -0.536328
v 0.105394 -0.099711 -0.463818
v -0.108061 -0.099696 -0.460350
v -0.151979 0.696212 -0.771472
v 0.153463 0.695679 -0.768711
v -0.000186 0.223546 -0.945964
v 0.235781 0.396476 -0.898953
v -0.236397 0.396230 -0.899828
v 0.323562 0.157687 -0.294287
v 0.349788 -0.042398 -0.202911
v 0.303294 0.018166 -0.349806
v 0.335496 0.144120 -0.451272
v 0.346495 0.041830 -0.152014
v 0.335509 0.032213 0.202772
v 0.409565 -0.133556 0.283540
v 0.392121 -0.116406 0.451824
v 0.336621 0.002672 0.377878
v 0.377015 -0.025098 0.158554
v -0.324735 0.156825 -0.296489
v -0.348032 -0.039010 -0.205808
v -0.299973 0.019101 -0.351697
v -0.334223 0.145081 -0.453217
v -0.347670 0.042724 -0.153543
v -0.335458 0.033600 0.204172
v -0.408457 -0.130874 0.283284
v -0.390577 -0.117511 0.450155
v -0.335502 0.003589 0.376754
v -0.375678 -0.022856 0.158449
v -0.050889 0.298333 -0.144295
v -0.106744 0.722952 -0.345009
v 0.049770 0.298229 -0.142178
v 0.101166 0.723811 -0.345637
v -0.218137 0.185372 0.071370
v 0.000249 0.246074 0.043306
v -0.187734 0.149981 0.262456
v -0.397163 0.572644 -0.406176
v 0.000045 0.854265 -0.571427
v -0.339117 0.552251 -0.674384
v -0.272573 0.169375 -0.108330
v -0.334379 0.335252 -0.478001
v -0.327677 0.114264 -0.125094
v -0.280994 0.092461 0.246973
v -0.331381 0.065532 0.038070
v 0.218971 0.187404 0.074710
v 0.187802 0.149625 0.260048
v 0.398833 0.576972 -0.406804
v 0.335549 0.551735 -0.667203
v 0.272636 0.172300 -0.106421
v 0.333653 0.335498 -0.478850
v 0.327110 0.114500 -0.126093
v 0.279676 0.088965 0.247938
v 0.331925 0.064678 0.039846
v -0.103505 -0.685346 0.309179
v -0.107272 -0.707478 -0.232557
v 0.106019 -0.683929 0.305858
v 0.107495 -0.709067 -0.235523
v -0.375076 -0.502744 0.408252
v -0.021064 -0.691288 0.586335
v -0.396308 -0.568180 0.694905
v -0.408612 -0.412825 -0.294420
v 0.001297 -0.521518 -0.353644
v -0.251465 -0.252716 -0.390580
v -0.440547 -0.248805 0.027081
v -0.331568 -0.137039 -0.295772
v -0.395603 -0.081554 -0.057755
v -0.409477 -0.300796 0.461549
v -0.410943 -0.110284 0.110132
v 0.372852 -0.506856 0.405534
v 0.397042 -0.582819 0.696130
v 0.408681 -0.413048 -0.293610
v 0.248831 -0.254706 -0.387387
v 0.441589 -0.251180 0.029345
v 0.335860 -0.139077 -0.295519
v 0.396682 -0.082440 -0.057690
v 0.409025 -0.301314 0.459366
v 0.414032 -0.110834 0.111086
v 0.237863 -0.123688 0.831735
v -0.236938 -0.124806 0.834632
v 0.182901 0.065854 0.674690
v -0.181829 0.066947 0.675147
v 0.326802 -0.043354 0.595988
v -0.325245 -0.041266 0.597391
v 0.141654 0.018066 -0.591515
v -0.142853 0.016023 -0.593565
v 0.258515 0.073347 -0.883204
v -0.259333 0.076023 -0.882801
v 0.288697 0.068096 -0.574965
v -0.288151 0.070796 -0.576903
v -0.157774 0.401836 -0.199899
v -0.162151 0.304409 -0.171639
v -0.193966 0.438285 -0.245718
v -0.204135 0.349475 -0.225033
v -0.189661 0.280358 -0.172582
v 0.153338 0.398710 -0.207813
v 0.156195 0.303820 -0.171714
v 0.190584 0.439851 -0.239287
v 0.201488 0.348741 -0.214588
v 0.186910 0.278701 -0.167688
v -0.303896 -0.701708 0.020096
v -0.320902 -0.613289 0.110665
v -0.399837 -0.736713 -0.058804
v -0.415864 -0.575145 -0.030337
v -0.379215 -0.545154 0.075868
v 0.298797 -0.698411 0.020326
v 0.320702 -0.613568 0.111623
v 0.401383 -0.733585 -0.057746
v 0.413381 -0.575164 -0.027749
v 0.381474 -0.544582 0.076811
v -0.076520 -0.571126 0.845242
v 0.070188 -0.574940 0.841677
v 0.003027 -0.391189 0.888730
v 0.111550 -0.464102 0.865082
v -0.110015 -0.461086 0.865174
v -0.029138 0.151535 0.341310
v 0.029837 0.151157 0.342660
v 0.000557 0.141021 0.505875
v 0.053129 0.139161 0.439353
v -0.051959 0.140991 0.439552
v -0.037737 -0.238511 -0.476584
v 0.036032 -0.240040 -0.475525
v -0.001089 -0.083426 -0.498725
v 0.049963 -0.139519 -0.481674
v -0.051067 -0.139364 -0.482524
v -0.064996 0.582042 -0.828281
v 0.066494 0.582426 -0.827034
v 0.000342 0.371992 -0.916595
v 0.106711 0.451015 -0.882201
v -0.104417 0.450007 -0.884795
v 0.331430 0.107714 -0.289138
v 0.332011 0.021465 -0.241103
v 0.321523 0.046741 -0.312586
v 0.329992 0.100733 -0.351282
v 0.336748 0.058092 -0.222233
v 0.358299 -0.006317 0.255219
v 0.393228 -0.078863 0.293337
v 0.383300 -0.072619 0.361799
v 0.361688 -0.023582 0.334549
v 0.378183 -0.034552 0.236100
v -0.332835 0.106522 -0.291285
v -0.331723 0.021789 -0.243971
v -0.322419 0.046700 -0.316622
v -0.329756 0.101135 -0.351822
v -0.336290 0.057103 -0.226152
v -0.356400 -0.007667 0.255127
v -0.391908 -0.076367 0.293219
v -0.382282 -0.073405 0.359301
v -0.358804 -0.023875 0.332898
v -0.377379 -0.032467 0.234775
v -0.067225 0.501265 -0.196875
v 0.061045 0.511179 -0.179347
v -0.029257 0.399531 -0.169293
v -0.044057 0.634374 -0.249662
v 0.024991 0.403536 -0.165427
v 0.035729 0.638175 -0.248172
v -0.135552 0.246780 -0.039635
v -0.095270 0.216011 0.154989
v -0.082977 0.257963 -0.052340
v -0.177892 0.222886 0.067160
v -0.060722 0.247073 0.048166
v -0.160448 0.204502 0.165031
v -0.274022 0.697413 -0.408192
v -0.225637 0.766239 -0.661554
v -0.202678 0.821916 -0.448257
v -0.528376 0.752050 -0.458148
v -0.226585 0.971504 -0.587476
v -0.361545 0.698539 -0.615589
v -0.259792 0.316427 -0.267566
v -0.304372 0.213579 -0.295273
v -0.294704 0.409053 -0.357010
v -0.272409 0.213580 -0.196922
v -0.309292 0.320976 -0.377511
v -0.300893 0.179038 -0.205938
v -0.249795 0.167531 -0.015532
v -0.311149 0.073464 0.138983
v -0.253652 0.150084 0.072892
v -0.279094 0.140299 -0.019794
v -0.283376 0.105378 0.155254
v -0.309936 0.090887 0.054881
v 0.133745 0.246562 -0.038127
v 0.095712 0.218332 0.154974
v 0.080490 0.257082 -0.053659
v 0.059148 0.247124 0.048605
v 0.177608 0.224478 0.068886
v 0.158868 0.205617 0.161931
v 0.269531 0.697935 -0.409736
v 0.224886 0.772249 -0.659734
v 0.202847 0.821968 -0.448678
v 0.227856 0.971720 -0.587507
v 0.506147 0.764462 -0.482649
v 0.338554 0.699532 -0.608594
v 0.255562 0.314563 -0.266728
v 0.304030 0.212418 -0.293213
v 0.289787 0.406450 -0.355942
v 0.269114 0.211360 -0.194825
v 0.307543 0.317404 -0.375876
v 0.298908 0.178341 -0.206640
v 0.248337 0.169142 -0.013980
v 0.310547 0.073035 0.141911
v 0.253838 0.152876 0.074201
v 0.279254 0.140211 -0.017755
v 0.282757 0.104966 0.153965
v 0.307632 0.089523 0.058354
v -0.104485 -0.684141 0.019182
v 0.103913 -0.683226 0.017865
v -0.051124 -0.668592 0.160898
v -0.058732 -0.652705 -0.108989
v 0.052840 -0.666806 0.159542
v 0.061501 -0.651511 -0.107778
v -0.260875 -0.663564 0.444009
v -0.285054 -0.949199 0.767104
v -0.164925 -0.707043 0.468865
v -0.340319 -0.644356 0.504452
v -0.140735 -0.851833 0.596259
v -0.390695 -0.760356 0.662959
v -0.346434 -0.738471 -0.363323
v -0.156739 -0.421903 -0.396208
v -0.181442 -0.684899 -0.334203
v -0.350863 -0.509777 -0.348973
v -0.119303 -0.534196 -0.358358
v -0.254294 -0.392780 -0.378990
v -0.438725 -0.333571 -0.126476
v -0.384023 -0.117175 -0.180446
v -0.416976 -0.307565 -0.218772
v -0.438883 -0.234161 -0.066348
v -0.385591 -0.181172 -0.234399
v -0.414784 -0.138417 -0.102590
v -0.413680 -0.365392 0.192799
v -0.416611 -0.200959 0.265276
v -0.401834 -0.383726 0.312976
v -0.429567 -0.264888 0.129007
v -0.414032 -0.293434 0.348556
v -0.422238 -0.187765 0.165221
v 0.263121 -0.658981 0.433684
v 0.223038 -0.983609 0.727535
v 0.171818 -0.697971 0.461969
v 0.130524 -0.804837 0.564838
v 0.336494 -0.646566 0.499638
v 0.385749 -0.794168 0.657034
v 0.347990 -0.737978 -0.363421
v 0.159750 -0.424057 -0.396312
v 0.181638 -0.688197 -0.334874
v 0.117784 -0.534912 -0.357452
v 0.352067 -0.511227 -0.348439
v 0.255850 -0.396176 -0.379762
v 0.439604 -0.334815 -0.125084
v 0.386359 -0.116225 -0.175827
v 0.419104 -0.306086 -0.219522
v 0.438102 -0.236873 -0.065643
v 0.383305 -0.185499 -0.231814
v 0.416158 -0.138711 -0.099637
v 0.416030 -0.361678 0.194035
v 0.418411 -0.202089 0.266613
v 0.402027 -0.385644 0.317501
v 0.431513 -0.264033 0.130281
v 0.413714 -0.294172 0.347155
v 0.425138 -0.190325 0.168344
v -0.000965 -0.131026 0.939151
v 0.000345 0.083957 0.737828
v 0.120706 -0.064750 0.862171
v -0.118760 -0.065181 0.862249
v 0.107340 0.042974 0.774237
v -0.106326 0.042156 0.775049
v 0.331005 -0.335112 0.778530
v 0.391761 -0.176670 0.558226
v 0.382449 -0.399753 0.685899
v 0.403653 -0.288203 0.570399
v 0.330586 -0.188564 0.767740
v 0.361781 -0.131306 0.647714
v -0.328622 -0.334339 0.780590
v -0.395351 -0.174076 0.560219
v -0.382070 -0.394957 0.687033
v -0.399262 -0.288882 0.570390
v -0.329326 -0.189580 0.768708
v -0.362512 -0.132033 0.647405
v 0.190603 0.103352 0.459965
v 0.299973 0.034065 0.417608
v 0.218734 0.108506 0.356389
v 0.267828 0.077700 0.342208
v 0.226716 0.067693 0.559680
v 0.287274 0.023021 0.527257
v -0.191807 0.101710 0.461036
v -0.300382 0.035952 0.417924
v -0.219358 0.110032 0.357565
v -0.269355 0.079111 0.343353
v -0.224791 0.067453 0.558438
v -0.287045 0.022701 0.527880
v -0.001280 0.009077 -0.636226
v -0.000966 0.077108 -0.897582
v 0.089036 0.006200 -0.691894
v -0.089879 0.005001 -0.692767
v 0.122083 0.022850 -0.838597
v -0.124243 0.023706 -0.840699
v 0.160444 -0.062159 -0.430117
v 0.264546 -0.007690 -0.380680
v 0.227086 -0.130025 -0.385332
v 0.270899 -0.086530 -0.343378
v 0.176851 0.004306 -0.490340
v 0.243307 0.022228 -0.479442
v -0.161877 -0.059944 -0.431577
v -0.264398 -0.006791 -0.381534
v -0.227192 -0.130960 -0.386720
v -0.268749 -0.085740 -0.345517
v -0.180020 0.003210 -0.492188
v -0.243016 0.021352 -0.481247
v 0.344561 0.326311 -0.860169
v 0.347493 0.196595 -0.574816
v 0.346943 0.399485 -0.708775
v 0.348483 0.311614 -0.591350
v 0.368146 0.156370 -0.857997
v 0.344198 0.137433 -0.672023
v -0.345696 0.325685 -0.860192
v -0.349602 0.195683 -0.576059
v -0.345449 0.398402 -0.709158
v -0.347679 0.311182 -0.591737
v -0.368424 0.155237 -0.858751
v -0.345661 0.136029 -0.673427
v 0.356471 0.024700 -0.076245
v 0.372392 -0.012291 0.078534
v 0.348080 0.058953 -0.058152
v 0.350159 0.036499 0.022253
v 0.381033 -0.034696 -0.023547
v 0.390110 -0.048586 0.057449
v -0.358522 0.025356 -0.076126
v -0.370682 -0.011360 0.078181
v -0.347216 0.057512 -0.058922
v -0.349057 0.037535 0.021441
v -0.378778 -0.033069 -0.024435
v -0.390792 -0.045906 0.055390
v -0.127568 0.342306 -0.169874
v -0.165825 0.519481 -0.247478
v -0.082482 0.377944 -0.171218
v -0.114070 0.588046 -0.248498
v -0.184476 0.241745 -0.107010
v -0.101423 0.282143 -0.134942
v -0.181197 0.226653 -0.024390
v -0.237160 0.457829 -0.288361
v -0.178654 0.654437 -0.333802
v -0.321056 0.588312 -0.367453
v -0.216104 0.263704 -0.176601
v -0.279545 0.454923 -0.326595
v -0.243087 0.239667 -0.187302
v -0.218883 0.199111 -0.016812
v -0.244839 0.193948 -0.101255
v 0.121298 0.341009 -0.173517
v 0.158721 0.517864 -0.255709
v 0.078503 0.380331 -0.163172
v 0.107594 0.588676 -0.253334
v 0.182230 0.240353 -0.104845
v 0.097020 0.280272 -0.135130
v 0.180298 0.225560 -0.023618
v 0.240327 0.458575 -0.266638
v 0.175091 0.651365 -0.337215
v 0.318282 0.592938 -0.363736
v 0.212467 0.262246 -0.171532
v 0.274802 0.454353 -0.318652
v 0.237946 0.242459 -0.183209
v 0.218370 0.198873 -0.016061
v 0.243543 0.196464 -0.097192
v -0.243429 -0.661987 0.129012
v -0.281592 -0.924650 -0.047582
v -0.152031 -0.677052 0.150831
v -0.142333 -0.800965 -0.107106
v -0.352509 -0.547632 0.199472
v -0.202030 -0.685402 0.294944
v -0.332879 -0.576852 0.349899
v -0.442197 -0.622024 -0.150840
v -0.215809 -0.934619 -0.300669
v -0.435101 -0.612507 -0.286443
v -0.425327 -0.454605 0.024194
v -0.440507 -0.457530 -0.196579
v -0.444684 -0.343398 -0.025930
v -0.379928 -0.468810 0.269911
v -0.429850 -0.352977 0.083493
v 0.241755 -0.664099 0.131614
v 0.270990 -0.926974 -0.047882
v 0.154297 -0.677926 0.149743
v 0.140008 -0.799250 -0.111384
v 0.352461 -0.545999 0.199834
v 0.208332 -0.696740 0.295562
v 0.332383 -0.576199 0.345553
v 0.441653 -0.623449 -0.148022
v 0.217591 -0.934247 -0.300761
v 0.436491 -0.614100 -0.282962
v 0.422719 -0.456095 0.027359
v 0.439272 -0.459650 -0.194790
v 0.443699 -0.346212 -0.022438
v 0.379515 -0.468681 0.267177
v 0.433789 -0.350904 0.082547
v -0.011308 -0.619821 0.802093
v -0.225730 -0.572185 0.846760
v -0.091140 -0.762961 0.746770
v -0.352785 -0.729834 0.817977
v 0.221237 -0.581894 0.845615
v 0.066439 -0.717378 0.713727
v 0.340993 -0.765736 0.826791
v 0.129465 -0.331712 0.890665
v -0.120624 -0.331639 0.889054
v 0.128132 -0.195047 0.912089
v -0.125918 -0.195570 0.913974
v 0.349928 -0.515454 0.802139
v 0.244010 -0.262043 0.851616
v -0.346594 -0.509574 0.803569
v -0.238982 -0.263479 0.852784
v -0.000540 0.185358 0.250071
v -0.092921 0.147677 0.352885
v -0.032508 0.221304 0.149217
v -0.127164 0.170801 0.257447
v 0.091749 0.146218 0.350627
v 0.031520 0.221843 0.149072
v 0.127629 0.171188 0.258419
v 0.071724 0.134233 0.550012
v -0.071237 0.135272 0.549936
v 0.089734 0.108830 0.666804
v -0.089388 0.109696 0.665347
v 0.157304 0.131956 0.360034
v 0.153252 0.110221 0.568425
v -0.157925 0.132546 0.359195
v -0.151686 0.107685 0.568716
v -0.000677 -0.336939 -0.455285
v -0.109278 -0.211902 -0.459480
v -0.052208 -0.429368 -0.403467
v -0.178904 -0.296761 -0.424470
v 0.108550 -0.213186 -0.457495
v 0.053743 -0.429567 -0.404176
v 0.176038 -0.300338 -0.421135
v 0.050992 -0.041659 -0.499514
v -0.053081 -0.041722 -0.501462
v 0.063558 0.012265 -0.569023
v -0.064937 0.017132 -0.566247
v 0.172143 -0.175554 -0.425475
v 0.112313 -0.008213 -0.494156
v -0.173005 -0.173572 -0.425910
v -0.111951 -0.004884 -0.491271
v -0.000309 0.712727 -0.775426
v -0.196811 0.549202 -0.828389
v -0.088388 0.806387 -0.683273
v -0.272874 0.640319 -0.745743
v 0.194479 0.549681 -0.825952
v 0.088184 0.807174 -0.682647
v 0.277007 0.646949 -0.746696
v 0.134559 0.306089 -0.950440
v -0.134724 0.304876 -0.948007
v 0.142389 0.142382 -0.947288
v -0.142817 0.143773 -0.944992
v 0.297256 0.485610 -0.795757
v 0.280763 0.231078 -0.976435
v -0.296687 0.484505 -0.796554
v -0.281554 0.231751 -0.976076
v 0.331582 0.160058 -0.374211
v 0.336439 0.096721 -0.214437
v 0.320356 0.233806 -0.381499
v 0.322517 0.137658 -0.211662
v 0.322766 -0.012489 -0.272638
v 0.348098 0.000692 -0.172111
v 0.345267 -0.088869 -0.244389
v 0.375783 -0.062367 -0.131086
v 0.316064 0.078580 -0.402830
v 0.301993 -0.047839 -0.305330
v 0.290746 0.048838 -0.450032
v 0.337168 0.228176 -0.476743
v 0.322928 0.112423 -0.519567
v 0.342811 0.078508 -0.137096
v 0.366176 -0.017813 -0.099587
v 0.337570 0.017207 0.287283
v 0.358437 0.006493 0.181147
v 0.310393 0.059906 0.226043
v 0.332458 0.044264 0.121110
v 0.402046 -0.131693 0.368759
v 0.396031 -0.075381 0.218047
v 0.412527 -0.207250 0.364661
v 0.411356 -0.122999 0.197284
v 0.364552 -0.051499 0.423573
v 0.405660 -0.199737 0.462100
v 0.367384 -0.085954 0.527978
v 0.308481 0.047945 0.318301
v 0.333847 -0.019130 0.479712
v 0.353986 0.020180 0.101962
v 0.394700 -0.062573 0.137253
v -0.329250 0.161777 -0.375469
v -0.338189 0.096542 -0.216907
v -0.322286 0.232381 -0.385414
v -0.325344 0.137978 -0.212742
v -0.320796 -0.011362 -0.275859
v -0.347109 0.001651 -0.174046
v -0.346968 -0.084760 -0.246190
v -0.374453 -0.063492 -0.134684
v -0.317433 0.078459 -0.406018
v -0.299237 -0.046032 -0.303761
v -0.288862 0.048781 -0.451058
v -0.335369 0.227145 -0.478606
v -0.322704 0.111606 -0.523962
v -0.343198 0.079852 -0.139445
v -0.365036 -0.017285 -0.100692
v -0.336367 0.020743 0.286716
v -0.356568 0.007747 0.180759
v -0.312452 0.060872 0.226002
v -0.333574 0.048977 0.122579
v -0.401380 -0.130930 0.370214
v -0.393762 -0.071901 0.216301
v -0.411619 -0.206184 0.363776
v -0.411223 -0.122951 0.194137
v -0.364423 -0.050615 0.423893
v -0.407514 -0.200330 0.462203
v -0.369576 -0.086664 0.528803
v -0.308714 0.048234 0.317898
v -0.333563 -0.017526 0.481776
v -0.353121 0.021495 0.100121
v -0.392069 -0.060698 0.135940
v -0.001530 0.302791 -0.148415
v -0.028342 0.260198 -0.068211
v -0.002286 0.760444 -0.332995
v -0.097158 0.846404 -0.463788
v 0.026244 0.261272 -0.064384
v 0.097716 0.847579 -0.465764
v -0.212387 0.176654 0.168379
v -0.251911 0.135810 0.166842
v -0.240805 0.122402 0.258996
v -0.429280 0.604415 -0.535883
v -0.330829 0.464766 -0.460749
v -0.345569 0.450172 -0.577650
v -0.300872 0.143720 -0.117710
v -0.305465 0.114486 -0.032689
v -0.328497 0.085782 -0.043516
v 0.210281 0.176173 0.167531
v 0.252010 0.138973 0.164527
v 0.239780 0.122174 0.257693
v 0.424180 0.604877 -0.541284
v 0.331278 0.465622 -0.464106
v 0.346342 0.448276 -0.577360
v 0.300373 0.144146 -0.117803
v 0.305417 0.113939 -0.030231
v 0.329077 0.088080 -0.041919
v 0.000274 -0.679934 0.308454
v -0.064226 -0.711146 0.456509
v 0.001760 -0.613642 -0.210334
v -0.059890 -0.602852 -0.296376
v 0.055596 -0.703628 0.449436
v 0.061023 -0.599413 -0.296719
v -0.385987 -0.549647 0.549039
v -0.402126 -0.407101 0.442458
v -0.399764 -0.417361 0.567692
v -0.334961 -0.335622 -0.347265
v -0.371498 -0.257220 -0.294554
v -0.301494 -0.197391 -0.346732
v -0.425358 -0.158011 -0.017020
v -0.428513 -0.174504 0.073328
v -0.407930 -0.092751 0.024295
v 0.384638 -0.559712 0.547040
v 0.400182 -0.407375 0.440576
v 0.398432 -0.423445 0.566213
v 0.333517 -0.338231 -0.348593
v 0.374996 -0.257662 -0.294802
v 0.303841 -0.198219 -0.348308
v 0.426892 -0.161191 -0.015811
v 0.429941 -0.176414 0.074157
v 0.409665 -0.097935 0.026710
v 0.214328 -0.011366 0.768527
v 0.302638 -0.073577 0.721169
v -0.213530 -0.011971 0.770044
v -0.300299 -0.073841 0.721772
v 0.262845 0.009678 0.647789
v -0.264019 0.009705 0.647366
v 0.193468 0.020397 -0.728691
v 0.222580 0.032503 -0.598608
v -0.197406 0.022479 -0.728462
v -0.226802 0.031794 -0.599957
v 0.295190 0.063298 -0.730597
v -0.293047 0.067609 -0.729502
v -0.171341 0.374008 -0.205867
v -0.168905 0.329006 -0.191788
v -0.184109 0.386794 -0.223081
v -0.189865 0.350998 -0.214861
v -0.182215 0.316728 -0.193297
v 0.165946 0.371095 -0.208676
v 0.166640 0.327433 -0.189172
v 0.182019 0.385057 -0.218131
v 0.187860 0.349870 -0.208467
v 0.176494 0.314189 -0.189450
v -0.344491 -0.664496 0.019678
v -0.345457 -0.621076 0.058202
v -0.377979 -0.670686 -0.015231
v -0.389201 -0.611250 -0.000903
v -0.372360 -0.590696 0.045825
v 0.339202 -0.666524 0.022040
v 0.343875 -0.619964 0.059127
v 0.374934 -0.670811 -0.011963
v 0.389160 -0.609973 -0.000296
v 0.373114 -0.589002 0.046440
v -0.031446 -0.526059 0.853981
v 0.030703 -0.528510 0.851822
v 0.002236 -0.447162 0.872976
v 0.050992 -0.478752 0.864058
v -0.049161 -0.477413 0.865134
v -0.013327 0.145728 0.383512
v 0.013993 0.145696 0.382529
v 0.000677 0.140048 0.455039
v 0.023709 0.141869 0.425528
v -0.022325 0.141811 0.426100
v -0.015332 -0.197686 -0.483416
v 0.015328 -0.197769 -0.484081
v 0.000537 -0.128703 -0.491703
v 0.022865 -0.154789 -0.487116
v -0.023501 -0.154450 -0.487049
v -0.029683 0.530737 -0.852765
v 0.028914 0.531316 -0.852252
v -0.001054 0.439242 -0.890925
v 0.046986 0.472440 -0.875207
v -0.046188 0.472052 -0.874682
v 0.331074 0.083801 -0.285486
v 0.330021 0.047756 -0.262893
v 0.328322 0.060500 -0.295817
v 0.332111 0.083070 -0.310171
v 0.332834 0.061661 -0.256116
v 0.368529 -0.026417 0.278867
v 0.384713 -0.056058 0.298399
v 0.379164 -0.055596 0.325008
v 0.372027 -0.032892 0.311085
v 0.378370 -0.039144 0.267932
v -0.333035 0.082794 -0.286382
v -0.330450 0.047466 -0.267003
v -0.326805 0.059010 -0.298823
v -0.330125 0.081063 -0.311553
v -0.332629 0.063084 -0.259862
v -0.367814 -0.025330 0.278597
v -0.384190 -0.056803 0.294071
v -0.378345 -0.053658 0.323775
v -0.369128 -0.030728 0.311436
v -0.376414 -0.037952 0.267993
v -0.035386 0.515734 -0.196870
v 0.027606 0.523750 -0.182831
v -0.018053 0.460847 -0.178325
v -0.021982 0.584181 -0.214152
v 0.011940 0.464642 -0.175377
v 0.013766 0.586519 -0.210098
v -0.129299 0.243601 0.008981
v -0.110876 0.233023 0.105728
v -0.100938 0.250021 0.001910
v -0.152675 0.238870 0.062921
v -0.091718 0.246260 0.050369
v -0.145504 0.232355 0.113055
v -0.282484 0.758753 -0.467324
v -0.240492 0.782892 -0.593132
v -0.242775 0.834295 -0.497703
v -0.364914 0.770918 -0.494648
v -0.263332 0.912200 -0.578457
v -0.323037 0.747856 -0.572363
v -0.270251 0.293310 -0.279387
v -0.294570 0.241608 -0.290365
v -0.285932 0.331440 -0.321863
v -0.274543 0.240348 -0.240757
v -0.294852 0.298853 -0.329944
v -0.286251 0.217538 -0.247344
v -0.267454 0.144284 0.026645
v -0.296445 0.095755 0.104036
v -0.268507 0.136304 0.070936
v -0.283392 0.128739 0.027221
v -0.284989 0.112796 0.111069
v -0.295748 0.105098 0.061540
v 0.128330 0.247007 0.008830
v 0.110911 0.237175 0.106343
v 0.100048 0.250228 0.002077
v 0.089497 0.247442 0.051775
v 0.151774 0.238257 0.063765
v 0.142858 0.229605 0.109707
v 0.277111 0.761558 -0.469266
v 0.239518 0.795762 -0.596274
v 0.241998 0.834024 -0.497345
v 0.263654 0.913599 -0.576697
v 0.348846 0.769775 -0.497716
v 0.301255 0.748290 -0.568368
v 0.268974 0.296402 -0.276849
v 0.294185 0.240780 -0.290567
v 0.282525 0.330409 -0.321710
v 0.273896 0.238558 -0.239925
v 0.293179 0.296842 -0.329723
v 0.286500 0.215525 -0.244558
v 0.264914 0.143638 0.027607
v 0.297494 0.096054 0.108155
v 0.267890 0.135216 0.069923
v 0.280017 0.129601 0.022558
v 0.282374 0.110795 0.111933
v 0.294805 0.104343 0.063839
v -0.052156 -0.663337 0.021085
v 0.054109 -0.665138 0.020172
v -0.024381 -0.661440 0.089673
v -0.028047 -0.644590 -0.045604
v 0.028870 -0.660999 0.089549
v 0.028785 -0.652408 -0.045301
v -0.269877 -0.728605 0.506947
v -0.309119 -0.951506 0.642432
v -0.220447 -0.782720 0.514311
v -0.323351 -0.738025 0.540305
v -0.220823 -0.932277 0.563163
v -0.362651 -0.840102 0.616321
v -0.290192 -0.634288 -0.363704
v -0.194966 -0.480437 -0.377366
v -0.215826 -0.623708 -0.354196
v -0.296969 -0.538417 -0.362175
v -0.176124 -0.545220 -0.364949
v -0.248384 -0.471650 -0.373698
v -0.431287 -0.271311 -0.143437
v -0.401986 -0.163684 -0.167468
v -0.416135 -0.259524 -0.186125
v -0.433000 -0.225038 -0.112263
v -0.403597 -0.200354 -0.196798
v -0.418102 -0.172904 -0.127766
v -0.417771 -0.322534 0.217783
v -0.417990 -0.240492 0.252529
v -0.409398 -0.331811 0.275383
v -0.423624 -0.271848 0.181093
v -0.412849 -0.288242 0.291517
v -0.422666 -0.231610 0.201521
v 0.264298 -0.711996 0.499626
v 0.274655 -0.951697 0.600784
v 0.218965 -0.754747 0.503282
v 0.225339 -0.871108 0.536520
v 0.312653 -0.733868 0.530213
v 0.348223 -0.853490 0.593947
v 0.289917 -0.633819 -0.360630
v 0.196729 -0.480202 -0.375860
v 0.220464 -0.623506 -0.354202
v 0.177350 -0.545066 -0.362076
v 0.302936 -0.540324 -0.361260
v 0.252396 -0.471848 -0.372339
v 0.431703 -0.272516 -0.140685
v 0.402903 -0.164868 -0.163678
v 0.417368 -0.261787 -0.184858
v 0.431535 -0.227417 -0.111029
v 0.405134 -0.200710 -0.194963
v 0.420023 -0.175737 -0.126027
v 0.418263 -0.321836 0.218153
v 0.420754 -0.238180 0.252624
v 0.412508 -0.328686 0.275378
v 0.424480 -0.271666 0.184286
v 0.416684 -0.286157 0.291836
v 0.423763 -0.234140 0.202746
v 0.001333 -0.063723 0.890128
v -0.000248 0.046095 0.792848
v 0.059345 -0.033384 0.860039
v -0.060739 -0.034309 0.860364
v 0.056582 0.023204 0.815114
v -0.056973 0.023248 0.815195
v 0.358768 -0.292411 0.726884
v 0.390020 -0.209712 0.616438
v 0.378941 -0.321228 0.679848
v 0.394509 -0.273427 0.623870
v 0.360018 -0.219600 0.722435
v 0.378952 -0.185161 0.666068
v -0.359320 -0.292138 0.733125
v -0.388513 -0.211038 0.616045
v -0.379412 -0.321101 0.682567
v -0.392025 -0.272212 0.624260
v -0.359681 -0.223401 0.726050
v -0.374789 -0.188614 0.665593
v 0.221994 0.087007 0.456073
v 0.278557 0.051969 0.434330
v 0.235670 0.089153 0.405068
v 0.260569 0.075419 0.391966
v 0.239979 0.068249 0.501140
v 0.269409 0.048377 0.489121
v -0.222423 0.088410 0.456178
v -0.277534 0.052476 0.434194
v -0.235244 0.089086 0.403745
v -0.261554 0.074504 0.394187
v -0.239362 0.068915 0.501868
v -0.270472 0.048717 0.488776
v -0.000794 -0.002480 -0.702857
v -0.001180 0.033497 -0.838567
v 0.047924 -0.003021 -0.736506
v -0.049875 -0.003219 -0.735471
v 0.056297 0.011734 -0.806943
v -0.059030 0.010716 -0.808078
v 0.187943 -0.042699 -0.413735
v 0.241277 -0.020203 -0.391496
v 0.216561 -0.077785 -0.390270
v 0.238040 -0.055489 -0.368379
v 0.193905 -0.007903 -0.441530
v 0.224253 -0.002046 -0.434371
v -0.188904 -0.044438 -0.416917
v -0.240873 -0.018579 -0.392459
v -0.218240 -0.076359 -0.390481
v -0.240111 -0.057552 -0.370500
v -0.194911 -0.010453 -0.444159
v -0.222474 0.001025 -0.434192
v 0.376759 0.290088 -0.805011
v 0.357547 0.224388 -0.647162
v 0.359422 0.326150 -0.722574
v 0.356798 0.286669 -0.654899
v 0.388028 0.208056 -0.800157
v 0.364743 0.187898 -0.706046
v -0.377820 0.287860 -0.802903
v -0.357147 0.224479 -0.646226
v -0.362504 0.324244 -0.723358
v -0.356549 0.287275 -0.656218
v -0.387190 0.207955 -0.802344
v -0.365239 0.187456 -0.707796
v 0.362873 0.013970 -0.035330
v 0.368317 -0.003903 0.042230
v 0.355865 0.031203 -0.023815
v 0.358726 0.020394 0.013461
v 0.373182 -0.014354 -0.008354
v 0.377785 -0.020897 0.030806
v -0.362367 0.015973 -0.038198
v -0.367934 -0.003598 0.041288
v -0.355831 0.033334 -0.027019
v -0.358513 0.023056 0.011427
v -0.373263 -0.012442 -0.010181
v -0.376774 -0.019096 0.029125
v -0.145750 0.431214 -0.189228
v -0.096552 0.483625 -0.189777
v -0.124474 0.397163 -0.175494
v -0.145496 0.493942 -0.205936
v -0.101822 0.418445 -0.175257
v -0.119774 0.524094 -0.207747
v -0.152734 0.281606 -0.150998
v -0.139765 0.251274 -0.079422
v -0.133146 0.295023 -0.153488
v -0.165397 0.251952 -0.113117
v -0.122928 0.272372 -0.128970
v -0.163957 0.240328 -0.072479
v -0.208949 0.496151 -0.274192
v -0.250954 0.627504 -0.357803
v -0.192752 0.541293 -0.281533
v -0.238897 0.510498 -0.302477
v -0.205762 0.610802 -0.324574
v -0.268775 0.576192 -0.343159
v -0.219580 0.344927 -0.237718
v -0.247076 0.331029 -0.257170
v -0.237099 0.397231 -0.269328
v -0.220488 0.295004 -0.211348
v -0.253163 0.394673 -0.286057
v -0.233590 0.284008 -0.219856
v -0.202131 0.246881 -0.139909
v -0.233955 0.194246 -0.057406
v -0.200556 0.230948 -0.103547
v -0.216371 0.237723 -0.138531
v -0.218857 0.204879 -0.059155
v -0.231931 0.209043 -0.099839
v 0.133568 0.428416 -0.207472
v 0.089463 0.487522 -0.188159
v 0.117033 0.397063 -0.185399
v 0.134169 0.488813 -0.227213
v 0.096561 0.421034 -0.178223
v 0.110695 0.524406 -0.223017
v 0.150283 0.281237 -0.149732
v 0.138762 0.249981 -0.081563
v 0.130027 0.295735 -0.153005
v 0.162250 0.250772 -0.111486
v 0.121788 0.271808 -0.128302
v 0.161680 0.242594 -0.071279
v 0.204814 0.497988 -0.268641
v 0.243320 0.630176 -0.355500
v 0.188089 0.542736 -0.283381
v 0.236930 0.512765 -0.289253
v 0.200972 0.607403 -0.323864
v 0.263812 0.578219 -0.338566
v 0.217530 0.346704 -0.226269
v 0.244782 0.330709 -0.252099
v 0.237324 0.400402 -0.253911
v 0.216298 0.294890 -0.205899
v 0.250427 0.394616 -0.274707
v 0.228932 0.285987 -0.213645
v 0.199126 0.246831 -0.135013
v 0.230152 0.193336 -0.055923
v 0.198233 0.231656 -0.099091
v 0.212714 0.237579 -0.135817
v 0.216227 0.208304 -0.056711
v 0.228500 0.208414 -0.096625
v -0.254671 -0.723376 0.017521
v -0.153839 -0.707608 0.015489
v -0.221073 -0.673910 0.065287
v -0.231796 -0.807629 -0.022099
v -0.175335 -0.680711 0.074073
v -0.175351 -0.777057 -0.038287
v -0.303270 -0.617915 0.178835
v -0.272841 -0.647870 0.344379
v -0.264418 -0.654726 0.196291
v -0.321726 -0.591466 0.229141
v -0.247526 -0.685999 0.283200
v -0.309114 -0.606017 0.307505
v -0.424848 -0.813133 -0.127613
v -0.393670 -0.822037 -0.320926
v -0.373337 -0.930331 -0.146271
v -0.445252 -0.729492 -0.188678
v -0.339159 -0.937342 -0.272076
v -0.437868 -0.730255 -0.271083
v -0.432278 -0.523993 -0.060874
v -0.442838 -0.397979 -0.107254
v -0.437812 -0.535618 -0.117320
v -0.437817 -0.457790 -0.031754
v -0.443109 -0.464794 -0.141108
v -0.443499 -0.401177 -0.054178
v -0.391163 -0.498180 0.108815
v -0.406948 -0.409820 0.169401
v -0.378945 -0.501976 0.170008
v -0.413853 -0.453817 0.081988
v -0.389721 -0.459755 0.202163
v -0.417405 -0.403672 0.111395
v 0.248944 -0.725326 0.019203
v 0.151652 -0.707248 0.015507
v 0.219192 -0.673212 0.063579
v 0.225749 -0.808030 -0.021584
v 0.175962 -0.680693 0.072158
v 0.169494 -0.775194 -0.040255
v 0.302795 -0.616318 0.176359
v 0.273087 -0.637944 0.338177
v 0.265257 -0.649465 0.194269
v 0.322045 -0.587592 0.228110
v 0.249042 -0.661350 0.277257
v 0.308126 -0.602259 0.304800
v 0.422771 -0.814518 -0.122957
v 0.394354 -0.823524 -0.319610
v 0.371215 -0.933135 -0.140767
v 0.445502 -0.730738 -0.183831
v 0.339595 -0.938271 -0.271305
v 0.439283 -0.731673 -0.269115
v 0.433286 -0.524703 -0.058805
v 0.445306 -0.399224 -0.106228
v 0.440740 -0.537251 -0.115678
v 0.433603 -0.459005 -0.030774
v 0.443973 -0.465078 -0.139312
v 0.442413 -0.401130 -0.053444
v 0.390624 -0.498660 0.108337
v 0.408949 -0.408413 0.170095
v 0.378250 -0.500744 0.170261
v 0.411922 -0.451990 0.082062
v 0.389999 -0.458942 0.202436
v 0.417917 -0.402624 0.112182
v -0.128765 -0.632837 0.839296
v -0.239989 -0.855060 0.849521
v -0.095220 -0.663482 0.818724
v -0.211065 -0.651048 0.846821
v -0.133925 -0.767882 0.830730
v -0.278222 -0.754861 0.852866
v 0.115066 -0.638143 0.832124
v 0.192526 -0.904238 0.829885
v 0.077832 -0.658155 0.804299
v 0.199993 -0.665878 0.843710
v 0.103878 -0.758117 0.787592
v 0.258586 -0.792934 0.856585
v 0.003599 -0.329920 0.906566
v 0.001160 -0.209530 1.002902
v 0.064992 -0.296899 0.911381
v -0.059838 -0.297393 0.911109
v 0.065066 -0.232897 0.938469
v -0.063575 -0.232595 0.939830
v 0.177947 -0.442791 0.859817
v 0.292536 -0.378835 0.818946
v 0.234050 -0.496232 0.844411
v 0.185510 -0.369866 0.871652
v 0.295469 -0.463695 0.827515
v 0.242311 -0.337038 0.850215
v -0.172811 -0.440004 0.860605
v -0.288176 -0.378044 0.823574
v -0.233552 -0.490813 0.845671
v -0.178707 -0.371150 0.869852
v -0.291609 -0.460441 0.827434
v -0.237253 -0.337639 0.851961
v -0.047004 0.165163 0.297009
v -0.080370 0.197406 0.203784
v -0.031621 0.183491 0.249921
v -0.077581 0.161436 0.301754
v -0.047847 0.202600 0.200675
v -0.095082 0.176243 0.252773
v 0.046896 0.164061 0.297209
v 0.079189 0.199572 0.205154
v 0.030625 0.183529 0.250035
v 0.077506 0.160954 0.302145
v 0.047700 0.202263 0.200620
v 0.094084 0.176326 0.253715
v 0.001199 0.139277 0.563156
v 0.001056 0.112256 0.679851
v 0.039656 0.136766 0.590955
v -0.037770 0.135110 0.590140
v 0.044818 0.122831 0.649067
v -0.042737 0.122487 0.648824
v 0.086877 0.133737 0.449533
v 0.157361 0.118086 0.462658
v 0.106632 0.136080 0.403999
v 0.098872 0.129625 0.503404
v 0.139083 0.128531 0.408173
v 0.135452 0.119477 0.512755
v -0.086027 0.135225 0.449795
v -0.157032 0.117447 0.461895
v -0.108683 0.136707 0.404351
v -0.097699 0.131327 0.506029
v -0.139074 0.128708 0.408339
v -0.135981 0.118708 0.512294
v -0.063246 -0.282010 -0.466043
v -0.123172 -0.373542 -0.420204
v -0.045985 -0.333109 -0.450140
v -0.102425 -0.269612 -0.455533
v -0.075063 -0.378569 -0.426442
v -0.135612 -0.313427 -0.435018
v 0.062279 -0.282099 -0.462800
v 0.123745 -0.372431 -0.420921
v 0.046239 -0.334295 -0.451996
v 0.102430 -0.268934 -0.457169
v 0.075296 -0.379748 -0.427735
v 0.137102 -0.315901 -0.439313
v -0.000900 -0.038904 -0.511341
v -0.000962 0.013968 -0.577820
v 0.025421 -0.018522 -0.518693
v -0.027236 -0.015092 -0.519437
v 0.028896 0.011456 -0.551085
v -0.030871 0.011356 -0.552042
v 0.077843 -0.121415 -0.473479
v 0.135329 -0.081188 -0.447558
v 0.109201 -0.159898 -0.458878
v 0.078385 -0.068757 -0.483240
v 0.137052 -0.137068 -0.442787
v 0.105383 -0.049600 -0.470458
v -0.079417 -0.119887 -0.473435
v -0.136362 -0.079697 -0.447857
v -0.108515 -0.153168 -0.457438
v -0.079413 -0.068447 -0.480563
v -0.137944 -0.136575 -0.443075
v -0.106702 -0.049694 -0.471033
v -0.106201 0.637409 -0.800681
v -0.197523 0.745312 -0.730175
v -0.075655 0.705673 -0.771935
v -0.175793 0.624218 -0.798849
v -0.123874 0.760276 -0.736114
v -0.224263 0.680591 -0.766513
v 0.108444 0.640291 -0.800716
v 0.197252 0.746247 -0.729623
v 0.076230 0.707140 -0.773388
v 0.180753 0.626175 -0.799448
v 0.125323 0.760806 -0.735242
v 0.224578 0.682970 -0.766462
v 0.001111 0.299786 -0.938320
v -0.000364 0.148133 -0.928454
v 0.069458 0.263117 -0.946615
v -0.068724 0.262392 -0.944548
v 0.070621 0.184293 -0.944674
v -0.070381 0.184062 -0.943058
v 0.170176 0.426752 -0.893651
v 0.295377 0.362367 -0.888800
v 0.214119 0.472824 -0.856843
v 0.192878 0.353880 -0.943006
v 0.270790 0.442708 -0.848178
v 0.262709 0.317370 -0.952202
v -0.168932 0.424590 -0.894150
v -0.296363 0.361491 -0.888252
v -0.212641 0.471598 -0.857608
v -0.192027 0.351602 -0.942384
v -0.269811 0.441812 -0.850444
v -0.263133 0.316820 -0.951704
v 0.329862 0.130819 -0.289319
v 0.313752 0.183363 -0.296091
v 0.328436 0.160662 -0.335055
v 0.330280 0.125597 -0.253331
v 0.319880 0.191327 -0.336645
v 0.324566 0.150441 -0.253912
v 0.338449 -0.008769 -0.221736
v 0.365288 -0.077645 -0.189359
v 0.335737 -0.029055 -0.237123
v 0.347725 -0.020864 -0.186246
v 0.348431 -0.063988 -0.222807
v 0.363720 -0.052073 -0.168195
v 0.312166 0.033471 -0.331695
v 0.285488 0.003870 -0.366931
v 0.310995 0.002978 -0.307823
v 0.308631 0.048712 -0.378008
v 0.299890 -0.011098 -0.323986
v 0.294870 0.033807 -0.395898
v 0.331707 0.122804 -0.398319
v 0.338200 0.170174 -0.507910
v 0.333571 0.153579 -0.414493
v 0.327286 0.110810 -0.429993
v 0.337592 0.184319 -0.464461
v 0.330500 0.130620 -0.486980
v 0.342678 0.049260 -0.187597
v 0.352620 0.031538 -0.115600
v 0.342307 0.068615 -0.182796
v 0.345644 0.020888 -0.159660
v 0.346315 0.060281 -0.143248
v 0.354326 0.011217 -0.124501
v 0.347821 0.011543 0.232040
v 0.322696 0.053373 0.173738
v 0.335912 0.026170 0.245008
v 0.345803 0.019143 0.191025
v 0.323880 0.045552 0.215625
v 0.335288 0.038257 0.161839
v 0.401392 -0.103579 0.291164
v 0.415095 -0.166215 0.278503
v 0.406457 -0.135057 0.326971
v 0.402507 -0.100478 0.249495
v 0.411825 -0.167114 0.323592
v 0.410194 -0.128372 0.243928
v 0.387565 -0.092919 0.403120
v 0.393448 -0.146061 0.503337
v 0.397830 -0.126915 0.409894
v 0.378495 -0.082936 0.438346
v 0.402209 -0.156406 0.460096
v 0.380618 -0.103256 0.492460
v 0.351268 -0.013755 0.355385
v 0.321081 0.015596 0.399670
v 0.336081 0.010379 0.330705
v 0.350036 -0.023047 0.402832
v 0.321649 0.024869 0.349514
v 0.336362 -0.008084 0.427347
v 0.377131 -0.030475 0.196113
v 0.375486 -0.017213 0.121343
v 0.367454 -0.008674 0.169271
v 0.386595 -0.047102 0.188672
v 0.367520 -0.002784 0.131847
v 0.385563 -0.045342 0.149557
v -0.329661 0.129683 -0.294767
v -0.313878 0.183936 -0.295743
v -0.327005 0.161879 -0.335539
v -0.330865 0.124114 -0.255324
v -0.318152 0.192137 -0.339198
v -0.325857 0.148445 -0.252812
v -0.337615 -0.007939 -0.224707
v -0.365385 -0.076371 -0.192270
v -0.334600 -0.027228 -0.240140
v -0.346971 -0.018526 -0.189922
v -0.347764 -0.062563 -0.226147
v -0.361199 -0.050322 -0.169720
v -0.313159 0.031396 -0.335160
v -0.283294 0.007477 -0.366780
v -0.311353 0.002602 -0.313292
v -0.309707 0.047430 -0.378950
v -0.296928 -0.011426 -0.325473
v -0.295194 0.034356 -0.401164
v -0.330238 0.124358 -0.398871
v -0.338812 0.169911 -0.510312
v -0.333878 0.154977 -0.414397
v -0.326585 0.112005 -0.432138
v -0.336053 0.184766 -0.467724
v -0.330077 0.130108 -0.489568
v -0.341765 0.049494 -0.189395
v -0.352406 0.032623 -0.112898
v -0.341361 0.070788 -0.184911
v -0.347619 0.021832 -0.162828
v -0.346454 0.062743 -0.144960
v -0.353800 0.013865 -0.123337
v -0.345924 0.013203 0.230199
v -0.321701 0.054176 0.174227
v -0.334797 0.025691 0.244308
v -0.345216 0.020445 0.190424
v -0.324288 0.048561 0.213976
v -0.335087 0.041163 0.160346
v -0.399759 -0.101615 0.289650
v -0.412736 -0.163353 0.274359
v -0.403229 -0.134744 0.326545
v -0.402501 -0.099119 0.247238
v -0.410510 -0.166084 0.320651
v -0.408789 -0.127355 0.239387
v -0.385376 -0.091889 0.402747
v -0.391835 -0.146145 0.502283
v -0.397427 -0.126062 0.410530
v -0.378581 -0.083146 0.438823
v -0.398494 -0.157394 0.458472
v -0.378995 -0.103521 0.489548
v -0.347846 -0.010930 0.355518
v -0.323542 0.017647 0.397737
v -0.334296 0.011691 0.329452
v -0.349336 -0.022618 0.401202
v -0.321527 0.026469 0.349101
v -0.336858 -0.005513 0.426089
v -0.376595 -0.025843 0.196595
v -0.372155 -0.017692 0.118789
v -0.366526 -0.006715 0.168240
v -0.385129 -0.045100 0.183974
v -0.365642 -0.001386 0.129254
v -0.383977 -0.041031 0.148734
v -0.041456 0.345368 -0.161524
v -0.065381 0.268336 -0.107484
v -0.064574 0.334325 -0.163039
v -0.076112 0.291443 -0.139028
v -0.027496 0.300134 -0.147555
v -0.040905 0.272192 -0.112347
v -0.072718 0.680398 -0.294981
v -0.151811 0.771175 -0.396992
v -0.110049 0.655665 -0.294436
v -0.145782 0.694116 -0.341088
v -0.059787 0.745071 -0.342981
v -0.104359 0.791495 -0.401102
v 0.037718 0.344912 -0.160277
v 0.061250 0.267513 -0.107438
v 0.061807 0.338190 -0.156168
v 0.074273 0.290344 -0.138465
v 0.024035 0.302982 -0.144996
v 0.035228 0.271750 -0.112848
v 0.063751 0.684587 -0.294538
v 0.149481 0.771182 -0.397633
v 0.105015 0.654766 -0.296921
v 0.141004 0.692910 -0.344589
v 0.054226 0.744082 -0.343184
v 0.101760 0.791745 -0.400623
v -0.200101 0.205195 0.070715
v -0.235140 0.167639 0.072186
v -0.200338 0.206783 0.024651
v -0.219814 0.191233 0.026597
v -0.217636 0.181659 0.120491
v -0.235463 0.163210 0.121205
v -0.031317 0.246062 0.044041
v 0.028640 0.247232 0.043591
v -0.016260 0.235037 0.096625
v 0.015164 0.236110 0.096647
v -0.015045 0.253851 -0.011143
v 0.012860 0.254087 -0.010877
v -0.176228 0.177085 0.215112
v -0.203284 0.126579 0.310050
v -0.158321 0.162413 0.260827
v -0.174502 0.139084 0.310109
v -0.203625 0.163854 0.215489
v -0.214971 0.137656 0.261102
v -0.537960 0.678409 -0.408277
v -0.310252 0.501615 -0.392069
v -0.379534 0.593405 -0.385210
v -0.309736 0.524933 -0.372391
v -0.489022 0.600297 -0.444433
v -0.354581 0.531239 -0.438932
v -0.118028 0.873664 -0.567558
v 0.117508 0.873353 -0.569184
v -0.049976 0.840253 -0.627904
v 0.051361 0.839346 -0.628142
v -0.067117 0.853739 -0.517233
v 0.067648 0.852897 -0.517586
v -0.356647 0.627310 -0.649515
v -0.334627 0.475916 -0.693603
v -0.312999 0.596061 -0.710476
v -0.315105 0.521530 -0.737179
v -0.375869 0.581596 -0.608270
v -0.346824 0.504596 -0.629201
v -0.272928 0.188816 -0.151551
v -0.277603 0.151364 -0.063102
v -0.256365 0.204612 -0.146331
v -0.259205 0.182690 -0.101787
v -0.287225 0.157684 -0.113512
v -0.288813 0.138220 -0.067692
v -0.323781 0.331297 -0.426524
v -0.339935 0.326151 -0.534408
v -0.326746 0.281772 -0.430786
v -0.334505 0.281522 -0.480755
v -0.330183 0.397005 -0.471481
v -0.337884 0.392905 -0.529384
v -0.314346 0.142412 -0.163767
v -0.337746 0.085471 -0.089690
v -0.324981 0.126536 -0.169271
v -0.336382 0.097721 -0.133961
v -0.315234 0.129961 -0.121931
v -0.326962 0.100301 -0.083682
v -0.283215 0.098041 0.200589
v -0.275590 0.083562 0.295391
v -0.296201 0.076159 0.237834
v -0.296201 0.070053 0.285317
v -0.265253 0.113316 0.205511
v -0.261761 0.106867 0.253545
v -0.319783 0.078764 0.048224
v -0.341386 0.050460 0.031060
v -0.332553 0.055552 0.080175
v -0.341560 0.041876 0.070798
v -0.319022 0.088572 0.005817
v -0.330392 0.076204 -0.004219
v 0.198806 0.205357 0.072676
v 0.236895 0.169827 0.074704
v 0.199380 0.207106 0.026571
v 0.218752 0.192127 0.029450
v 0.215479 0.183446 0.121106
v 0.234964 0.163349 0.121231
v 0.174193 0.177381 0.211249
v 0.202047 0.129672 0.307719
v 0.156043 0.161685 0.258601
v 0.172058 0.140689 0.308069
v 0.200403 0.163738 0.212562
v 0.214977 0.139590 0.260090
v 0.550438 0.701839 -0.414174
v 0.307802 0.498188 -0.387717
v 0.378532 0.598815 -0.382808
v 0.307409 0.522902 -0.364830
v 0.499176 0.605859 -0.447019
v 0.356827 0.533286 -0.438373
v 0.341849 0.628930 -0.641910
v 0.336719 0.474767 -0.689225
v 0.310408 0.599641 -0.708706
v 0.315333 0.521744 -0.733774
v 0.367866 0.580294 -0.604792
v 0.346675 0.502717 -0.625055
v 0.269815 0.191120 -0.151194
v 0.276044 0.152907 -0.059800
v 0.254226 0.205659 -0.145016
v 0.257239 0.182266 -0.101835
v 0.286098 0.158944 -0.110204
v 0.288985 0.140518 -0.065715
v 0.322558 0.332872 -0.425779
v 0.343773 0.326078 -0.532377
v 0.326206 0.281256 -0.430897
v 0.336472 0.278419 -0.481228
v 0.333850 0.398998 -0.471365
v 0.340661 0.392265 -0.527701
v 0.311205 0.143624 -0.164148
v 0.337188 0.084190 -0.090573
v 0.323711 0.125528 -0.168261
v 0.335026 0.095753 -0.131333
v 0.315221 0.130217 -0.120507
v 0.328135 0.101981 -0.082728
v 0.281466 0.097807 0.202326
v 0.274307 0.084550 0.293585
v 0.295322 0.075289 0.238472
v 0.293222 0.068879 0.283427
v 0.264253 0.114966 0.205569
v 0.260111 0.108072 0.252789
v 0.319656 0.076347 0.049125
v 0.341870 0.050279 0.032276
v 0.331999 0.055900 0.081622
v 0.344275 0.039313 0.072485
v 0.319109 0.090066 0.004956
v 0.329348 0.074085 -0.001191
v -0.077826 -0.676820 0.233281
v -0.132988 -0.694219 0.388122
v -0.127967 -0.678132 0.227325
v -0.154985 -0.684819 0.304465
v -0.053511 -0.683255 0.308449
v -0.084848 -0.697287 0.385098
v -0.086977 -0.672414 -0.168760
v -0.139551 -0.717923 -0.293896
v -0.117985 -0.772581 -0.181594
v -0.136576 -0.822348 -0.268375
v -0.064219 -0.633152 -0.216009
v -0.090609 -0.647377 -0.265421
v 0.081003 -0.674307 0.231126
v 0.137457 -0.690495 0.381818
v 0.130572 -0.682457 0.228718
v 0.158475 -0.689326 0.303789
v 0.053978 -0.680554 0.306452
v 0.083681 -0.688276 0.382693
v 0.089722 -0.671704 -0.169961
v 0.141228 -0.719143 -0.294761
v 0.119939 -0.771903 -0.183266
v 0.138610 -0.821185 -0.271518
v 0.065350 -0.631056 -0.217187
v 0.090357 -0.648507 -0.266956
v -0.358671 -0.571563 0.456563
v -0.388674 -0.443224 0.361592
v -0.354790 -0.542823 0.382361
v -0.376222 -0.485205 0.337801
v -0.378604 -0.526411 0.478478
v -0.390710 -0.458122 0.429253
v -0.086641 -0.758607 0.600207
v 0.058610 -0.720509 0.577196
v -0.062501 -0.709758 0.663207
v 0.025018 -0.663162 0.645092
v -0.043500 -0.720438 0.523998
v 0.023799 -0.708633 0.518198
v -0.397286 -0.664690 0.686498
v -0.390210 -0.477598 0.692276
v -0.388367 -0.658046 0.761007
v -0.383671 -0.549887 0.758999
v -0.391893 -0.566929 0.620552
v -0.398017 -0.487651 0.629577
v -0.388705 -0.464798 -0.324833
v -0.412925 -0.359661 -0.255322
v -0.422924 -0.507036 -0.291827
v -0.429376 -0.441238 -0.250219
v -0.372847 -0.376225 -0.321864
v -0.389863 -0.330162 -0.293382
v -0.057013 -0.524054 -0.353300
v 0.061550 -0.525120 -0.354572
v -0.028653 -0.477594 -0.380213
v 0.027890 -0.476793 -0.379242
v -0.028577 -0.561855 -0.324389
v 0.030802 -0.562188 -0.324027
v -0.256277 -0.320490 -0.386875
v -0.239350 -0.189052 -0.388417
v -0.214666 -0.275448 -0.407611
v -0.208607 -0.212419 -0.406673
v -0.293475 -0.293616 -0.370527
v -0.280926 -0.225900 -0.370092
v -0.444235 -0.240092 -0.020891
v -0.437743 -0.255650 0.078644
v -0.443079 -0.294185 0.001367
v -0.436847 -0.300588 0.053347
v -0.438433 -0.201014 0.003709
v -0.435428 -0.209540 0.051816
v -0.361134 -0.162391 -0.266831
v -0.298749 -0.112771 -0.319916
v -0.339944 -0.111129 -0.269467
v -0.311700 -0.090187 -0.297472
v -0.354879 -0.193138 -0.296131
v -0.321561 -0.164191 -0.322189
v -0.404793 -0.108538 -0.079328
v -0.386306 -0.055785 -0.038551
v -0.385204 -0.072813 -0.096030
v -0.379960 -0.047113 -0.078485
v -0.412109 -0.117968 -0.037367
v -0.402277 -0.087092 -0.018588
v -0.412787 -0.298562 0.405117
v -0.406752 -0.296827 0.516319
v -0.412675 -0.251010 0.410081
v -0.412051 -0.248278 0.462455
v -0.407404 -0.353070 0.455331
v -0.404179 -0.356803 0.514043
v -0.418088 -0.147510 0.135049
v -0.399872 -0.078274 0.081457
v -0.409487 -0.118066 0.152600
v -0.403059 -0.084007 0.124002
v -0.419661 -0.139937 0.093299
v -0.411047 -0.103931 0.067025
v 0.356456 -0.574022 0.452673
v 0.389983 -0.442028 0.359737
v 0.354121 -0.544715 0.378946
v 0.375602 -0.485303 0.335909
v 0.377470 -0.532322 0.476140
v 0.388303 -0.459372 0.425573
v 0.397049 -0.692570 0.688157
v 0.391175 -0.486439 0.691496
v 0.387984 -0.681457 0.766855
v 0.384708 -0.560342 0.759660
v 0.393810 -0.581516 0.620706
v 0.395048 -0.497346 0.627550
v 0.389101 -0.467130 -0.323729
v 0.413417 -0.359864 -0.255710
v 0.424303 -0.506472 -0.291404
v 0.430335 -0.441020 -0.248376
v 0.373260 -0.378150 -0.323482
v 0.391076 -0.330517 -0.294606
v 0.256222 -0.324775 -0.385014
v 0.239402 -0.191242 -0.387247
v 0.215710 -0.278361 -0.406495
v 0.210732 -0.214340 -0.406833
v 0.294973 -0.294960 -0.370570
v 0.279835 -0.226966 -0.369422
v 0.444809 -0.243712 -0.018876
v 0.437612 -0.258168 0.080761
v 0.443601 -0.295716 0.004532
v 0.443120 -0.298657 0.055055
v 0.438797 -0.204679 0.007887
v 0.436186 -0.210763 0.053639
v 0.363875 -0.162480 -0.267201
v 0.300792 -0.113544 -0.318925
v 0.340523 -0.112145 -0.269371
v 0.312830 -0.091664 -0.298617
v 0.355269 -0.194553 -0.296549
v 0.319846 -0.169779 -0.321154
v 0.406100 -0.110039 -0.076818
v 0.389440 -0.058958 -0.037790
v 0.386560 -0.073755 -0.095466
v 0.379406 -0.046452 -0.075985
v 0.412143 -0.120830 -0.037001
v 0.402304 -0.091959 -0.015337
v 0.411156 -0.297648 0.403394
v 0.407242 -0.297603 0.515306
v 0.412370 -0.252251 0.410242
v 0.410363 -0.247537 0.461812
v 0.405476 -0.355873 0.453171
v 0.405207 -0.357981 0.511082
v 0.420173 -0.150021 0.138635
v 0.400633 -0.082446 0.083157
v 0.411159 -0.118892 0.154219
v 0.403204 -0.085930 0.126055
v 0.420226 -0.141182 0.093546
v 0.410568 -0.107265 0.068001
v 0.178670 -0.094133 0.852643
v 0.287896 -0.155808 0.802783
v 0.186423 -0.158013 0.874224
v 0.244078 -0.190508 0.847962
v 0.226539 -0.065466 0.804443
v 0.276438 -0.096257 0.778861
v -0.178431 -0.094587 0.853265
v -0.286896 -0.157039 0.803317
v -0.187230 -0.157481 0.881691
v -0.239151 -0.191310 0.848515
v -0.227065 -0.065649 0.805684
v -0.275276 -0.096248 0.780424
v 0.151024 0.058234 0.727766
v 0.206832 0.065979 0.614937
v 0.136704 0.089447 0.673979
v 0.166301 0.089535 0.620661
v 0.199423 0.031309 0.724247
v 0.225620 0.038147 0.665884
v -0.149696 0.058116 0.728918
v -0.205777 0.066297 0.615353
v -0.136172 0.090393 0.674876
v -0.166382 0.089392 0.622234
v -0.198718 0.031885 0.724195
v -0.224951 0.039434 0.664520
v 0.345016 -0.082440 0.625115
v 0.306056 -0.009382 0.563712
v 0.348111 -0.066178 0.563500
v 0.330742 -0.030852 0.536517
v 0.316774 -0.057318 0.657733
v 0.298057 -0.017637 0.626552
v -0.344729 -0.085328 0.623480
v -0.306705 -0.006837 0.565218
v -0.348781 -0.067004 0.565346
v -0.332653 -0.028965 0.537905
v -0.315889 -0.057742 0.658102
v -0.296106 -0.017247 0.623618
v 0.119596 0.014821 -0.642769
v 0.161934 0.013822 -0.540489
v 0.101435 0.014497 -0.580729
v 0.122144 0.009921 -0.535482
v 0.166696 0.018616 -0.656483
v 0.184080 0.021709 -0.596574
v -0.119667 0.011026 -0.642618
v -0.161482 0.013598 -0.540012
v -0.102784 0.013036 -0.581215
v -0.124687 0.011386 -0.535755
v -0.166460 0.019802 -0.657467
v -0.186515 0.023118 -0.599531
v 0.188964 0.044193 -0.864820
v 0.323984 0.112128 -0.885389
v 0.209411 0.100781 -0.938008
v 0.277040 0.144924 -0.947793
v 0.231118 0.029627 -0.807364
v 0.291738 0.055348 -0.812869
v -0.193811 0.045659 -0.866985
v -0.323674 0.112048 -0.886310
v -0.212106 0.100392 -0.937407
v -0.278440 0.144845 -0.947188
v -0.233251 0.031268 -0.809019
v -0.293602 0.058644 -0.816588
v 0.263335 0.044070 -0.525254
v 0.316764 0.098366 -0.623500
v 0.288437 0.061818 -0.506434
v 0.308972 0.091066 -0.550551
v 0.259929 0.050575 -0.590903
v 0.292862 0.071097 -0.646061
v -0.264529 0.047130 -0.528181
v -0.317515 0.099887 -0.627701
v -0.287637 0.061706 -0.511432
v -0.308957 0.090893 -0.551039
v -0.260363 0.049519 -0.593551
v -0.291419 0.072751 -0.649053
v -0.157601 0.346629 -0.189313
v -0.175853 0.422192 -0.221757
v -0.142587 0.372716 -0.182835
v -0.161742 0.458826 -0.216339
v -0.176536 0.289234 -0.172163
v -0.144143 0.322970 -0.170724
v -0.169366 0.269268 -0.146084
v -0.200627 0.395137 -0.238021
v -0.183165 0.480465 -0.246564
v -0.216134 0.449934 -0.266928
v -0.194238 0.310136 -0.198726
v -0.217386 0.398447 -0.255501
v -0.207701 0.303758 -0.206853
v -0.186383 0.258122 -0.141875
v -0.201749 0.271868 -0.173958
v 0.151940 0.347775 -0.191135
v 0.170046 0.419910 -0.225150
v 0.135034 0.372518 -0.190373
v 0.154979 0.455398 -0.227318
v 0.170655 0.288786 -0.168728
v 0.141194 0.321803 -0.173237
v 0.168225 0.269331 -0.142700
v 0.199408 0.394485 -0.228397
v 0.178175 0.478273 -0.247478
v 0.215911 0.451278 -0.253588
v 0.191295 0.307758 -0.193211
v 0.219631 0.400061 -0.239590
v 0.203926 0.301084 -0.198549
v 0.184713 0.257796 -0.137296
v 0.199568 0.269199 -0.168080
v -0.310172 -0.644347 0.059298
v -0.349990 -0.732626 -0.016089
v -0.267669 -0.659046 0.060532
v -0.297840 -0.789864 -0.013935
v -0.355222 -0.581283 0.098343
v -0.285511 -0.642845 0.122487
v -0.337100 -0.583070 0.158810
v -0.407649 -0.645449 -0.051251
v -0.371571 -0.838590 -0.049220
v -0.425225 -0.690921 -0.110395
v -0.399604 -0.556717 0.021474
v -0.428950 -0.598595 -0.087342
v -0.423546 -0.510232 -0.005179
v -0.367430 -0.541455 0.133388
v -0.405470 -0.502061 0.052037
v 0.306741 -0.645893 0.063542
v 0.345991 -0.732676 -0.014403
v 0.263680 -0.662759 0.061020
v 0.292276 -0.788632 -0.014658
v 0.352218 -0.580348 0.097877
v 0.283984 -0.641829 0.122294
v 0.337056 -0.581792 0.158967
v 0.407230 -0.647595 -0.050024
v 0.364933 -0.838824 -0.043889
v 0.425479 -0.691949 -0.107979
v 0.397321 -0.555141 0.023757
v 0.428295 -0.600817 -0.084221
v 0.416004 -0.512829 -0.001747
v 0.364438 -0.541574 0.135725
v 0.403915 -0.502060 0.053414
v -0.002358 -0.569001 0.841205
v -0.098046 -0.519729 0.855868
v -0.045521 -0.608563 0.828981
v -0.152029 -0.577506 0.849806
v 0.096673 -0.522503 0.854550
v 0.034875 -0.608937 0.824746
v 0.145192 -0.583143 0.846866
v 0.058760 -0.423749 0.877684
v -0.055496 -0.423127 0.877525
v 0.064229 -0.362881 0.891728
v -0.058441 -0.362474 0.892299
v 0.164766 -0.515532 0.852417
v 0.121594 -0.398960 0.877091
v -0.165425 -0.510153 0.854808
v -0.115885 -0.397926 0.878044
v 0.000063 0.152202 0.341324
v -0.042219 0.143547 0.388575
v -0.015332 0.165880 0.296667
v -0.059753 0.147136 0.345452
v 0.042732 0.144365 0.390336
v 0.014237 0.165581 0.295589
v 0.060456 0.150095 0.346605
v 0.028821 0.139689 0.474326
v -0.028492 0.140709 0.477110
v 0.034920 0.139063 0.528658
v -0.031858 0.141955 0.533481
v 0.072572 0.140892 0.397899
v 0.061865 0.135767 0.491111
v -0.073901 0.140496 0.398104
v -0.062541 0.136371 0.492335
v -0.000644 -0.242326 -0.476169
v -0.046102 -0.187914 -0.479949
v -0.020376 -0.289936 -0.474376
v -0.074330 -0.228188 -0.470086
v 0.045871 -0.188145 -0.479790
v 0.020286 -0.290084 -0.469522
v 0.072972 -0.228555 -0.468602
v 0.024684 -0.109461 -0.491371
v -0.024359 -0.110590 -0.491972
v 0.023781 -0.059470 -0.500963
v -0.027149 -0.062715 -0.501996
v 0.077714 -0.175961 -0.469829
v 0.049276 -0.088614 -0.488350
v -0.078144 -0.174177 -0.472170
v -0.053097 -0.089709 -0.487749
v -0.000075 0.587556 -0.827117
v -0.088268 0.518340 -0.853940
v -0.033488 0.648401 -0.802820
v -0.131464 0.568742 -0.828692
v 0.089162 0.518930 -0.852994
v 0.036722 0.645699 -0.802746
v 0.129815 0.571121 -0.827708
v 0.056771 0.410053 -0.902638
v -0.056231 0.410312 -0.900620
v 0.062503 0.337491 -0.931679
v -0.063713 0.338649 -0.929330
v 0.150288 0.498264 -0.854552
v 0.120519 0.381620 -0.917733
v -0.150392 0.496527 -0.856706
v -0.120989 0.383007 -0.917875
v 0.330783 0.105675 -0.320460
v 0.334544 0.080824 -0.251968
v 0.330476 0.131221 -0.328607
v 0.334305 0.103441 -0.254739
v 0.326497 0.031159 -0.275627
v 0.334860 0.037770 -0.229503
v 0.328492 0.004052 -0.256080
v 0.338754 0.010629 -0.204951
v 0.323818 0.072514 -0.335723
v 0.321117 0.018545 -0.293483
v 0.320163 0.061395 -0.356216
v 0.332700 0.128265 -0.364539
v 0.323133 0.091048 -0.378004
v 0.336519 0.076789 -0.220178
v 0.339148 0.029454 -0.193335
v 0.359482 -0.015280 0.294059
v 0.369394 -0.018375 0.244241
v 0.348821 0.004581 0.272286
v 0.357506 -0.002060 0.219535
v 0.389172 -0.076239 0.328971
v 0.387125 -0.057422 0.260936
v 0.398013 -0.102570 0.328577
v 0.392694 -0.077871 0.255983
v 0.372200 -0.046651 0.350271
v 0.394326 -0.098337 0.366747
v 0.375968 -0.063962 0.392350
v 0.348648 -0.003539 0.313155
v 0.362804 -0.036212 0.376109
v 0.368225 -0.013735 0.207548
v 0.386573 -0.050786 0.226384
v -0.329661 0.105405 -0.321513
v -0.335766 0.081322 -0.255772
v -0.329864 0.130048 -0.329453
v -0.334250 0.103386 -0.255297
v -0.325204 0.032277 -0.280493
v -0.333649 0.039020 -0.234775
v -0.328565 0.004930 -0.259078
v -0.338041 0.011901 -0.207849
v -0.325262 0.071274 -0.334588
v -0.319573 0.018391 -0.295930
v -0.319773 0.062439 -0.358571
v -0.331639 0.128688 -0.367430
v -0.324169 0.090736 -0.380861
v -0.338719 0.076486 -0.222174
v -0.340028 0.030497 -0.199450
v -0.359114 -0.013730 0.293652
v -0.367335 -0.017862 0.244047
v -0.348289 0.006725 0.273283
v -0.355804 -0.000714 0.217582
v -0.388631 -0.077342 0.326843
v -0.385855 -0.053783 0.261817
v -0.397666 -0.101988 0.327007
v -0.394755 -0.075903 0.257260
v -0.373203 -0.045783 0.347856
v -0.392054 -0.098608 0.366214
v -0.373658 -0.062661 0.390315
v -0.347836 -0.001893 0.311203
v -0.361755 -0.034106 0.376219
v -0.366627 -0.012543 0.206934
v -0.387111 -0.051127 0.225634
v -0.046128 0.451963 -0.181466
v -0.056511 0.567970 -0.219419
v -0.075932 0.439683 -0.181182
v -0.089505 0.547455 -0.217395
v 0.042194 0.457893 -0.169838
v 0.048905 0.573362 -0.212657
v 0.072233 0.446797 -0.161895
v 0.080666 0.559345 -0.209487
v -0.002847 0.405351 -0.169548
v -0.056554 0.392547 -0.171041
v -0.014442 0.350722 -0.159656
v -0.004907 0.650043 -0.243823
v -0.082745 0.614827 -0.253643
v -0.026934 0.700586 -0.288856
v 0.053551 0.394570 -0.162289
v 0.011886 0.349785 -0.160286
v 0.074578 0.616426 -0.252711
v 0.018769 0.704560 -0.286053
v -0.109082 0.254468 -0.047775
v -0.155814 0.235488 0.014891
v -0.115218 0.258978 -0.090933
v -0.160556 0.235959 -0.031177
v -0.078903 0.233963 0.101716
v -0.129823 0.212814 0.159200
v -0.063963 0.219016 0.152997
v -0.112979 0.195029 0.205527
v -0.072175 0.252607 -0.003476
v -0.091552 0.263363 -0.099085
v -0.055304 0.259617 -0.059567
v -0.175062 0.222338 0.118919
v -0.181888 0.222333 0.018573
v -0.197316 0.202553 0.119737
v -0.046668 0.234195 0.098522
v -0.043275 0.253837 -0.008965
v -0.145137 0.188363 0.210193
v -0.187581 0.193392 0.166699
v -0.227771 0.753949 -0.432536
v -0.359944 0.714472 -0.437704
v -0.219711 0.677909 -0.375457
v -0.312666 0.645773 -0.386131
v -0.211238 0.846365 -0.619628
v -0.282685 0.726402 -0.640424
v -0.166640 0.797185 -0.676759
v -0.251847 0.705672 -0.705176
v -0.257150 0.975201 -0.517926
v -0.187329 0.729101 -0.388860
v -0.166972 0.866495 -0.457251
v -0.467368 0.750694 -0.555093
v -0.406769 0.663485 -0.405411
v -0.542832 0.701478 -0.506376
v -0.147621 0.845637 -0.621300
v -0.180733 0.988722 -0.517729
v -0.305837 0.668426 -0.682176
v -0.434116 0.665103 -0.598768
v -0.277142 0.363035 -0.311484
v -0.260084 0.259157 -0.236293
v -0.266737 0.381291 -0.298452
v -0.248026 0.274229 -0.228016
v -0.303894 0.260931 -0.336460
v -0.301936 0.195779 -0.248976
v -0.310695 0.225848 -0.340185
v -0.314009 0.171345 -0.252633
v -0.303292 0.365616 -0.368956
v -0.288986 0.439130 -0.342879
v -0.312275 0.447886 -0.408309
v -0.285135 0.196762 -0.201322
v -0.257903 0.228539 -0.191891
v -0.285909 0.175069 -0.156121
v -0.314401 0.275309 -0.382366
v -0.318243 0.387711 -0.418159
v -0.312942 0.160792 -0.208933
v -0.300037 0.156792 -0.161400
v -0.253265 0.156867 0.029157
v -0.264371 0.153313 -0.016025
v -0.235941 0.181592 -0.013516
v -0.248130 0.180614 -0.057410
v -0.299079 0.090754 0.148882
v -0.312293 0.082397 0.100264
v -0.309954 0.068063 0.182404
v -0.321931 0.060112 0.130784
v -0.269842 0.126970 0.115520
v -0.236289 0.172576 0.029916
v -0.253020 0.144108 0.117269
v -0.295259 0.113233 0.018599
v -0.263131 0.164389 -0.060256
v -0.292291 0.128156 -0.023086
v -0.296922 0.082936 0.192978
v -0.268957 0.120685 0.160244
v -0.321194 0.070152 0.088241
v -0.307917 0.102148 0.013315
v 0.107506 0.253669 -0.045218
v 0.153617 0.235364 0.016213
v 0.115917 0.257981 -0.090052
v 0.158591 0.237686 -0.030591
v 0.078257 0.235794 0.102770
v 0.127917 0.213446 0.159718
v 0.061706 0.220895 0.152494
v 0.112479 0.194555 0.208041
v 0.069728 0.251738 -0.003722
v 0.089046 0.263599 -0.099747
v 0.053531 0.259007 -0.058834
v 0.045436 0.240297 0.099030
v 0.041355 0.253473 -0.008516
v 0.174562 0.223000 0.118439
v 0.177952 0.224124 0.020938
v 0.198076 0.205548 0.120768
v 0.142402 0.187865 0.209897
v 0.187605 0.192588 0.164908
v 0.230868 0.753317 -0.431954
v 0.351769 0.719706 -0.441419
v 0.214782 0.679278 -0.374760
v 0.308438 0.648679 -0.384477
v 0.213245 0.847932 -0.619795
v 0.274200 0.732496 -0.634888
v 0.167149 0.798285 -0.675970
v 0.249755 0.708379 -0.702567
v 0.256152 0.975448 -0.516648
v 0.185817 0.727905 -0.390058
v 0.164220 0.865819 -0.457516
v 0.147754 0.847013 -0.622552
v 0.180027 0.989591 -0.518401
v 0.412392 0.754270 -0.553919
v 0.402883 0.671495 -0.412181
v 0.529453 0.709763 -0.537402
v 0.298100 0.669556 -0.676664
v 0.402909 0.663655 -0.582964
v 0.272362 0.359888 -0.309362
v 0.254914 0.258876 -0.233139
v 0.263020 0.382104 -0.293959
v 0.242759 0.274718 -0.223399
v 0.304957 0.260565 -0.334385
v 0.300602 0.195559 -0.248271
v 0.311995 0.225349 -0.338108
v 0.312464 0.168748 -0.252270
v 0.298971 0.365009 -0.367295
v 0.284656 0.437503 -0.338708
v 0.310170 0.443974 -0.407865
v 0.285503 0.197757 -0.201742
v 0.253256 0.228194 -0.187988
v 0.285964 0.175955 -0.154944
v 0.315885 0.275801 -0.380984
v 0.316578 0.387680 -0.419219
v 0.312412 0.157475 -0.209086
v 0.298055 0.161476 -0.161098
v 0.250724 0.161281 0.028897
v 0.263776 0.152616 -0.015804
v 0.233638 0.182893 -0.014348
v 0.245375 0.180056 -0.054463
v 0.296247 0.088919 0.150644
v 0.310867 0.080756 0.097949
v 0.311146 0.065265 0.184277
v 0.323011 0.060479 0.131907
v 0.268955 0.127451 0.114551
v 0.236481 0.176172 0.028997
v 0.253925 0.145508 0.119548
v 0.294530 0.114460 0.019709
v 0.260929 0.166573 -0.057637
v 0.292861 0.125104 -0.023625
v 0.296576 0.081530 0.193271
v 0.267176 0.122755 0.160021
v 0.320514 0.067918 0.090947
v 0.308663 0.101017 0.013809
v -0.076225 -0.670477 0.087350
v -0.080181 -0.676533 -0.046257
v -0.127664 -0.675506 0.080381
v -0.130209 -0.719873 -0.047888
v 0.081148 -0.668589 0.087220
v 0.082043 -0.675366 -0.048365
v 0.129674 -0.679886 0.082869
v 0.129841 -0.718469 -0.048559
v 0.001295 -0.665494 0.161908
v -0.101571 -0.671265 0.157014
v -0.025085 -0.674842 0.235435
v 0.001532 -0.638986 -0.106969
v -0.107708 -0.708047 -0.111981
v -0.032550 -0.626692 -0.162885
v 0.104068 -0.673650 0.155611
v 0.026058 -0.672518 0.234086
v 0.106540 -0.708876 -0.112454
v 0.033740 -0.626937 -0.162576
v -0.214500 -0.690791 0.467821
v -0.301692 -0.659614 0.479155
v -0.229224 -0.676787 0.370276
v -0.301089 -0.624709 0.393358
v -0.190616 -0.983196 0.673888
v -0.363801 -0.884163 0.717501
v -0.175594 -0.930438 0.807507
v -0.332765 -0.851066 0.812475
v -0.161592 -0.790062 0.522882
v -0.182101 -0.687214 0.382923
v -0.116691 -0.714219 0.464211
v -0.362109 -0.705396 0.576140
v -0.331327 -0.602257 0.428060
v -0.367634 -0.606191 0.528383
v -0.093385 -0.886561 0.692770
v -0.103190 -0.755046 0.527559
v -0.386176 -0.770869 0.753227
v -0.383206 -0.641766 0.604244
v -0.258611 -0.729854 -0.355335
v -0.357196 -0.615762 -0.357026
v -0.301442 -0.866076 -0.353742
v -0.406653 -0.688006 -0.330445
v -0.139667 -0.481734 -0.377794
v -0.207183 -0.410650 -0.388742
v -0.107402 -0.428038 -0.399447
v -0.170136 -0.360939 -0.411377
v -0.151067 -0.600719 -0.341957
v -0.197303 -0.811289 -0.346707
v -0.119508 -0.638091 -0.310457
v -0.300124 -0.449656 -0.362394
v -0.400546 -0.567743 -0.327673
v -0.343549 -0.417353 -0.347842
v -0.086074 -0.479780 -0.379627
v -0.090034 -0.576946 -0.330327
v -0.214048 -0.342423 -0.400043
v -0.298375 -0.368398 -0.365431
v -0.431402 -0.322891 -0.174500
v -0.439934 -0.280554 -0.095687
v -0.439338 -0.392344 -0.159558
v -0.443767 -0.339050 -0.076763
v -0.384699 -0.148973 -0.206005
v -0.399371 -0.129312 -0.142006
v -0.365937 -0.103951 -0.215607
v -0.380940 -0.087752 -0.155106
v -0.402826 -0.242001 -0.227983
v -0.430684 -0.379922 -0.210098
v -0.398351 -0.285700 -0.259575
v -0.429455 -0.183676 -0.085031
v -0.443967 -0.287212 -0.046872
v -0.435973 -0.191071 -0.040989
v -0.366275 -0.130136 -0.239723
v -0.380406 -0.219418 -0.263715
v -0.396099 -0.097714 -0.117193
v -0.422357 -0.147822 -0.060270
v -0.407483 -0.374824 0.255055
v -0.421580 -0.314566 0.160975
v -0.397713 -0.418534 0.230547
v -0.420466 -0.359136 0.137034
v -0.416859 -0.243125 0.303526
v -0.420042 -0.194532 0.215641
v -0.415411 -0.205832 0.314685
v -0.414394 -0.159980 0.228286
v -0.409267 -0.340302 0.334074
v -0.392114 -0.429192 0.293937
v -0.399199 -0.395337 0.379132
v -0.424629 -0.226049 0.150061
v -0.429658 -0.308214 0.107117
v -0.431648 -0.216887 0.100002
v -0.414860 -0.249704 0.357017
v -0.410567 -0.347418 0.394048
v -0.416659 -0.156258 0.181346
v -0.423891 -0.180035 0.120417
v 0.218454 -0.682566 0.458409
v 0.299099 -0.657711 0.474568
v 0.234058 -0.670312 0.364746
v 0.300472 -0.621958 0.388157
v 0.159593 -0.951616 0.612492
v 0.334329 -0.934108 0.697383
v 0.106432 -0.904031 0.749738
v 0.295263 -0.911198 0.808517
v 0.159250 -0.760578 0.506299
v 0.188642 -0.687608 0.377558
v 0.116204 -0.705433 0.452636
v 0.090897 -0.793961 0.642439
v 0.090309 -0.731153 0.512935
v 0.357822 -0.717762 0.567791
v 0.329502 -0.601447 0.427195
v 0.366377 -0.613909 0.523919
v 0.375714 -0.826290 0.757808
v 0.381621 -0.659190 0.601499
v 0.256933 -0.729287 -0.354574
v 0.357407 -0.617739 -0.357867
v 0.302980 -0.870206 -0.352339
v 0.407275 -0.691049 -0.329252
v 0.140907 -0.481559 -0.379322
v 0.208001 -0.413476 -0.387726
v 0.107425 -0.428200 -0.402722
v 0.170948 -0.361974 -0.412400
v 0.152340 -0.601985 -0.341517
v 0.200309 -0.812640 -0.347182
v 0.121526 -0.638229 -0.311943
v 0.085829 -0.479999 -0.379663
v 0.091562 -0.578307 -0.331460
v 0.300382 -0.451151 -0.361814
v 0.402403 -0.569623 -0.327857
v 0.343359 -0.419835 -0.346098
v 0.215176 -0.345850 -0.398960
v 0.300209 -0.371154 -0.366744
v 0.430947 -0.324590 -0.172599
v 0.441222 -0.282175 -0.094604
v 0.437075 -0.393484 -0.158515
v 0.444172 -0.342064 -0.074545
v 0.385702 -0.149569 -0.202512
v 0.401749 -0.130577 -0.137767
v 0.367220 -0.104794 -0.212381
v 0.381942 -0.089613 -0.154056
v 0.401719 -0.243292 -0.225174
v 0.429747 -0.381176 -0.208560
v 0.397862 -0.286396 -0.259171
v 0.429872 -0.187597 -0.084061
v 0.445001 -0.288545 -0.045998
v 0.437669 -0.194638 -0.040179
v 0.366001 -0.131243 -0.237877
v 0.382853 -0.222187 -0.264267
v 0.394082 -0.100271 -0.116007
v 0.425599 -0.152470 -0.058057
v 0.407762 -0.374395 0.254231
v 0.425591 -0.313824 0.162207
v 0.399983 -0.416197 0.231498
v 0.422376 -0.357279 0.136993
v 0.416875 -0.245740 0.305169
v 0.420779 -0.196614 0.218543
v 0.415851 -0.205693 0.315263
v 0.416277 -0.160442 0.231062
v 0.409233 -0.339825 0.333786
v 0.392312 -0.428339 0.293554
v 0.397547 -0.395580 0.379553
v 0.428929 -0.225852 0.149957
v 0.432777 -0.305758 0.107523
v 0.435757 -0.214439 0.101775
v 0.414054 -0.250794 0.358381
v 0.407124 -0.348597 0.391855
v 0.416267 -0.155567 0.185192
v 0.426749 -0.181147 0.122300
v 0.062324 -0.098336 0.899998
v -0.062413 -0.096875 0.904127
v 0.069881 -0.164119 0.957897
v -0.069178 -0.166509 0.956429
v 0.052799 0.067186 0.762784
v -0.052653 0.066522 0.762990
v 0.047616 0.099430 0.707830
v -0.048031 0.100235 0.706214
v 0.113983 -0.006818 0.822554
v 0.125886 -0.127006 0.896853
v 0.170749 -0.035299 0.818382
v -0.113491 -0.006436 0.822083
v -0.125387 -0.127847 0.900285
v -0.170810 -0.035986 0.818721
v 0.098662 0.080009 0.721308
v 0.161931 0.017281 0.777059
v -0.097792 0.080340 0.721588
v -0.161508 0.016004 0.778052
v 0.362289 -0.370677 0.734894
v 0.331075 -0.259173 0.774230
v 0.337175 -0.420698 0.787988
v 0.291894 -0.299625 0.815291
v 0.400109 -0.229916 0.565508
v 0.379462 -0.156471 0.604427
v 0.399364 -0.192696 0.510988
v 0.381770 -0.129896 0.546751
v 0.393547 -0.342494 0.626440
v 0.370291 -0.458083 0.743353
v 0.395007 -0.417508 0.628954
v 0.404842 -0.240691 0.515384
v 0.401122 -0.353968 0.570622
v 0.351854 -0.158750 0.708218
v 0.291142 -0.224914 0.813674
v 0.320655 -0.127168 0.747995
v 0.365349 -0.108604 0.587728
v 0.335049 -0.103739 0.687080
v -0.358765 -0.369399 0.736034
v -0.328362 -0.259371 0.775561
v -0.333722 -0.417486 0.790248
v -0.287962 -0.299588 0.818358
v -0.398578 -0.228476 0.566709
v -0.379683 -0.156482 0.604001
v -0.399222 -0.191212 0.510936
v -0.383576 -0.127285 0.544591
v -0.393618 -0.340884 0.628735
v -0.370442 -0.451968 0.747070
v -0.394844 -0.412028 0.630586
v -0.404505 -0.241249 0.515333
v -0.399503 -0.352492 0.572140
v -0.352100 -0.160114 0.711838
v -0.290026 -0.225743 0.815976
v -0.318284 -0.127817 0.749828
v -0.369131 -0.106548 0.588131
v -0.336357 -0.104058 0.690504
v 0.205397 0.106332 0.409549
v 0.209947 0.087456 0.510021
v 0.173667 0.119581 0.408728
v 0.171928 0.105412 0.512590
v 0.285172 0.057225 0.381657
v 0.295305 0.027910 0.470347
v 0.304115 0.039446 0.366598
v 0.318438 0.010474 0.450639
v 0.245401 0.094900 0.350757
v 0.188661 0.122506 0.357027
v 0.229487 0.114444 0.307582
v 0.290200 0.061920 0.330837
v 0.253967 0.099432 0.301059
v 0.259395 0.045526 0.544962
v 0.189963 0.088141 0.564381
v 0.243492 0.042071 0.603710
v 0.314217 0.000052 0.505354
v 0.277564 0.016414 0.585941
v -0.205548 0.104609 0.408416
v -0.209298 0.087275 0.511648
v -0.175227 0.116774 0.410518
v -0.172779 0.104282 0.515303
v -0.284759 0.057304 0.383639
v -0.296072 0.028909 0.472937
v -0.304970 0.040535 0.366396
v -0.317633 0.010927 0.449660
v -0.247851 0.092941 0.353409
v -0.189778 0.121852 0.361186
v -0.229714 0.114642 0.306790
v -0.289247 0.061514 0.333700
v -0.253742 0.100111 0.302152
v -0.258850 0.045333 0.545925
v -0.190163 0.088680 0.565040
v -0.243282 0.042332 0.603181
v -0.311236 0.002146 0.504986
v -0.275848 0.016089 0.585453
v 0.042037 0.003645 -0.666064
v -0.042682 0.005283 -0.665797
v 0.036141 0.012977 -0.603000
v -0.036148 0.011992 -0.605031
v 0.063692 0.050325 -0.871079
v -0.065919 0.052458 -0.869326
v 0.069332 0.109081 -0.917786
v -0.069918 0.108827 -0.916739
v 0.104689 0.003115 -0.765254
v 0.072800 0.011605 -0.625498
v 0.140901 0.007241 -0.713733
v -0.107935 0.001228 -0.767283
v -0.075761 0.012233 -0.626588
v -0.141400 0.011351 -0.713969
v 0.135656 0.066441 -0.909986
v 0.167926 0.011130 -0.789970
v -0.138908 0.067605 -0.909529
v -0.169281 0.012324 -0.790726
v 0.192211 -0.096172 -0.407084
v 0.162890 -0.018191 -0.449998
v 0.166501 -0.116064 -0.424443
v 0.134101 -0.031092 -0.461350
v 0.262050 -0.042149 -0.355383
v 0.252924 0.008407 -0.427602
v 0.282251 -0.027984 -0.339757
v 0.277921 0.020095 -0.415905
v 0.249179 -0.108855 -0.364573
v 0.202006 -0.152520 -0.404962
v 0.263703 -0.165504 -0.366641
v 0.285493 -0.064039 -0.319888
v 0.285226 -0.138766 -0.344313
v 0.211051 0.010787 -0.485899
v 0.142145 0.001372 -0.492025
v 0.197458 0.019153 -0.539459
v 0.268822 0.034257 -0.467318
v 0.232855 0.031827 -0.536019
v -0.193299 -0.095873 -0.408068
v -0.164520 -0.016813 -0.451628
v -0.167589 -0.115665 -0.426062
v -0.131725 -0.027711 -0.457860
v -0.261169 -0.037417 -0.353431
v -0.251225 0.010884 -0.428546
v -0.280221 -0.024936 -0.341227
v -0.275337 0.021286 -0.414883
v -0.251094 -0.106548 -0.365752
v -0.202418 -0.153503 -0.407601
v -0.266080 -0.163680 -0.366516
v -0.285252 -0.065102 -0.324744
v -0.284540 -0.138291 -0.343886
v -0.212207 0.013001 -0.487053
v -0.145354 0.001377 -0.491041
v -0.198927 0.020031 -0.542619
v -0.270080 0.035014 -0.467990
v -0.232583 0.031784 -0.539198
v 0.350632 0.367413 -0.783976
v 0.369939 0.238740 -0.879242
v 0.316789 0.406790 -0.827460
v 0.325898 0.278059 -0.931534
v 0.351581 0.249971 -0.588402
v 0.348959 0.170115 -0.623466
v 0.344338 0.216011 -0.524362
v 0.338010 0.151311 -0.550701
v 0.352234 0.354677 -0.650775
v 0.328888 0.442611 -0.756724
v 0.346723 0.426682 -0.639589
v 0.343037 0.268031 -0.532740
v 0.345747 0.376897 -0.586751
v 0.370212 0.141245 -0.767758
v 0.335848 0.189223 -0.931000
v 0.339874 0.096105 -0.800530
v 0.331976 0.125631 -0.591280
v 0.326902 0.101771 -0.706524
v -0.352616 0.366237 -0.783580
v -0.369449 0.239660 -0.878149
v -0.317180 0.405077 -0.825511
v -0.326071 0.279050 -0.931443
v -0.349368 0.252575 -0.588691
v -0.349915 0.170361 -0.626514
v -0.342356 0.217231 -0.524843
v -0.337794 0.151258 -0.553159
v -0.349616 0.353861 -0.652872
v -0.326204 0.441924 -0.759117
v -0.344700 0.424903 -0.641680
v -0.341705 0.268846 -0.533721
v -0.344289 0.377289 -0.589242
v -0.367199 0.140623 -0.767029
v -0.335804 0.190004 -0.931993
v -0.342742 0.095671 -0.804217
v -0.331122 0.126330 -0.594192
v -0.329823 0.100371 -0.710283
v 0.352853 0.041341 -0.066440
v 0.367610 -0.005213 -0.049976
v 0.348025 0.051224 -0.106159
v 0.362225 0.003670 -0.088461
v 0.360508 0.012347 0.051518
v 0.380193 -0.030172 0.069537
v 0.363698 0.003401 0.091668
v 0.383061 -0.035859 0.108586
v 0.349658 0.046383 -0.016366
v 0.344093 0.069451 -0.096850
v 0.339129 0.072719 -0.049461
v 0.352019 0.027497 0.063274
v 0.340740 0.061108 -0.009003
v 0.385091 -0.043534 0.015594
v 0.373992 -0.027204 -0.061235
v 0.395156 -0.066383 0.000699
v 0.394065 -0.057467 0.096525
v 0.399546 -0.075387 0.042262
v -0.353752 0.042202 -0.067122
v -0.368235 -0.004377 -0.049673
v -0.350181 0.051670 -0.105984
v -0.361442 0.005177 -0.086564
v -0.359820 0.013747 0.049741
v -0.379502 -0.027660 0.068698
v -0.363853 0.006431 0.090811
v -0.383648 -0.034114 0.108292
v -0.348199 0.047204 -0.019858
v -0.346460 0.069359 -0.098875
v -0.338851 0.074844 -0.051099
v -0.351881 0.030357 0.060787
v -0.339788 0.062476 -0.010272
v -0.384883 -0.039698 0.015609
v -0.372951 -0.025078 -0.062844
v -0.391956 -0.062069 0.001263
v -0.389858 -0.053668 0.093909
v -0.397972 -0.067235 0.041833
v -0.106210 0.361492 -0.169633
v -0.112908 0.310468 -0.156072
v -0.144699 0.558981 -0.246055
v -0.171139 0.583762 -0.286826
v -0.090616 0.324326 -0.156854
v -0.143104 0.622347 -0.291749
v -0.182298 0.233259 -0.067029
v -0.202870 0.219668 -0.063802
v -0.202324 0.211394 -0.020916
v -0.268373 0.521037 -0.326049
v -0.261134 0.460336 -0.309331
v -0.295298 0.528389 -0.352761
v -0.229669 0.252914 -0.181265
v -0.227871 0.227155 -0.141463
v -0.243945 0.214726 -0.143179
v 0.100849 0.361858 -0.168984
v 0.108624 0.306791 -0.156815
v 0.135079 0.554488 -0.256716
v 0.164184 0.583774 -0.291469
v 0.086341 0.323550 -0.156827
v 0.135714 0.623615 -0.294160
v 0.182884 0.230965 -0.064582
v 0.199383 0.220143 -0.059046
v 0.199693 0.211970 -0.019178
v 0.265537 0.523969 -0.314485
v 0.260244 0.457996 -0.295375
v 0.291077 0.528458 -0.343641
v 0.225012 0.252433 -0.179550
v 0.225401 0.226616 -0.137247
v 0.240371 0.214825 -0.140154
v -0.197644 -0.676483 0.140144
v -0.223758 -0.683149 0.211030
v -0.183897 -0.909267 -0.072955
v -0.255401 -0.985839 -0.174092
v -0.176072 -0.680500 0.222702
v -0.139372 -0.919532 -0.193248
v -0.339304 -0.558276 0.273023
v -0.367360 -0.510700 0.235858
v -0.358861 -0.522877 0.307279
v -0.447981 -0.629943 -0.222178
v -0.444125 -0.539925 -0.178933
v -0.440861 -0.533479 -0.240558
v -0.438497 -0.399403 -0.002211
v -0.429033 -0.401137 0.053713
v -0.438833 -0.346915 0.027381
v 0.199272 -0.677177 0.140310
v 0.226257 -0.681502 0.206860
v 0.176717 -0.904581 -0.079209
v 0.253083 -0.985128 -0.175222
v 0.179124 -0.684811 0.221261
v 0.138659 -0.918251 -0.194835
v 0.340552 -0.556884 0.269825
v 0.366965 -0.507838 0.235549
v 0.356661 -0.521791 0.304337
v 0.447477 -0.630902 -0.216981
v 0.449470 -0.542635 -0.177603
v 0.440203 -0.533093 -0.236523
v 0.436176 -0.402077 0.000289
v 0.426750 -0.402276 0.055041
v 0.439360 -0.348707 0.030469
v -0.058699 -0.653809 0.773411
v 0.037266 -0.636637 0.759720
v -0.293193 -0.650992 0.841936
v -0.295820 -0.550522 0.833009
v -0.018702 -0.627407 0.705166
v -0.352347 -0.610779 0.811126
v 0.288513 -0.669392 0.847696
v 0.296082 -0.559450 0.834427
v 0.351467 -0.628056 0.813340
v 0.129850 -0.264744 0.902758
v 0.189758 -0.296628 0.877821
v -0.123650 -0.263623 0.905042
v -0.182402 -0.297554 0.876874
v 0.189120 -0.227484 0.880656
v -0.188590 -0.227830 0.886955
v -0.015815 0.203318 0.199663
v 0.015594 0.204949 0.199333
v -0.111532 0.155388 0.303963
v -0.125639 0.140079 0.356022
v 0.001324 0.222537 0.148306
v -0.142320 0.148039 0.309402
v 0.111506 0.155816 0.303330
v 0.124169 0.142193 0.354667
v 0.141117 0.150194 0.307175
v 0.081284 0.126313 0.607468
v 0.112971 0.124852 0.562945
v -0.079953 0.126160 0.608085
v -0.112167 0.121769 0.561118
v 0.124054 0.108598 0.618137
v -0.124554 0.109627 0.618239
v -0.026222 -0.382143 -0.430158
v 0.024241 -0.382745 -0.429429
v -0.140980 -0.253542 -0.441469
v -0.140933 -0.193687 -0.442453
v -0.000257 -0.431355 -0.404930
v -0.176821 -0.234476 -0.424598
v 0.141994 -0.254275 -0.441514
v 0.140160 -0.196054 -0.441775
v 0.176703 -0.236828 -0.427012
v 0.055100 -0.001151 -0.523651
v 0.081855 -0.022573 -0.497199
v -0.056802 0.002603 -0.525058
v -0.080326 -0.021279 -0.496703
v 0.086027 0.008258 -0.528907
v -0.088741 0.008974 -0.529819
v -0.042354 0.771072 -0.742437
v 0.042610 0.771568 -0.741154
v -0.240642 0.603590 -0.797120
v -0.254022 0.522563 -0.818521
v -0.000174 0.820461 -0.695696
v -0.286729 0.567689 -0.776361
v 0.243970 0.605049 -0.795390
v 0.254667 0.522645 -0.818952
v 0.289619 0.570031 -0.772877
v 0.142736 0.223242 -0.967994
v 0.214014 0.271593 -0.987858
v -0.142350 0.223926 -0.960778
v -0.215663 0.272948 -0.988924
v 0.217722 0.180915 -0.983810
v -0.221706 0.181532 -0.984107
v 0.326076 0.194804 -0.379206
v 0.334823 0.192173 -0.423420
v 0.335868 0.119779 -0.211707
v 0.338719 0.088572 -0.179142
v 0.330197 0.235069 -0.429920
v 0.333730 0.109725 -0.173912
v 0.328252 -0.045106 -0.254011
v 0.313439 -0.030368 -0.288082
v 0.358568 -0.029773 -0.150946
v 0.355812 -0.009565 -0.137453
v 0.324961 -0.069291 -0.274770
v 0.369666 -0.040203 -0.113596
v 0.306070 0.065668 -0.427899
v 0.318123 0.095839 -0.458213
v 0.307049 0.076969 -0.486480
v 0.322472 0.040189 0.258766
v 0.324007 0.031015 0.303090
v 0.344324 0.025045 0.153004
v 0.356526 0.012628 0.141091
v 0.308132 0.054747 0.270643
v 0.342983 0.032298 0.111460
v 0.408555 -0.166900 0.369188
v 0.405179 -0.161070 0.415065
v 0.404489 -0.097406 0.209111
v 0.396249 -0.068294 0.178286
v 0.412744 -0.203797 0.413886
v 0.407453 -0.090959 0.167771
v 0.367562 -0.068795 0.474809
v 0.350516 -0.036520 0.452357
v 0.349136 -0.051124 0.506377
v -0.327216 0.195695 -0.382720
v -0.331578 0.192567 -0.425636
v -0.333294 0.116571 -0.214716
v -0.342694 0.088093 -0.176740
v -0.328316 0.234206 -0.433792
v -0.334021 0.107270 -0.174444
v -0.330130 -0.048437 -0.259063
v -0.312248 -0.030233 -0.290429
v -0.355113 -0.025949 -0.154193
v -0.355780 -0.006929 -0.139528
v -0.323673 -0.067286 -0.276811
v -0.369649 -0.039766 -0.118635
v -0.305831 0.063805 -0.430666
v -0.318741 0.095650 -0.460406
v -0.307585 0.076862 -0.488577
v -0.324085 0.039541 0.259020
v -0.322637 0.034013 0.303748
v -0.344820 0.026999 0.152139
v -0.354377 0.014348 0.139906
v -0.310247 0.056292 0.271506
v -0.344582 0.034455 0.111304
v -0.407115 -0.167377 0.366377
v -0.403612 -0.163167 0.414654
v -0.401426 -0.096815 0.205791
v -0.396805 -0.065784 0.175708
v -0.410415 -0.203816 0.412290
v -0.402982 -0.090964 0.166785
v -0.368286 -0.067975 0.474313
v -0.351597 -0.034380 0.452786
v -0.353980 -0.048877 0.508679
v -0.015016 0.273627 -0.114688
v 0.011090 0.272790 -0.115542
v -0.003010 0.263029 -0.064023
v -0.038289 0.795936 -0.400926
v 0.035281 0.795130 -0.400152
v -0.002770 0.831030 -0.460065
v -0.233776 0.157437 0.167872
v -0.225159 0.146648 0.215897
v -0.246037 0.131481 0.213404
v -0.375152 0.539364 -0.495434
v -0.361087 0.530659 -0.561707
v -0.342910 0.463359 -0.515697
v -0.302635 0.128669 -0.074122
v -0.315395 0.115230 -0.080265
v -0.316410 0.101492 -0.037848
v 0.231823 0.156607 0.166621
v 0.225245 0.148036 0.213299
v 0.244774 0.131233 0.211934
v 0.374755 0.539956 -0.498181
v 0.359788 0.528543 -0.564335
v 0.345223 0.464920 -0.519019
v 0.304538 0.128709 -0.071779
v 0.316833 0.114930 -0.078373
v 0.318577 0.100822 -0.037421
v -0.029399 -0.692104 0.382747
v 0.026258 -0.687630 0.382178
v -0.005356 -0.701614 0.451791
v -0.031590 -0.609870 -0.254776
v 0.033509 -0.610439 -0.256460
v 0.002723 -0.590436 -0.293126
v -0.392927 -0.472672 0.495047
v -0.394987 -0.484916 0.561511
v -0.401329 -0.414194 0.506178
v -0.357735 -0.298467 -0.323821
v -0.321917 -0.263057 -0.351116
v -0.338450 -0.227974 -0.322629
v -0.429929 -0.166123 0.028287
v -0.416301 -0.126718 0.005941
v -0.418986 -0.133192 0.047969
v 0.391151 -0.477694 0.492811
v 0.394280 -0.493352 0.560545
v 0.399749 -0.420336 0.503154
v 0.359173 -0.297963 -0.322929
v 0.320060 -0.263426 -0.348426
v 0.343752 -0.226028 -0.323316
v 0.429431 -0.167426 0.029605
v 0.417405 -0.126915 0.007344
v 0.422270 -0.134340 0.049944
v 0.262086 -0.041820 0.748418
v 0.244328 0.003684 0.711117
v 0.282294 -0.028458 0.687259
v -0.261133 -0.042441 0.750161
v -0.243245 0.002954 0.711696
v -0.282024 -0.029156 0.686199
v 0.212740 0.030902 -0.662497
v 0.248827 0.041438 -0.735575
v 0.258113 0.046226 -0.661816
v -0.213856 0.028969 -0.663452
v -0.248822 0.042571 -0.735845
v -0.254170 0.049341 -0.662542
f 1 647 644
f 1 644 643
f 1 643 645
f 1 645 646
f 1 646 647
f 2 649 652
f 6 672 670
f 12 702 699
f 11 696 695
f 8 679 681
f 4 662 659
f 4 659 658
f 4 658 660
f 4 660 661
f 4 661 662
f 5 666 665
f 3 654 657
f 7 673 677
f 9 685 686
f 10 692 688
f 12 701 698
f 6 669 668
f 2 650 648
f 8 682 678
f 11 697 693
f 6 671 669
f 12 700 701
f 11 694 697
f 8 680 682
f 2 651 650
f 10 690 689
f 5 663 664
f 3 655 653
f 7 676 674
f 9 687 684
f 10 691 690
f 5 667 663
f 3 656 655
f 7 675 676
f 9 683 687
f 6 668 672
f 2 648 649
f 8 678 679
f 11 693 696
f 12 698 702
f 10 688 691
f 5 665 667
f 3 657 656
f 7 677 675
f 9 686 683
f 5 664 666
f 3 653 654
f 7 674 673
f 9 684 685
f 10 689 692
f 6 670 671
f 12 699 700
f 11 695 694
f 8 681 680
f 2 652 651
f 35 837 838
f 18 735 736
f 19 742 741
f 40 868 867
f 42 880 879
f 34 832 831
f 33 827 828
f 25 778 780
f 36 844 846
f 20 749 747
f 32 819 820
f 23 765 767
f 24 773 771
f 37 850 849
f 41 876 875
f 34 833 834
f 33 826 825
f 25 779 777
f 36 845 843
f 20 748 750
f 17 729 727
f 14 711 709
f 13 706 703
f 15 718 715
f 16 724 721
f 18 737 733
f 35 839 835
f 42 882 878
f 40 870 866
f 19 744 740
f 30 807 805
f 27 789 787
f 22 762 758
f 28 797 793
f 29 802 799
f 32 821 817
f 23 766 763
f 24 774 770
f 37 852 848
f 41 874 872
f 35 838 836
f 18 736 734
f 19 741 739
f 40 867 865
f 42 879 877
f 34 831 829
f 33 828 824
f 25 780 776
f 36 846 842
f 20 747 745
f 32 820 818
f 23 767 764
f 24 771 769
f 37 849 847
f 41 875 871
f 34 834 830
f 33 825 823
f 25 777 775
f 36 843 841
f 20 750 746
f 14 714 710
f 13 707 704
f 15 719 716
f 16 725 722
f 17 732 728
f 21 755 752
f 31 814 811
f 26 784 781
f 38 857 853
f 39 862 860
f 27 792 788
f 22 759 757
f 28 796 794
f 29 803 800
f 30 810 806
f 31 815 812
f 26 785 782
f 38 856 854
f 39 863 859
f 21 754 751
f 14 712 714
f 13 705 707
f 15 717 719
f 16 723 725
f 17 730 732
f 21 753 755
f 31 816 814
f 26 786 784
f 38 858 857
f 39 861 862
f 27 791 792
f 22 761 759
f 28 795 796
f 29 801 803
f 30 808 810
f 31 813 815
f 26 783 785
f 38 855 856
f 39 864 863
f 21 756 754
f 14 709 712
f 13 703 705
f 15 715 717
f 16 721 723
f 17 727 730
f 21 751 753
f 31 812 816
f 26 782 786
f 38 854 858
f 39 859 861
f 27 787 791
f 22 758 761
f 28 793 795
f 29 799 801
f 30 805 808
f 31 811 813
f 26 781 783
f 38 853 855
f 39 860 864
f 21 752 756
f 17 728 731
f 14 710 713
f 13 704 708
f 15 716 720
f 16 722 726
f 18 734 738
f 35 836 840
f 42 877 881
f 40 865 869
f 19 739 743
f 30 806 809
f 27 788 790
f 22 757 760
f 28 794 798
f 29 800 804
f 32 818 822
f 23 764 768
f 24 769 772
f 37 847 851
f 41 871 873
f 35 835 837
f 18 733 735
f 19 740 742
f 40 866 868
f 42 878 880
f 34 830 832
f 33 823 827
f 25 775 778
f 36 841 844
f 20 746 749
f 32 817 819
f 23 763 765
f 24 770 773
f 37 848 850
f 41 872 876
f 34 829 833
f 33 824 826
f 25 776 779
f 36 842 845
f 20 745 748
f 17 731 729
f 14 713 711
f 13 708 706
f 15 720 718
f 16 726 724
f 18 738 737
f 35 840 839
f 42 881 882
f 40 869 870
f 19 743 744
f 30 809 807
f 27 790 789
f 22 760 762
f 28 798 797
f 29 804 802
f 32 822 821
f 23 768 766
f 24 772 774
f 37 851 852
f 41 873 874
f 107 1269 1270
f 103 1245 1246
f 104 1252 1251
f 110 1288 1287
f 113 1306 1305
f 118 1336 1335
f 154 1551 1552
f 141 1473 1474
f 162 1599 1600
f 121 1354 1353
f 142 1479 1480
f 129 1401 1402
f 130 1408 1407
f 144 1492 1491
f 146 1504 1503
f 151 1533 1534
f 131 1414 1413
f 136 1444 1443
f 161 1594 1593
f 126 1383 1384
f 116 1323 1324
f 108 1275 1276
f 106 1263 1264
f 112 1299 1300
f 115 1317 1318
f 119 1341 1342
f 156 1564 1563
f 139 1462 1461
f 160 1588 1587
f 120 1347 1348
f 149 1521 1522
f 132 1420 1419
f 128 1395 1396
f 145 1497 1498
f 148 1515 1516
f 155 1557 1558
f 133 1425 1426
f 134 1431 1432
f 157 1570 1569
f 124 1372 1371
f 109 1282 1281
f 105 1258 1257
f 111 1294 1293
f 114 1312 1311
f 117 1330 1329
f 125 1378 1377
f 152 1540 1539
f 137 1449 1450
f 158 1575 1576
f 123 1365 1366
f 143 1486 1485
f 127 1390 1389
f 135 1437 1438
f 147 1510 1509
f 150 1528 1527
f 153 1546 1545
f 140 1468 1467
f 138 1455 1456
f 159 1581 1582
f 122 1359 1360
f 107 1272 1271
f 103 1248 1247
f 104 1253 1254
f 110 1289 1290
f 113 1307 1308
f 118 1337 1338
f 154 1554 1553
f 141 1476 1475
f 162 1602 1601
f 121 1355 1356
f 142 1482 1481
f 129 1404 1403
f 130 1409 1410
f 144 1493 1494
f 146 1505 1506
f 151 1536 1535
f 131 1415 1416
f 136 1445 1446
f 161 1595 1596
f 126 1386 1385
f 47 909 907
f 44 891 889
f 43 886 883
f 45 898 895
f 46 904 901
f 49 922 919
f 72 1060 1057
f 102 1240 1237
f 96 1204 1201
f 79 1102 1099
f 62 999 997
f 59 981 979
f 58 976 973
f 60 988 985
f 61 994 991
f 66 1024 1021
f 54 952 949
f 73 1066 1063
f 85 1138 1135
f 92 1179 1177
f 101 1233 1231
f 69 1041 1039
f 50 927 925
f 82 1119 1117
f 97 1209 1207
f 71 1053 1051
f 100 1228 1225
f 94 1192 1189
f 80 1108 1105
f 51 933 931
f 90 1167 1165
f 63 1005 1003
f 55 957 955
f 76 1083 1081
f 87 1150 1147
f 91 1174 1171
f 67 1029 1027
f 56 963 961
f 75 1077 1075
f 83 1126 1123
f 68 1036 1033
f 48 915 913
f 78 1095 1093
f 93 1185 1183
f 98 1216 1213
f 88 1155 1153
f 65 1018 1015
f 57 970 967
f 77 1090 1087
f 86 1143 1141
f 64 1012 1009
f 53 945 943
f 74 1071 1069
f 84 1131 1129
f 89 1162 1159
f 70 1047 1045
f 99 1221 1219
f 95 1197 1195
f 81 1114 1111
f 52 940 937
f 109 1284 1280
f 105 1260 1256
f 111 1296 1292
f 114 1314 1310
f 117 1332 1328
f 125 1380 1376
f 152 1542 1538
f 137 1451 1447
f 158 1577 1573
f 123 1367 1363
f 143 1488 1484
f 127 1392 1388
f 135 1439 1435
f 147 1512 1508
f 150 1530 1526
f 153 1548 1544
f 140 1470 1466
f 138 1457 1453
f 159 1583 1579
f 122 1361 1357
f 107 1270 1268
f 103 1246 1244
f 104 1251 1249
f 110 1287 1285
f 113 1305 1303
f 118 1335 1333
f 154 1552 1550
f 141 1474 1472
f 162 1600 1598
f 121 1353 1351
f 142 1480 1478
f 129 1402 1400
f 130 1407 1405
f 144 1491 1489
f 146 1503 1501
f 151 1534 1532
f 131 1413 1411
f 136 1443 1441
f 161 1593 1591
f 126 1384 1382
f 116 1324 1322
f 108 1276 1274
f 106 1264 1262
f 112 1300 1298
f 115 1318 1316
f 119 1342 1340
f 156 1563 1561
f 139 1461 1459
f 160 1587 1585
f 120 1348 1346
f 149 1522 1520
f 132 1419 1417
f 128 1396 1394
f 145 1498 1496
f 148 1516 1514
f 155 1558 1556
f 133 1426 1424
f 134 1432 1430
f 157 1569 1567
f 124 1371 1369
f 109 1281 1279
f 105 1257 1255
f 111 1293 1291
f 114 1311 1309
f 117 1329 1327
f 125 1377 1375
f 152 1539 1537
f 137 1450 1448
f 158 1576 1574
f 123 1366 1364
f 143 1485 1483
f 127 1389 1387
f 135 1438 1436
f 147 1509 1507
f 150 1527 1525
f 153 1545 1543
f 140 1467 1465
f 138 1456 1454
f 159 1582 1580
f 122 1360 1358
f 107 1271 1267
f 103 1247 1243
f 104 1254 1250
f 110 1290 1286
f 113 1308 1304
f 118 1338 1334
f 154 1553 1549
f 141 1475 1471
f 162 1601 1597
f 121 1356 1352
f 142 1481 1477
f 129 1403 1399
f 130 1410 1406
f 144 1494 1490
f 146 1506 1502
f 151 1535 1531
f 131 1416 1412
f 136 1446 1442
f 161 1596 1592
f 126 1385 1381
f 44 894 890
f 43 887 884
f 45 899 896
f 46 905 902
f 47 912 908
f 52 941 938
f 70 1050 1046
f 99 1224 1220
f 95 1200 1196
f 81 1115 1112
f 59 984 980
f 58 977 974
f 60 989 986
f 61 995 992
f 62 1002 998
f 65 1019 1016
f 57 971 968
f 77 1091 1088
f 86 1146 1142
f 88 1158 1154
f 98 1217 1214
f 68 1037 1034
f 48 918 914
f 78 1098 1094
f 93 1188 1184
f 69 1044 1040
f 101 1236 1232
f 97 1212 1208
f 82 1122 1118
f 50 930 926
f 89 1163 1160
f 64 1013 1010
f 53 948 944
f 74 1074 1070
f 84 1134 1130
f 90 1170 1166
f 63 1008 1004
f 55 960 956
f 76 1086 1082
f 87 1151 1148
f 72 1061 1058
f 49 923 920
f 79 1103 1100
f 96 1205 1202
f 102 1241 1238
f 91 1175 1172
f 67 1032 1028
f 56 966 962
f 75 1080 1076
f 83 1127 1124
f 66 1025 1022
f 54 953 950
f 73 1067 1064
f 85 1139 1136
f 92 1182 1178
f 71 1056 1052
f 100 1229 1226
f 94 1193 1190
f 80 1109 1106
f 51 936 932
f 116 1325 1321
f 108 1277 1273
f 106 1265 1261
f 112 1301 1297
f 115 1319 1315
f 119 1343 1339
f 156 1566 1562
f 139 1464 1460
f 160 1590 1586
f 120 1349 1345
f 149 1523 1519
f 132 1422 1418
f 128 1397 1393
f 145 1499 1495
f 148 1517 1513
f 155 1559 1555
f 133 1427 1423
f 134 1433 1429
f 157 1572 1568
f 124 1374 1370
f 44 892 894
f 43 885 887
f 45 897 899
f 46 903 905
f 47 910 912
f 52 939 941
f 70 1048 1050
f 99 1222 1224
f 95 1198 1200
f 81 1113 1115
f 59 982 984
f 58 975 977
f 60 987 989
f 61 993 995
f 62 1000 1002
f 65 1017 1019
f 57 969 971
f 77 1089 1091
f 86 1144 1146
f 88 1156 1158
f 98 1215 1217
f 68 1035 1037
f 48 916 918
f 78 1096 1098
f 93 1186 1188
f 69 1042 1044
f 101 1234 1236
f 97 1210 1212
f 82 1120 1122
f 50 928 930
f 89 1161 1163
f 64 1011 1013
f 53 946 948
f 74 1072 1074
f 84 1132 1134
f 90 1168 1170
f 63 1006 1008
f 55 958 960
f 76 1084 1086
f 87 1149 1151
f 72 1059 1061
f 49 921 923
f 79 1101 1103
f 96 1203 1205
f 102 1239 1241
f 91 1173 1175
f 67 1030 1032
f 56 964 966
f 75 1078 1080
f 83 1125 1127
f 66 1023 1025
f 54 951 953
f 73 1065 1067
f 85 1137 1139
f 92 1180 1182
f 71 1054 1056
f 100 1227 1229
f 94 1191 1193
f 80 1107 1109
f 51 934 936
f 116 1326 1325
f 108 1278 1277
f 106 1266 1265
f 112 1302 1301
f 115 1320 1319
f 119 1344 1343
f 156 1565 1566
f 139 1463 1464
f 160 1589 1590
f 120 1350 1349
f 149 1524 1523
f 132 1421 1422
f 128 1398 1397
f 145 1500 1499
f 148 1518 1517
f 155 1560 1559
f 133 1428 1427
f 134 1434 1433
f 157 1571 1572
f 124 1373 1374
f 44 889 892
f 43 883 885
f 45 895 897
f 46 901 903
f 47 907 910
f 52 937 939
f 70 1045 1048
f 99 1219 1222
f 95 1195 1198
f 81 1111 1113
f 59 979 982
f 58 973 975
f 60 985 987
f 61 991 993
f 62 997 1000
f 65 1015 1017
f 57 967 969
f 77 1087 1089
f 86 1141 1144
f 88 1153 1156
f 98 1213 1215
f 68 1033 1035
f 48 913 916
f 78 1093 1096
f 93 1183 1186
f 69 1039 1042
f 101 1231 1234
f 97 1207 1210
f 82 1117 1120
f 50 925 928
f 89 1159 1161
f 64 1009 1011
f 53 943 946
f 74 1069 1072
f 84 1129 1132
f 90 1165 1168
f 63 1003 1006
f 55 955 958
f 76 1081 1084
f 87 1147 1149
f 72 1057 1059
f 49 919 921
f 79 1099 1101
f 96 1201 1203
f 102 1237 1239
f 91 1171 1173
f 67 1027 1030
f 56 961 964
f 75 1075 1078
f 83 1123 1125
f 66 1021 1023
f 54 949 951
f 73 1063 1065
f 85 1135 1137
f 92 1177 1180
f 71 1051 1054
f 100 1225 1227
f 94 1189 1191
f 80 1105 1107
f 51 931 934
f 116 1322 1326
f 108 1274 1278
f 106 1262 1266
f 112 1298 1302
f 115 1316 1320
f 119 1340 1344
f 156 1561 1565
f 139 1459 1463
f 160 1585 1589
f 120 1346 1350
f 149 1520 1524
f 132 1417 1421
f 128 1394 1398
f 145 1496 1500
f 148 1514 1518
f 155 1556 1560
f 133 1424 1428
f 134 1430 1434
f 157 1567 1571
f 124 1369 1373
f 47 908 911
f 44 890 893
f 43 884 888
f 45 896 900
f 46 902 906
f 49 920 924
f 72 1058 1062
f 102 1238 1242
f 96 1202 1206
f 79 1100 1104
f 62 998 1001
f 59 980 983
f 58 974 978
f 60 986 990
f 61 992 996
f 66 1022 1026
f 54 950 954
f 73 1064 1068
f 85 1136 1140
f 92 1178 1181
f 101 1232 1235
f 69 1040 1043
f 50 926 929
f 82 1118 1121
f 97 1208 1211
f 71 1052 1055
f 100 1226 1230
f 94 1190 1194
f 80 1106 1110
f 51 932 935
f 90 1166 1169
f 63 1004 1007
f 55 956 959
f 76 1082 1085
f 87 1148 1152
f 91 1172 1176
f 67 1028 1031
f 56 962 965
f 75 1076 1079
f 83 1124 1128
f 68 1034 1038
f 48 914 917
f 78 1094 1097
f 93 1184 1187
f 98 1214 1218
f 88 1154 1157
f 65 1016 1020
f 57 968 972
f 77 1088 1092
f 86 1142 1145
f 64 1010 1014
f 53 944 947
f 74 1070 1073
f 84 1130 1133
f 89 1160 1164
f 70 1046 1049
f 99 1220 1223
f 95 1196 1199
f 81 1112 1116
f 52 938 942
f 109 1279 1283
f 105 1255 1259
f 111 1291 1295
f 114 1309 1313
f 117 1327 1331
f 125 1375 1379
f 152 1537 1541
f 137 1448 1452
f 158 1574 1578
f 123 1364 1368
f 143 1483 1487
f 127 1387 1391
f 135 1436 1440
f 147 1507 1511
f 150 1525 1529
f 153 1543 1547
f 140 1465 1469
f 138 1454 1458
f 159 1580 1584
f 122 1358 1362
f 107 1267 1269
f 103 1243 1245
f 104 1250 1252
f 110 1286 1288
f 113 1304 1306
f 118 1334 1336
f 154 1549 1551
f 141 1471 1473
f 162 1597 1599
f 121 1352 1354
f 142 1477 1479
f 129 1399 1401
f 130 1406 1408
f 144 1490 1492
f 146 1502 1504
f 151 1531 1533
f 131 1412 1414
f 136 1442 1444
f 161 1592 1594
f 126 1381 1383
f 116 1321 1323
f 108 1273 1275
f 106 1261 1263
f 112 1297 1299
f 115 1315 1317
f 119 1339 1341
f 156 1562 1564
f 139 1460 1462
f 160 1586 1588
f 120 1345 1347
f 149 1519 1521
f 132 1418 1420
f 128 1393 1395
f 145 1495 1497
f 148 1513 1515
f 155 1555 1557
f 133 1423 1425
f 134 1429 1431
f 157 1568 1570
f 124 1370 1372
f 109 1280 1282
f 105 1256 1258
f 111 1292 1294
f 114 1310 1312
f 117 1328 1330
f 125 1376 1378
f 152 1538 1540
f 137 1447 1449
f 158 1573 1575
f 123 1363 1365
f 143 1484 1486
f 127 1388 1390
f 135 1435 1437
f 147 1508 1510
f 150 1526 1528
f 153 1544 1546
f 140 1466 1468
f 138 1453 1455
f 159 1579 1581
f 122 1357 1359
f 107 1268 1272
f 103 1244 1248
f 104 1249 1253
f 110 1285 1289
f 113 1303 1307
f 118 1333 1337
f 154 1550 1554
f 141 1472 1476
f 162 1598 1602
f 121 1351 1355
f 142 1478 1482
f 129 1400 1404
f 130 1405 1409
f 144 1489 1493
f 146 1501 1505
f 151 1532 1536
f 131 1411 1415
f 136 1441 1445
f 161 1591 1595
f 126 1382 1386
f 47 911 909
f 44 893 891
f 43 888 886
f 45 900 898
f 46 906 904
f 49 924 922
f 72 1062 1060
f 102 1242 1240
f 96 1206 1204
f 79 1104 1102
f 62 1001 999
f 59 983 981
f 58 978 976
f 60 990 988
f 61 996 994
f 66 1026 1024
f 54 954 952
f 73 1068 1066
f 85 1140 1138
f 92 1181 1179
f 101 1235 1233
f 69 1043 1041
f 50 929 927
f 82 1121 1119
f 97 1211 1209
f 71 1055 1053
f 100 1230 1228
f 94 1194 1192
f 80 1110 1108
f 51 935 933
f 90 1169 1167
f 63 1007 1005
f 55 959 957
f 76 1085 1083
f 87 1152 1150
f 91 1176 1174
f 67 1031 1029
f 56 965 963
f 75 1079 1077
f 83 1128 1126
f 68 1038 1036
f 48 917 915
f 78 1097 1095
f 93 1187 1185
f 98 1218 1216
f 88 1157 1155
f 65 1020 1018
f 57 972 970
f 77 1092 1090
f 86 1145 1143
f 64 1014 1012
f 53 947 945
f 74 1073 1071
f 84 1133 1131
f 89 1164 1162
f 70 1049 1047
f 99 1223 1221
f 95 1199 1197
f 81 1116 1114
f 52 942 940
f 109 1283 1284
f 105 1259 1260
f 111 1295 1296
f 114 1313 1314
f 117 1331 1332
f 125 1379 1380
f 152 1541 1542
f 137 1452 1451
f 158 1578 1577
f 123 1368 1367
f 143 1487 1488
f 127 1391 1392
f 135 1440 1439
f 147 1511 1512
f 150 1529 1530
f 153 1547 1548
f 140 1469 1470
f 138 1458 1457
f 159 1584 1583
f 122 1362 1361
f 407 1609 1616
f 403 1605 1608
f 404 1611 1606
f 410 1614 1612
f 413 1617 1615
f 422 1631 1624
f 486 1688 1692
f 573 1775 1782
f 561 1763 1765
f 512 1719 1714
f 452 1654 1661
f 448 1650 1653
f 449 1656 1651
f 455 1659 1657
f 458 1662 1660
f 470 1672 1675
f 437 1646 1639
f 494 1706 1696
f 531 1735 1733
f 539 1741 1751
f 568 1770 1779
f 478 1680 1683
f 419 1621 1626
f 509 1711 1721
f 554 1756 1766
f 482 1684 1689
f 576 1780 1778
f 558 1767 1760
f 516 1722 1718
f 425 1627 1629
f 542 1744 1747
f 463 1668 1665
f 434 1636 1641
f 497 1699 1704
f 528 1730 1737
f 546 1748 1750
f 464 1666 1676
f 440 1642 1644
f 500 1705 1702
f 524 1736 1726
f 479 1691 1681
f 418 1623 1620
f 508 1713 1710
f 553 1764 1755
f 569 1781 1771
f 538 1749 1740
f 471 1677 1673
f 443 1645 1647
f 501 1703 1707
f 523 1725 1734
f 467 1674 1669
f 433 1638 1635
f 493 1695 1698
f 527 1732 1729
f 543 1752 1745
f 485 1690 1687
f 572 1777 1774
f 557 1759 1762
f 515 1717 1720
f 428 1630 1632
f 591 2191 2189
f 587 1885 1883
f 588 1901 1903
f 594 2279 2281
f 597 2315 2317
f 600 2171 2173
f 634 2160 2158
f 619 2016 2012
f 639 2214 2210
f 602 1919 1924
f 624 2137 2135
f 608 1978 1973
f 610 1991 1996
f 627 2225 2227
f 630 2302 2304
f 635 2178 2176
f 615 2153 2155
f 617 2009 2014
f 637 2207 2212
f 604 1926 1922
f 416 1857 1864
f 408 1803 1810
f 406 1786 1795
f 412 1822 1831
f 415 1840 1849
f 424 1876 1887
f 492 2182 2193
f 582 2312 2321
f 565 2276 2285
f 514 1898 1907
f 461 2091 2098
f 453 2037 2044
f 451 1952 1961
f 457 2056 2067
f 460 2074 2083
f 475 2128 2139
f 439 1966 1975
f 496 1988 1997
f 533 2222 2231
f 551 2293 2298
f 579 2185 2190
f 483 1879 1884
f 426 1893 1900
f 521 2271 2278
f 566 2307 2314
f 489 2163 2170
f 578 2150 2159
f 560 2006 2015
f 518 2204 2213
f 429 1911 1918
f 547 2131 2136
f 465 1969 1977
f 441 1983 1990
f 504 2217 2224
f 537 2290 2301
f 550 2168 2177
f 476 2145 2152
f 444 2001 2008
f 502 2199 2206
f 526 1916 1925
f 481 1808 1817
f 420 1789 1797
f 510 1825 1833
f 555 1843 1851
f 571 1862 1871
f 540 1933 1941
f 473 2110 2119
f 447 2020 2029
f 507 2236 2247
f 534 2257 2262
f 469 2042 2051
f 435 1947 1954
f 498 2059 2064
f 529 2077 2085
f 545 2096 2105
f 487 2113 2121
f 574 2023 2031
f 562 2239 2244
f 520 2254 2265
f 432 1930 1939
f 589 1818 1814
f 583 1798 1793
f 586 1834 1829
f 593 1852 1847
f 596 1872 1868
f 599 1942 1937
f 633 2120 2124
f 620 2030 2034
f 640 2248 2250
f 603 2263 2261
f 622 2052 2050
f 607 1955 1960
f 612 2065 2063
f 626 2086 2081
f 629 2106 2102
f 631 2122 2117
f 614 2032 2027
f 618 2245 2243
f 641 2266 2268
f 605 1940 1944
f 409 1813 1804
f 405 1792 1785
f 411 1828 1821
f 414 1846 1839
f 417 1867 1858
f 431 1936 1929
f 488 2123 2114
f 575 2033 2024
f 563 2249 2240
f 519 2260 2253
f 454 2049 2038
f 450 1959 1951
f 456 2062 2055
f 459 2080 2073
f 462 2101 2092
f 472 2116 2109
f 446 2026 2019
f 506 2242 2235
f 535 2267 2258
f 541 1943 1934
f 570 1869 1861
f 480 1815 1807
f 421 1799 1790
f 511 1835 1826
f 556 1853 1844
f 484 1889 1880
f 580 2195 2186
f 567 2319 2308
f 522 2283 2272
f 427 1905 1894
f 544 2103 2095
f 468 2046 2041
f 436 1957 1948
f 499 2069 2060
f 530 2087 2078
f 548 2141 2132
f 466 1979 1970
f 442 1993 1984
f 505 2229 2218
f 536 2296 2289
f 491 2188 2181
f 423 1882 1875
f 513 1902 1897
f 564 2280 2275
f 581 2316 2311
f 549 2172 2167
f 477 2157 2146
f 445 2011 2002
f 503 2209 2200
f 525 1923 1915
f 474 2134 2127
f 438 1972 1965
f 495 1995 1987
f 532 2226 2221
f 552 2303 2294
f 490 2175 2164
f 577 2154 2149
f 559 2013 2005
f 517 2211 2203
f 430 1921 1912
f 590 1865 1870
f 584 1811 1816
f 585 1796 1800
f 592 1832 1836
f 595 1850 1854
f 598 1888 1890
f 636 2194 2196
f 621 2322 2320
f 642 2286 2284
f 601 1908 1906
f 623 2099 2104
f 611 2045 2047
f 609 1962 1958
f 625 2068 2070
f 628 2084 2088
f 632 2140 2142
f 613 1976 1980
f 616 1998 1994
f 638 2232 2230
f 606 2299 2297
f 407 2330 2329
f 403 2324 2323
f 404 2325 2326
f 410 2332 2333
f 413 2335 2336
f 422 2344 2345
f 486 2410 2409
f 573 2497 2496
f 561 2486 2485
f 512 2434 2435
f 452 2375 2374
f 448 2369 2368
f 449 2370 2371
f 455 2377 2378
f 458 2380 2381
f 470 2393 2392
f 437 2359 2360
f 494 2415 2416
f 531 2455 2456
f 539 2461 2460
f 568 2489 2488
f 478 2399 2398
f 419 2341 2340
f 509 2431 2430
f 554 2476 2475
f 482 2405 2404
f 576 2500 2501
f 558 2481 2482
f 516 2439 2440
f 425 2348 2347
f 542 2465 2464
f 463 2383 2384
f 434 2356 2355
f 497 2420 2419
f 528 2452 2451
f 546 2471 2470
f 464 2386 2385
f 440 2363 2362
f 500 2422 2423
f 524 2445 2446
f 479 2400 2401
f 418 2338 2339
f 508 2428 2429
f 553 2473 2474
f 569 2490 2491
f 538 2458 2459
f 471 2394 2395
f 443 2366 2365
f 501 2425 2424
f 523 2444 2443
f 467 2389 2390
f 433 2353 2354
f 493 2414 2413
f 527 2449 2450
f 543 2466 2467
f 485 2407 2408
f 572 2494 2495
f 557 2480 2479
f 515 2438 2437
f 428 2351 2350
f 591 2510 2511
f 587 2504 2505
f 588 2508 2507
f 594 2514 2513
f 597 2517 2516
f 600 2520 2519
f 634 2554 2556
f 619 2539 2540
f 639 2560 2561
f 602 2523 2521
f 624 2543 2544
f 608 2527 2529
f 610 2532 2530
f 627 2547 2546
f 630 2550 2549
f 635 2552 2553
f 615 2535 2534
f 617 2538 2536
f 637 2558 2557
f 604 2524 2525
f 167 1607 647
f 164 1603 644
f 163 1604 643
f 165 1610 645
f 166 1613 646
f 169 1622 649
f 192 1686 672
f 222 1773 702
f 216 1761 696
f 199 1712 679
f 182 1652 662
f 179 1648 659
f 178 1649 658
f 180 1655 660
f 181 1658 661
f 186 1670 666
f 174 1637 654
f 193 1694 673
f 205 1731 685
f 212 1739 692
f 221 1768 701
f 189 1678 669
f 170 1619 650
f 202 1709 682
f 217 1754 697
f 191 1682 671
f 220 1776 700
f 214 1758 694
f 200 1716 680
f 171 1625 651
f 210 1742 690
f 183 1663 663
f 175 1634 655
f 196 1697 676
f 207 1728 687
f 211 1746 691
f 187 1664 667
f 176 1640 656
f 195 1700 675
f 203 1724 683
f 188 1679 668
f 168 1618 648
f 198 1708 678
f 213 1753 693
f 218 1769 698
f 208 1738 688
f 185 1671 665
f 177 1643 657
f 197 1701 677
f 206 1723 686
f 184 1667 664
f 173 1633 653
f 194 1693 674
f 204 1727 684
f 209 1743 689
f 190 1685 670
f 219 1772 699
f 215 1757 695
f 201 1715 681
f 172 1628 652
f 357 2187 837
f 255 1881 735
f 262 1899 742
f 388 2277 868
f 400 2313 880
f 352 2169 832
f 347 2156 827
f 298 2010 778
f 364 2208 844
f 269 1917 749
f 339 2133 819
f 285 1971 765
f 293 1989 773
f 370 2223 850
f 396 2300 876
f 353 2174 833
f 346 2151 826
f 299 2007 779
f 365 2205 845
f 268 1920 748
f 249 1855 729
f 231 1801 711
f 226 1784 706
f 238 1820 718
f 244 1838 724
f 257 1874 737
f 359 2180 839
f 402 2310 882
f 390 2274 870
f 264 1896 744
f 327 2089 807
f 309 2035 789
f 282 1950 762
f 317 2054 797
f 322 2072 802
f 341 2126 821
f 286 1964 766
f 294 1986 774
f 372 2220 852
f 394 2291 874
f 358 2183 838
f 256 1877 736
f 261 1891 741
f 387 2269 867
f 399 2305 879
f 351 2161 831
f 348 2148 828
f 300 2004 780
f 366 2202 846
f 267 1909 747
f 340 2129 820
f 287 1967 767
f 291 1981 771
f 369 2215 849
f 395 2288 875
f 354 2166 834
f 345 2143 825
f 297 1999 777
f 363 2197 843
f 270 1914 750
f 234 1806 714
f 227 1787 707
f 239 1823 719
f 245 1841 725
f 252 1860 732
f 275 1931 755
f 334 2108 814
f 304 2018 784
f 377 2234 857
f 382 2255 862
f 312 2040 792
f 279 1945 759
f 316 2057 796
f 323 2075 803
f 330 2094 810
f 335 2111 815
f 305 2021 785
f 376 2237 856
f 383 2252 863
f 274 1928 754
f 232 1812 712
f 225 1791 705
f 237 1827 717
f 243 1845 723
f 250 1866 730
f 273 1935 753
f 336 2118 816
f 306 2028 786
f 378 2246 858
f 381 2259 861
f 311 2048 791
f 281 1953 761
f 315 2061 795
f 321 2079 801
f 328 2100 808
f 333 2115 813
f 303 2025 783
f 375 2241 855
f 384 2264 864
f 276 1938 756
f 229 1802 709
f 223 1783 703
f 235 1819 715
f 241 1837 721
f 247 1856 727
f 271 1927 751
f 332 2112 812
f 302 2022 782
f 374 2238 854
f 379 2251 859
f 307 2036 787
f 278 1949 758
f 313 2053 793
f 319 2071 799
f 325 2090 805
f 331 2107 811
f 301 2017 781
f 373 2233 853
f 380 2256 860
f 272 1932 752
f 248 1859 728
f 230 1805 710
f 224 1788 704
f 236 1824 716
f 242 1842 722
f 254 1878 734
f 356 2184 836
f 397 2306 877
f 385 2270 865
f 259 1892 739
f 326 2093 806
f 308 2039 788
f 277 1946 757
f 314 2058 794
f 320 2076 800
f 338 2130 818
f 284 1968 764
f 289 1982 769
f 367 2216 847
f 391 2287 871
f 355 2179 835
f 253 1873 733
f 260 1895 740
f 386 2273 866
f 398 2309 878
f 350 2165 830
f 343 2144 823
f 295 2000 775
f 361 2198 841
f 266 1913 746
f 337 2125 817
f 283 1963 763
f 290 1985 770
f 368 2219 848
f 392 2292 872
f 349 2162 829
f 344 2147 824
f 296 2003 776
f 362 2201 842
f 265 1910 745
f 251 1863 731
f 233 1809 713
f 228 1794 708
f 240 1830 720
f 246 1848 726
f 258 1886 738
f 360 2192 840
f 401 2318 881
f 389 2282 869
f 263 1904 743
f 329 2097 809
f 310 2043 790
f 280 1956 760
f 318 2066 798
f 324 2082 804
f 342 2138 822
f 288 1974 768
f 292 1992 772
f 371 2228 851
f 393 2295 873
f 409 2331 1269
f 405 2327 1245
f 411 2328 1252
f 414 2334 1288
f 417 2337 1306
f 431 2346 1336
f 488 2412 1551
f 575 2499 1473
f 563 2487 1599
f 519 2436 1354
f 454 2376 1479
f 450 2372 1401
f 456 2373 1408
f 459 2379 1492
f 462 2382 1504
f 472 2396 1533
f 446 2361 1414
f 506 2418 1444
f 535 2457 1594
f 541 2463 1383
f 570 2492 1323
f 480 2402 1275
f 421 2343 1263
f 511 2433 1299
f 556 2478 1317
f 484 2406 1341
f 580 2502 1564
f 567 2484 1462
f 522 2442 1588
f 427 2349 1347
f 544 2468 1521
f 468 2387 1420
f 436 2358 1395
f 499 2421 1497
f 530 2454 1515
f 548 2472 1557
f 466 2388 1425
f 442 2364 1431
f 505 2426 1570
f 536 2448 1372
f 491 2403 1282
f 423 2342 1258
f 513 2432 1294
f 564 2477 1312
f 581 2493 1330
f 549 2462 1378
f 477 2397 1540
f 445 2367 1449
f 503 2427 1575
f 525 2447 1365
f 474 2391 1486
f 438 2357 1390
f 495 2417 1437
f 532 2453 1510
f 552 2469 1528
f 490 2411 1546
f 577 2498 1468
f 559 2483 1455
f 517 2441 1581
f 430 2352 1359
f 590 2509 1272
f 584 2503 1248
f 585 2506 1253
f 592 2512 1289
f 595 2515 1307
f 598 2518 1337
f 636 2555 1554
f 621 2541 1476
f 642 2562 1602
f 601 2522 1355
f 623 2542 1482
f 611 2528 1404
f 609 2531 1409
f 625 2545 1493
f 628 2548 1505
f 632 2551 1536
f 613 2533 1415
f 616 2537 1445
f 638 2559 1595
f 606 2526 1386
f 407 1616 909
f 403 1608 891
f 404 1606 886
f 410 1612 898
f 413 1615 904
f 422 1624 922
f 486 1692 1060
f 573 1782 1240
f 561 1765 1204
f 512 1714 1102
f 452 1661 999
f 448 1653 981
f 449 1651 976
f 455 1657 988
f 458 1660 994
f 470 1675 1024
f 437 1639 952
f 494 1696 1066
f 531 1733 1138
f 539 1751 1179
f 568 1779 1233
f 478 1683 1041
f 419 1626 927
f 509 1721 1119
f 554 1766 1209
f 482 1689 1053
f 576 1778 1228
f 558 1760 1192
f 516 1718 1108
f 425 1629 933
f 542 1747 1167
f 463 1665 1005
f 434 1641 957
f 497 1704 1083
f 528 1737 1150
f 546 1750 1174
f 464 1676 1029
f 440 1644 963
f 500 1702 1077
f 524 1726 1126
f 479 1681 1036
f 418 1620 915
f 508 1710 1095
f 553 1755 1185
f 569 1771 1216
f 538 1740 1155
f 471 1673 1018
f 443 1647 970
f 501 1707 1090
f 523 1734 1143
f 467 1669 1012
f 433 1635 945
f 493 1698 1071
f 527 1729 1131
f 543 1745 1162
f 485 1687 1047
f 572 1774 1221
f 557 1762 1197
f 515 1720 1114
f 428 1632 940
f 591 2189 1284
f 587 1883 1260
f 588 1903 1296
f 594 2281 1314
f 597 2317 1332
f 600 2173 1380
f 634 2158 1542
f 619 2012 1451
f 639 2210 1577
f 602 1924 1367
f 624 2135 1488
f 608 1973 1392
f 610 1996 1439
f 627 2227 1512
f 630 2304 1530
f 635 2176 1548
f 615 2155 1470
f 617 2014 1457
f 637 2212 1583
f 604 1922 1361
f 416 1864 1270
f 408 1810 1246
f 406 1795 1251
f 412 1831 1287
f 415 1849 1305
f 424 1887 1335
f 492 2193 1552
f 582 2321 1474
f 565 2285 1600
f 514 1907 1353
f 461 2098 1480
f 453 2044 1402
f 451 1961 1407
f 457 2067 1491
f 460 2083 1503
f 475 2139 1534
f 439 1975 1413
f 496 1997 1443
f 533 2231 1593
f 551 2298 1384
f 579 2190 1324
f 483 1884 1276
f 426 1900 1264
f 521 2278 1300
f 566 2314 1318
f 489 2170 1342
f 578 2159 1563
f 560 2015 1461
f 518 2213 1587
f 429 1918 1348
f 547 2136 1522
f 465 1977 1419
f 441 1990 1396
f 504 2224 1498
f 537 2301 1516
f 550 2177 1558
f 476 2152 1426
f 444 2008 1432
f 502 2206 1569
f 526 1925 1371
f 481 1817 1281
f 420 1797 1257
f 510 1833 1293
f 555 1851 1311
f 571 1871 1329
f 540 1941 1377
f 473 2119 1539
f 447 2029 1450
f 507 2247 1576
f 534 2262 1366
f 469 2051 1485
f 435 1954 1389
f 498 2064 1438
f 529 2085 1509
f 545 2105 1527
f 487 2121 1545
f 574 2031 1467
f 562 2244 1456
f 520 2265 1582
f 432 1939 1360
f 589 1814 1271
f 583 1793 1247
f 586 1829 1254
f 593 1847 1290
f 596 1868 1308
f 599 1937 1338
f 633 2124 1553
f 620 2034 1475
f 640 2250 1601
f 603 2261 1356
f 622 2050 1481
f 607 1960 1403
f 612 2063 1410
f 626 2081 1494
f 629 2102 1506
f 631 2117 1535
f 614 2027 1416
f 618 2243 1446
f 641 2268 1596
f 605 1944 1385
f 409 1804 894
f 405 1785 887
f 411 1821 899
f 414 1839 905
f 417 1858 912
f 431 1929 941
f 488 2114 1050
f 575 2024 1224
f 563 2240 1200
f 519 2253 1115
f 454 2038 984
f 450 1951 977
f 456 2055 989
f 459 2073 995
f 462 2092 1002
f 472 2109 1019
f 446 2019 971
f 506 2235 1091
f 535 2258 1146
f 541 1934 1158
f 570 1861 1217
f 480 1807 1037
f 421 1790 918
f 511 1826 1098
f 556 1844 1188
f 484 1880 1044
f 580 2186 1236
f 567 2308 1212
f 522 2272 1122
f 427 1894 930
f 544 2095 1163
f 468 2041 1013
f 436 1948 948
f 499 2060 1074
f 530 2078 1134
f 548 2132 1170
f 466 1970 1008
f 442 1984 960
f 505 2218 1086
f 536 2289 1151
f 491 2181 1061
f 423 1875 923
f 513 1897 1103
f 564 2275 1205
f 581 2311 1241
f 549 2167 1175
f 477 2146 1032
f 445 2002 966
f 503 2200 1080
f 525 1915 1127
f 474 2127 1025
f 438 1965 953
f 495 1987 1067
f 532 2221 1139
f 552 2294 1182
f 490 2164 1056
f 577 2149 1229
f 559 2005 1193
f 517 2203 1109
f 430 1912 936
f 590 1870 1325
f 584 1816 1277
f 585 1800 1265
f 592 1836 1301
f 595 1854 1319
f 598 1890 1343
f 636 2196 1566
f 621 2320 1464
f 642 2284 1590
f 601 1906 1349
f 623 2104 1523
f 611 2047 1422
f 609 1958 1397
f 625 2070 1499
f 628 2088 1517
f 632 2142 1559
f 613 1980 1427
f 616 1994 1433
f 638 2230 1572
f 606 2297 1374
f 407 2329 892
f 403 2323 885
f 404 2326 897
f 410 2333 903
f 413 2336 910
f 422 2345 939
f 486 2409 1048
f 573 2496 1222
f 561 2485 1198
f 512 2435 1113
f 452 2374 982
f 448 2368 975
f 449 2371 987
f 455 2378 993
f 458 2381 1000
f 470 2392 1017
f 437 2360 969
f 494 2416 1089
f 531 2456 1144
f 539 2460 1156
f 568 2488 1215
f 478 2398 1035
f 419 2340 916
f 509 2430 1096
f 554 2475 1186
f 482 2404 1042
f 576 2501 1234
f 558 2482 1210
f 516 2440 1120
f 425 2347 928
f 542 2464 1161
f 463 2384 1011
f 434 2355 946
f 497 2419 1072
f 528 2451 1132
f 546 2470 1168
f 464 2385 1006
f 440 2362 958
f 500 2423 1084
f 524 2446 1149
f 479 2401 1059
f 418 2339 921
f 508 2429 1101
f 553 2474 1203
f 569 2491 1239
f 538 2459 1173
f 471 2395 1030
f 443 2365 964
f 501 2424 1078
f 523 2443 1125
f 467 2390 1023
f 433 2354 951
f 493 2413 1065
f 527 2450 1137
f 543 2467 1180
f 485 2408 1054
f 572 2495 1227
f 557 2479 1191
f 515 2437 1107
f 428 2350 934
f 591 2511 1326
f 587 2505 1278
f 588 2507 1266
f 594 2513 1302
f 597 2516 1320
f 600 2519 1344
f 634 2556 1565
f 619 2540 1463
f 639 2561 1589
f 602 2521 1350
f 624 2544 1524
f 608 2529 1421
f 610 2530 1398
f 627 2546 1500
f 630 2549 1518
f 635 2553 1560
f 615 2534 1428
f 617 2536 1434
f 637 2557 1571
f 604 2525 1373
f 164 1609 889
f 163 1605 883
f 165 1611 895
f 166 1614 901
f 167 1617 907
f 172 1631 937
f 190 1688 1045
f 219 1775 1219
f 215 1763 1195
f 201 1719 1111
f 179 1654 979
f 178 1650 973
f 180 1656 985
f 181 1659 991
f 182 1662 997
f 185 1672 1015
f 177 1646 967
f 197 1706 1087
f 206 1735 1141
f 208 1741 1153
f 218 1770 1213
f 188 1680 1033
f 168 1621 913
f 198 1711 1093
f 213 1756 1183
f 189 1684 1039
f 221 1780 1231
f 217 1767 1207
f 202 1722 1117
f 170 1627 925
f 209 1744 1159
f 184 1668 1009
f 173 1636 943
f 194 1699 1069
f 204 1730 1129
f 210 1748 1165
f 183 1666 1003
f 175 1642 955
f 196 1705 1081
f 207 1736 1147
f 192 1691 1057
f 169 1623 919
f 199 1713 1099
f 216 1764 1201
f 222 1781 1237
f 211 1749 1171
f 187 1677 1027
f 176 1645 961
f 195 1703 1075
f 203 1725 1123
f 186 1674 1021
f 174 1638 949
f 193 1695 1063
f 205 1732 1135
f 212 1752 1177
f 191 1690 1051
f 220 1777 1225
f 214 1759 1189
f 200 1717 1105
f 171 1630 931
f 358 2191 1322
f 256 1885 1274
f 261 1901 1262
f 387 2279 1298
f 399 2315 1316
f 351 2171 1340
f 348 2160 1561
f 300 2016 1459
f 366 2214 1585
f 267 1919 1346
f 340 2137 1520
f 287 1978 1417
f 291 1991 1394
f 369 2225 1496
f 395 2302 1514
f 354 2178 1556
f 345 2153 1424
f 297 2009 1430
f 363 2207 1567
f 270 1926 1369
f 247 1857 908
f 229 1803 890
f 223 1786 884
f 235 1822 896
f 241 1840 902
f 253 1876 920
f 355 2182 1058
f 398 2312 1238
f 386 2276 1202
f 260 1898 1100
f 325 2091 998
f 307 2037 980
f 278 1952 974
f 313 2056 986
f 319 2074 992
f 337 2128 1022
f 283 1966 950
f 290 1988 1064
f 368 2222 1136
f 392 2293 1178
f 356 2185 1232
f 254 1879 1040
f 259 1893 926
f 385 2271 1118
f 397 2307 1208
f 349 2163 1052
f 344 2150 1226
f 296 2006 1190
f 362 2204 1106
f 265 1911 932
f 338 2131 1166
f 284 1969 1004
f 289 1983 956
f 367 2217 1082
f 391 2290 1148
f 350 2168 1172
f 343 2145 1028
f 295 2001 962
f 361 2199 1076
f 266 1916 1124
f 230 1808 1034
f 224 1789 914
f 236 1825 1094
f 242 1843 1184
f 248 1862 1214
f 272 1933 1154
f 331 2110 1016
f 301 2020 968
f 373 2236 1088
f 380 2257 1142
f 308 2042 1010
f 277 1947 944
f 314 2059 1070
f 320 2077 1130
f 326 2096 1160
f 332 2113 1046
f 302 2023 1220
f 374 2239 1196
f 379 2254 1112
f 271 1930 938
f 234 1818 1279
f 227 1798 1255
f 239 1834 1291
f 245 1852 1309
f 252 1872 1327
f 275 1942 1375
f 334 2120 1537
f 304 2030 1448
f 377 2248 1574
f 382 2263 1364
f 312 2052 1483
f 279 1955 1387
f 316 2065 1436
f 323 2086 1507
f 330 2106 1525
f 335 2122 1543
f 305 2032 1465
f 376 2245 1454
f 383 2266 1580
f 274 1940 1358
f 232 1813 1267
f 225 1792 1243
f 237 1828 1250
f 243 1846 1286
f 250 1867 1304
f 273 1936 1334
f 336 2123 1549
f 306 2033 1471
f 378 2249 1597
f 381 2260 1352
f 311 2049 1477
f 281 1959 1399
f 315 2062 1406
f 321 2080 1490
f 328 2101 1502
f 333 2116 1531
f 303 2026 1412
f 375 2242 1442
f 384 2267 1592
f 276 1943 1381
f 251 1869 1321
f 233 1815 1273
f 228 1799 1261
f 240 1835 1297
f 246 1853 1315
f 258 1889 1339
f 360 2195 1562
f 401 2319 1460
f 389 2283 1586
f 263 1905 1345
f 329 2103 1519
f 310 2046 1418
f 280 1957 1393
f 318 2069 1495
f 324 2087 1513
f 342 2141 1555
f 288 1979 1423
f 292 1993 1429
f 371 2229 1568
f 393 2296 1370
f 357 2188 1280
f 255 1882 1256
f 262 1902 1292
f 388 2280 1310
f 400 2316 1328
f 352 2172 1376
f 347 2157 1538
f 298 2011 1447
f 364 2209 1573
f 269 1923 1363
f 339 2134 1484
f 285 1972 1388
f 293 1995 1435
f 370 2226 1508
f 396 2303 1526
f 353 2175 1544
f 346 2154 1466
f 299 2013 1453
f 365 2211 1579
f 268 1921 1357
f 249 1865 1268
f 231 1811 1244
f 226 1796 1249
f 238 1832 1285
f 244 1850 1303
f 257 1888 1333
f 359 2194 1550
f 402 2322 1472
f 390 2286 1598
f 264 1908 1351
f 327 2099 1478
f 309 2045 1400
f 282 1962 1405
f 317 2068 1489
f 322 2084 1501
f 341 2140 1532
f 286 1976 1411
f 294 1998 1441
f 372 2232 1591
f 394 2299 1382
f 416 2330 911
f 408 2324 893
f 406 2325 888
f 412 2332 900
f 415 2335 906
f 424 2344 924
f 492 2410 1062
f 582 2497 1242
f 565 2486 1206
f 514 2434 1104
f 461 2375 1001
f 453 2369 983
f 451 2370 978
f 457 2377 990
f 460 2380 996
f 475 2393 1026
f 439 2359 954
f 496 2415 1068
f 533 2455 1140
f 551 2461 1181
f 579 2489 1235
f 483 2399 1043
f 426 2341 929
f 521 2431 1121
f 566 2476 1211
f 489 2405 1055
f 578 2500 1230
f 560 2481 1194
f 518 2439 1110
f 429 2348 935
f 547 2465 1169
f 465 2383 1007
f 441 2356 959
f 504 2420 1085
f 537 2452 1152
f 550 2471 1176
f 476 2386 1031
f 444 2363 965
f 502 2422 1079
f 526 2445 1128
f 481 2400 1038
f 420 2338 917
f 510 2428 1097
f 555 2473 1187
f 571 2490 1218
f 540 2458 1157
f 473 2394 1020
f 447 2366 972
f 507 2425 1092
f 534 2444 1145
f 469 2389 1014
f 435 2353 947
f 498 2414 1073
f 529 2449 1133
f 545 2466 1164
f 487 2407 1049
f 574 2494 1223
f 562 2480 1199
f 520 2438 1116
f 432 2351 942
f 589 2510 1283
f 583 2504 1259
f 586 2508 1295
f 593 2514 1313
f 596 2517 1331
f 599 2520 1379
f 633 2554 1541
f 620 2539 1452
f 640 2560 1578
f 603 2523 1368
f 622 2543 1487
f 607 2527 1391
f 612 2532 1440
f 626 2547 1511
f 629 2550 1529
f 631 2552 1547
f 614 2535 1469
f 618 2538 1458
f 641 2558 1584
f 605 2524 1362
f 164 1607 1609
f 163 1603 1605
f 165 1604 1611
f 166 1610 1614
f 167 1613 1617
f 172 1622 1631
f 190 1686 1688
f 219 1773 1775
f 215 1761 1763
f 201 1712 1719
f 179 1652 1654
f 178 1648 1650
f 180 1649 1656
f 181 1655 1659
f 182 1658 1662
f 185 1670 1672
f 177 1637 1646
f 197 1694 1706
f 206 1731 1735
f 208 1739 1741
f 218 1768 1770
f 188 1678 1680
f 168 1619 1621
f 198 1709 1711
f 213 1754 1756
f 189 1682 1684
f 221 1776 1780
f 217 1758 1767
f 202 1716 1722
f 170 1625 1627
f 209 1742 1744
f 184 1663 1668
f 173 1634 1636
f 194 1697 1699
f 204 1728 1730
f 210 1746 1748
f 183 1664 1666
f 175 1640 1642
f 196 1700 1705
f 207 1724 1736
f 192 1679 1691
f 169 1618 1623
f 199 1708 1713
f 216 1753 1764
f 222 1769 1781
f 211 1738 1749
f 187 1671 1677
f 176 1643 1645
f 195 1701 1703
f 203 1723 1725
f 186 1667 1674
f 174 1633 1638
f 193 1693 1695
f 205 1727 1732
f 212 1743 1752
f 191 1685 1690
f 220 1772 1777
f 214 1757 1759
f 200 1715 1717
f 171 1628 1630
f 358 2187 2191
f 256 1881 1885
f 261 1899 1901
f 387 2277 2279
f 399 2313 2315
f 351 2169 2171
f 348 2156 2160
f 300 2010 2016
f 366 2208 2214
f 267 1917 1919
f 340 2133 2137
f 287 1971 1978
f 291 1989 1991
f 369 2223 2225
f 395 2300 2302
f 354 2174 2178
f 345 2151 2153
f 297 2007 2009
f 363 2205 2207
f 270 1920 1926
f 247 1855 1857
f 229 1801 1803
f 223 1784 1786
f 235 1820 1822
f 241 1838 1840
f 253 1874 1876
f 355 2180 2182
f 398 2310 2312
f 386 2274 2276
f 260 1896 1898
f 325 2089 2091
f 307 2035 2037
f 278 1950 1952
f 313 2054 2056
f 319 2072 2074
f 337 2126 2128
f 283 1964 1966
f 290 1986 1988
f 368 2220 2222
f 392 2291 2293
f 356 2183 2185
f 254 1877 1879
f 259 1891 1893
f 385 2269 2271
f 397 2305 2307
f 349 2161 2163
f 344 2148 2150
f 296 2004 2006
f 362 2202 2204
f 265 1909 1911
f 338 2129 2131
f 284 1967 1969
f 289 1981 1983
f 367 2215 2217
f 391 2288 2290
f 350 2166 2168
f 343 2143 2145
f 295 1999 2001
f 361 2197 2199
f 266 1914 1916
f 230 1806 1808
f 224 1787 1789
f 236 1823 1825
f 242 1841 1843
f 248 1860 1862
f 272 1931 1933
f 331 2108 2110
f 301 2018 2020
f 373 2234 2236
f 380 2255 2257
f 308 2040 2042
f 277 1945 1947
f 314 2057 2059
f 320 2075 2077
f 326 2094 2096
f 332 2111 2113
f 302 2021 2023
f 374 2237 2239
f 379 2252 2254
f 271 1928 1930
f 234 1812 1818
f 227 1791 1798
f 239 1827 1834
f 245 1845 1852
f 252 1866 1872
f 275 1935 1942
f 334 2118 2120
f 304 2028 2030
f 377 2246 2248
f 382 2259 2263
f 312 2048 2052
f 279 1953 1955
f 316 2061 2065
f 323 2079 2086
f 330 2100 2106
f 335 2115 2122
f 305 2025 2032
f 376 2241 2245
f 383 2264 2266
f 274 1938 1940
f 232 1802 1813
f 225 1783 1792
f 237 1819 1828
f 243 1837 1846
f 250 1856 1867
f 273 1927 1936
f 336 2112 2123
f 306 2022 2033
f 378 2238 2249
f 381 2251 2260
f 311 2036 2049
f 281 1949 1959
f 315 2053 2062
f 321 2071 2080
f 328 2090 2101
f 333 2107 2116
f 303 2017 2026
f 375 2233 2242
f 384 2256 2267
f 276 1932 1943
f 251 1859 1869
f 233 1805 1815
f 228 1788 1799
f 240 1824 1835
f 246 1842 1853
f 258 1878 1889
f 360 2184 2195
f 401 2306 2319
f 389 2270 2283
f 263 1892 1905
f 329 2093 2103
f 310 2039 2046
f 280 1946 1957
f 318 2058 2069
f 324 2076 2087
f 342 2130 2141
f 288 1968 1979
f 292 1982 1993
f 371 2216 2229
f 393 2287 2296
f 357 2179 2188
f 255 1873 1882
f 262 1895 1902
f 388 2273 2280
f 400 2309 2316
f 352 2165 2172
f 347 2144 2157
f 298 2000 2011
f 364 2198 2209
f 269 1913 1923
f 339 2125 2134
f 285 1963 1972
f 293 1985 1995
f 370 2219 2226
f 396 2292 2303
f 353 2162 2175
f 346 2147 2154
f 299 2003 2013
f 365 2201 2211
f 268 1910 1921
f 249 1863 1865
f 231 1809 1811
f 226 1794 1796
f 238 1830 1832
f 244 1848 1850
f 257 1886 1888
f 359 2192 2194
f 402 2318 2322
f 390 2282 2286
f 264 1904 1908
f 327 2097 2099
f 309 2043 2045
f 282 1956 1962
f 317 2066 2068
f 322 2082 2084
f 341 2138 2140
f 286 1974 1976
f 294 1992 1998
f 372 2228 2232
f 394 2295 2299
f 416 2331 2330
f 408 2327 2324
f 406 2328 2325
f 412 2334 2332
f 415 2337 2335
f 424 2346 2344
f 492 2412 2410
f 582 2499 2497
f 565 2487 2486
f 514 2436 2434
f 461 2376 2375
f 453 2372 2369
f 451 2373 2370
f 457 2379 2377
f 460 2382 2380
f 475 2396 2393
f 439 2361 2359
f 496 2418 2415
f 533 2457 2455
f 551 2463 2461
f 579 2492 2489
f 483 2402 2399
f 426 2343 2341
f 521 2433 2431
f 566 2478 2476
f 489 2406 2405
f 578 2502 2500
f 560 2484 2481
f 518 2442 2439
f 429 2349 2348
f 547 2468 2465
f 465 2387 2383
f 441 2358 2356
f 504 2421 2420
f 537 2454 2452
f 550 2472 2471
f 476 2388 2386
f 444 2364 2363
f 502 2426 2422
f 526 2448 2445
f 481 2403 2400
f 420 2342 2338
f 510 2432 2428
f 555 2477 2473
f 571 2493 2490
f 540 2462 2458
f 473 2397 2394
f 447 2367 2366
f 507 2427 2425
f 534 2447 2444
f 469 2391 2389
f 435 2357 2353
f 498 2417 2414
f 529 2453 2449
f 545 2469 2466
f 487 2411 2407
f 574 2498 2494
f 562 2483 2480
f 520 2441 2438
f 432 2352 2351
f 589 2509 2510
f 583 2503 2504
f 586 2506 2508
f 593 2512 2514
f 596 2515 2517
f 599 2518 2520
f 633 2555 2554
f 620 2541 2539
f 640 2562 2560
f 603 2522 2523
f 622 2542 2543
f 607 2528 2527
f 612 2531 2532
f 626 2545 2547
f 629 2548 2550
f 631 2551 2552
f 614 2533 2535
f 618 2537 2538
f 641 2559 2558
f 605 2526 2524
f 164 644 1607
f 163 643 1603
f 165 645 1604
f 166 646 1610
f 167 647 1613
f 172 652 1622
f 190 670 1686
f 219 699 1773
f 215 695 1761
f 201 681 1712
f 179 659 1652
f 178 658 1648
f 180 660 1649
f 181 661 1655
f 182 662 1658
f 185 665 1670
f 177 657 1637
f 197 677 1694
f 206 686 1731
f 208 688 1739
f 218 698 1768
f 188 668 1678
f 168 648 1619
f 198 678 1709
f 213 693 1754
f 189 669 1682
f 221 701 1776
f 217 697 1758
f 202 682 1716
f 170 650 1625
f 209 689 1742
f 184 664 1663
f 173 653 1634
f 194 674 1697
f 204 684 1728
f 210 690 1746
f 183 663 1664
f 175 655 1640
f 196 676 1700
f 207 687 1724
f 192 672 1679
f 169 649 1618
f 199 679 1708
f 216 696 1753
f 222 702 1769
f 211 691 1738
f 187 667 1671
f 176 656 1643
f 195 675 1701
f 203 683 1723
f 186 666 1667
f 174 654 1633
f 193 673 1693
f 205 685 1727
f 212 692 1743
f 191 671 1685
f 220 700 1772
f 214 694 1757
f 200 680 1715
f 171 651 1628
f 358 838 2187
f 256 736 1881
f 261 741 1899
f 387 867 2277
f 399 879 2313
f 351 831 2169
f 348 828 2156
f 300 780 2010
f 366 846 2208
f 267 747 1917
f 340 820 2133
f 287 767 1971
f 291 771 1989
f 369 849 2223
f 395 875 2300
f 354 834 2174
f 345 825 2151
f 297 777 2007
f 363 843 2205
f 270 750 1920
f 247 727 1855
f 229 709 1801
f 223 703 1784
f 235 715 1820
f 241 721 1838
f 253 733 1874
f 355 835 2180
f 398 878 2310
f 386 866 2274
f 260 740 1896
f 325 805 2089
f 307 787 2035
f 278 758 1950
f 313 793 2054
f 319 799 2072
f 337 817 2126
f 283 763 1964
f 290 770 1986
f 368 848 2220
f 392 872 2291
f 356 836 2183
f 254 734 1877
f 259 739 1891
f 385 865 2269
f 397 877 2305
f 349 829 2161
f 344 824 2148
f 296 776 2004
f 362 842 2202
f 265 745 1909
f 338 818 2129
f 284 764 1967
f 289 769 1981
f 367 847 2215
f 391 871 2288
f 350 830 2166
f 343 823 2143
f 295 775 1999
f 361 841 2197
f 266 746 1914
f 230 710 1806
f 224 704 1787
f 236 716 1823
f 242 722 1841
f 248 728 1860
f 272 752 1931
f 331 811 2108
f 301 781 2018
f 373 853 2234
f 380 860 2255
f 308 788 2040
f 277 757 1945
f 314 794 2057
f 320 800 2075
f 326 806 2094
f 332 812 2111
f 302 782 2021
f 374 854 2237
f 379 859 2252
f 271 751 1928
f 234 714 1812
f 227 707 1791
f 239 719 1827
f 245 725 1845
f 252 732 1866
f 275 755 1935
f 334 814 2118
f 304 784 2028
f 377 857 2246
f 382 862 2259
f 312 792 2048
f 279 759 1953
f 316 796 2061
f 323 803 2079
f 330 810 2100
f 335 815 2115
f 305 785 2025
f 376 856 2241
f 383 863 2264
f 274 754 1938
f 232 712 1802
f 225 705 1783
f 237 717 1819
f 243 723 1837
f 250 730 1856
f 273 753 1927
f 336 816 2112
f 306 786 2022
f 378 858 2238
f 381 861 2251
f 311 791 2036
f 281 761 1949
f 315 795 2053
f 321 801 2071
f 328 808 2090
f 333 813 2107
f 303 783 2017
f 375 855 2233
f 384 864 2256
f 276 756 1932
f 251 731 1859
f 233 713 1805
f 228 708 1788
f 240 720 1824
f 246 726 1842
f 258 738 1878
f 360 840 2184
f 401 881 2306
f 389 869 2270
f 263 743 1892
f 329 809 2093
f 310 790 2039
f 280 760 1946
f 318 798 2058
f 324 804 2076
f 342 822 2130
f 288 768 1968
f 292 772 1982
f 371 851 2216
f 393 873 2287
f 357 837 2179
f 255 735 1873
f 262 742 1895
f 388 868 2273
f 400 880 2309
f 352 832 2165
f 347 827 2144
f 298 778 2000
f 364 844 2198
f 269 749 1913
f 339 819 2125
f 285 765 1963
f 293 773 1985
f 370 850 2219
f 396 876 2292
f 353 833 2162
f 346 826 2147
f 299 779 2003
f 365 845 2201
f 268 748 1910
f 249 729 1863
f 231 711 1809
f 226 706 1794
f 238 718 1830
f 244 724 1848
f 257 737 1886
f 359 839 2192
f 402 882 2318
f 390 870 2282
f 264 744 1904
f 327 807 2097
f 309 789 2043
f 282 762 1956
f 317 797 2066
f 322 802 2082
f 341 821 2138
f 286 766 1974
f 294 774 1992
f 372 852 2228
f 394 874 2295
f 416 1270 2331
f 408 1246 2327
f 406 1251 2328
f 412 1287 2334
f 415 1305 2337
f 424 1335 2346
f 492 1552 2412
f 582 1474 2499
f 565 1600 2487
f 514 1353 2436
f 461 1480 2376
f 453 1402 2372
f 451 1407 2373
f 457 1491 2379
f 460 1503 2382
f 475 1534 2396
f 439 1413 2361
f 496 1443 2418
f 533 1593 2457
f 551 1384 2463
f 579 1324 2492
f 483 1276 2402
f 426 1264 2343
f 521 1300 2433
f 566 1318 2478
f 489 1342 2406
f 578 1563 2502
f 560 1461 2484
f 518 1587 2442
f 429 1348 2349
f 547 1522 2468
f 465 1419 2387
f 441 1396 2358
f 504 1498 2421
f 537 1516 2454
f 550 1558 2472
f 476 1426 2388
f 444 1432 2364
f 502 1569 2426
f 526 1371 2448
f 481 1281 2403
f 420 1257 2342
f 510 1293 2432
f 555 1311 2477
f 571 1329 2493
f 540 1377 2462
f 473 1539 2397
f 447 1450 2367
f 507 1576 2427
f 534 1366 2447
f 469 1485 2391
f 435 1389 2357
f 498 1438 2417
f 529 1509 2453
f 545 1527 2469
f 487 1545 2411
f 574 1467 2498
f 562 1456 2483
f 520 1582 2441
f 432 1360 2352
f 589 1271 2509
f 583 1247 2503
f 586 1254 2506
f 593 1290 2512
f 596 1308 2515
f 599 1338 2518
f 633 1553 2555
f 620 1475 2541
f 640 1601 2562
f 603 1356 2522
f 622 1481 2542
f 607 1403 2528
f 612 1410 2531
f 626 1494 2545
f 629 1506 2548
f 631 1535 2551
f 614 1416 2533
f 618 1446 2537
f 641 1596 2559
f 605 1385 2526
f 167 907 1616
f 164 889 1608
f 163 883 1606
f 165 895 1612
f 166 901 1615
f 169 919 1624
f 192 1057 1692
f 222 1237 1782
f 216 1201 1765
f 199 1099 1714
f 182 997 1661
f 179 979 1653
f 178 973 1651
f 180 985 1657
f 181 991 1660
f 186 1021 1675
f 174 949 1639
f 193 1063 1696
f 205 1135 1733
f 212 1177 1751
f 221 1231 1779
f 189 1039 1683
f 170 925 1626
f 202 1117 1721
f 217 1207 1766
f 191 1051 1689
f 220 1225 1778
f 214 1189 1760
f 200 1105 1718
f 171 931 1629
f 210 1165 1747
f 183 1003 1665
f 175 955 1641
f 196 1081 1704
f 207 1147 1737
f 211 1171 1750
f 187 1027 1676
f 176 961 1644
f 195 1075 1702
f 203 1123 1726
f 188 1033 1681
f 168 913 1620
f 198 1093 1710
f 213 1183 1755
f 218 1213 1771
f 208 1153 1740
f 185 1015 1673
f 177 967 1647
f 197 1087 1707
f 206 1141 1734
f 184 1009 1669
f 173 943 1635
f 194 1069 1698
f 204 1129 1729
f 209 1159 1745
f 190 1045 1687
f 219 1219 1774
f 215 1195 1762
f 201 1111 1720
f 172 937 1632
f 357 1280 2189
f 255 1256 1883
f 262 1292 1903
f 388 1310 2281
f 400 1328 2317
f 352 1376 2173
f 347 1538 2158
f 298 1447 2012
f 364 1573 2210
f 269 1363 1924
f 339 1484 2135
f 285 1388 1973
f 293 1435 1996
f 370 1508 2227
f 396 1526 2304
f 353 1544 2176
f 346 1466 2155
f 299 1453 2014
f 365 1579 2212
f 268 1357 1922
f 249 1268 1864
f 231 1244 1810
f 226 1249 1795
f 238 1285 1831
f 244 1303 1849
f 257 1333 1887
f 359 1550 2193
f 402 1472 2321
f 390 1598 2285
f 264 1351 1907
f 327 1478 2098
f 309 1400 2044
f 282 1405 1961
f 317 1489 2067
f 322 1501 2083
f 341 1532 2139
f 286 1411 1975
f 294 1441 1997
f 372 1591 2231
f 394 1382 2298
f 358 1322 2190
f 256 1274 1884
f 261 1262 1900
f 387 1298 2278
f 399 1316 2314
f 351 1340 2170
f 348 1561 2159
f 300 1459 2015
f 366 1585 2213
f 267 1346 1918
f 340 1520 2136
f 287 1417 1977
f 291 1394 1990
f 369 1496 2224
f 395 1514 2301
f 354 1556 2177
f 345 1424 2152
f 297 1430 2008
f 363 1567 2206
f 270 1369 1925
f 234 1279 1817
f 227 1255 1797
f 239 1291 1833
f 245 1309 1851
f 252 1327 1871
f 275 1375 1941
f 334 1537 2119
f 304 1448 2029
f 377 1574 2247
f 382 1364 2262
f 312 1483 2051
f 279 1387 1954
f 316 1436 2064
f 323 1507 2085
f 330 1525 2105
f 335 1543 2121
f 305 1465 2031
f 376 1454 2244
f 383 1580 2265
f 274 1358 1939
f 232 1267 1814
f 225 1243 1793
f 237 1250 1829
f 243 1286 1847
f 250 1304 1868
f 273 1334 1937
f 336 1549 2124
f 306 1471 2034
f 378 1597 2250
f 381 1352 2261
f 311 1477 2050
f 281 1399 1960
f 315 1406 2063
f 321 1490 2081
f 328 1502 2102
f 333 1531 2117
f 303 1412 2027
f 375 1442 2243
f 384 1592 2268
f 276 1381 1944
f 229 890 1804
f 223 884 1785
f 235 896 1821
f 241 902 1839
f 247 908 1858
f 271 938 1929
f 332 1046 2114
f 302 1220 2024
f 374 1196 2240
f 379 1112 2253
f 307 980 2038
f 278 974 1951
f 313 986 2055
f 319 992 2073
f 325 998 2092
f 331 1016 2109
f 301 968 2019
f 373 1088 2235
f 380 1142 2258
f 272 1154 1934
f 248 1214 1861
f 230 1034 1807
f 224 914 1790
f 236 1094 1826
f 242 1184 1844
f 254 1040 1880
f 356 1232 2186
f 397 1208 2308
f 385 1118 2272
f 259 926 1894
f 326 1160 2095
f 308 1010 2041
f 277 944 1948
f 314 1070 2060
f 320 1130 2078
f 338 1166 2132
f 284 1004 1970
f 289 956 1984
f 367 1082 2218
f 391 1148 2289
f 355 1058 2181
f 253 920 1875
f 260 1100 1897
f 386 1202 2275
f 398 1238 2311
f 350 1172 2167
f 343 1028 2146
f 295 962 2002
f 361 1076 2200
f 266 1124 1915
f 337 1022 2127
f 283 950 1965
f 290 1064 1987
f 368 1136 2221
f 392 1178 2294
f 349 1052 2164
f 344 1226 2149
f 296 1190 2005
f 362 1106 2203
f 265 932 1912
f 251 1321 1870
f 233 1273 1816
f 228 1261 1800
f 240 1297 1836
f 246 1315 1854
f 258 1339 1890
f 360 1562 2196
f 401 1460 2320
f 389 1586 2284
f 263 1345 1906
f 329 1519 2104
f 310 1418 2047
f 280 1393 1958
f 318 1495 2070
f 324 1513 2088
f 342 1555 2142
f 288 1423 1980
f 292 1429 1994
f 371 1568 2230
f 393 1370 2297
f 409 894 2329
f 405 887 2323
f 411 899 2326
f 414 905 2333
f 417 912 2336
f 431 941 2345
f 488 1050 2409
f 575 1224 2496
f 563 1200 2485
f 519 1115 2435
f 454 984 2374
f 450 977 2368
f 456 989 2371
f 459 995 2378
f 462 1002 2381
f 472 1019 2392
f 446 971 2360
f 506 1091 2416
f 535 1146 2456
f 541 1158 2460
f 570 1217 2488
f 480 1037 2398
f 421 918 2340
f 511 1098 2430
f 556 1188 2475
f 484 1044 2404
f 580 1236 2501
f 567 1212 2482
f 522 1122 2440
f 427 930 2347
f 544 1163 2464
f 468 1013 2384
f 436 948 2355
f 499 1074 2419
f 530 1134 2451
f 548 1170 2470
f 466 1008 2385
f 442 960 2362
f 505 1086 2423
f 536 1151 2446
f 491 1061 2401
f 423 923 2339
f 513 1103 2429
f 564 1205 2474
f 581 1241 2491
f 549 1175 2459
f 477 1032 2395
f 445 966 2365
f 503 1080 2424
f 525 1127 2443
f 474 1025 2390
f 438 953 2354
f 495 1067 2413
f 532 1139 2450
f 552 1182 2467
f 490 1056 2408
f 577 1229 2495
f 559 1193 2479
f 517 1109 2437
f 430 936 2350
f 590 1325 2511
f 584 1277 2505
f 585 1265 2507
f 592 1301 2513
f 595 1319 2516
f 598 1343 2519
f 636 1566 2556
f 621 1464 2540
f 642 1590 2561
f 601 1349 2521
f 623 1523 2544
f 611 1422 2529
f 609 1397 2530
f 625 1499 2546
f 628 1517 2549
f 632 1559 2553
f 613 1427 2534
f 616 1433 2536
f 638 1572 2557
f 606 1374 2525
f 407 892 1609
f 403 885 1605
f 404 897 1611
f 410 903 1614
f 413 910 1617
f 422 939 1631
f 486 1048 1688
f 573 1222 1775
f 561 1198 1763
f 512 1113 1719
f 452 982 1654
f 448 975 1650
f 449 987 1656
f 455 993 1659
f 458 1000 1662
f 470 1017 1672
f 437 969 1646
f 494 1089 1706
f 531 1144 1735
f 539 1156 1741
f 568 1215 1770
f 478 1035 1680
f 419 916 1621
f 509 1096 1711
f 554 1186 1756
f 482 1042 1684
f 576 1234 1780
f 558 1210 1767
f 516 1120 1722
f 425 928 1627
f 542 1161 1744
f 463 1011 1668
f 434 946 1636
f 497 1072 1699
f 528 1132 1730
f 546 1168 1748
f 464 1006 1666
f 440 958 1642
f 500 1084 1705
f 524 1149 1736
f 479 1059 1691
f 418 921 1623
f 508 1101 1713
f 553 1203 1764
f 569 1239 1781
f 538 1173 1749
f 471 1030 1677
f 443 964 1645
f 501 1078 1703
f 523 1125 1725
f 467 1023 1674
f 433 951 1638
f 493 1065 1695
f 527 1137 1732
f 543 1180 1752
f 485 1054 1690
f 572 1227 1777
f 557 1191 1759
f 515 1107 1717
f 428 934 1630
f 591 1326 2191
f 587 1278 1885
f 588 1266 1901
f 594 1302 2279
f 597 1320 2315
f 600 1344 2171
f 634 1565 2160
f 619 1463 2016
f 639 1589 2214
f 602 1350 1919
f 624 1524 2137
f 608 1421 1978
f 610 1398 1991
f 627 1500 2225
f 630 1518 2302
f 635 1560 2178
f 615 1428 2153
f 617 1434 2009
f 637 1571 2207
f 604 1373 1926
f 416 911 1857
f 408 893 1803
f 406 888 1786
f 412 900 1822
f 415 906 1840
f 424 924 1876
f 492 1062 2182
f 582 1242 2312
f 565 1206 2276
f 514 1104 1898
f 461 1001 2091
f 453 983 2037
f 451 978 1952
f 457 990 2056
f 460 996 2074
f 475 1026 2128
f 439 954 1966
f 496 1068 1988
f 533 1140 2222
f 551 1181 2293
f 579 1235 2185
f 483 1043 1879
f 426 929 1893
f 521 1121 2271
f 566 1211 2307
f 489 1055 2163
f 578 1230 2150
f 560 1194 2006
f 518 1110 2204
f 429 935 1911
f 547 1169 2131
f 465 1007 1969
f 441 959 1983
f 504 1085 2217
f 537 1152 2290
f 550 1176 2168
f 476 1031 2145
f 444 965 2001
f 502 1079 2199
f 526 1128 1916
f 481 1038 1808
f 420 917 1789
f 510 1097 1825
f 555 1187 1843
f 571 1218 1862
f 540 1157 1933
f 473 1020 2110
f 447 972 2020
f 507 1092 2236
f 534 1145 2257
f 469 1014 2042
f 435 947 1947
f 498 1073 2059
f 529 1133 2077
f 545 1164 2096
f 487 1049 2113
f 574 1223 2023
f 562 1199 2239
f 520 1116 2254
f 432 942 1930
f 589 1283 1818
f 583 1259 1798
f 586 1295 1834
f 593 1313 1852
f 596 1331 1872
f 599 1379 1942
f 633 1541 2120
f 620 1452 2030
f 640 1578 2248
f 603 1368 2263
f 622 1487 2052
f 607 1391 1955
f 612 1440 2065
f 626 1511 2086
f 629 1529 2106
f 631 1547 2122
f 614 1469 2032
f 618 1458 2245
f 641 1584 2266
f 605 1362 1940
f 409 1269 1813
f 405 1245 1792
f 411 1252 1828
f 414 1288 1846
f 417 1306 1867
f 431 1336 1936
f 488 1551 2123
f 575 1473 2033
f 563 1599 2249
f 519 1354 2260
f 454 1479 2049
f 450 1401 1959
f 456 1408 2062
f 459 1492 2080
f 462 1504 2101
f 472 1533 2116
f 446 1414 2026
f 506 1444 2242
f 535 1594 2267
f 541 1383 1943
f 570 1323 1869
f 480 1275 1815
f 421 1263 1799
f 511 1299 1835
f 556 1317 1853
f 484 1341 1889
f 580 1564 2195
f 567 1462 2319
f 522 1588 2283
f 427 1347 1905
f 544 1521 2103
f 468 1420 2046
f 436 1395 1957
f 499 1497 2069
f 530 1515 2087
f 548 1557 2141
f 466 1425 1979
f 442 1431 1993
f 505 1570 2229
f 536 1372 2296
f 491 1282 2188
f 423 1258 1882
f 513 1294 1902
f 564 1312 2280
f 581 1330 2316
f 549 1378 2172
f 477 1540 2157
f 445 1449 2011
f 503 1575 2209
f 525 1365 1923
f 474 1486 2134
f 438 1390 1972
f 495 1437 1995
f 532 1510 2226
f 552 1528 2303
f 490 1546 2175
f 577 1468 2154
f 559 1455 2013
f 517 1581 2211
f 430 1359 1921
f 590 1272 1865
f 584 1248 1811
f 585 1253 1796
f 592 1289 1832
f 595 1307 1850
f 598 1337 1888
f 636 1554 2194
f 621 1476 2322
f 642 1602 2286
f 601 1355 1908
f 623 1482 2099
f 611 1404 2045
f 609 1409 1962
f 625 1493 2068
f 628 1505 2084
f 632 1536 2140
f 613 1415 1976
f 616 1445 1998
f 638 1595 2232
f 606 1386 2299
f 407 909 2330
f 403 891 2324
f 404 886 2325
f 410 898 2332
f 413 904 2335
f 422 922 2344
f 486 1060 2410
f 573 1240 2497
f 561 1204 2486
f 512 1102 2434
f 452 999 2375
f 448 981 2369
f 449 976 2370
f 455 988 2377
f 458 994 2380
f 470 1024 2393
f 437 952 2359
f 494 1066 2415
f 531 1138 2455
f 539 1179 2461
f 568 1233 2489
f 478 1041 2399
f 419 927 2341
f 509 1119 2431
f 554 1209 2476
f 482 1053 2405
f 576 1228 2500
f 558 1192 2481
f 516 1108 2439
f 425 933 2348
f 542 1167 2465
f 463 1005 2383
f 434 957 2356
f 497 1083 2420
f 528 1150 2452
f 546 1174 2471
f 464 1029 2386
f 440 963 2363
f 500 1077 2422
f 524 1126 2445
f 479 1036 2400
f 418 915 2338
f 508 1095 2428
f 553 1185 2473
f 569 1216 2490
f 538 1155 2458
f 471 1018 2394
f 443 970 2366
f 501 1090 2425
f 523 1143 2444
f 467 1012 2389
f 433 945 2353
f 493 1071 2414
f 527 1131 2449
f 543 1162 2466
f 485 1047 2407
f 572 1221 2494
f 557 1197 2480
f 515 1114 2438
f 428 940 2351
f 591 1284 2510
f 587 1260 2504
f 588 1296 2508
f 594 1314 2514
f 597 1332 2517
f 600 1380 2520
f 634 1542 2554
f 619 1451 2539
f 639 1577 2560
f 602 1367 2523
f 624 1488 2543
f 608 1392 2527
f 610 1439 2532
f 627 1512 2547
f 630 1530 2550
f 635 1548 2552
f 615 1470 2535
f 617 1457 2538
f 637 1583 2558
f 604 1361 2524
f 167 1616 1607
f 164 1608 1603
f 163 1606 1604
f 165 1612 1610
f 166 1615 1613
f 169 1624 1622
f 192 1692 1686
f 222 1782 1773
f 216 1765 1761
f 199 1714 1712
f 182 1661 1652
f 179 1653 1648
f 178 1651 1649
f 180 1657 1655
f 181 1660 1658
f 186 1675 1670
f 174 1639 1637
f 193 1696 1694
f 205 1733 1731
f 212 1751 1739
f 221 1779 1768
f 189 1683 1678
f 170 1626 1619
f 202 1721 1709
f 217 1766 1754
f 191 1689 1682
f 220 1778 1776
f 214 1760 1758
f 200 1718 1716
f 171 1629 1625
f 210 1747 1742
f 183 1665 1663
f 175 1641 1634
f 196 1704 1697
f 207 1737 1728
f 211 1750 1746
f 187 1676 1664
f 176 1644 1640
f 195 1702 1700
f 203 1726 1724
f 188 1681 1679
f 168 1620 1618
f 198 1710 1708
f 213 1755 1753
f 218 1771 1769
f 208 1740 1738
f 185 1673 1671
f 177 1647 1643
f 197 1707 1701
f 206 1734 1723
f 184 1669 1667
f 173 1635 1633
f 194 1698 1693
f 204 1729 1727
f 209 1745 1743
f 190 1687 1685
f 219 1774 1772
f 215 1762 1757
f 201 1720 1715
f 172 1632 1628
f 357 2189 2187
f 255 1883 1881
f 262 1903 1899
f 388 2281 2277
f 400 2317 2313
f 352 2173 2169
f 347 2158 2156
f 298 2012 2010
f 364 2210 2208
f 269 1924 1917
f 339 2135 2133
f 285 1973 1971
f 293 1996 1989
f 370 2227 2223
f 396 2304 2300
f 353 2176 2174
f 346 2155 2151
f 299 2014 2007
f 365 2212 2205
f 268 1922 1920
f 249 1864 1855
f 231 1810 1801
f 226 1795 1784
f 238 1831 1820
f 244 1849 1838
f 257 1887 1874
f 359 2193 2180
f 402 2321 2310
f 390 2285 2274
f 264 1907 1896
f 327 2098 2089
f 309 2044 2035
f 282 1961 1950
f 317 2067 2054
f 322 2083 2072
f 341 2139 2126
f 286 1975 1964
f 294 1997 1986
f 372 2231 2220
f 394 2298 2291
f 358 2190 2183
f 256 1884 1877
f 261 1900 1891
f 387 2278 2269
f 399 2314 2305
f 351 2170 2161
f 348 2159 2148
f 300 2015 2004
f 366 2213 2202
f 267 1918 1909
f 340 2136 2129
f 287 1977 1967
f 291 1990 1981
f 369 2224 2215
f 395 2301 2288
f 354 2177 2166
f 345 2152 2143
f 297 2008 1999
f 363 2206 2197
f 270 1925 1914
f 234 1817 1806
f 227 1797 1787
f 239 1833 1823
f 245 1851 1841
f 252 1871 1860
f 275 1941 1931
f 334 2119 2108
f 304 2029 2018
f 377 2247 2234
f 382 2262 2255
f 312 2051 2040
f 279 1954 1945
f 316 2064 2057
f 323 2085 2075
f 330 2105 2094
f 335 2121 2111
f 305 2031 2021
f 376 2244 2237
f 383 2265 2252
f 274 1939 1928
f 232 1814 1812
f 225 1793 1791
f 237 1829 1827
f 243 1847 1845
f 250 1868 1866
f 273 1937 1935
f 336 2124 2118
f 306 2034 2028
f 378 2250 2246
f 381 2261 2259
f 311 2050 2048
f 281 1960 1953
f 315 2063 2061
f 321 2081 2079
f 328 2102 2100
f 333 2117 2115
f 303 2027 2025
f 375 2243 2241
f 384 2268 2264
f 276 1944 1938
f 229 1804 1802
f 223 1785 1783
f 235 1821 1819
f 241 1839 1837
f 247 1858 1856
f 271 1929 1927
f 332 2114 2112
f 302 2024 2022
f 374 2240 2238
f 379 2253 2251
f 307 2038 2036
f 278 1951 1949
f 313 2055 2053
f 319 2073 2071
f 325 2092 2090
f 331 2109 2107
f 301 2019 2017
f 373 2235 2233
f 380 2258 2256
f 272 1934 1932
f 248 1861 1859
f 230 1807 1805
f 224 1790 1788
f 236 1826 1824
f 242 1844 1842
f 254 1880 1878
f 356 2186 2184
f 397 2308 2306
f 385 2272 2270
f 259 1894 1892
f 326 2095 2093
f 308 2041 2039
f 277 1948 1946
f 314 2060 2058
f 320 2078 2076
f 338 2132 2130
f 284 1970 1968
f 289 1984 1982
f 367 2218 2216
f 391 2289 2287
f 355 2181 2179
f 253 1875 1873
f 260 1897 1895
f 386 2275 2273
f 398 2311 2309
f 350 2167 2165
f 343 2146 2144
f 295 2002 2000
f 361 2200 2198
f 266 1915 1913
f 337 2127 2125
f 283 1965 1963
f 290 1987 1985
f 368 2221 2219
f 392 2294 2292
f 349 2164 2162
f 344 2149 2147
f 296 2005 2003
f 362 2203 2201
f 265 1912 1910
f 251 1870 1863
f 233 1816 1809
f 228 1800 1794
f 240 1836 1830
f 246 1854 1848
f 258 1890 1886
f 360 2196 2192
f 401 2320 2318
f 389 2284 2282
f 263 1906 1904
f 329 2104 2097
f 310 2047 2043
f 280 1958 1956
f 318 2070 2066
f 324 2088 2082
f 342 2142 2138
f 288 1980 1974
f 292 1994 1992
f 371 2230 2228
f 393 2297 2295
f 409 2329 2331
f 405 2323 2327
f 411 2326 2328
f 414 2333 2334
f 417 2336 2337
f 431 2345 2346
f 488 2409 2412
f 575 2496 2499
f 563 2485 2487
f 519 2435 2436
f 454 2374 2376
f 450 2368 2372
f 456 2371 2373
f 459 2378 2379
f 462 2381 2382
f 472 2392 2396
f 446 2360 2361
f 506 2416 2418
f 535 2456 2457
f 541 2460 2463
f 570 2488 2492
f 480 2398 2402
f 421 2340 2343
f 511 2430 2433
f 556 2475 2478
f 484 2404 2406
f 580 2501 2502
f 567 2482 2484
f 522 2440 2442
f 427 2347 2349
f 544 2464 2468
f 468 2384 2387
f 436 2355 2358
f 499 2419 2421
f 530 2451 2454
f 548 2470 2472
f 466 2385 2388
f 442 2362 2364
f 505 2423 2426
f 536 2446 2448
f 491 2401 2403
f 423 2339 2342
f 513 2429 2432
f 564 2474 2477
f 581 2491 2493
f 549 2459 2462
f 477 2395 2397
f 445 2365 2367
f 503 2424 2427
f 525 2443 2447
f 474 2390 2391
f 438 2354 2357
f 495 2413 2417
f 532 2450 2453
f 552 2467 2469
f 490 2408 2411
f 577 2495 2498
f 559 2479 2483
f 517 2437 2441
f 430 2350 2352
f 590 2511 2509
f 584 2505 2503
f 585 2507 2506
f 592 2513 2512
f 595 2516 2515
f 598 2519 2518
f 636 2556 2555
f 621 2540 2541
f 642 2561 2562
f 601 2521 2522
f 623 2544 2542
f 611 2529 2528
f 609 2530 2531
f 625 2546 2545
f 628 2549 2548
f 632 2553 2551
f 613 2534 2533
f 616 2536 2537
f 638 2557 2559
f 606 2525 2526
f 1607 644 647
f 1603 643 644
f 1604 645 643
f 1610 646 645
f 1613 647 646
f 1622 652 649
f 1686 670 672
f 1773 699 702
f 1761 695 696
f 1712 681 679
f 1652 659 662
f 1648 658 659
f 1649 660 658
f 1655 661 660
f 1658 662 661
f 1670 665 666
f 1637 657 654
f 1694 677 673
f 1731 686 685
f 1739 688 692
f 1768 698 701
f 1678 668 669
f 1619 648 650
f 1709 678 682
f 1754 693 697
f 1682 669 671
f 1776 701 700
f 1758 697 694
f 1716 682 680
f 1625 650 651
f 1742 689 690
f 1663 664 663
f 1634 653 655
f 1697 674 676
f 1728 684 687
f 1746 690 691
f 1664 663 667
f 1640 655 656
f 1700 676 675
f 1724 687 683
f 1679 672 668
f 1618 649 648
f 1708 679 678
f 1753 696 693
f 1769 702 698
f 1738 691 688
f 1671 667 665
f 1643 656 657
f 1701 675 677
f 1723 683 686
f 1667 666 664
f 1633 654 653
f 1693 673 674
f 1727 685 684
f 1743 692 689
f 1685 671 670
f 1772 700 699
f 1757 694 695
f 1715 680 681
f 1628 651 652
f 2187 838 837
f 1881 736 735
f 1899 741 742
f 2277 867 868
f 2313 879 880
f 2169 831 832
f 2156 828 827
f 2010 780 778
f 2208 846 844
f 1917 747 749
f 2133 820 819
f 1971 767 765
f 1989 771 773
f 2223 849 850
f 2300 875 876
f 2174 834 833
f 2151 825 826
f 2007 777 779
f 2205 843 845
f 1920 750 748
f 1855 727 729
f 1801 709 711
f 1784 703 706
f 1820 715 718
f 1838 721 724
f 1874 733 737
f 2180 835 839
f 2310 878 882
f 2274 866 870
f 1896 740 744
f 2089 805 807
f 2035 787 789
f 1950 758 762
f 2054 793 797
f 2072 799 802
f 2126 817 821
f 1964 763 766
f 1986 770 774
f 2220 848 852
f 2291 872 874
f 2183 836 838
f 1877 734 736
f 1891 739 741
f 2269 865 867
f 2305 877 879
f 2161 829 831
f 2148 824 828
f 2004 776 780
f 2202 842 846
f 1909 745 747
f 2129 818 820
f 1967 764 767
f 1981 769 771
f 2215 847 849
f 2288 871 875
f 2166 830 834
f 2143 823 825
f 1999 775 777
f 2197 841 843
f 1914 746 750
f 1806 710 714
f 1787 704 707
f 1823 716 719
f 1841 722 725
f 1860 728 732
f 1931 752 755
f 2108 811 814
f 2018 781 784
f 2234 853 857
f 2255 860 862
f 2040 788 792
f 1945 757 759
f 2057 794 796
f 2075 800 803
f 2094 806 810
f 2111 812 815
f 2021 782 785
f 2237 854 856
f 2252 859 863
f 1928 751 754
f 1812 714 712
f 1791 707 705
f 1827 719 717
f 1845 725 723
f 1866 732 730
f 1935 755 753
f 2118 814 816
f 2028 784 786
f 2246 857 858
f 2259 862 861
f 2048 792 791
f 1953 759 761
f 2061 796 795
f 2079 803 801
f 2100 810 808
f 2115 815 813
f 2025 785 783
f 2241 856 855
f 2264 863 864
f 1938 754 756
f 1802 712 709
f 1783 705 703
f 1819 717 715
f 1837 723 721
f 1856 730 727
f 1927 753 751
f 2112 816 812
f 2022 786 782
f 2238 858 854
f 2251 861 859
f 2036 791 787
f 1949 761 758
f 2053 795 793
f 2071 801 799
f 2090 808 805
f 2107 813 811
f 2017 783 781
f 2233 855 853
f 2256 864 860
f 1932 756 752
f 1859 731 728
f 1805 713 710
f 1788 708 704
f 1824 720 716
f 1842 726 722
f 1878 738 734
f 2184 840 836
f 2306 881 877
f 2270 869 865
f 1892 743 739
f 2093 809 806
f 2039 790 788
f 1946 760 757
f 2058 798 794
f 2076 804 800
f 2130 822 818
f 1968 768 764
f 1982 772 769
f 2216 851 847
f 2287 873 871
f 2179 837 835
f 1873 735 733
f 1895 742 740
f 2273 868 866
f 2309 880 878
f 2165 832 830
f 2144 827 823
f 2000 778 775
f 2198 844 841
f 1913 749 746
f 2125 819 817
f 1963 765 763
f 1985 773 770
f 2219 850 848
f 2292 876 872
f 2162 833 829
f 2147 826 824
f 2003 779 776
f 2201 845 842
f 1910 748 745
f 1863 729 731
f 1809 711 713
f 1794 706 708
f 1830 718 720
f 1848 724 726
f 1886 737 738
f 2192 839 840
f 2318 882 881
f 2282 870 869
f 1904 744 743
f 2097 807 809
f 2043 789 790
f 1956 762 760
f 2066 797 798
f 2082 802 804
f 2138 821 822
f 1974 766 768
f 1992 774 772
f 2228 852 851
f 2295 874 873
f 2331 1270 1269
f 2327 1246 1245
f 2328 1251 1252
f 2334 1287 1288
f 2337 1305 1306
f 2346 1335 1336
f 2412 1552 1551
f 2499 1474 1473
f 2487 1600 1599
f 2436 1353 1354
f 2376 1480 1479
f 2372 1402 1401
f 2373 1407 1408
f 2379 1491 1492
f 2382 1503 1504
f 2396 1534 1533
f 2361 1413 1414
f 2418 1443 1444
f 2457 1593 1594
f 2463 1384 1383
f 2492 1324 1323
f 2402 1276 1275
f 2343 1264 1263
f 2433 1300 1299
f 2478 1318 1317
f 2406 1342 1341
f 2502 1563 1564
f 2484 1461 1462
f 2442 1587 1588
f 2349 1348 1347
f 2468 1522 1521
f 2387 1419 1420
f 2358 1396 1395
f 2421 1498 1497
f 2454 1516 1515
f 2472 1558 1557
f 2388 1426 1425
f 2364 1432 1431
f 2426 1569 1570
f 2448 1371 1372
f 2403 1281 1282
f 2342 1257 1258
f 2432 1293 1294
f 2477 1311 1312
f 2493 1329 1330
f 2462 1377 1378
f 2397 1539 1540
f 2367 1450 1449
f 2427 1576 1575
f 2447 1366 1365
f 2391 1485 1486
f 2357 1389 1390
f 2417 1438 1437
f 2453 1509 1510
f 2469 1527 1528
f 2411 1545 1546
f 2498 1467 1468
f 2483 1456 1455
f 2441 1582 1581
f 2352 1360 1359
f 2509 1271 1272
f 2503 1247 1248
f 2506 1254 1253
f 2512 1290 1289
f 2515 1308 1307
f 2518 1338 1337
f 2555 1553 1554
f 2541 1475 1476
f 2562 1601 1602
f 2522 1356 1355
f 2542 1481 1482
f 2528 1403 1404
f 2531 1410 1409
f 2545 1494 1493
f 2548 1506 1505
f 2551 1535 1536
f 2533 1416 1415
f 2537 1446 1445
f 2559 1596 1595
f 2526 1385 1386
f 1616 907 909
f 1608 889 891
f 1606 883 886
f 1612 895 898
f 1615 901 904
f 1624 919 922
f 1692 1057 1060
f 1782 1237 1240
f 1765 1201 1204
f 1714 1099 1102
f 1661 997 999
f 1653 979 981
f 1651 973 976
f 1657 985 988
f 1660 991 994
f 1675 1021 1024
f 1639 949 952
f 1696 1063 1066
f 1733 1135 1138
f 1751 1177 1179
f 1779 1231 1233
f 1683 1039 1041
f 1626 925 927
f 1721 1117 1119
f 1766 1207 1209
f 1689 1051 1053
f 1778 1225 1228
f 1760 1189 1192
f 1718 1105 1108
f 1629 931 933
f 1747 1165 1167
f 1665 1003 1005
f 1641 955 957
f 1704 1081 1083
f 1737 1147 1150
f 1750 1171 1174
f 1676 1027 1029
f 1644 961 963
f 1702 1075 1077
f 1726 1123 1126
f 1681 1033 1036
f 1620 913 915
f 1710 1093 1095
f 1755 1183 1185
f 1771 1213 1216
f 1740 1153 1155
f 1673 1015 1018
f 1647 967 970
f 1707 1087 1090
f 1734 1141 1143
f 1669 1009 1012
f 1635 943 945
f 1698 1069 1071
f 1729 1129 1131
f 1745 1159 1162
f 1687 1045 1047
f 1774 1219 1221
f 1762 1195 1197
f 1720 1111 1114
f 1632 937 940
f 2189 1280 1284
f 1883 1256 1260
f 1903 1292 1296
f 2281 1310 1314
f 2317 1328 1332
f 2173 1376 1380
f 2158 1538 1542
f 2012 1447 1451
f 2210 1573 1577
f 1924 1363 1367
f 2135 1484 1488
f 1973 1388 1392
f 1996 1435 1439
f 2227 1508 1512
f 2304 1526 1530
f 2176 1544 1548
f 2155 1466 1470
f 2014 1453 1457
f 2212 1579 1583
f 1922 1357 1361
f 1864 1268 1270
f 1810 1244 1246
f 1795 1249 1251
f 1831 1285 1287
f 1849 1303 1305
f 1887 1333 1335
f 2193 1550 1552
f 2321 1472 1474
f 2285 1598 1600
f 1907 1351 1353
f 2098 1478 1480
f 2044 1400 1402
f 1961 1405 1407
f 2067 1489 1491
f 2083 1501 1503
f 2139 1532 1534
f 1975 1411 1413
f 1997 1441 1443
f 2231 1591 1593
f 2298 1382 1384
f 2190 1322 1324
f 1884 1274 1276
f 1900 1262 1264
f 2278 1298 1300
f 2314 1316 1318
f 2170 1340 1342
f 2159 1561 1563
f 2015 1459 1461
f 2213 1585 1587
f 1918 1346 1348
f 2136 1520 1522
f 1977 1417 1419
f 1990 1394 1396
f 2224 1496 1498
f 2301 1514 1516
f 2177 1556 1558
f 2152 1424 1426
f 2008 1430 1432
f 2206 1567 1569
f 1925 1369 1371
f 1817 1279 1281
f 1797 1255 1257
f 1833 1291 1293
f 1851 1309 1311
f 1871 1327 1329
f 1941 1375 1377
f 2119 1537 1539
f 2029 1448 1450
f 2247 1574 1576
f 2262 1364 1366
f 2051 1483 1485
f 1954 1387 1389
f 2064 1436 1438
f 2085 1507 1509
f 2105 1525 1527
f 2121 1543 1545
f 2031 1465 1467
f 2244 1454 1456
f 2265 1580 1582
f 1939 1358 1360
f 1814 1267 1271
f 1793 1243 1247
f 1829 1250 1254
f 1847 1286 1290
f 1868 1304 1308
f 1937 1334 1338
f 2124 1549 1553
f 2034 1471 1475
f 2250 1597 1601
f 2261 1352 1356
f 2050 1477 1481
f 1960 1399 1403
f 2063 1406 1410
f 2081 1490 1494
f 2102 1502 1506
f 2117 1531 1535
f 2027 1412 1416
f 2243 1442 1446
f 2268 1592 1596
f 1944 1381 1385
f 1804 890 894
f 1785 884 887
f 1821 896 899
f 1839 902 905
f 1858 908 912
f 1929 938 941
f 2114 1046 1050
f 2024 1220 1224
f 2240 1196 1200
f 2253 1112 1115
f 2038 980 984
f 1951 974 977
f 2055 986 989
f 2073 992 995
f 2092 998 1002
f 2109 1016 1019
f 2019 968 971
f 2235 1088 1091
f 2258 1142 1146
f 1934 1154 1158
f 1861 1214 1217
f 1807 1034 1037
f 1790 914 918
f 1826 1094 1098
f 1844 1184 1188
f 1880 1040 1044
f 2186 1232 1236
f 2308 1208 1212
f 2272 1118 1122
f 1894 926 930
f 2095 1160 1163
f 2041 1010 1013
f 1948 944 948
f 2060 1070 1074
f 2078 1130 1134
f 2132 1166 1170
f 1970 1004 1008
f 1984 956 960
f 2218 1082 1086
f 2289 1148 1151
f 2181 1058 1061
f 1875 920 923
f 1897 1100 1103
f 2275 1202 1205
f 2311 1238 1241
f 2167 1172 1175
f 2146 1028 1032
f 2002 962 966
f 2200 1076 1080
f 1915 1124 1127
f 2127 1022 1025
f 1965 950 953
f 1987 1064 1067
f 2221 1136 1139
f 2294 1178 1182
f 2164 1052 1056
f 2149 1226 1229
f 2005 1190 1193
f 2203 1106 1109
f 1912 932 936
f 1870 1321 1325
f 1816 1273 1277
f 1800 1261 1265
f 1836 1297 1301
f 1854 1315 1319
f 1890 1339 1343
f 2196 1562 1566
f 2320 1460 1464
f 2284 1586 1590
f 1906 1345 1349
f 2104 1519 1523
f 2047 1418 1422
f 1958 1393 1397
f 2070 1495 1499
f 2088 1513 1517
f 2142 1555 1559
f 1980 1423 1427
f 1994 1429 1433
f 2230 1568 1572
f 2297 1370 1374
f 2329 894 892
f 2323 887 885
f 2326 899 897
f 2333 905 903
f 2336 912 910
f 2345 941 939
f 2409 1050 1048
f 2496 1224 1222
f 2485 1200 1198
f 2435 1115 1113
f 2374 984 982
f 2368 977 975
f 2371 989 987
f 2378 995 993
f 2381 1002 1000
f 2392 1019 1017
f 2360 971 969
f 2416 1091 1089
f 2456 1146 1144
f 2460 1158 1156
f 2488 1217 1215
f 2398 1037 1035
f 2340 918 916
f 2430 1098 1096
f 2475 1188 1186
f 2404 1044 1042
f 2501 1236 1234
f 2482 1212 1210
f 2440 1122 1120
f 2347 930 928
f 2464 1163 1161
f 2384 1013 1011
f 2355 948 946
f 2419 1074 1072
f 2451 1134 1132
f 2470 1170 1168
f 2385 1008 1006
f 2362 960 958
f 2423 1086 1084
f 2446 1151 1149
f 2401 1061 1059
f 2339 923 921
f 2429 1103 1101
f 2474 1205 1203
f 2491 1241 1239
f 2459 1175 1173
f 2395 1032 1030
f 2365 966 964
f 2424 1080 1078
f 2443 1127 1125
f 2390 1025 1023
f 2354 953 951
f 2413 1067 1065
f 2450 1139 1137
f 2467 1182 1180
f 2408 1056 1054
f 2495 1229 1227
f 2479 1193 1191
f 2437 1109 1107
f 2350 936 934
f 2511 1325 1326
f 2505 1277 1278
f 2507 1265 1266
f 2513 1301 1302
f 2516 1319 1320
f 2519 1343 1344
f 2556 1566 1565
f 2540 1464 1463
f 2561 1590 1589
f 2521 1349 1350
f 2544 1523 1524
f 2529 1422 1421
f 2530 1397 1398
f 2546 1499 1500
f 2549 1517 1518
f 2553 1559 1560
f 2534 1427 1428
f 2536 1433 1434
f 2557 1572 1571
f 2525 1374 1373
f 1609 892 889
f 1605 885 883
f 1611 897 895
f 1614 903 901
f 1617 910 907
f 1631 939 937
f 1688 1048 1045
f 1775 1222 1219
f 1763 1198 1195
f 1719 1113 1111
f 1654 982 979
f 1650 975 973
f 1656 987 985
f 1659 993 991
f 1662 1000 997
f 1672 1017 1015
f 1646 969 967
f 1706 1089 1087
f 1735 1144 1141
f 1741 1156 1153
f 1770 1215 1213
f 1680 1035 1033
f 1621 916 913
f 1711 1096 1093
f 1756 1186 1183
f 1684 1042 1039
f 1780 1234 1231
f 1767 1210 1207
f 1722 1120 1117
f 1627 928 925
f 1744 1161 1159
f 1668 1011 1009
f 1636 946 943
f 1699 1072 1069
f 1730 1132 1129
f 1748 1168 1165
f 1666 1006 1003
f 1642 958 955
f 1705 1084 1081
f 1736 1149 1147
f 1691 1059 1057
f 1623 921 919
f 1713 1101 1099
f 1764 1203 1201
f 1781 1239 1237
f 1749 1173 1171
f 1677 1030 1027
f 1645 964 961
f 1703 1078 1075
f 1725 1125 1123
f 1674 1023 1021
f 1638 951 949
f 1695 1065 1063
f 1732 1137 1135
f 1752 1180 1177
f 1690 1054 1051
f 1777 1227 1225
f 1759 1191 1189
f 1717 1107 1105
f 1630 934 931
f 2191 1326 1322
f 1885 1278 1274
f 1901 1266 1262
f 2279 1302 1298
f 2315 1320 1316
f 2171 1344 1340
f 2160 1565 1561
f 2016 1463 1459
f 2214 1589 1585
f 1919 1350 1346
f 2137 1524 1520
f 1978 1421 1417
f 1991 1398 1394
f 2225 1500 1496
f 2302 1518 1514
f 2178 1560 1556
f 2153 1428 1424
f 2009 1434 1430
f 2207 1571 1567
f 1926 1373 1369
f 1857 911 908
f 1803 893 890
f 1786 888 884
f 1822 900 896
f 1840 906 902
f 1876 924 920
f 2182 1062 1058
f 2312 1242 1238
f 2276 1206 1202
f 1898 1104 1100
f 2091 1001 998
f 2037 983 980
f 1952 978 974
f 2056 990 986
f 2074 996 992
f 2128 1026 1022
f 1966 954 950
f 1988 1068 1064
f 2222 1140 1136
f 2293 1181 1178
f 2185 1235 1232
f 1879 1043 1040
f 1893 929 926
f 2271 1121 1118
f 2307 1211 1208
f 2163 1055 1052
f 2150 1230 1226
f 2006 1194 1190
f 2204 1110 1106
f 1911 935 932
f 2131 1169 1166
f 1969 1007 1004
f 1983 959 956
f 2217 1085 1082
f 2290 1152 1148
f 2168 1176 1172
f 2145 1031 1028
f 2001 965 962
f 2199 1079 1076
f 1916 1128 1124
f 1808 1038 1034
f 1789 917 914
f 1825 1097 1094
f 1843 1187 1184
f 1862 1218 1214
f 1933 1157 1154
f 2110 1020 1016
f 2020 972 968
f 2236 1092 1088
f 2257 1145 1142
f 2042 1014 1010
f 1947 947 944
f 2059 1073 1070
f 2077 1133 1130
f 2096 1164 1160
f 2113 1049 1046
f 2023 1223 1220
f 2239 1199 1196
f 2254 1116 1112
f 1930 942 938
f 1818 1283 1279
f 1798 1259 1255
f 1834 1295 1291
f 1852 1313 1309
f 1872 1331 1327
f 1942 1379 1375
f 2120 1541 1537
f 2030 1452 1448
f 2248 1578 1574
f 2263 1368 1364
f 2052 1487 1483
f 1955 1391 1387
f 2065 1440 1436
f 2086 1511 1507
f 2106 1529 1525
f 2122 1547 1543
f 2032 1469 1465
f 2245 1458 1454
f 2266 1584 1580
f 1940 1362 1358
f 1813 1269 1267
f 1792 1245 1243
f 1828 1252 1250
f 1846 1288 1286
f 1867 1306 1304
f 1936 1336 1334
f 2123 1551 1549
f 2033 1473 1471
f 2249 1599 1597
f 2260 1354 1352
f 2049 1479 1477
f 1959 1401 1399
f 2062 1408 1406
f 2080 1492 1490
f 2101 1504 1502
f 2116 1533 1531
f 2026 1414 1412
f 2242 1444 1442
f 2267 1594 1592
f 1943 1383 1381
f 1869 1323 1321
f 1815 1275 1273
f 1799 1263 1261
f 1835 1299 1297
f 1853 1317 1315
f 1889 1341 1339
f 2195 1564 1562
f 2319 1462 1460
f 2283 1588 1586
f 1905 1347 1345
f 2103 1521 1519
f 2046 1420 1418
f 1957 1395 1393
f 2069 1497 1495
f 2087 1515 1513
f 2141 1557 1555
f 1979 1425 1423
f 1993 1431 1429
f 2229 1570 1568
f 2296 1372 1370
f 2188 1282 1280
f 1882 1258 1256
f 1902 1294 1292
f 2280 1312 1310
f 2316 1330 1328
f 2172 1378 1376
f 2157 1540 1538
f 2011 1449 1447
f 2209 1575 1573
f 1923 1365 1363
f 2134 1486 1484
f 1972 1390 1388
f 1995 1437 1435
f 2226 1510 1508
f 2303 1528 1526
f 2175 1546 1544
f 2154 1468 1466
f 2013 1455 1453
f 2211 1581 1579
f 1921 1359 1357
f 1865 1272 1268
f 1811 1248 1244
f 1796 1253 1249
f 1832 1289 1285
f 1850 1307 1303
f 1888 1337 1333
f 2194 1554 1550
f 2322 1476 1472
f 2286 1602 1598
f 1908 1355 1351
f 2099 1482 1478
f 2045 1404 1400
f 1962 1409 1405
f 2068 1493 1489
f 2084 1505 1501
f 2140 1536 1532
f 1976 1415 1411
f 1998 1445 1441
f 2232 1595 1591
f 2299 1386 1382
f 2330 909 911
f 2324 891 893
f 2325 886 888
f 2332 898 900
f 2335 904 906
f 2344 922 924
f 2410 1060 1062
f 2497 1240 1242
f 2486 1204 1206
f 2434 1102 1104
f 2375 999 1001
f 2369 981 983
f 2370 976 978
f 2377 988 990
f 2380 994 996
f 2393 1024 1026
f 2359 952 954
f 2415 1066 1068
f 2455 1138 1140
f 2461 1179 1181
f 2489 1233 1235
f 2399 1041 1043
f 2341 927 929
f 2431 1119 1121
f 2476 1209 1211
f 2405 1053 1055
f 2500 1228 1230
f 2481 1192 1194
f 2439 1108 1110
f 2348 933 935
f 2465 1167 1169
f 2383 1005 1007
f 2356 957 959
f 2420 1083 1085
f 2452 1150 1152
f 2471 1174 1176
f 2386 1029 1031
f 2363 963 965
f 2422 1077 1079
f 2445 1126 1128
f 2400 1036 1038
f 2338 915 917
f 2428 1095 1097
f 2473 1185 1187
f 2490 1216 1218
f 2458 1155 1157
f 2394 1018 1020
f 2366 970 972
f 2425 1090 1092
f 2444 1143 1145
f 2389 1012 1014
f 2353 945 947
f 2414 1071 1073
f 2449 1131 1133
f 2466 1162 1164
f 2407 1047 1049
f 2494 1221 1223
f 2480 1197 1199
f 2438 1114 1116
f 2351 940 942
f 2510 1284 1283
f 2504 1260 1259
f 2508 1296 1295
f 2514 1314 1313
f 2517 1332 1331
f 2520 1380 1379
f 2554 1542 1541
f 2539 1451 1452
f 2560 1577 1578
f 2523 1367 1368
f 2543 1488 1487
f 2527 1392 1391
f 2532 1439 1440
f 2547 1512 1511
f 2550 1530 1529
f 2552 1548 1547
f 2535 1470 1469
f 2538 1457 1458
f 2558 1583 1584
f 2524 1361 1362
f 1607 1616 1609
f 1603 1608 1605
f 1604 1606 1611
f 1610 1612 1614
f 1613 1615 1617
f 1622 1624 1631
f 1686 1692 1688
f 1773 1782 1775
f 1761 1765 1763
f 1712 1714 1719
f 1652 1661 1654
f 1648 1653 1650
f 1649 1651 1656
f 1655 1657 1659
f 1658 1660 1662
f 1670 1675 1672
f 1637 1639 1646
f 1694 1696 1706
f 1731 1733 1735
f 1739 1751 1741
f 1768 1779 1770
f 1678 1683 1680
f 1619 1626 1621
f 1709 1721 1711
f 1754 1766 1756
f 1682 1689 1684
f 1776 1778 1780
f 1758 1760 1767
f 1716 1718 1722
f 1625 1629 1627
f 1742 1747 1744
f 1663 1665 1668
f 1634 1641 1636
f 1697 1704 1699
f 1728 1737 1730
f 1746 1750 1748
f 1664 1676 1666
f 1640 1644 1642
f 1700 1702 1705
f 1724 1726 1736
f 1679 1681 1691
f 1618 1620 1623
f 1708 1710 1713
f 1753 1755 1764
f 1769 1771 1781
f 1738 1740 1749
f 1671 1673 1677
f 1643 1647 1645
f 1701 1707 1703
f 1723 1734 1725
f 1667 1669 1674
f 1633 1635 1638
f 1693 1698 1695
f 1727 1729 1732
f 1743 1745 1752
f 1685 1687 1690
f 1772 1774 1777
f 1757 1762 1759
f 1715 1720 1717
f 1628 1632 1630
f 2187 2189 2191
f 1881 1883 1885
f 1899 1903 1901
f 2277 2281 2279
f 2313 2317 2315
f 2169 2173 2171
f 2156 2158 2160
f 2010 2012 2016
f 2208 2210 2214
f 1917 1924 1919
f 2133 2135 2137
f 1971 1973 1978
f 1989 1996 1991
f 2223 2227 2225
f 2300 2304 2302
f 2174 2176 2178
f 2151 2155 2153
f 2007 2014 2009
f 2205 2212 2207
f 1920 1922 1926
f 1855 1864 1857
f 1801 1810 1803
f 1784 1795 1786
f 1820 1831 1822
f 1838 1849 1840
f 1874 1887 1876
f 2180 2193 2182
f 2310 2321 2312
f 2274 2285 2276
f 1896 1907 1898
f 2089 2098 2091
f 2035 2044 2037
f 1950 1961 1952
f 2054 2067 2056
f 2072 2083 2074
f 2126 2139 2128
f 1964 1975 1966
f 1986 1997 1988
f 2220 2231 2222
f 2291 2298 2293
f 2183 2190 2185
f 1877 1884 1879
f 1891 1900 1893
f 2269 2278 2271
f 2305 2314 2307
f 2161 2170 2163
f 2148 2159 2150
f 2004 2015 2006
f 2202 2213 2204
f 1909 1918 1911
f 2129 2136 2131
f 1967 1977 1969
f 1981 1990 1983
f 2215 2224 2217
f 2288 2301 2290
f 2166 2177 2168
f 2143 2152 2145
f 1999 2008 2001
f 2197 2206 2199
f 1914 1925 1916
f 1806 1817 1808
f 1787 1797 1789
f 1823 1833 1825
f 1841 1851 1843
f 1860 1871 1862
f 1931 1941 1933
f 2108 2119 2110
f 2018 2029 2020
f 2234 2247 2236
f 2255 2262 2257
f 2040 2051 2042
f 1945 1954 1947
f 2057 2064 2059
f 2075 2085 2077
f 2094 2105 2096
f 2111 2121 2113
f 2021 2031 2023
f 2237 2244 2239
f 2252 2265 2254
f 1928 1939 1930
f 1812 1814 1818
f 1791 1793 1798
f 1827 1829 1834
f 1845 1847 1852
f 1866 1868 1872
f 1935 1937 1942
f 2118 2124 2120
f 2028 2034 2030
f 2246 2250 2248
f 2259 2261 2263
f 2048 2050 2052
f 1953 1960 1955
f 2061 2063 2065
f 2079 2081 2086
f 2100 2102 2106
f 2115 2117 2122
f 2025 2027 2032
f 2241 2243 2245
f 2264 2268 2266
f 1938 1944 1940
f 1802 1804 1813
f 1783 1785 1792
f 1819 1821 1828
f 1837 1839 1846
f 1856 1858 1867
f 1927 1929 1936
f 2112 2114 2123
f 2022 2024 2033
f 2238 2240 2249
f 2251 2253 2260
f 2036 2038 2049
f 1949 1951 1959
f 2053 2055 2062
f 2071 2073 2080
f 2090 2092 2101
f 2107 2109 2116
f 2017 2019 2026
f 2233 2235 2242
f 2256 2258 2267
f 1932 1934 1943
f 1859 1861 1869
f 1805 1807 1815
f 1788 1790 1799
f 1824 1826 1835
f 1842 1844 1853
f 1878 1880 1889
f 2184 2186 2195
f 2306 2308 2319
f 2270 2272 2283
f 1892 1894 1905
f 2093 2095 2103
f 2039 2041 2046
f 1946 1948 1957
f 2058 2060 2069
f 2076 2078 2087
f 2130 2132 2141
f 1968 1970 1979
f 1982 1984 1993
f 2216 2218 2229
f 2287 2289 2296
f 2179 2181 2188
f 1873 1875 1882
f 1895 1897 1902
f 2273 2275 2280
f 2309 2311 2316
f 2165 2167 2172
f 2144 2146 2157
f 2000 2002 2011
f 2198 2200 2209
f 1913 1915 1923
f 2125 2127 2134
f 1963 1965 1972
f 1985 1987 1995
f 2219 2221 2226
f 2292 2294 2303
f 2162 2164 2175
f 2147 2149 2154
f 2003 2005 2013
f 2201 2203 2211
f 1910 1912 1921
f 1863 1870 1865
f 1809 1816 1811
f 1794 1800 1796
f 1830 1836 1832
f 1848 1854 1850
f 1886 1890 1888
f 2192 2196 2194
f 2318 2320 2322
f 2282 2284 2286
f 1904 1906 1908
f 2097 2104 2099
f 2043 2047 2045
f 1956 1958 1962
f 2066 2070 2068
f 2082 2088 2084
f 2138 2142 2140
f 1974 1980 1976
f 1992 1994 1998
f 2228 2230 2232
f 2295 2297 2299
f 2331 2329 2330
f 2327 2323 2324
f 2328 2326 2325
f 2334 2333 2332
f 2337 2336 2335
f 2346 2345 2344
f 2412 2409 2410
f 2499 2496 2497
f 2487 2485 2486
f 2436 2435 2434
f 2376 2374 2375
f 2372 2368 2369
f 2373 2371 2370
f 2379 2378 2377
f 2382 2381 2380
f 2396 2392 2393
f 2361 2360 2359
f 2418 2416 2415
f 2457 2456 2455
f 2463 2460 2461
f 2492 2488 2489
f 2402 2398 2399
f 2343 2340 2341
f 2433 2430 2431
f 2478 2475 2476
f 2406 2404 2405
f 2502 2501 2500
f 2484 2482 2481
f 2442 2440 2439
f 2349 2347 2348
f 2468 2464 2465
f 2387 2384 2383
f 2358 2355 2356
f 2421 2419 2420
f 2454 2451 2452
f 2472 2470 2471
f 2388 2385 2386
f 2364 2362 2363
f 2426 2423 2422
f 2448 2446 2445
f 2403 2401 2400
f 2342 2339 2338
f 2432 2429 2428
f 2477 2474 2473
f 2493 2491 2490
f 2462 2459 2458
f 2397 2395 2394
f 2367 2365 2366
f 2427 2424 2425
f 2447 2443 2444
f 2391 2390 2389
f 2357 2354 2353
f 2417 2413 2414
f 2453 2450 2449
f 2469 2467 2466
f 2411 2408 2407
f 2498 2495 2494
f 2483 2479 2480
f 2441 2437 2438
f 2352 2350 2351
f 2509 2511 2510
f 2503 2505 2504
f 2506 2507 2508
f 2512 2513 2514
f 2515 2516 2517
f 2518 2519 2520
f 2555 2556 2554
f 2541 2540 2539
f 2562 2561 2560
f 2522 2521 2523
f 2542 2544 2543
f 2528 2529 2527
f 2531 2530 2532
f 2545 2546 2547
f 2548 2549 2550
f 2551 2553 2552
f 2533 2534 2535
f 2537 2536 2538
f 2559 2557 2558
f 2526 2525 2524