v -0.166252 0.346260 -0.195801
v 0.158758 0.345335 -0.193959
v -0.366873 -0.636296 0.014430
v 0.367508 -0.636144 0.016222
v 0.000830 -0.508164 0.859095
v 0.001370 0.140165 0.424827
v -0.001590 -0.180810 -0.484427
v -0.000090 0.505650 -0.861526
v 0.338917 0.069532 -0.277435
v 0.372142 -0.029154 0.286944
v -0.337199 0.068694 -0.281181
v -0.371352 -0.026538 0.286940
v -0.002676 0.557580 -0.203050
v -0.114837 0.244161 0.061127
v -0.247379 0.789292 -0.529414
v -0.284834 0.244093 -0.271686
v -0.299769 0.107362 0.085714
v 0.113206 0.247024 0.061446
v 0.247115 0.790202 -0.526989
v 0.283717 0.244043 -0.273080
v 0.297194 0.107460 0.086387
v 0.000407 -0.656975 0.018543
v -0.303564 -0.852600 0.552048
v -0.245250 -0.576472 -0.364455
v -0.417993 -0.209176 -0.153883
v -0.415913 -0.273874 0.226879
v 0.303521 -0.850443 0.551245
v 0.247137 -0.579723 -0.363808
v 0.416385 -0.212165 -0.151434
v 0.412960 -0.277174 0.231764
v 0.000187 0.003975 0.837935
v 0.385656 -0.254671 0.667732
v -0.382362 -0.256868 0.667298
v 0.258044 0.068239 0.449058
v -0.256175 0.067985 0.448466
v -0.001042 0.035836 -0.768399
v 0.216581 -0.030526 -0.398347
v -0.217249 -0.029376 -0.399984
v 0.374265 0.251374 -0.727208
v -0.374162 0.250711 -0.726928
v 0.364985 0.011862 0.009683
v -0.364815 0.015930 0.008978
v -0.106148 0.484846 -0.183550
v -0.128660 0.265569 -0.118627
v -0.215864 0.566172 -0.310541
v -0.227762 0.321717 -0.231332
v -0.217921 0.206872 -0.080151
v 0.096292 0.483060 -0.191285
v 0.125232 0.265404 -0.117626
v 0.214446 0.562077 -0.304542
v 0.226412 0.319045 -0.225767
v 0.216043 0.206779 -0.079888
v -0.205419 -0.727165 0.012757
v -0.288543 -0.636742 0.249419
v -0.423149 -0.855011 -0.223826
v -0.442925 -0.468201 -0.090496
v -0.400743 -0.457982 0.132064
v 0.205027 -0.723953 0.012145
v 0.286528 -0.637444 0.248573
v 0.424722 -0.850492 -0.220968
v 0.443308 -0.466954 -0.087253
v 0.397939 -0.458214 0.132076
v -0.179438 -0.727438 0.838369
v 0.179176 -0.753254 0.833474
v -0.000086 -0.272032 0.931889
v 0.244600 -0.426852 0.845102
v -0.243130 -0.425841 0.845524
v -0.063774 0.175909 0.261337
v 0.061365 0.176625 0.260237
v -0.000297 0.132217 0.619142
v 0.123972 0.126371 0.462410
v -0.124101 0.126434 0.460966
v -0.094199 -0.344688 -0.440076
v 0.092104 -0.343230 -0.438417
v -0.001126 -0.003037 -0.530924
v 0.108989 -0.111297 -0.459733
v -0.110810 -0.111352 -0.460263
v -0.155292 0.705357 -0.766183
v 0.157549 0.703298 -0.767579
v -0.001147 0.247599 -0.937148
v 0.236377 0.404860 -0.890030
v -0.236826 0.406453 -0.890702
v 0.335200 0.143974 -0.287449
v 0.346962 -0.029801 -0.197640
v 0.305865 0.022739 -0.349108
v 0.339795 0.138634 -0.449215
v 0.352201 0.045403 -0.142276
v 0.340971 0.034476 0.207880
v 0.400541 -0.118142 0.274823
v 0.386261 -0.113188 0.440500
v 0.338863 0.003829 0.373637
v 0.372377 -0.011994 0.158505
v -0.335288 0.144624 -0.289217
v -0.349281 -0.030186 -0.201662
v -0.307143 0.023215 -0.351911
v -0.340140 0.137220 -0.454026
v -0.350830 0.044205 -0.147865
v -0.341039 0.035171 0.205429
v -0.399927 -0.118145 0.274666
v -0.384436 -0.111829 0.440055
v -0.337278 0.006150 0.373918
v -0.370638 -0.008644 0.156903
v -0.037598 0.319154 -0.151635
v -0.100775 0.733901 -0.350339
v 0.035932 0.319908 -0.150526
v 0.099101 0.734997 -0.347175
v -0.221129 0.177316 0.086061
v -0.000723 0.243071 0.040025
v -0.190387 0.145490 0.272925
v -0.395228 0.574275 -0.403511
v 0.000039 0.854282 -0.571684
v -0.336933 0.549808 -0.664012
v -0.286527 0.152831 -0.086410
v -0.332520 0.319121 -0.477097
v -0.338460 0.098366 -0.114811
v -0.288175 0.086047 0.255138
v -0.340646 0.062845 0.050520
v 0.220216 0.178530 0.086618
v 0.188664 0.146712 0.271969
v 0.394953 0.571380 -0.405768
v 0.334297 0.549694 -0.663202
v 0.286961 0.152319 -0.086164
v 0.335401 0.321393 -0.478487
v 0.335878 0.100289 -0.114218
v 0.289807 0.086951 0.256739
v 0.341100 0.059712 0.050340
v -0.107501 -0.683473 0.305222
v -0.110560 -0.720398 -0.232970
v 0.104830 -0.684798 0.305163
v 0.114830 -0.732268 -0.229073
v -0.372797 -0.507824 0.400297
v 0.001199 -0.694990 0.592309
v -0.399414 -0.578269 0.690038
v -0.409740 -0.422833 -0.292571
v 0.000193 -0.540497 -0.345820
v -0.257116 -0.263681 -0.390749
v -0.439466 -0.243159 0.026783
v -0.335219 -0.136741 -0.293996
v -0.391483 -0.065197 -0.052348
v -0.405985 -0.300551 0.452680
v -0.402056 -0.095805 0.108722
v 0.370890 -0.508169 0.400083
v 0.396307 -0.578092 0.683697
v 0.410582 -0.420817 -0.291741
v 0.252401 -0.263530 -0.387019
v 0.439602 -0.244506 0.026944
v 0.334924 -0.138145 -0.292283
v 0.391474 -0.068901 -0.052293
v 0.406942 -0.299977 0.451192
v 0.403239 -0.097188 0.109008
v 0.244923 -0.124430 0.828270
v -0.244853 -0.126533 0.830253
v 0.186394 0.066178 0.667740
v -0.184261 0.064661 0.665856
v 0.326793 -0.044835 0.587729
v -0.327133 -0.042557 0.588332
v 0.139045 0.008522 -0.594396
v -0.139975 0.009612 -0.596247
v 0.248460 0.080137 -0.895856
v -0.250292 0.081832 -0.899896
v 0.292298 0.064443 -0.579536
v -0.294249 0.064050 -0.581707
v -0.144102 0.411575 -0.191267
v -0.144643 0.303769 -0.163041
v -0.181214 0.439812 -0.235074
v -0.193857 0.337917 -0.211832
v -0.180833 0.269295 -0.156918
v 0.135394 0.408983 -0.198945
v 0.139628 0.304055 -0.164927
v 0.177429 0.437884 -0.233231
v 0.191932 0.334602 -0.204911
v 0.178016 0.268958 -0.154314
v -0.305453 -0.706433 0.014541
v -0.325927 -0.618560 0.103173
v -0.400735 -0.739397 -0.059922
v -0.415749 -0.580212 -0.037525
v -0.383781 -0.550846 0.068051
v 0.304236 -0.705086 0.017019
v 0.322754 -0.617612 0.103724
v 0.401152 -0.739693 -0.059463
v 0.413138 -0.580153 -0.033747
v 0.383593 -0.549809 0.067988
v -0.075664 -0.586193 0.842368
v 0.076759 -0.590707 0.841803
v -0.000100 -0.404754 0.885280
v 0.115926 -0.478190 0.861270
v -0.113247 -0.476128 0.861105
v -0.030502 0.149432 0.352483
v 0.029574 0.148695 0.352864
v 0.000129 0.142186 0.510752
v 0.053835 0.138865 0.448600
v -0.053953 0.137840 0.446481
v -0.038952 -0.254326 -0.473085
v 0.035666 -0.253720 -0.474102
v -0.000420 -0.094466 -0.496719
v 0.050740 -0.152383 -0.481101
v -0.052857 -0.150866 -0.481842
v -0.065979 0.596492 -0.822656
v 0.067631 0.596492 -0.823731
v -0.000611 0.389933 -0.909178
v 0.107838 0.466176 -0.875897
v -0.106891 0.465171 -0.875204
v 0.340722 0.102015 -0.282002
v 0.335364 0.027994 -0.236067
v 0.329020 0.049321 -0.311896
v 0.338086 0.099155 -0.347763
v 0.342652 0.059880 -0.216919
v 0.359450 -0.000375 0.253822
v 0.385787 -0.065986 0.283866
v 0.379299 -0.062260 0.351078
v 0.359832 -0.017680 0.327240
v 0.373519 -0.019978 0.228714
v -0.342272 0.100645 -0.286928
v -0.330849 0.032702 -0.237867
v -0.327170 0.050528 -0.315210
v -0.337630 0.097398 -0.350159
v -0.342842 0.059904 -0.219045
v -0.357536 0.003357 0.251256
v -0.386798 -0.061738 0.284542
v -0.380020 -0.061191 0.348850
v -0.358474 -0.013494 0.326994
v -0.370608 -0.017043 0.227288
v -0.056149 0.531074 -0.204466
v 0.049745 0.540105 -0.192803
v -0.023810 0.431059 -0.176914
v -0.038349 0.656267 -0.260484
v 0.018661 0.432864 -0.175028
v 0.033594 0.657786 -0.260197
v -0.123273 0.247782 -0.039726
v -0.091764 0.214475 0.162502
v -0.066537 0.261594 -0.063534
v -0.173061 0.219901 0.077629
v -0.054871 0.244928 0.046296
v -0.156764 0.202547 0.172764
v -0.268895 0.701492 -0.410360
v -0.223806 0.772080 -0.657373
v -0.203375 0.826364 -0.449252
v -0.503808 0.765404 -0.482714
v -0.227736 0.971185 -0.587533
v -0.338716 0.699138 -0.608299
v -0.255075 0.288341 -0.254328
v -0.311103 0.190755 -0.286376
v -0.292837 0.390496 -0.348984
v -0.280500 0.191083 -0.178233
v -0.310710 0.300197 -0.372019
v -0.310689 0.157344 -0.192066
v -0.262897 0.151438 0.006246
v -0.324665 0.071241 0.152171
v -0.264363 0.138175 0.091520
v -0.295613 0.122094 0.002815
v -0.298471 0.094762 0.171692
v -0.323280 0.083178 0.069297
v 0.119752 0.249254 -0.039061
v 0.091048 0.215255 0.162518
v 0.064855 0.262057 -0.063105
v 0.051905 0.243699 0.044357
v 0.172967 0.221124 0.077054
v 0.156809 0.202791 0.174970
v 0.267267 0.700531 -0.408345
v 0.222803 0.775351 -0.657308
v 0.202640 0.824530 -0.448919
v 0.228059 0.971103 -0.587893
v 0.502007 0.766299 -0.484617
v 0.337033 0.699495 -0.606512
v 0.253982 0.289240 -0.255845
v 0.311338 0.189401 -0.285796
v 0.288856 0.388537 -0.351761
v 0.278708 0.193531 -0.179958
v 0.310362 0.297820 -0.371345
v 0.309399 0.159555 -0.190300
v 0.260569 0.152093 0.005488
v 0.323285 0.067235 0.153019
v 0.262550 0.140594 0.091507
v 0.294290 0.123365 0.000425
v 0.296669 0.097331 0.166578
v 0.323331 0.082406 0.070549
v -0.107636 -0.682538 0.013208
v 0.106649 -0.686763 0.015973
v -0.053112 -0.669936 0.157592
v -0.060761 -0.653817 -0.108408
v 0.051113 -0.668288 0.156626
v 0.062765 -0.656876 -0.106699
v -0.256503 -0.662804 0.442018
v -0.284793 -0.948383 0.768789
v -0.166322 -0.706684 0.468285
v -0.338306 -0.648574 0.500604
v -0.144033 -0.852747 0.596326
v -0.389335 -0.763002 0.660821
v -0.353008 -0.767152 -0.359321
v -0.160887 -0.443540 -0.391841
v -0.191214 -0.715570 -0.334811
v -0.355377 -0.531798 -0.349006
v -0.119780 -0.557822 -0.352967
v -0.258615 -0.414657 -0.377752
v -0.440188 -0.335338 -0.129337
v -0.383562 -0.105172 -0.173563
v -0.417776 -0.307084 -0.219136
v -0.439951 -0.226838 -0.067880
v -0.384387 -0.177060 -0.231946
v -0.409686 -0.128885 -0.098546
v -0.411413 -0.365449 0.185207
v -0.407733 -0.190995 0.258377
v -0.398559 -0.385275 0.308152
v -0.425184 -0.258833 0.124272
v -0.408025 -0.290476 0.339301
v -0.413965 -0.177101 0.162310
v 0.258593 -0.664535 0.441794
v 0.278538 -0.957768 0.750001
v 0.166278 -0.708846 0.469898
v 0.144575 -0.852862 0.593116
v 0.337517 -0.644170 0.503556
v 0.389682 -0.761086 0.652494
v 0.356883 -0.766312 -0.357075
v 0.159875 -0.444695 -0.391659
v 0.194761 -0.731864 -0.333958
v 0.123673 -0.561575 -0.351648
v 0.357875 -0.531228 -0.347715
v 0.258497 -0.414795 -0.375698
v 0.440233 -0.334548 -0.126191
v 0.385928 -0.107482 -0.175146
v 0.416995 -0.307585 -0.216937
v 0.441785 -0.227891 -0.065603
v 0.386423 -0.179600 -0.230727
v 0.409397 -0.129187 -0.097864
v 0.410480 -0.365343 0.187771
v 0.408865 -0.190302 0.259029
v 0.398494 -0.384667 0.309648
v 0.424499 -0.260827 0.125569
v 0.406604 -0.292853 0.339815
v 0.414004 -0.180424 0.163515
v 0.000548 -0.126848 0.936268
v 0.001080 0.089830 0.731328
v 0.124992 -0.058443 0.856513
v -0.123503 -0.058774 0.857396
v 0.109380 0.048261 0.766935
v -0.108122 0.048429 0.767628
v 0.333930 -0.345787 0.773431
v 0.393845 -0.177282 0.547573
v 0.385514 -0.403293 0.678485
v 0.400097 -0.291964 0.560830
v 0.334818 -0.195150 0.761883
v 0.364284 -0.134356 0.637970
v -0.332986 -0.346786 0.774857
v -0.390642 -0.177820 0.549099
v -0.387443 -0.405639 0.682777
v -0.398842 -0.292026 0.563014
v -0.335578 -0.195709 0.762593
v -0.365159 -0.134404 0.639293
v 0.193449 0.100906 0.462779
v 0.306143 0.032797 0.417092
v 0.223884 0.105792 0.364523
v 0.275025 0.074922 0.347557
v 0.229770 0.064692 0.555729
v 0.290828 0.021227 0.522149
v -0.195413 0.100958 0.463478
v -0.306754 0.033358 0.416455
v -0.223292 0.104183 0.364017
v -0.277556 0.078285 0.348755
v -0.229270 0.066508 0.554505
v -0.290526 0.020983 0.522201
v -0.000919 0.016354 -0.635403
v -0.002100 0.115981 -0.886654
v 0.081799 0.009419 -0.694742
v -0.083155 0.005895 -0.699555
v 0.110711 0.043826 -0.843245
v -0.111387 0.051827 -0.839835
v 0.164419 -0.066538 -0.427514
v 0.269795 -0.005164 -0.376969
v 0.230541 -0.135036 -0.385717
v 0.271928 -0.087812 -0.342532
v 0.179719 0.002079 -0.490040
v 0.245938 0.019685 -0.478394
v -0.164684 -0.067322 -0.429809
v -0.269348 -0.006639 -0.381179
v -0.230891 -0.136812 -0.384435
v -0.271089 -0.084497 -0.342385
v -0.179511 0.002092 -0.490008
v -0.246426 0.018124 -0.482774
v 0.345779 0.329424 -0.854548
v 0.351384 0.190159 -0.574314
v 0.348329 0.396864 -0.705237
v 0.351189 0.301371 -0.591053
v 0.366747 0.159892 -0.866500
v 0.349827 0.132408 -0.676835
v -0.344975 0.329543 -0.854816
v -0.355638 0.190464 -0.578314
v -0.348032 0.394031 -0.705238
v -0.351600 0.300392 -0.594170
v -0.367040 0.157873 -0.865721
v -0.349632 0.133018 -0.678526
v 0.360944 0.025915 -0.066023
v 0.369186 -0.001870 0.085415
v 0.352387 0.055148 -0.048269
v 0.354287 0.038990 0.030354
v 0.376748 -0.020936 -0.016468
v 0.384065 -0.030375 0.059899
v -0.360300 0.031972 -0.067624
v -0.367963 0.002340 0.084221
v -0.351808 0.058065 -0.047818
v -0.354456 0.041569 0.028443
v -0.376446 -0.020810 -0.019354
v -0.382979 -0.033488 0.057971
v -0.107635 0.357206 -0.165445
v -0.152946 0.532998 -0.242927
v -0.065452 0.404844 -0.173468
v -0.102794 0.608659 -0.255153
v -0.176796 0.236939 -0.093480
v -0.079491 0.295404 -0.142002
v -0.174766 0.221935 -0.016692
v -0.228934 0.448636 -0.277587
v -0.171896 0.663925 -0.335041
v -0.314979 0.587785 -0.364443
v -0.215741 0.243848 -0.158264
v -0.274305 0.442016 -0.313690
v -0.250446 0.220173 -0.164517
v -0.221639 0.185897 -0.000090
v -0.254659 0.179888 -0.079278
v 0.104121 0.357542 -0.166621
v 0.144792 0.528392 -0.251047
v 0.062983 0.408231 -0.163570
v 0.095291 0.606840 -0.256574
v 0.174295 0.237059 -0.090661
v 0.077371 0.294336 -0.139208
v 0.173982 0.222374 -0.014372
v 0.234181 0.447699 -0.250389
v 0.167754 0.659739 -0.336386
v 0.312243 0.587514 -0.358818
v 0.212868 0.242450 -0.154067
v 0.270178 0.439979 -0.311207
v 0.247631 0.219983 -0.164220
v 0.218615 0.188214 0.000031
v 0.252990 0.180017 -0.078276
v -0.246435 -0.663603 0.123635
v -0.280384 -0.924340 -0.049081
v -0.155025 -0.675015 0.143664
v -0.141033 -0.805689 -0.106369
v -0.351821 -0.551926 0.190739
v -0.203266 -0.683898 0.289412
v -0.331533 -0.579491 0.343180
v -0.441426 -0.627089 -0.151555
v -0.216245 -0.938261 -0.292573
v -0.436068 -0.622387 -0.282124
v -0.423883 -0.459886 0.019170
v -0.440223 -0.464458 -0.197100
v -0.443974 -0.344620 -0.030325
v -0.379937 -0.473758 0.260432
v -0.430977 -0.352132 0.074289
v 0.244705 -0.663303 0.120848
v 0.282134 -0.920730 -0.046784
v 0.152648 -0.677631 0.142714
v 0.147622 -0.808398 -0.103993
v 0.351779 -0.551837 0.191298
v 0.201669 -0.684102 0.289848
v 0.331763 -0.577628 0.342642
v 0.440502 -0.626411 -0.151034
v 0.252136 -0.955845 -0.272566
v 0.436457 -0.622136 -0.280803
v 0.426053 -0.457605 0.020121
v 0.437525 -0.463924 -0.195856
v 0.445077 -0.344901 -0.027816
v 0.378884 -0.471990 0.262244
v 0.428972 -0.351226 0.074268
v 0.004158 -0.632164 0.798903
v -0.231182 -0.586913 0.846125
v -0.084374 -0.760792 0.740555
v -0.354680 -0.740219 0.815498
v 0.233011 -0.594806 0.846818
v 0.083632 -0.767070 0.737351
v 0.356701 -0.756331 0.812987
v 0.127393 -0.342334 0.886896
v -0.126199 -0.342252 0.888183
v 0.132468 -0.196608 0.908917
v -0.129989 -0.197098 0.906600
v 0.353174 -0.523916 0.798229
v 0.248472 -0.268869 0.846699
v -0.352688 -0.522683 0.799634
v -0.247622 -0.270527 0.850179
v -0.001393 0.178601 0.257082
v -0.094581 0.144192 0.360915
v -0.030447 0.214133 0.153742
v -0.127615 0.166899 0.267926
v 0.093645 0.143953 0.362334
v 0.027799 0.216240 0.152636
v 0.126573 0.167651 0.268181
v 0.072049 0.133941 0.547924
v -0.072343 0.135790 0.551574
v 0.090650 0.111352 0.660066
v -0.089544 0.110515 0.660898
v 0.159889 0.130459 0.366625
v 0.154250 0.106750 0.565206
v -0.160798 0.128382 0.364538
v -0.154330 0.107226 0.565867
v -0.001430 -0.352108 -0.445560
v -0.110837 -0.225378 -0.456069
v -0.055512 -0.448975 -0.396975
v -0.179465 -0.314042 -0.416000
v 0.109339 -0.229096 -0.455810
v 0.053445 -0.449334 -0.396927
v 0.179215 -0.314662 -0.416812
v 0.052516 -0.048001 -0.496907
v -0.055545 -0.046880 -0.496797
v 0.060867 0.011031 -0.564238
v -0.062381 0.012947 -0.566218
v 0.175452 -0.184521 -0.422168
v 0.111048 -0.011507 -0.490029
v -0.176198 -0.186264 -0.423639
v -0.110343 -0.011175 -0.490881
v -0.000178 0.717752 -0.769277
v -0.200497 0.560383 -0.819901
v -0.088782 0.808809 -0.681263
v -0.275119 0.646572 -0.735790
v 0.200092 0.560588 -0.821408
v 0.088582 0.808731 -0.681325
v 0.273945 0.644146 -0.731713
v 0.133768 0.322882 -0.945337
v -0.133783 0.321593 -0.942258
v 0.136367 0.164941 -0.946389
v -0.137915 0.166441 -0.943330
v 0.301765 0.489183 -0.788548
v 0.276216 0.241117 -0.976424
v -0.301010 0.488863 -0.789568
v -0.279434 0.240068 -0.975946
v 0.338547 0.150435 -0.371780
v 0.342648 0.091292 -0.207176
v 0.323816 0.217789 -0.380916
v 0.333226 0.125113 -0.199169
v 0.323545 -0.004839 -0.267980
v 0.348502 0.009602 -0.166527
v 0.345611 -0.080880 -0.243166
v 0.372949 -0.050701 -0.127913
v 0.324841 0.077882 -0.403843
v 0.303535 -0.042022 -0.305744
v 0.296748 0.048889 -0.451518
v 0.340340 0.218385 -0.476643
v 0.330461 0.107145 -0.523494
v 0.351822 0.074608 -0.126727
v 0.365965 -0.006859 -0.092284
v 0.342070 0.021221 0.287458
v 0.358321 0.012934 0.181236
v 0.319838 0.056678 0.233239
v 0.342004 0.046688 0.130282
v 0.398243 -0.121072 0.359855
v 0.388747 -0.055611 0.211686
v 0.406466 -0.201989 0.355013
v 0.404092 -0.109185 0.192298
v 0.363274 -0.046854 0.413844
v 0.402097 -0.198885 0.453884
v 0.367787 -0.086451 0.518628
v 0.313666 0.045802 0.321456
v 0.338509 -0.017763 0.473968
v 0.355403 0.025516 0.108227
v 0.388419 -0.049522 0.135440
v -0.338486 0.150175 -0.372530
v -0.344419 0.091035 -0.212253
v -0.323173 0.217161 -0.382177
v -0.333815 0.123245 -0.201108
v -0.325040 -0.002288 -0.272352
v -0.348910 0.010017 -0.168571
v -0.343071 -0.079424 -0.244169
v -0.371261 -0.053259 -0.129167
v -0.326194 0.077732 -0.406797
v -0.300670 -0.040282 -0.304232
v -0.296647 0.046589 -0.452051
v -0.339399 0.213840 -0.477419
v -0.331231 0.105539 -0.526012
v -0.349193 0.074668 -0.130140
v -0.364588 -0.008350 -0.094815
v -0.340886 0.022070 0.287038
v -0.355500 0.016685 0.179931
v -0.321704 0.060236 0.234448
v -0.342998 0.048571 0.128203
v -0.395382 -0.121375 0.358051
v -0.386051 -0.052276 0.210013
v -0.405112 -0.199228 0.355544
v -0.401638 -0.108951 0.191536
v -0.363984 -0.045831 0.413570
v -0.400801 -0.197937 0.452294
v -0.365996 -0.084134 0.518454
v -0.314946 0.048195 0.319404
v -0.335820 -0.016685 0.474096
v -0.355824 0.028534 0.104639
v -0.386794 -0.044003 0.136063
v -0.002451 0.326739 -0.155367
v -0.021221 0.264425 -0.074625
v -0.001823 0.766737 -0.343847
v -0.097460 0.849149 -0.466286
v 0.019363 0.263131 -0.076279
v 0.096273 0.847915 -0.467456
v -0.213572 0.169010 0.179972
v -0.259923 0.127981 0.177307
v -0.247710 0.117702 0.269410
v -0.422616 0.601193 -0.541505
v -0.328657 0.453475 -0.458677
v -0.343914 0.441972 -0.576589
v -0.313420 0.126223 -0.099609
v -0.318681 0.101369 -0.012724
v -0.339124 0.079053 -0.030327
v 0.212216 0.170000 0.179025
v 0.259439 0.131491 0.177848
v 0.245019 0.116939 0.268809
v 0.420429 0.602051 -0.539920
v 0.330387 0.453735 -0.460332
v 0.346594 0.440132 -0.576023
v 0.312869 0.126197 -0.100403
v 0.320146 0.102906 -0.014444
v 0.338312 0.078588 -0.029217
v -0.000340 -0.682228 0.307501
v -0.060778 -0.713557 0.458901
v 0.002134 -0.610684 -0.204690
v -0.065373 -0.615507 -0.292653
v 0.060582 -0.712420 0.458912
v 0.069106 -0.619876 -0.288018
v -0.383465 -0.555034 0.543820
v -0.396282 -0.409554 0.436214
v -0.400333 -0.424243 0.563614
v -0.338917 -0.348229 -0.348619
v -0.374287 -0.259749 -0.294629
v -0.304269 -0.202023 -0.344654
v -0.424858 -0.143897 -0.014181
v -0.422875 -0.161101 0.072737
v -0.401149 -0.080680 0.026124
v 0.383484 -0.554706 0.542659
v 0.395636 -0.409245 0.436947
v 0.400155 -0.423371 0.561266
v 0.335406 -0.348875 -0.345971
v 0.374414 -0.261985 -0.293909
v 0.305480 -0.202553 -0.344331
v 0.423498 -0.146076 -0.014903
v 0.421538 -0.164088 0.074379
v 0.401881 -0.084865 0.025907
v 0.219024 -0.008641 0.761421
v 0.308916 -0.076281 0.713812
v -0.218467 -0.009097 0.761868
v -0.306366 -0.076463 0.714654
v 0.267944 0.009992 0.640237
v -0.266133 0.010881 0.640696
v 0.186126 0.010844 -0.744452
v 0.223978 0.024803 -0.603068
v -0.189050 0.012466 -0.747068
v -0.224029 0.026371 -0.607175
v 0.295666 0.056440 -0.742826
v -0.295955 0.057159 -0.745735
v -0.155791 0.374090 -0.196044
v -0.156681 0.326099 -0.181353
v -0.171681 0.384408 -0.211772
v -0.178205 0.342744 -0.202463
v -0.168204 0.307284 -0.181540
v 0.150022 0.373154 -0.197113
v 0.149585 0.327284 -0.181094
v 0.166018 0.385131 -0.209693
v 0.174617 0.342806 -0.198421
v 0.165230 0.308574 -0.179420
v -0.344349 -0.670564 0.013359
v -0.348063 -0.625986 0.049995
v -0.378638 -0.676043 -0.017217
v -0.391980 -0.616920 -0.007665
v -0.375815 -0.596718 0.038235
v 0.343319 -0.667889 0.013012
v 0.344520 -0.625999 0.050514
v 0.378972 -0.677120 -0.017442
v 0.391670 -0.616987 -0.008427
v 0.373423 -0.596965 0.036475
v -0.031985 -0.542596 0.852744
v 0.033132 -0.542320 0.850646
v -0.000677 -0.462589 0.868007
v 0.051332 -0.495065 0.860456
v -0.050591 -0.493558 0.859793
v -0.013873 0.142837 0.393516
v 0.014883 0.142291 0.394054
v 0.001404 0.142378 0.463378
v 0.023213 0.141994 0.435261
v -0.024302 0.141130 0.434677
v -0.017276 -0.214661 -0.484164
v 0.016089 -0.214111 -0.482836
v -0.000842 -0.142412 -0.489956
v 0.022130 -0.169704 -0.486159
v -0.023570 -0.167878 -0.483833
v -0.030081 0.545931 -0.844690
v 0.029804 0.545808 -0.844180
v -0.001175 0.455250 -0.884717
v 0.047104 0.489167 -0.868929
v -0.047522 0.488480 -0.869710
v 0.339127 0.083589 -0.280658
v 0.336513 0.054540 -0.256872
v 0.333027 0.062046 -0.295343
v 0.335428 0.082537 -0.307263
v 0.339078 0.066034 -0.250094
v 0.368005 -0.016250 0.272045
v 0.377991 -0.044710 0.285875
v 0.375336 -0.042709 0.314270
v 0.367222 -0.022606 0.306478
v 0.373184 -0.023143 0.260488
v -0.341321 0.082620 -0.284476
v -0.334785 0.053084 -0.261282
v -0.335367 0.062037 -0.295083
v -0.338234 0.080264 -0.312428
v -0.339920 0.065098 -0.251968
v -0.364576 -0.012819 0.270834
v -0.376691 -0.043129 0.286114
v -0.373964 -0.040010 0.315266
v -0.368131 -0.022408 0.304453
v -0.370698 -0.023657 0.258400
v -0.029584 0.548169 -0.206584
v 0.024736 0.552583 -0.200028
v -0.014262 0.492518 -0.190223
v -0.017337 0.608424 -0.229245
v 0.009846 0.492733 -0.187704
v 0.014143 0.611217 -0.226434
v -0.118498 0.247348 0.007894
v -0.105360 0.234213 0.113134
v -0.090006 0.252231 -0.000382
v -0.146449 0.238968 0.069487
v -0.083725 0.249253 0.051858
v -0.138265 0.232101 0.120397
v -0.278022 0.761859 -0.468645
v -0.239861 0.794369 -0.594873
v -0.241286 0.835906 -0.497800
v -0.342553 0.770466 -0.499118
v -0.263673 0.912803 -0.575433
v -0.300286 0.749229 -0.564907
v -0.269963 0.269434 -0.263668
v -0.299704 0.218098 -0.280826
v -0.282366 0.309422 -0.312445
v -0.280418 0.216902 -0.224564
v -0.294073 0.273935 -0.320331
v -0.295413 0.193828 -0.229354
v -0.284470 0.128123 0.050483
v -0.318516 0.085469 0.120027
v -0.283809 0.119121 0.089736
v -0.299225 0.113842 0.043315
v -0.298968 0.100354 0.127492
v -0.315473 0.092897 0.079976
v 0.116007 0.247189 0.009862
v 0.103729 0.235645 0.112940
v 0.087598 0.250547 -0.001411
v 0.080873 0.246300 0.051071
v 0.142861 0.235031 0.069800
v 0.137845 0.233680 0.120700
v 0.278350 0.763863 -0.468549
v 0.240690 0.794741 -0.593350
v 0.239995 0.836445 -0.497905
v 0.263871 0.913112 -0.577648
v 0.342038 0.770657 -0.498057
v 0.299023 0.749473 -0.564477
v 0.268231 0.269458 -0.264635
v 0.297514 0.215732 -0.280728
v 0.279347 0.306492 -0.313724
v 0.280896 0.219067 -0.226199
v 0.295782 0.273825 -0.323022
v 0.294969 0.195943 -0.233925
v 0.279619 0.127967 0.047918
v 0.314592 0.086887 0.122679
v 0.281633 0.121212 0.089888
v 0.294912 0.114804 0.043091
v 0.297772 0.099949 0.128383
v 0.310809 0.094628 0.079891
v -0.053313 -0.668428 0.017784
v 0.055003 -0.668530 0.018250
v -0.026987 -0.666793 0.087021
v -0.027875 -0.655462 -0.044743
v 0.026054 -0.666076 0.086884
v 0.030157 -0.653287 -0.043826
v -0.268762 -0.727473 0.507389
v -0.311160 -0.949507 0.644053
v -0.221599 -0.782240 0.515078
v -0.323339 -0.740295 0.540497
v -0.224118 -0.932026 0.564569
v -0.362022 -0.838522 0.615062
v -0.296367 -0.663375 -0.361268
v -0.201433 -0.502924 -0.374467
v -0.226028 -0.653593 -0.354602
v -0.304459 -0.563531 -0.361988
v -0.182763 -0.570795 -0.361548
v -0.254802 -0.494032 -0.370089
v -0.429651 -0.267717 -0.140825
v -0.401742 -0.153216 -0.164650
v -0.417895 -0.257498 -0.186139
v -0.431643 -0.217903 -0.110427
v -0.403161 -0.193201 -0.193855
v -0.412885 -0.168094 -0.125240
v -0.415356 -0.318086 0.208332
v -0.411862 -0.231694 0.244538
v -0.409124 -0.328764 0.266375
v -0.420193 -0.266563 0.174850
v -0.410113 -0.284036 0.282434
v -0.415572 -0.223292 0.193874
v 0.268691 -0.727091 0.505466
v 0.309840 -0.947716 0.636801
v 0.223000 -0.782217 0.514708
v 0.223539 -0.930947 0.563021
v 0.320374 -0.737569 0.537038
v 0.358924 -0.831632 0.608644
v 0.296693 -0.666877 -0.361554
v 0.200161 -0.506671 -0.374423
v 0.227048 -0.663434 -0.354840
v 0.184654 -0.575644 -0.359865
v 0.303867 -0.564980 -0.359820
v 0.254823 -0.495893 -0.370903
v 0.429947 -0.271803 -0.139753
v 0.402194 -0.158117 -0.164092
v 0.415748 -0.259097 -0.183217
v 0.430500 -0.221367 -0.109502
v 0.404624 -0.196384 -0.195545
v 0.414253 -0.169271 -0.123479
v 0.413659 -0.321353 0.212068
v 0.410544 -0.235730 0.247436
v 0.407451 -0.328631 0.268862
v 0.417484 -0.268136 0.178157
v 0.407370 -0.285184 0.286849
v 0.414335 -0.229163 0.196735
v 0.000490 -0.056334 0.884446
v 0.000254 0.052238 0.785731
v 0.061902 -0.025068 0.854845
v -0.061799 -0.024822 0.854580
v 0.057854 0.030649 0.807385
v -0.057526 0.029960 0.808792
v 0.362834 -0.300415 0.722520
v 0.390154 -0.213124 0.606451
v 0.382880 -0.326906 0.673364
v 0.393363 -0.278125 0.614282
v 0.363226 -0.227534 0.715545
v 0.381048 -0.190204 0.657119
v -0.361891 -0.301953 0.723249
v -0.389725 -0.215409 0.606999
v -0.381049 -0.327926 0.674621
v -0.392274 -0.277954 0.616596
v -0.364635 -0.228843 0.717074
v -0.380136 -0.190923 0.658761
v 0.226838 0.084783 0.458091
v 0.283439 0.050371 0.432528
v 0.241859 0.088748 0.407034
v 0.266229 0.071578 0.395372
v 0.245127 0.067104 0.501271
v 0.275022 0.047336 0.485215
v -0.228143 0.084902 0.457875
v -0.282618 0.051319 0.433886
v -0.241486 0.086416 0.407249
v -0.267552 0.071457 0.397255
v -0.244662 0.067170 0.499790
v -0.272777 0.046591 0.487378
v -0.000499 0.021103 -0.701022
v -0.000584 0.069075 -0.832485
v 0.044144 0.023162 -0.735360
v -0.045222 0.022796 -0.735073
v 0.051242 0.043570 -0.803291
v -0.052442 0.046979 -0.803169
v 0.190721 -0.047311 -0.410154
v 0.244689 -0.016612 -0.387431
v 0.220572 -0.080433 -0.385762
v 0.242813 -0.058742 -0.367084
v 0.197126 -0.012466 -0.440287
v 0.227363 -0.001477 -0.434249
v -0.190934 -0.046293 -0.412609
v -0.243517 -0.017435 -0.389207
v -0.219551 -0.077211 -0.384718
v -0.241747 -0.054957 -0.367201
v -0.197398 -0.010013 -0.442437
v -0.227376 -0.002161 -0.434559
v 0.377751 0.290064 -0.802146
v 0.360892 0.219686 -0.646684
v 0.363774 0.322801 -0.720164
v 0.359876 0.280365 -0.653500
v 0.388107 0.208648 -0.804463
v 0.368104 0.185401 -0.712137
v -0.377157 0.288455 -0.803424
v -0.363189 0.218284 -0.650640
v -0.365909 0.322761 -0.722367
v -0.359874 0.279811 -0.655655
v -0.387740 0.208450 -0.806249
v -0.370775 0.185155 -0.713895
v 0.364330 0.020234 -0.029489
v 0.368530 0.008050 0.045738
v 0.359916 0.034223 -0.017654
v 0.362240 0.027027 0.021641
v 0.372263 -0.003718 -0.002693
v 0.375158 -0.010491 0.033930
v -0.362246 0.023796 -0.030450
v -0.366618 0.008565 0.045765
v -0.358726 0.036667 -0.020065
v -0.361351 0.028455 0.018559
v -0.369852 -0.002182 -0.004744
v -0.372457 -0.008094 0.031818
v -0.128074 0.451168 -0.178221
v -0.081258 0.510984 -0.196327
v -0.106548 0.418352 -0.175350
v -0.128547 0.513509 -0.205655
v -0.084139 0.446129 -0.179065
v -0.104468 0.549578 -0.214486
v -0.136372 0.281073 -0.144007
v -0.124304 0.252591 -0.081885
v -0.113673 0.303635 -0.151902
v -0.153220 0.250711 -0.105234
v -0.102347 0.280452 -0.132405
v -0.150915 0.241135 -0.067881
v -0.196175 0.498745 -0.270636
v -0.241266 0.632865 -0.358066
v -0.180638 0.551011 -0.277608
v -0.227991 0.508071 -0.293637
v -0.197483 0.616055 -0.323024
v -0.260610 0.577878 -0.338566
v -0.211460 0.330035 -0.220409
v -0.243743 0.304962 -0.241993
v -0.229199 0.384401 -0.255434
v -0.217941 0.275530 -0.196066
v -0.247690 0.377571 -0.270129
v -0.233122 0.262305 -0.202737
v -0.197490 0.235783 -0.120349
v -0.239905 0.178932 -0.038028
v -0.200737 0.222030 -0.084693
v -0.216637 0.221617 -0.118844
v -0.220839 0.193326 -0.040064
v -0.238264 0.191802 -0.078683
v 0.116767 0.445800 -0.198007
v 0.072886 0.517312 -0.182554
v 0.099973 0.417633 -0.177422
v 0.119347 0.505913 -0.220942
v 0.078835 0.450807 -0.166481
v 0.096662 0.548637 -0.216511
v 0.131488 0.282749 -0.143466
v 0.121647 0.255379 -0.083130
v 0.110338 0.303915 -0.152807
v 0.150634 0.252463 -0.102756
v 0.100607 0.279336 -0.130929
v 0.148050 0.240146 -0.069247
v 0.191939 0.495268 -0.262401
v 0.239297 0.631450 -0.353735
v 0.178172 0.545655 -0.280807
v 0.226857 0.509664 -0.283137
v 0.192054 0.613504 -0.322484
v 0.258701 0.576132 -0.332636
v 0.208638 0.328996 -0.212882
v 0.239251 0.305734 -0.241085
v 0.229585 0.383561 -0.243586
v 0.213866 0.272854 -0.190229
v 0.245238 0.375992 -0.264303
v 0.229324 0.261561 -0.199822
v 0.196306 0.236882 -0.118070
v 0.237592 0.180264 -0.037289
v 0.196198 0.223602 -0.084727
v 0.215285 0.221437 -0.115901
v 0.217995 0.195228 -0.039902
v 0.234656 0.193947 -0.077434
v -0.257890 -0.727461 0.014996
v -0.156051 -0.709809 0.012172
v -0.225599 -0.673869 0.055881
v -0.233323 -0.807836 -0.020569
v -0.179125 -0.679095 0.066541
v -0.174106 -0.779001 -0.038468
v -0.305377 -0.621865 0.169984
v -0.272595 -0.649781 0.337428
v -0.267390 -0.656504 0.187263
v -0.321354 -0.596497 0.220050
v -0.246301 -0.685549 0.273697
v -0.307438 -0.608458 0.300469
v -0.423259 -0.814356 -0.127011
v -0.396227 -0.833664 -0.309639
v -0.372555 -0.931300 -0.143248
v -0.443305 -0.734578 -0.185143
v -0.339007 -0.940977 -0.264177
v -0.438785 -0.736514 -0.263314
v -0.434375 -0.529016 -0.065979
v -0.445179 -0.402011 -0.111374
v -0.440650 -0.541532 -0.121128
v -0.435766 -0.463709 -0.036385
v -0.445423 -0.470619 -0.144675
v -0.443323 -0.402078 -0.058768
v -0.393788 -0.503380 0.098997
v -0.405406 -0.411534 0.160151
v -0.377917 -0.507740 0.161484
v -0.414371 -0.455958 0.073469
v -0.388596 -0.464997 0.195115
v -0.418569 -0.405303 0.101268
v 0.256503 -0.726748 0.015697
v 0.155546 -0.709224 0.012700
v 0.223630 -0.671857 0.057191
v 0.234196 -0.810065 -0.022353
v 0.177516 -0.679646 0.066054
v 0.176179 -0.779592 -0.037184
v 0.303191 -0.624049 0.170947
v 0.271414 -0.649774 0.338343
v 0.266480 -0.655930 0.188927
v 0.320214 -0.595447 0.221560
v 0.244264 -0.684340 0.276858
v 0.308600 -0.609230 0.299305
v 0.424138 -0.812862 -0.127576
v 0.398976 -0.831519 -0.306622
v 0.374314 -0.928343 -0.140112
v 0.443164 -0.732304 -0.184817
v 0.348801 -0.937383 -0.253879
v 0.439168 -0.736041 -0.262560
v 0.432872 -0.528320 -0.062917
v 0.442907 -0.401200 -0.108880
v 0.439582 -0.539439 -0.118534
v 0.438541 -0.463281 -0.035404
v 0.444238 -0.468348 -0.143580
v 0.443998 -0.402964 -0.058269
v 0.390937 -0.503882 0.100328
v 0.405437 -0.411068 0.162727
v 0.377921 -0.506709 0.161484
v 0.411226 -0.454338 0.074317
v 0.388431 -0.462116 0.194279
v 0.414456 -0.405303 0.103486
v -0.126168 -0.643712 0.837151
v -0.236920 -0.858439 0.850444
v -0.087704 -0.669641 0.814956
v -0.215026 -0.662716 0.846792
v -0.128818 -0.770005 0.822335
v -0.279981 -0.762671 0.852156
v 0.126393 -0.653468 0.833833
v 0.229459 -0.912518 0.829603
v 0.095450 -0.679947 0.813397
v 0.213653 -0.679921 0.845705
v 0.129282 -0.792156 0.819936
v 0.278985 -0.797778 0.852517
v 0.001812 -0.339382 0.905499
v -0.000832 -0.208747 1.003755
v 0.065018 -0.304785 0.909111
v -0.063707 -0.304227 0.909620
v 0.066727 -0.236735 0.935732
v -0.067165 -0.235220 0.937176
v 0.182145 -0.457397 0.858497
v 0.299208 -0.388913 0.818980
v 0.241459 -0.508705 0.843957
v 0.188286 -0.381894 0.868862
v 0.302244 -0.474745 0.824489
v 0.247035 -0.347079 0.845322
v -0.178771 -0.454754 0.857803
v -0.296702 -0.391370 0.819820
v -0.240027 -0.506291 0.845548
v -0.184934 -0.381541 0.865984
v -0.300718 -0.474651 0.825451
v -0.245671 -0.349472 0.849102
v -0.046647 0.160352 0.309567
v -0.078021 0.195794 0.215140
v -0.031033 0.176690 0.258678
v -0.080166 0.158010 0.312671
v -0.046478 0.195935 0.207922
v -0.095733 0.173377 0.264097
v 0.047792 0.161261 0.308141
v 0.076703 0.195095 0.212673
v 0.031754 0.176509 0.258850
v 0.078662 0.158330 0.310257
v 0.045284 0.196112 0.209403
v 0.093554 0.174258 0.265561
v 0.001153 0.140207 0.562388
v 0.000615 0.115682 0.674914
v 0.038885 0.136539 0.588350
v -0.037386 0.134636 0.586534
v 0.044511 0.123537 0.643664
v -0.042991 0.123202 0.642811
v 0.087404 0.133300 0.456481
v 0.160736 0.115086 0.465439
v 0.108690 0.134708 0.412329
v 0.102465 0.128784 0.508252
v 0.143534 0.126343 0.415005
v 0.138642 0.119681 0.514685
v -0.088036 0.135779 0.456281
v -0.159813 0.114656 0.465356
v -0.108989 0.133850 0.410742
v -0.099757 0.131572 0.508512
v -0.143411 0.125521 0.413904
v -0.137736 0.118076 0.513490
v -0.065010 -0.298535 -0.462228
v -0.125962 -0.391696 -0.414654
v -0.047264 -0.351225 -0.444333
v -0.105590 -0.286917 -0.451102
v -0.076936 -0.397101 -0.418564
v -0.137013 -0.331985 -0.429391
v 0.064032 -0.300519 -0.463257
v 0.125151 -0.392366 -0.414022
v 0.045631 -0.350249 -0.443401
v 0.104614 -0.286727 -0.450665
v 0.075416 -0.396961 -0.417507
v 0.137048 -0.330807 -0.431397
v -0.000633 -0.046531 -0.508618
v -0.000750 0.013822 -0.575710
v 0.028108 -0.022595 -0.515666
v -0.028250 -0.021275 -0.515688
v 0.027614 0.008404 -0.546295
v -0.029707 0.008232 -0.547977
v 0.080034 -0.133135 -0.473586
v 0.138280 -0.089442 -0.447225
v 0.111971 -0.168957 -0.457648
v 0.081410 -0.079300 -0.477901
v 0.140828 -0.147731 -0.442357
v 0.108562 -0.058011 -0.470677
v -0.080894 -0.131350 -0.472648
v -0.137846 -0.087349 -0.442835
v -0.111505 -0.169885 -0.456401
v -0.080686 -0.076846 -0.479559
v -0.140852 -0.146433 -0.441379
v -0.106220 -0.055420 -0.469144
v -0.109638 0.649002 -0.796789
v -0.199247 0.747737 -0.724617
v -0.079639 0.714202 -0.768717
v -0.180444 0.634695 -0.793890
v -0.126954 0.765129 -0.732949
v -0.229007 0.687200 -0.762349
v 0.109876 0.651342 -0.796204
v 0.199040 0.747898 -0.724616
v 0.079432 0.715198 -0.769265
v 0.180851 0.634487 -0.794423
v 0.126678 0.764885 -0.731963
v 0.230520 0.687810 -0.760967
v -0.002353 0.321249 -0.930949
v -0.000482 0.177047 -0.924588
v 0.066324 0.284253 -0.941235
v -0.068571 0.283730 -0.940283
v 0.066892 0.208423 -0.941460
v -0.069739 0.209607 -0.936559
v 0.171966 0.438925 -0.885111
v 0.298419 0.369451 -0.883192
v 0.217393 0.483648 -0.852557
v 0.191681 0.366091 -0.935054
v 0.272883 0.449173 -0.843417
v 0.262549 0.327782 -0.944489
v -0.171304 0.437970 -0.885615
v -0.296882 0.369304 -0.882500
v -0.215207 0.482594 -0.852148
v -0.192993 0.365856 -0.933957
v -0.272387 0.448158 -0.843511
v -0.262003 0.327116 -0.943445
v 0.340204 0.123100 -0.285996
v 0.324408 0.168152 -0.287308
v 0.335270 0.149825 -0.330301
v 0.340002 0.116100 -0.246081
v 0.327063 0.175605 -0.332987
v 0.333382 0.135590 -0.244879
v 0.337110 0.001222 -0.213945
v 0.364358 -0.068112 -0.184688
v 0.337879 -0.018494 -0.232879
v 0.346146 -0.010027 -0.180994
v 0.347172 -0.051331 -0.216607
v 0.360400 -0.043137 -0.163460
v 0.320652 0.037710 -0.333008
v 0.289205 0.009742 -0.364198
v 0.315179 0.010003 -0.307922
v 0.314528 0.052712 -0.376889
v 0.301063 -0.005007 -0.322462
v 0.299449 0.035888 -0.396680
v 0.336464 0.119410 -0.395868
v 0.345497 0.163867 -0.508682
v 0.340338 0.146767 -0.412144
v 0.335473 0.107709 -0.427745
v 0.341356 0.175665 -0.465447
v 0.336827 0.126937 -0.486195
v 0.346306 0.053582 -0.179374
v 0.357268 0.035146 -0.106405
v 0.347969 0.070219 -0.173544
v 0.351089 0.028829 -0.151194
v 0.351582 0.060333 -0.136070
v 0.355972 0.018744 -0.115991
v 0.350748 0.018664 0.229279
v 0.332598 0.050321 0.182465
v 0.342621 0.027224 0.245986
v 0.350571 0.023041 0.195737
v 0.332219 0.046982 0.218913
v 0.342995 0.040003 0.168621
v 0.393989 -0.090574 0.279605
v 0.406086 -0.153032 0.265880
v 0.399764 -0.122666 0.318036
v 0.395816 -0.084031 0.241488
v 0.405461 -0.157008 0.312479
v 0.403565 -0.113609 0.232498
v 0.384766 -0.087961 0.392224
v 0.389755 -0.144379 0.493402
v 0.393736 -0.119241 0.401052
v 0.376339 -0.078067 0.429936
v 0.395340 -0.153805 0.448321
v 0.378502 -0.102579 0.481230
v 0.352527 -0.007257 0.350693
v 0.325698 0.016999 0.397814
v 0.342807 0.014462 0.328441
v 0.351799 -0.019872 0.395398
v 0.326399 0.026737 0.348214
v 0.338510 -0.006407 0.421046
v 0.374271 -0.016867 0.195443
v 0.370781 -0.005843 0.122624
v 0.364516 0.001390 0.170952
v 0.380823 -0.032334 0.185543
v 0.364295 0.007605 0.134753
v 0.381157 -0.028182 0.149761
v -0.338411 0.120447 -0.290053
v -0.323704 0.165608 -0.288594
v -0.337286 0.146546 -0.333925
v -0.339321 0.114937 -0.248278
v -0.327734 0.174811 -0.334802
v -0.331454 0.133166 -0.245337
v -0.338285 0.002917 -0.219988
v -0.362207 -0.066182 -0.185191
v -0.336115 -0.014753 -0.237295
v -0.348568 -0.009556 -0.183026
v -0.347524 -0.051784 -0.221600
v -0.358510 -0.041081 -0.167134
v -0.319671 0.038741 -0.333926
v -0.290824 0.009649 -0.369438
v -0.315020 0.009942 -0.311062
v -0.316241 0.049671 -0.381593
v -0.300577 -0.005453 -0.326176
v -0.301710 0.037046 -0.400698
v -0.339579 0.117911 -0.397887
v -0.344601 0.161011 -0.513210
v -0.340008 0.148422 -0.413336
v -0.335205 0.106547 -0.431986
v -0.341090 0.173541 -0.468162
v -0.337364 0.125127 -0.491301
v -0.347130 0.052852 -0.183861
v -0.356032 0.036345 -0.107833
v -0.348646 0.069155 -0.175973
v -0.351727 0.028381 -0.156625
v -0.352053 0.059773 -0.136885
v -0.356235 0.020210 -0.117850
v -0.348814 0.019833 0.231429
v -0.333209 0.053301 0.180905
v -0.342732 0.029806 0.246371
v -0.349653 0.026318 0.194546
v -0.332110 0.047812 0.221616
v -0.341709 0.043719 0.167262
v -0.392734 -0.087812 0.279872
v -0.403359 -0.152029 0.267809
v -0.399690 -0.118925 0.316516
v -0.393591 -0.080796 0.238216
v -0.404974 -0.157249 0.314088
v -0.400050 -0.113713 0.232075
v -0.383196 -0.085425 0.393560
v -0.388006 -0.144133 0.492240
v -0.392734 -0.118338 0.400140
v -0.374959 -0.077221 0.427457
v -0.395554 -0.153107 0.449538
v -0.375818 -0.100464 0.479327
v -0.349242 -0.008331 0.350409
v -0.323944 0.019507 0.395408
v -0.338876 0.015666 0.327234
v -0.348935 -0.018039 0.393619
v -0.326032 0.028070 0.349308
v -0.336848 -0.002454 0.421430
v -0.372136 -0.014153 0.193315
v -0.370813 -0.002144 0.119569
v -0.363163 0.006542 0.169567
v -0.379499 -0.029041 0.184522
v -0.363983 0.011765 0.130387
v -0.378390 -0.023982 0.146538
v -0.031085 0.373259 -0.167913
v -0.047083 0.277352 -0.121840
v -0.051255 0.361123 -0.163726
v -0.057369 0.307876 -0.147893
v -0.019023 0.324709 -0.153660
v -0.025767 0.281871 -0.127988
v -0.063590 0.694760 -0.303462
v -0.146555 0.779320 -0.397848
v -0.101045 0.672229 -0.301208
v -0.140999 0.704064 -0.342537
v -0.054334 0.752568 -0.351081
v -0.099573 0.797401 -0.405700
v 0.027485 0.373057 -0.163637
v 0.044392 0.278003 -0.121603
v 0.047774 0.363319 -0.161437
v 0.054743 0.308451 -0.144747
v 0.016143 0.326786 -0.154375
v 0.024277 0.283033 -0.125941
v 0.060610 0.696283 -0.301716
v 0.146064 0.776038 -0.401466
v 0.096486 0.671721 -0.301501
v 0.135395 0.702138 -0.346179
v 0.051854 0.752493 -0.350784
v 0.097502 0.797063 -0.405218
v -0.197700 0.199574 0.082248
v -0.243900 0.157460 0.090718
v -0.198748 0.201223 0.035502
v -0.221923 0.182427 0.041944
v -0.220242 0.174473 0.132439
v -0.242312 0.153600 0.134238
v -0.026314 0.242502 0.041305
v 0.026472 0.242521 0.039328
v -0.013728 0.230833 0.095989
v 0.013760 0.229832 0.096574
v -0.012260 0.254154 -0.019750
v 0.011443 0.254347 -0.017478
v -0.173429 0.171890 0.222632
v -0.208154 0.125105 0.319081
v -0.159595 0.156997 0.270761
v -0.176264 0.134013 0.319715
v -0.205187 0.158423 0.227111
v -0.219455 0.133252 0.274049
v -0.550685 0.701950 -0.412517
v -0.302344 0.488903 -0.386593
v -0.374291 0.595200 -0.381917
v -0.305411 0.516140 -0.362137
v -0.499109 0.605428 -0.446292
v -0.346735 0.526145 -0.436573
v -0.117932 0.872704 -0.567649
v 0.116411 0.873797 -0.567009
v -0.050262 0.840636 -0.625942
v 0.050754 0.840100 -0.628728
v -0.067304 0.853331 -0.518499
v 0.066904 0.853357 -0.519156
v -0.342502 0.627199 -0.638443
v -0.336385 0.472812 -0.685480
v -0.310360 0.598590 -0.702915
v -0.318522 0.520828 -0.727687
v -0.368600 0.577003 -0.602289
v -0.346209 0.496216 -0.624563
v -0.282019 0.169526 -0.130959
v -0.291985 0.135641 -0.041456
v -0.268479 0.184491 -0.123913
v -0.271088 0.164510 -0.080546
v -0.301270 0.139770 -0.091888
v -0.304367 0.123744 -0.048224
v -0.323269 0.314231 -0.424205
v -0.342683 0.314116 -0.534923
v -0.326952 0.264548 -0.429167
v -0.337271 0.265294 -0.480263
v -0.331484 0.383049 -0.468812
v -0.339176 0.379997 -0.525924
v -0.325741 0.126544 -0.150898
v -0.347674 0.077982 -0.079365
v -0.335020 0.112417 -0.156219
v -0.343567 0.087637 -0.120766
v -0.326082 0.113269 -0.106057
v -0.337818 0.089783 -0.073433
v -0.295102 0.088609 0.213285
v -0.282651 0.083233 0.300495
v -0.307806 0.072299 0.244467
v -0.302988 0.068732 0.287281
v -0.278981 0.101921 0.221777
v -0.270718 0.100797 0.264886
v -0.332276 0.072585 0.060449
v -0.348443 0.051593 0.040020
v -0.341986 0.054364 0.091939
v -0.348663 0.044749 0.080200
v -0.331266 0.079930 0.019836
v -0.340319 0.069987 0.008854
v 0.198787 0.200414 0.083378
v 0.239650 0.160278 0.090091
v 0.196643 0.200305 0.035958
v 0.219415 0.183803 0.043165
v 0.219404 0.176133 0.133270
v 0.240096 0.154898 0.133363
v 0.171892 0.171913 0.225005
v 0.204120 0.124820 0.318943
v 0.158341 0.159230 0.269953
v 0.176059 0.136973 0.319427
v 0.201695 0.161013 0.223786
v 0.216225 0.135065 0.271641
v 0.551566 0.703033 -0.414912
v 0.300342 0.488074 -0.387830
v 0.374548 0.595132 -0.380709
v 0.301222 0.514038 -0.364496
v 0.501391 0.607462 -0.448318
v 0.346826 0.526417 -0.441243
v 0.342634 0.625466 -0.637715
v 0.337792 0.472839 -0.684321
v 0.310247 0.598531 -0.699818
v 0.317698 0.520627 -0.726632
v 0.366915 0.576868 -0.602214
v 0.345555 0.498081 -0.621931
v 0.282465 0.171783 -0.133326
v 0.289315 0.137079 -0.042117
v 0.265821 0.183580 -0.126340
v 0.269007 0.165266 -0.081712
v 0.300282 0.140050 -0.094377
v 0.304537 0.125046 -0.047921
v 0.322853 0.316279 -0.423458
v 0.343318 0.316301 -0.533213
v 0.328210 0.265691 -0.428870
v 0.338257 0.266766 -0.481526
v 0.332368 0.381416 -0.471311
v 0.340528 0.379266 -0.527506
v 0.323849 0.127303 -0.150176
v 0.346577 0.076560 -0.080135
v 0.335576 0.112483 -0.156358
v 0.345328 0.086154 -0.121817
v 0.325918 0.114280 -0.107383
v 0.336541 0.089662 -0.072149
v 0.292628 0.092352 0.211685
v 0.282163 0.082226 0.301698
v 0.306461 0.073297 0.246409
v 0.302087 0.067264 0.288572
v 0.273792 0.106122 0.220460
v 0.268372 0.100955 0.261659
v 0.335048 0.072269 0.059811
v 0.348360 0.051204 0.039986
v 0.341961 0.053267 0.091790
v 0.349007 0.044150 0.080889
v 0.331601 0.079873 0.020577
v 0.338437 0.069407 0.010044
v -0.079797 -0.675058 0.229187
v -0.137744 -0.694037 0.385416
v -0.130013 -0.678996 0.224406
v -0.157327 -0.683055 0.299950
v -0.055082 -0.681694 0.308163
v -0.085271 -0.694642 0.383485
v -0.088302 -0.678255 -0.169329
v -0.146821 -0.741277 -0.293801
v -0.121042 -0.777098 -0.182435
v -0.136117 -0.837854 -0.272826
v -0.065486 -0.635666 -0.212525
v -0.095994 -0.660853 -0.263984
v 0.078050 -0.677125 0.229407
v 0.136111 -0.694320 0.384959
v 0.129850 -0.678562 0.225270
v 0.154736 -0.684619 0.299553
v 0.054344 -0.684323 0.305842
v 0.083057 -0.696530 0.383460
v 0.092190 -0.685156 -0.163320
v 0.147156 -0.757987 -0.290574
v 0.120819 -0.791795 -0.175883
v 0.135492 -0.866315 -0.260615
v 0.070252 -0.640727 -0.209110
v 0.095183 -0.669494 -0.261748
v -0.356399 -0.575170 0.451297
v -0.386704 -0.444269 0.353587
v -0.352280 -0.548737 0.375955
v -0.373991 -0.488303 0.330653
v -0.376071 -0.529814 0.472998
v -0.386269 -0.461270 0.421092
v -0.083080 -0.755049 0.597025
v 0.083652 -0.754916 0.598691
v -0.056814 -0.696686 0.661461
v 0.057655 -0.697657 0.659147
v -0.035807 -0.723620 0.526599
v 0.034892 -0.724414 0.525651
v -0.395923 -0.669991 0.682994
v -0.391773 -0.489359 0.687244
v -0.390281 -0.665505 0.757277
v -0.386173 -0.561743 0.754407
v -0.392467 -0.574242 0.617023
v -0.398905 -0.496033 0.623540
v -0.390902 -0.481590 -0.324119
v -0.417158 -0.362463 -0.255951
v -0.426371 -0.518192 -0.290271
v -0.428724 -0.447664 -0.247177
v -0.375323 -0.388967 -0.323517
v -0.391360 -0.337632 -0.292746
v -0.060772 -0.543434 -0.347742
v 0.062015 -0.545801 -0.346944
v -0.028725 -0.497477 -0.372669
v 0.027051 -0.496001 -0.371373
v -0.032175 -0.578593 -0.319313
v 0.034133 -0.579798 -0.318558
v -0.259600 -0.338096 -0.383183
v -0.243073 -0.198442 -0.388299
v -0.218465 -0.291230 -0.402003
v -0.215106 -0.222984 -0.406216
v -0.295504 -0.307387 -0.368661
v -0.281931 -0.235809 -0.369363
v -0.443658 -0.235187 -0.021202
v -0.431978 -0.251884 0.074836
v -0.441004 -0.291767 -0.000700
v -0.435536 -0.297365 0.049707
v -0.437980 -0.189083 0.003481
v -0.432954 -0.197635 0.051644
v -0.359312 -0.157729 -0.264748
v -0.302324 -0.113382 -0.319987
v -0.339423 -0.104845 -0.267778
v -0.314595 -0.084020 -0.294970
v -0.357064 -0.193594 -0.295148
v -0.321164 -0.168376 -0.319800
v -0.401225 -0.094709 -0.072496
v -0.384632 -0.040506 -0.034576
v -0.383024 -0.060032 -0.090754
v -0.375248 -0.033298 -0.073095
v -0.410052 -0.102769 -0.034508
v -0.397422 -0.074276 -0.013667
v -0.405319 -0.296289 0.396064
v -0.401666 -0.298971 0.507186
v -0.406633 -0.248537 0.402207
v -0.405629 -0.246620 0.454706
v -0.404039 -0.353417 0.445887
v -0.403995 -0.358607 0.504837
v -0.411616 -0.134247 0.135186
v -0.394366 -0.063690 0.083259
v -0.402028 -0.102055 0.147676
v -0.393545 -0.068740 0.120662
v -0.412074 -0.127364 0.091404
v -0.402377 -0.089008 0.068547
v 0.353785 -0.574247 0.450518
v 0.386447 -0.445219 0.353787
v 0.353389 -0.542948 0.376011
v 0.373611 -0.487605 0.331437
v 0.376459 -0.530230 0.471192
v 0.385822 -0.460857 0.419607
v 0.394730 -0.670411 0.674504
v 0.392033 -0.488749 0.685739
v 0.393219 -0.672538 0.752392
v 0.387355 -0.563211 0.752301
v 0.393570 -0.572281 0.613140
v 0.397276 -0.496304 0.620883
v 0.392425 -0.479543 -0.325007
v 0.415339 -0.363376 -0.253906
v 0.425827 -0.516501 -0.289314
v 0.432303 -0.447414 -0.248676
v 0.378472 -0.386749 -0.323310
v 0.392793 -0.337591 -0.292416
v 0.258440 -0.338184 -0.382737
v 0.243696 -0.198956 -0.386767
v 0.221548 -0.292622 -0.405172
v 0.211995 -0.224572 -0.405086
v 0.293120 -0.306567 -0.365630
v 0.279938 -0.234456 -0.364627
v 0.443707 -0.235350 -0.019861
v 0.431234 -0.252392 0.075323
v 0.443012 -0.292577 -0.000077
v 0.437160 -0.298300 0.049996
v 0.433951 -0.192085 0.005783
v 0.429864 -0.201644 0.051265
v 0.362365 -0.160339 -0.263759
v 0.303654 -0.112265 -0.318244
v 0.342544 -0.104544 -0.264249
v 0.317284 -0.085512 -0.294670
v 0.355689 -0.195560 -0.293927
v 0.323682 -0.167599 -0.321234
v 0.402047 -0.098943 -0.074838
v 0.385006 -0.044335 -0.032824
v 0.384458 -0.060897 -0.090062
v 0.377684 -0.035957 -0.070981
v 0.409459 -0.104373 -0.033309
v 0.398357 -0.077806 -0.014119
v 0.408576 -0.296669 0.394278
v 0.404553 -0.300428 0.506206
v 0.408177 -0.248290 0.402077
v 0.405853 -0.248713 0.453957
v 0.403029 -0.355921 0.445688
v 0.404406 -0.359126 0.503928
v 0.411076 -0.136076 0.135952
v 0.394317 -0.062905 0.083193
v 0.404672 -0.101571 0.151278
v 0.396706 -0.071680 0.124596
v 0.410264 -0.128064 0.092137
v 0.403313 -0.091149 0.067905
v 0.185846 -0.091126 0.847188
v 0.295063 -0.159358 0.797237
v 0.190806 -0.158761 0.868476
v 0.250104 -0.192694 0.843603
v 0.232355 -0.064008 0.798265
v 0.282940 -0.097542 0.773966
v -0.185645 -0.092195 0.848947
v -0.293288 -0.162764 0.799150
v -0.189195 -0.160596 0.871841
v -0.249770 -0.197339 0.847541
v -0.231722 -0.063729 0.798020
v -0.281800 -0.098221 0.775946
v 0.151663 0.061482 0.721097
v 0.210827 0.065487 0.610500
v 0.136980 0.091175 0.667800
v 0.168864 0.089681 0.617327
v 0.202724 0.033734 0.715806
v 0.229331 0.038924 0.659009
v -0.151482 0.062576 0.721795
v -0.210810 0.067505 0.612371
v -0.138584 0.090981 0.668738
v -0.168776 0.089752 0.616420
v -0.201857 0.034096 0.716655
v -0.227263 0.038456 0.656612
v 0.345777 -0.086407 0.615494
v 0.309673 -0.009187 0.555297
v 0.349717 -0.067288 0.554478
v 0.333845 -0.030897 0.528543
v 0.320379 -0.059969 0.649469
v 0.299280 -0.019509 0.615357
v -0.345775 -0.087406 0.616251
v -0.310889 -0.007699 0.558192
v -0.349768 -0.066406 0.555869
v -0.335455 -0.028052 0.529528
v -0.319516 -0.058674 0.650322
v -0.299774 -0.019173 0.616222
v 0.112780 0.006690 -0.646675
v 0.159889 0.008708 -0.540599
v 0.098914 0.009880 -0.581870
v 0.124033 0.005412 -0.533717
v 0.160070 0.007873 -0.664665
v 0.181171 0.014081 -0.603983
v -0.113799 0.003436 -0.651529
v -0.161564 0.009915 -0.541287
v -0.099952 0.009698 -0.583944
v -0.123685 0.010733 -0.534687
v -0.161647 0.009976 -0.669464
v -0.184143 0.014906 -0.606168
v 0.178556 0.049593 -0.885618
v 0.318767 0.114549 -0.895282
v 0.199985 0.110788 -0.948660
v 0.271569 0.151460 -0.955278
v 0.218617 0.031107 -0.825872
v 0.285783 0.056606 -0.828894
v -0.180002 0.052203 -0.889142
v -0.320192 0.116791 -0.896768
v -0.201122 0.111903 -0.949379
v -0.272451 0.152069 -0.954874
v -0.220726 0.031894 -0.827051
v -0.287384 0.058736 -0.831061
v 0.267699 0.040356 -0.527682
v 0.319920 0.093154 -0.630320
v 0.293522 0.057447 -0.510780
v 0.318725 0.085549 -0.556192
v 0.262495 0.042683 -0.596352
v 0.292790 0.065805 -0.656154
v -0.269195 0.039823 -0.532484
v -0.321983 0.093417 -0.632977
v -0.294314 0.056849 -0.514529
v -0.317914 0.085907 -0.557618
v -0.263818 0.043421 -0.598298
v -0.295601 0.064092 -0.659923
v -0.141505 0.354860 -0.178916
v -0.160976 0.427379 -0.213285
v -0.125201 0.386440 -0.175226
v -0.146909 0.472079 -0.207838
v -0.162460 0.284023 -0.159735
v -0.124954 0.328363 -0.166786
v -0.156421 0.264501 -0.134861
v -0.190832 0.388001 -0.227917
v -0.170654 0.486712 -0.240587
v -0.204854 0.444026 -0.256830
v -0.184829 0.295376 -0.185507
v -0.208841 0.387662 -0.241017
v -0.200541 0.286402 -0.188362
v -0.177364 0.250343 -0.126298
v -0.199103 0.255697 -0.155498
v 0.135861 0.354970 -0.184139
v 0.156333 0.427118 -0.216731
v 0.118084 0.385236 -0.182140
v 0.137732 0.464897 -0.222444
v 0.160441 0.282913 -0.159813
v 0.123294 0.329589 -0.166674
v 0.155411 0.264849 -0.133247
v 0.186698 0.388544 -0.220030
v 0.163052 0.482287 -0.243910
v 0.205659 0.445312 -0.244820
v 0.181094 0.296189 -0.180390
v 0.208999 0.389577 -0.227587
v 0.197719 0.285540 -0.184603
v 0.176256 0.250238 -0.124307
v 0.195430 0.256112 -0.152407
v -0.313098 -0.648178 0.051145
v -0.350531 -0.737665 -0.018345
v -0.272362 -0.663364 0.053376
v -0.299739 -0.792880 -0.013026
v -0.356244 -0.586574 0.088067
v -0.287674 -0.639933 0.111472
v -0.337978 -0.587311 0.149890
v -0.410869 -0.652267 -0.055931
v -0.371229 -0.839710 -0.051064
v -0.428798 -0.695688 -0.113571
v -0.400303 -0.561263 0.015907
v -0.430398 -0.605034 -0.091639
v -0.420660 -0.516659 -0.010797
v -0.367977 -0.547322 0.124786
v -0.405406 -0.507164 0.042785
v 0.310207 -0.651602 0.054166
v 0.349660 -0.737159 -0.019124
v 0.267885 -0.664158 0.053350
v 0.299994 -0.789667 -0.013971
v 0.354378 -0.587550 0.089167
v 0.285890 -0.645597 0.115176
v 0.336923 -0.587177 0.148103
v 0.409996 -0.654613 -0.053346
v 0.370366 -0.839938 -0.048764
v 0.427962 -0.696981 -0.110681
v 0.400543 -0.560540 0.016483
v 0.426943 -0.603426 -0.087170
v 0.421361 -0.514935 -0.010432
v 0.365531 -0.546945 0.126971
v 0.406830 -0.506211 0.044011
v 0.001307 -0.584035 0.839894
v -0.099604 -0.536083 0.852234
v -0.041390 -0.621807 0.827466
v -0.152405 -0.590364 0.846566
v 0.100160 -0.539039 0.852232
v 0.043036 -0.625347 0.826454
v 0.154434 -0.597523 0.844517
v 0.059376 -0.437162 0.874557
v -0.057221 -0.437488 0.873741
v 0.062907 -0.374771 0.890285
v -0.061482 -0.372820 0.887739
v 0.170280 -0.530276 0.851917
v 0.123012 -0.411728 0.877009
v -0.169447 -0.524624 0.851335
v -0.120902 -0.410984 0.871982
v 0.000199 0.151061 0.350841
v -0.042770 0.141124 0.397958
v -0.015087 0.163565 0.306314
v -0.062634 0.147647 0.357860
v 0.042817 0.143261 0.398087
v 0.016515 0.162749 0.305198
v 0.061965 0.148102 0.356093
v 0.028788 0.140020 0.480722
v -0.028883 0.140810 0.481950
v 0.034186 0.139465 0.530747
v -0.033775 0.142221 0.532203
v 0.074860 0.139285 0.406265
v 0.063855 0.135375 0.496326
v -0.075062 0.139152 0.406316
v -0.063338 0.136721 0.497318
v 0.000126 -0.258566 -0.474680
v -0.048390 -0.202669 -0.478635
v -0.024476 -0.303976 -0.466495
v -0.074157 -0.244195 -0.469777
v 0.045725 -0.203672 -0.479405
v 0.020564 -0.303307 -0.464754
v 0.073950 -0.243591 -0.466159
v 0.025618 -0.121943 -0.490129
v -0.026448 -0.119847 -0.489626
v 0.025634 -0.071294 -0.497453
v -0.026499 -0.071437 -0.496808
v 0.078359 -0.188793 -0.469528
v 0.052319 -0.101278 -0.484812
v -0.080265 -0.185975 -0.470265
v -0.054535 -0.099469 -0.487034
v -0.000432 0.601016 -0.823032
v -0.089040 0.532609 -0.848713
v -0.036198 0.658726 -0.796288
v -0.134191 0.580901 -0.822441
v 0.090291 0.532642 -0.849000
v 0.036308 0.656532 -0.797013
v 0.134887 0.581097 -0.821905
v 0.054312 0.427362 -0.896539
v -0.056898 0.426633 -0.896660
v 0.061557 0.357601 -0.923856
v -0.062653 0.357407 -0.921524
v 0.153116 0.510383 -0.850909
v 0.119914 0.395849 -0.911321
v -0.152977 0.510843 -0.851268
v -0.121643 0.396504 -0.910978
v 0.338920 0.102929 -0.317660
v 0.342316 0.081896 -0.247990
v 0.338980 0.125167 -0.325282
v 0.342101 0.098259 -0.247540
v 0.332476 0.039306 -0.271145
v 0.339449 0.044011 -0.223815
v 0.330402 0.011726 -0.251919
v 0.340791 0.020374 -0.201811
v 0.334040 0.073490 -0.333348
v 0.324756 0.023154 -0.288336
v 0.324000 0.063976 -0.355475
v 0.339602 0.123474 -0.361688
v 0.333179 0.088915 -0.377350
v 0.344907 0.075868 -0.210094
v 0.345799 0.036995 -0.189712
v 0.360215 -0.007532 0.289327
v 0.365754 -0.008629 0.239737
v 0.352859 0.009566 0.269990
v 0.357469 0.007329 0.216656
v 0.382888 -0.065786 0.317597
v 0.381042 -0.041242 0.254380
v 0.393278 -0.091904 0.319164
v 0.387676 -0.062311 0.249653
v 0.369405 -0.038457 0.340881
v 0.388910 -0.090327 0.356368
v 0.373471 -0.055977 0.383549
v 0.350676 0.001913 0.308787
v 0.363292 -0.031164 0.369711
v 0.367334 -0.004695 0.205791
v 0.380948 -0.036448 0.219003
v -0.340776 0.100711 -0.319469
v -0.342358 0.080345 -0.251056
v -0.340302 0.123751 -0.327940
v -0.343943 0.097438 -0.250161
v -0.330713 0.039266 -0.275669
v -0.339734 0.045915 -0.226125
v -0.332022 0.013005 -0.254939
v -0.341399 0.019286 -0.204951
v -0.332513 0.074489 -0.334942
v -0.323642 0.024197 -0.293261
v -0.326833 0.063791 -0.358688
v -0.340521 0.123368 -0.364728
v -0.333634 0.089045 -0.380275
v -0.346471 0.074202 -0.214871
v -0.345061 0.036111 -0.193177
v -0.355867 -0.003057 0.288423
v -0.365534 -0.005349 0.240523
v -0.349988 0.014599 0.268621
v -0.357200 0.009379 0.216964
v -0.381692 -0.062793 0.317230
v -0.378270 -0.037204 0.251494
v -0.391577 -0.086279 0.316837
v -0.384103 -0.058502 0.248261
v -0.369001 -0.037054 0.342205
v -0.388644 -0.088848 0.354772
v -0.370911 -0.054879 0.383559
v -0.350217 0.004869 0.308099
v -0.362457 -0.027037 0.368629
v -0.363040 -0.001670 0.204099
v -0.379570 -0.032518 0.218179
v -0.038394 0.481946 -0.189756
v -0.048298 0.596931 -0.228788
v -0.062876 0.464765 -0.187448
v -0.078633 0.574331 -0.223861
v 0.032998 0.487134 -0.183113
v 0.042387 0.597966 -0.225638
v 0.056418 0.473449 -0.172824
v 0.069909 0.575031 -0.221347
v -0.002367 0.434426 -0.177659
v -0.045689 0.420649 -0.176614
v -0.011044 0.377594 -0.167868
v -0.001640 0.667086 -0.258480
v -0.071047 0.636428 -0.260594
v -0.023435 0.715153 -0.299005
v 0.041232 0.422844 -0.170673
v 0.008440 0.378212 -0.165073
v 0.066499 0.634736 -0.259801
v 0.019983 0.716923 -0.296001
v -0.093148 0.257213 -0.051397
v -0.147345 0.236576 0.022075
v -0.096171 0.262896 -0.098582
v -0.149689 0.236243 -0.027028
v -0.072925 0.232591 0.103523
v -0.125427 0.211931 0.168720
v -0.060525 0.214165 0.155678
v -0.108339 0.191726 0.216447
v -0.061918 0.254581 -0.009260
v -0.070237 0.271513 -0.114010
v -0.043120 0.263544 -0.070634
v -0.172919 0.220722 0.126894
v -0.174664 0.218673 0.030003
v -0.197998 0.199941 0.132122
v -0.044091 0.230119 0.099724
v -0.036520 0.253735 -0.016808
v -0.144526 0.183280 0.220224
v -0.186443 0.188295 0.178749
v -0.230537 0.757031 -0.433116
v -0.349530 0.719493 -0.442649
v -0.213849 0.685268 -0.374525
v -0.303151 0.648848 -0.387968
v -0.212630 0.848340 -0.618636
v -0.272815 0.732162 -0.630933
v -0.167739 0.799698 -0.673586
v -0.250706 0.710072 -0.698190
v -0.256148 0.975182 -0.516005
v -0.182485 0.736726 -0.389798
v -0.165425 0.870033 -0.460257
v -0.408920 0.753554 -0.552935
v -0.399880 0.671489 -0.411512
v -0.527807 0.710304 -0.539493
v -0.149280 0.846570 -0.620491
v -0.179969 0.988611 -0.518451
v -0.298064 0.669391 -0.670472
v -0.401853 0.661188 -0.581119
v -0.273908 0.340017 -0.300613
v -0.264830 0.233645 -0.217649
v -0.263054 0.362442 -0.285711
v -0.249550 0.249354 -0.210418
v -0.304503 0.234569 -0.329544
v -0.309451 0.175910 -0.236725
v -0.316259 0.204758 -0.332531
v -0.323232 0.151060 -0.241984
v -0.301161 0.347163 -0.362534
v -0.286093 0.424558 -0.332719
v -0.313028 0.430514 -0.402541
v -0.297363 0.175670 -0.183582
v -0.265865 0.207286 -0.171103
v -0.298751 0.152494 -0.136417
v -0.315485 0.255477 -0.377904
v -0.318625 0.371314 -0.415996
v -0.323871 0.139205 -0.194958
v -0.310366 0.139293 -0.143721
v -0.263232 0.145510 0.047395
v -0.280963 0.135730 0.006386
v -0.241698 0.169892 0.004019
v -0.260292 0.163283 -0.035325
v -0.312009 0.082044 0.161743
v -0.325802 0.075920 0.110243
v -0.321805 0.064883 0.191735
v -0.334050 0.059252 0.140232
v -0.282925 0.115504 0.132818
v -0.243260 0.164158 0.045784
v -0.264417 0.131970 0.136262
v -0.311429 0.101460 0.037344
v -0.276305 0.150147 -0.036992
v -0.309750 0.110298 -0.003333
v -0.310867 0.076719 0.203558
v -0.283049 0.110491 0.177012
v -0.332899 0.066129 0.099559
v -0.323105 0.090798 0.029940
v 0.092089 0.256750 -0.051378
v 0.145055 0.234711 0.019923
v 0.094414 0.263922 -0.099528
v 0.147030 0.237672 -0.026514
v 0.072109 0.232159 0.103989
v 0.124150 0.212288 0.168226
v 0.058625 0.216014 0.157134
v 0.108359 0.191379 0.216162
v 0.060174 0.253848 -0.009248
v 0.069094 0.271914 -0.112325
v 0.041616 0.264226 -0.073338
v 0.042256 0.232817 0.100372
v 0.033631 0.252719 -0.017590
v 0.169272 0.219212 0.127881
v 0.173337 0.219990 0.030059
v 0.195919 0.199323 0.130643
v 0.141907 0.184820 0.221758
v 0.185591 0.190137 0.178654
v 0.228336 0.758324 -0.431675
v 0.347285 0.722319 -0.442032
v 0.210755 0.683554 -0.372337
v 0.302819 0.648718 -0.382860
v 0.211775 0.848876 -0.617988
v 0.275117 0.732973 -0.631816
v 0.167713 0.798806 -0.673099
v 0.250364 0.710826 -0.697500
v 0.256634 0.975506 -0.516112
v 0.181072 0.735204 -0.390142
v 0.162968 0.867557 -0.459170
v 0.147741 0.847796 -0.619761
v 0.179752 0.989298 -0.517877
v 0.409538 0.755087 -0.551992
v 0.398508 0.672124 -0.410226
v 0.527446 0.709538 -0.539411
v 0.297667 0.669056 -0.667684
v 0.400795 0.663005 -0.580359
v 0.268491 0.338040 -0.302004
v 0.264017 0.235110 -0.218651
v 0.256030 0.361127 -0.286507
v 0.246068 0.249662 -0.208961
v 0.306132 0.239006 -0.330973
v 0.308231 0.172911 -0.237748
v 0.317742 0.207676 -0.335203
v 0.322559 0.152095 -0.242935
v 0.297965 0.341593 -0.363313
v 0.280705 0.420984 -0.334426
v 0.310357 0.430133 -0.405284
v 0.294745 0.176693 -0.185681
v 0.263226 0.207659 -0.171182
v 0.296799 0.157374 -0.139151
v 0.318311 0.256659 -0.379215
v 0.318790 0.370659 -0.415990
v 0.323352 0.139860 -0.196425
v 0.312874 0.143016 -0.144140
v 0.262482 0.143849 0.047460
v 0.277255 0.135813 0.005951
v 0.239408 0.170718 0.004248
v 0.256626 0.164147 -0.035829
v 0.314036 0.079976 0.163330
v 0.323301 0.077141 0.111166
v 0.322002 0.062402 0.192296
v 0.334319 0.056422 0.140259
v 0.279361 0.117346 0.132688
v 0.242343 0.163659 0.046465
v 0.261193 0.135257 0.134839
v 0.307268 0.101537 0.036415
v 0.273367 0.150576 -0.037563
v 0.306654 0.109455 -0.003504
v 0.306192 0.076197 0.203318
v 0.278308 0.112793 0.174151
v 0.334913 0.063672 0.102057
v 0.320630 0.089829 0.028543
v -0.079890 -0.672130 0.083733
v -0.083406 -0.678236 -0.049152
v -0.131224 -0.678009 0.077539
v -0.130354 -0.723574 -0.048066
v 0.079086 -0.671921 0.084187
v 0.084893 -0.681071 -0.046105
v 0.128641 -0.681180 0.079724
v 0.133293 -0.725001 -0.045440
v -0.000323 -0.668449 0.158380
v -0.104593 -0.675124 0.152581
v -0.027630 -0.672738 0.231744
v 0.002448 -0.639039 -0.102017
v -0.107962 -0.711150 -0.112666
v -0.032822 -0.625134 -0.160654
v 0.103704 -0.675511 0.152455
v 0.026239 -0.674461 0.231361
v 0.112372 -0.718130 -0.107090
v 0.037822 -0.627300 -0.157296
v -0.211964 -0.690998 0.466413
v -0.300355 -0.662607 0.479143
v -0.229923 -0.678143 0.366289
v -0.298830 -0.627809 0.388779
v -0.199107 -0.985828 0.675728
v -0.363958 -0.883753 0.717980
v -0.172768 -0.931920 0.803636
v -0.332614 -0.852461 0.810578
v -0.162294 -0.790440 0.523377
v -0.183898 -0.688337 0.380210
v -0.117502 -0.716024 0.462801
v -0.361299 -0.706966 0.575135
v -0.328575 -0.607857 0.422968
v -0.366271 -0.610810 0.524634
v -0.096968 -0.895877 0.689934
v -0.100032 -0.756799 0.526777
v -0.385768 -0.774253 0.750667
v -0.382449 -0.648317 0.601657
v -0.274055 -0.771053 -0.365224
v -0.363112 -0.640877 -0.357289
v -0.311081 -0.890096 -0.339594
v -0.411401 -0.710407 -0.326405
v -0.144133 -0.505513 -0.375332
v -0.213104 -0.432751 -0.385018
v -0.111023 -0.448313 -0.396128
v -0.171929 -0.380212 -0.406917
v -0.158934 -0.625016 -0.339484
v -0.215123 -0.841298 -0.346309
v -0.128377 -0.658831 -0.309008
v -0.304977 -0.470727 -0.360597
v -0.403835 -0.587669 -0.326511
v -0.348900 -0.433806 -0.348013
v -0.087203 -0.500974 -0.373160
v -0.094183 -0.597105 -0.325171
v -0.215616 -0.361328 -0.394923
v -0.303303 -0.385546 -0.366094
v -0.430883 -0.321883 -0.173990
v -0.439224 -0.277015 -0.096650
v -0.440845 -0.396811 -0.160642
v -0.443496 -0.339866 -0.079745
v -0.385615 -0.138528 -0.200721
v -0.396925 -0.118094 -0.137270
v -0.364810 -0.092029 -0.208877
v -0.375194 -0.078555 -0.150418
v -0.402336 -0.238511 -0.225862
v -0.429947 -0.384460 -0.210363
v -0.398885 -0.288279 -0.259821
v -0.425852 -0.174848 -0.081682
v -0.445923 -0.283980 -0.049339
v -0.436187 -0.181934 -0.041308
v -0.365030 -0.123533 -0.234739
v -0.380719 -0.217698 -0.263409
v -0.392051 -0.087186 -0.110945
v -0.420280 -0.134059 -0.055879
v -0.404973 -0.373495 0.247440
v -0.420241 -0.311906 0.153374
v -0.397037 -0.420007 0.222713
v -0.419824 -0.358600 0.128517
v -0.407834 -0.237208 0.299862
v -0.412154 -0.182796 0.208670
v -0.406758 -0.196346 0.305180
v -0.405733 -0.147131 0.222954
v -0.403942 -0.337547 0.326473
v -0.390238 -0.431766 0.288214
v -0.397470 -0.397796 0.371255
v -0.420812 -0.214368 0.142693
v -0.426686 -0.304982 0.101409
v -0.427125 -0.208208 0.096041
v -0.407784 -0.243485 0.349721
v -0.403945 -0.346997 0.383995
v -0.409145 -0.141258 0.178664
v -0.418168 -0.170294 0.117022
v 0.212475 -0.691221 0.465223
v 0.298841 -0.662118 0.477912
v 0.228592 -0.680358 0.368280
v 0.299266 -0.626907 0.388199
v 0.199431 -0.982781 0.667427
v 0.363525 -0.884940 0.700241
v 0.160684 -0.937376 0.783076
v 0.332801 -0.882504 0.793732
v 0.162537 -0.792014 0.521955
v 0.182603 -0.688908 0.379779
v 0.117790 -0.717357 0.462845
v 0.096658 -0.893228 0.686737
v 0.102989 -0.756101 0.527736
v 0.359657 -0.706049 0.569209
v 0.327833 -0.603221 0.427168
v 0.363637 -0.611150 0.523921
v 0.386196 -0.781147 0.738114
v 0.381063 -0.646177 0.596026
v 0.276834 -0.785711 -0.365702
v 0.363602 -0.641028 -0.355927
v 0.321149 -0.892792 -0.334725
v 0.411808 -0.707318 -0.327022
v 0.144460 -0.507796 -0.372724
v 0.210797 -0.433730 -0.386064
v 0.107482 -0.448352 -0.394408
v 0.172062 -0.380373 -0.405275
v 0.160605 -0.632606 -0.336106
v 0.219767 -0.877396 -0.340283
v 0.127370 -0.667743 -0.306025
v 0.087557 -0.501712 -0.372098
v 0.095729 -0.600911 -0.326089
v 0.304524 -0.471535 -0.361767
v 0.405323 -0.584821 -0.325608
v 0.346642 -0.434293 -0.345058
v 0.216741 -0.361728 -0.396577
v 0.303127 -0.385855 -0.365651
v 0.428163 -0.325441 -0.172147
v 0.440952 -0.278709 -0.094558
v 0.438129 -0.395840 -0.160606
v 0.446621 -0.339301 -0.078556
v 0.385103 -0.141647 -0.201349
v 0.396860 -0.120590 -0.137145
v 0.365742 -0.095600 -0.209091
v 0.376680 -0.079616 -0.148381
v 0.401579 -0.240031 -0.224414
v 0.430118 -0.384585 -0.209815
v 0.399821 -0.287091 -0.259191
v 0.426844 -0.176711 -0.082118
v 0.446265 -0.284212 -0.048577
v 0.436404 -0.181671 -0.038382
v 0.365294 -0.125105 -0.236122
v 0.380679 -0.221335 -0.260672
v 0.390327 -0.088406 -0.110969
v 0.420023 -0.138049 -0.056732
v 0.403575 -0.375204 0.247685
v 0.420300 -0.312848 0.157608
v 0.396736 -0.420292 0.222632
v 0.420445 -0.357729 0.131017
v 0.407729 -0.239836 0.298581
v 0.412517 -0.187089 0.210882
v 0.408124 -0.197029 0.306670
v 0.408688 -0.148653 0.224191
v 0.403361 -0.340025 0.326596
v 0.388520 -0.431140 0.286896
v 0.397797 -0.396008 0.370175
v 0.419402 -0.219051 0.146083
v 0.427895 -0.305503 0.101867
v 0.426989 -0.209542 0.098409
v 0.407307 -0.246014 0.348583
v 0.403296 -0.349282 0.386359
v 0.408954 -0.142821 0.179111
v 0.416539 -0.170147 0.118322
v 0.065526 -0.090046 0.898803
v -0.064713 -0.091602 0.898750
v 0.070769 -0.160274 0.953531
v -0.069269 -0.161642 0.955652
v 0.053662 0.071430 0.754932
v -0.052829 0.071583 0.755473
v 0.049572 0.102696 0.698849
v -0.047288 0.101695 0.699017
v 0.117681 0.000669 0.815272
v 0.130350 -0.124370 0.892235
v 0.176617 -0.030824 0.812810
v -0.117043 0.000603 0.816021
v -0.129519 -0.124734 0.894612
v -0.176003 -0.030499 0.812645
v 0.099994 0.084784 0.713638
v 0.166561 0.021457 0.769585
v -0.098967 0.084260 0.715273
v -0.164276 0.021291 0.769830
v 0.363900 -0.378775 0.729407
v 0.336157 -0.266753 0.768917
v 0.343531 -0.430093 0.786937
v 0.295664 -0.307837 0.813386
v 0.393926 -0.231982 0.556374
v 0.383825 -0.158274 0.594312
v 0.397927 -0.190669 0.500415
v 0.381173 -0.128159 0.535505
v 0.395114 -0.346176 0.619793
v 0.375377 -0.465234 0.741890
v 0.397264 -0.420223 0.621720
v 0.401558 -0.243047 0.506852
v 0.405523 -0.354611 0.563339
v 0.357865 -0.163664 0.703682
v 0.297898 -0.232559 0.809322
v 0.324777 -0.131052 0.743345
v 0.365887 -0.109298 0.575616
v 0.340438 -0.107280 0.679265
v -0.365963 -0.379439 0.731729
v -0.335343 -0.268665 0.769120
v -0.340923 -0.431149 0.786598
v -0.294695 -0.310667 0.814344
v -0.400665 -0.230338 0.557833
v -0.381123 -0.159090 0.594864
v -0.396725 -0.191737 0.500721
v -0.379834 -0.127836 0.536563
v -0.393886 -0.347183 0.621227
v -0.372366 -0.465303 0.742182
v -0.396089 -0.419451 0.623849
v -0.402445 -0.243905 0.507113
v -0.401006 -0.355129 0.564412
v -0.355853 -0.162245 0.703208
v -0.297655 -0.234903 0.810067
v -0.326773 -0.130636 0.743651
v -0.366729 -0.109169 0.577365
v -0.339858 -0.107012 0.680018
v 0.209338 0.102964 0.412585
v 0.212521 0.086176 0.512267
v 0.175613 0.115812 0.416402
v 0.177635 0.103189 0.516873
v 0.291459 0.055968 0.383301
v 0.299718 0.025635 0.468717
v 0.309324 0.039459 0.366460
v 0.319618 0.008654 0.446953
v 0.251395 0.090428 0.356498
v 0.191274 0.120088 0.367963
v 0.233798 0.110902 0.316303
v 0.298273 0.062014 0.334210
v 0.258397 0.095179 0.310963
v 0.262641 0.043504 0.541956
v 0.194375 0.087796 0.563640
v 0.247333 0.040173 0.598756
v 0.316376 -0.000664 0.499885
v 0.279995 0.016432 0.579903
v -0.209103 0.102044 0.413060
v -0.211592 0.086072 0.510265
v -0.179987 0.115550 0.417150
v -0.176182 0.102508 0.514455
v -0.291411 0.057172 0.382980
v -0.300636 0.027216 0.469811
v -0.311784 0.041812 0.367832
v -0.319174 0.009393 0.447178
v -0.252195 0.089604 0.357621
v -0.194194 0.119363 0.368056
v -0.236443 0.110813 0.315642
v -0.296275 0.063290 0.335365
v -0.261094 0.096062 0.309918
v -0.261136 0.042615 0.541338
v -0.192417 0.086872 0.562783
v -0.248445 0.042300 0.599023
v -0.316897 0.001917 0.501204
v -0.281310 0.016386 0.580654
v 0.037530 0.016805 -0.666879
v -0.038323 0.014227 -0.668103
v 0.032845 0.014886 -0.602712
v -0.033972 0.015109 -0.603545
v 0.057408 0.084965 -0.865078
v -0.059775 0.086589 -0.862600
v 0.063893 0.140578 -0.915441
v -0.066579 0.142215 -0.913766
v 0.094530 0.014911 -0.769977
v 0.070017 0.010922 -0.625442
v 0.129487 -0.002890 -0.724416
v -0.095856 0.016039 -0.771406
v -0.072081 0.010145 -0.626314
v -0.132128 -0.004087 -0.731423
v 0.124509 0.099498 -0.900824
v 0.153479 0.011017 -0.806948
v -0.125691 0.100130 -0.899479
v -0.154898 0.011485 -0.808525
v 0.195866 -0.100350 -0.405448
v 0.165597 -0.022966 -0.445686
v 0.170708 -0.125452 -0.425149
v 0.134942 -0.036542 -0.456016
v 0.264628 -0.038589 -0.351764
v 0.256376 0.008234 -0.423867
v 0.284347 -0.022055 -0.339670
v 0.280443 0.024351 -0.413581
v 0.253040 -0.112162 -0.362935
v 0.206092 -0.162308 -0.405350
v 0.266202 -0.170123 -0.364282
v 0.289016 -0.064149 -0.321189
v 0.290027 -0.141728 -0.341171
v 0.214859 0.008005 -0.486242
v 0.144869 -0.004224 -0.488656
v 0.200615 0.014988 -0.541137
v 0.273000 0.032537 -0.469057
v 0.235204 0.024946 -0.540169
v -0.195943 -0.099983 -0.403608
v -0.164797 -0.020316 -0.446782
v -0.169870 -0.125883 -0.424090
v -0.136463 -0.037533 -0.457346
v -0.262323 -0.037656 -0.351889
v -0.256884 0.008773 -0.427839
v -0.283780 -0.020743 -0.338270
v -0.281900 0.022135 -0.416230
v -0.251948 -0.110451 -0.364810
v -0.205780 -0.161127 -0.404732
v -0.266481 -0.169479 -0.365660
v -0.288358 -0.061078 -0.322228
v -0.286697 -0.140089 -0.342221
v -0.214405 0.009194 -0.487193
v -0.144398 -0.002253 -0.487673
v -0.201460 0.014710 -0.545046
v -0.273075 0.033492 -0.469720
v -0.235810 0.026060 -0.540517
v 0.350798 0.369039 -0.778655
v 0.366748 0.245146 -0.879097
v 0.319250 0.409422 -0.819904
v 0.323152 0.286748 -0.928031
v 0.352814 0.243261 -0.587004
v 0.352400 0.166249 -0.626035
v 0.346745 0.207054 -0.523926
v 0.343591 0.145736 -0.554229
v 0.352999 0.348294 -0.648575
v 0.328925 0.443037 -0.752386
v 0.344838 0.421108 -0.637533
v 0.347872 0.256074 -0.533778
v 0.347906 0.370543 -0.587318
v 0.369761 0.138925 -0.773060
v 0.334550 0.198212 -0.937271
v 0.338774 0.094856 -0.814440
v 0.336571 0.119288 -0.594420
v 0.330130 0.095764 -0.717532
v -0.351940 0.366891 -0.779668
v -0.368307 0.244125 -0.880680
v -0.318893 0.408761 -0.820755
v -0.324180 0.285941 -0.927896
v -0.354809 0.242146 -0.589882
v -0.353069 0.163411 -0.629323
v -0.346452 0.206942 -0.525787
v -0.344041 0.144556 -0.556203
v -0.352785 0.348048 -0.650645
v -0.329720 0.442278 -0.751547
v -0.346238 0.421044 -0.637691
v -0.345822 0.255703 -0.534363
v -0.346722 0.368471 -0.585576
v -0.368711 0.139924 -0.773996
v -0.334531 0.197347 -0.935290
v -0.337873 0.093627 -0.815840
v -0.337007 0.120920 -0.597309
v -0.332388 0.093673 -0.718184
v 0.359542 0.040421 -0.054150
v 0.369806 0.004378 -0.040180
v 0.354492 0.050751 -0.095694
v 0.363946 0.008339 -0.079326
v 0.362719 0.019099 0.058312
v 0.376245 -0.015662 0.070864
v 0.363369 0.013032 0.095517
v 0.376749 -0.021476 0.111998
v 0.353758 0.047434 -0.005123
v 0.352675 0.064138 -0.086545
v 0.348394 0.068518 -0.038969
v 0.354805 0.032270 0.070844
v 0.346535 0.059217 0.001106
v 0.383561 -0.028293 0.020361
v 0.372871 -0.014308 -0.055196
v 0.390636 -0.051570 0.004885
v 0.385824 -0.039989 0.099096
v 0.394684 -0.055818 0.044805
v -0.358518 0.043669 -0.060124
v -0.367576 0.005068 -0.042767
v -0.353633 0.051890 -0.097289
v -0.361046 0.012567 -0.081652
v -0.361100 0.020425 0.056185
v -0.376121 -0.013128 0.069844
v -0.362209 0.016555 0.092773
v -0.377855 -0.017778 0.108131
v -0.354350 0.050606 -0.009001
v -0.350709 0.066301 -0.086811
v -0.347779 0.069280 -0.040126
v -0.353477 0.033647 0.068118
v -0.347045 0.060376 0.001092
v -0.380913 -0.028166 0.019888
v -0.371180 -0.014438 -0.056791
v -0.387911 -0.049438 0.003272
v -0.384880 -0.038963 0.096074
v -0.390773 -0.055504 0.044047
v -0.088280 0.381170 -0.168766
v -0.091944 0.325870 -0.157286
v -0.130256 0.575028 -0.248274
v -0.158952 0.597363 -0.286013
v -0.070542 0.345748 -0.161665
v -0.133448 0.638241 -0.294024
v -0.176013 0.226664 -0.057143
v -0.199139 0.212475 -0.047441
v -0.198222 0.204227 -0.005930
v -0.259226 0.516189 -0.318625
v -0.255948 0.445933 -0.296529
v -0.289605 0.521848 -0.340834
v -0.233445 0.228904 -0.160151
v -0.235035 0.209400 -0.117939
v -0.252586 0.198057 -0.122053
v 0.082416 0.385208 -0.163839
v 0.088412 0.324712 -0.155865
v 0.121681 0.569547 -0.255262
v 0.154675 0.592052 -0.290517
v 0.068523 0.346186 -0.157654
v 0.128196 0.632508 -0.297143
v 0.173143 0.226583 -0.055982
v 0.195559 0.212053 -0.046363
v 0.196255 0.205062 -0.005703
v 0.261883 0.515548 -0.308464
v 0.253342 0.446627 -0.283750
v 0.285022 0.521233 -0.338112
v 0.230701 0.233520 -0.158025
v 0.232502 0.210929 -0.118700
v 0.249010 0.196148 -0.120223
v -0.202946 -0.670627 0.133239
v -0.226015 -0.683951 0.201542
v -0.181505 -0.908601 -0.071354
v -0.252993 -0.985407 -0.169734
v -0.178087 -0.680430 0.215286
v -0.141699 -0.919639 -0.190530
v -0.339184 -0.563266 0.264639
v -0.365112 -0.513268 0.228056
v -0.358764 -0.528392 0.300187
v -0.448368 -0.636033 -0.220618
v -0.447701 -0.546873 -0.179499
v -0.441142 -0.540178 -0.237043
v -0.438038 -0.404963 -0.006731
v -0.427694 -0.404578 0.045877
v -0.438683 -0.347209 0.020816
v 0.200558 -0.675176 0.135071
v 0.224786 -0.682323 0.202443
v 0.185637 -0.906786 -0.070283
v 0.259320 -0.982524 -0.160809
v 0.178167 -0.681263 0.216260
v 0.150045 -0.935815 -0.181925
v 0.340227 -0.561812 0.264885
v 0.365888 -0.512702 0.227800
v 0.358170 -0.526193 0.301349
v 0.448180 -0.634637 -0.219661
v 0.443069 -0.545628 -0.177338
v 0.442037 -0.538675 -0.237261
v 0.437908 -0.401861 -0.005095
v 0.426511 -0.404588 0.048394
v 0.437906 -0.348282 0.023826
v -0.049668 -0.654897 0.770046
v 0.054397 -0.659526 0.767979
v -0.298978 -0.664366 0.844632
v -0.302934 -0.566702 0.834390
v 0.002027 -0.620300 0.702389
v -0.358376 -0.625693 0.807179
v 0.297448 -0.673569 0.846113
v 0.304403 -0.570249 0.832511
v 0.358915 -0.631310 0.807515
v 0.129980 -0.268915 0.899005
v 0.190656 -0.306824 0.872765
v -0.129919 -0.269552 0.901559
v -0.187787 -0.307711 0.874192
v 0.192885 -0.231575 0.878787
v -0.191353 -0.232646 0.877422
v -0.015875 0.198099 0.207183
v 0.015538 0.196642 0.206149
v -0.110704 0.154399 0.316017
v -0.127262 0.137413 0.364988
v -0.000377 0.214142 0.151991
v -0.145175 0.146694 0.317934
v 0.109546 0.153950 0.315731
v 0.127428 0.137720 0.365452
v 0.143574 0.145654 0.317692
v 0.081268 0.126170 0.604703
v 0.113315 0.123968 0.561211
v -0.080168 0.126887 0.606750
v -0.111981 0.122196 0.561347
v 0.124272 0.111754 0.613197
v -0.122698 0.109796 0.614285
v -0.025855 -0.400490 -0.422759
v 0.025180 -0.400633 -0.419804
v -0.145617 -0.271568 -0.439140
v -0.143773 -0.207126 -0.439556
v -0.001386 -0.448350 -0.397034
v -0.181390 -0.247702 -0.421723
v 0.145393 -0.272510 -0.442979
v 0.143703 -0.209000 -0.441605
v 0.178527 -0.250932 -0.422436
v 0.055136 -0.004103 -0.520602
v 0.080597 -0.027950 -0.495018
v -0.054078 -0.003119 -0.520315
v -0.081101 -0.026172 -0.494073
v 0.086360 0.004532 -0.526879
v -0.086520 0.004751 -0.527138
v -0.043414 0.774276 -0.738823
v 0.043908 0.775539 -0.738802
v -0.247151 0.613517 -0.791347
v -0.258308 0.530378 -0.813487
v -0.000594 0.821374 -0.690724
v -0.290197 0.571874 -0.766687
v 0.249312 0.612155 -0.787742
v 0.259562 0.530378 -0.812553
v 0.291170 0.570816 -0.765240
v 0.137424 0.242563 -0.957525
v 0.211751 0.286915 -0.986487
v -0.141523 0.243438 -0.959851
v -0.216086 0.286315 -0.984912
v 0.211429 0.194188 -0.986682
v -0.215004 0.192855 -0.986946
v 0.333140 0.182745 -0.378251
v 0.338019 0.181799 -0.423555
v 0.341283 0.109442 -0.202967
v 0.346991 0.086247 -0.168925
v 0.333842 0.221174 -0.427388
v 0.342807 0.097551 -0.162721
v 0.331361 -0.039316 -0.251982
v 0.315695 -0.025288 -0.287607
v 0.358220 -0.018833 -0.146621
v 0.357774 0.000950 -0.131223
v 0.323594 -0.060734 -0.271713
v 0.369245 -0.027682 -0.108471
v 0.314965 0.064982 -0.428691
v 0.327504 0.093569 -0.460433
v 0.313757 0.075707 -0.488018
v 0.331546 0.039737 0.261075
v 0.329318 0.031645 0.304053
v 0.351833 0.030083 0.158395
v 0.356091 0.018781 0.144474
v 0.316803 0.053735 0.275365
v 0.349528 0.035827 0.118701
v 0.403908 -0.160163 0.359625
v 0.400155 -0.158339 0.403885
v 0.397750 -0.076007 0.201313
v 0.387882 -0.052721 0.173463
v 0.405989 -0.200039 0.404547
v 0.395156 -0.076506 0.164178
v 0.365525 -0.065980 0.463120
v 0.353379 -0.034818 0.445292
v 0.352302 -0.048911 0.496835
v -0.333381 0.182369 -0.380123
v -0.339069 0.181444 -0.423110
v -0.340688 0.107081 -0.205596
v -0.347434 0.083929 -0.171209
v -0.333530 0.221173 -0.430008
v -0.342952 0.098644 -0.163853
v -0.328669 -0.036617 -0.254201
v -0.314962 -0.022438 -0.288943
v -0.356982 -0.020063 -0.146600
v -0.355995 0.000335 -0.132373
v -0.322923 -0.061767 -0.273962
v -0.366791 -0.028171 -0.107734
v -0.313566 0.064035 -0.432950
v -0.326123 0.091462 -0.464006
v -0.312806 0.076677 -0.490455
v -0.331753 0.041749 0.261164
v -0.327736 0.034829 0.303700
v -0.350846 0.032398 0.154214
v -0.357537 0.022387 0.142864
v -0.319401 0.054333 0.276435
v -0.350988 0.037959 0.119592
v -0.403483 -0.156671 0.359194
v -0.399295 -0.158614 0.402909
v -0.394741 -0.078726 0.201299
v -0.387185 -0.049114 0.172229
v -0.404601 -0.199485 0.403912
v -0.394639 -0.074134 0.160757
v -0.365006 -0.065529 0.462491
v -0.351860 -0.031019 0.444210
v -0.350818 -0.049679 0.497485
v -0.009842 0.284659 -0.130062
v 0.007375 0.284487 -0.130160
v -0.001214 0.264885 -0.075884
v -0.034495 0.800002 -0.404707
v 0.034325 0.799981 -0.405901
v -0.000351 0.831079 -0.466553
v -0.237000 0.149491 0.178907
v -0.231447 0.142031 0.226414
v -0.256569 0.125293 0.225870
v -0.371066 0.534665 -0.498874
v -0.361124 0.520726 -0.561077
v -0.343993 0.453983 -0.516335
v -0.319308 0.113609 -0.055215
v -0.326271 0.101985 -0.064340
v -0.333228 0.086916 -0.020000
v 0.236695 0.148414 0.179885
v 0.227316 0.142817 0.223840
v 0.253797 0.124445 0.224172
v 0.367502 0.534403 -0.500152
v 0.357161 0.522231 -0.563731
v 0.345042 0.454228 -0.516412
v 0.316564 0.112532 -0.055963
v 0.329036 0.098253 -0.061158
v 0.330182 0.089410 -0.021444
v -0.028637 -0.693624 0.382897
v 0.028885 -0.695664 0.382687
v -0.000846 -0.707281 0.456310
v -0.034047 -0.611901 -0.251253
v 0.036529 -0.612011 -0.250965
v 0.003220 -0.601251 -0.284781
v -0.389018 -0.477298 0.488487
v -0.395112 -0.492423 0.557160
v -0.397454 -0.419179 0.499226
v -0.359627 -0.306105 -0.322370
v -0.323801 -0.269889 -0.347089
v -0.343055 -0.232167 -0.321445
v -0.424779 -0.151896 0.029026
v -0.412871 -0.109841 0.006789
v -0.413801 -0.117618 0.050030
v 0.391029 -0.477593 0.487694
v 0.396447 -0.490417 0.555840
v 0.400145 -0.419784 0.499175
v 0.361415 -0.306451 -0.322729
v 0.325118 -0.270570 -0.347659
v 0.344492 -0.232443 -0.323640
v 0.422432 -0.155661 0.028522
v 0.411571 -0.112516 0.008594
v 0.413398 -0.122455 0.049414
v 0.268248 -0.041458 0.741789
v 0.247748 0.002864 0.701704
v 0.286085 -0.030756 0.677858
v -0.265512 -0.043453 0.742598
v -0.247568 0.002981 0.702869
v -0.285132 -0.030192 0.679346
v 0.210812 0.019440 -0.672195
v 0.244571 0.032782 -0.748337
v 0.254993 0.040337 -0.671116
v -0.211820 0.020106 -0.675364
v -0.243862 0.033475 -0.751865
v -0.257501 0.039153 -0.673926
f 1 647 644
f 1 644 643
f 1 643 645
f 1 645 646
f 1 646 647
f 2 649 652
f 6 672 670
f 12 702 699
f 11 696 695
f 8 679 681
f 4 662 659
f 4 659 658
f 4 658 660
f 4 660 661
f 4 661 662
f 5 666 665
f 3 654 657
f 7 673 677
f 9 685 686
f 10 692 688
f 12 701 698
f 6 669 668
f 2 650 648
f 8 682 678
f 11 697 693
f 6 671 669
f 12 700 701
f 11 694 697
f 8 680 682
f 2 651 650
f 10 690 689
f 5 663 664
f 3 655 653
f 7 676 674
f 9 687 684
f 10 691 690
f 5 667 663
f 3 656 655
f 7 675 676
f 9 683 687
f 6 668 672
f 2 648 649
f 8 678 679
f 11 693 696
f 12 698 702
f 10 688 691
f 5 665 667
f 3 657 656
f 7 677 675
f 9 686 683
f 5 664 666
f 3 653 654
f 7 674 673
f 9 684 685
f 10 689 692
f 6 670 671
f 12 699 700
f 11 695 694
f 8 681 680
f 2 652 651
f 35 837 838
f 18 735 736
f 19 742 741
f 40 868 867
f 42 880 879
f 34 832 831
f 33 827 828
f 25 778 780
f 36 844 846
f 20 749 747
f 32 819 820
f 23 765 767
f 24 773 771
f 37 850 849
f 41 876 875
f 34 833 834
f 33 826 825
f 25 779 777
f 36 845 843
f 20 748 750
f 17 729 727
f 14 711 709
f 13 706 703
f 15 718 715
f 16 724 721
f 18 737 733
f 35 839 835
f 42 882 878
f 40 870 866
f 19 744 740
f 30 807 805
f 27 789 787
f 22 762 758
f 28 797 793
f 29 802 799
f 32 821 817
f 23 766 763
f 24 774 770
f 37 852 848
f 41 874 872
f 35 838 836
f 18 736 734
f 19 741 739
f 40 867 865
f 42 879 877
f 34 831 829
f 33 828 824
f 25 780 776
f 36 846 842
f 20 747 745
f 32 820 818
f 23 767 764
f 24 771 769
f 37 849 847
f 41 875 871
f 34 834 830
f 33 825 823
f 25 777 775
f 36 843 841
f 20 750 746
f 14 714 710
f 13 707 704
f 15 719 716
f 16 725 722
f 17 732 728
f 21 755 752
f 31 814 811
f 26 784 781
f 38 857 853
f 39 862 860
f 27 792 788
f 22 759 757
f 28 796 794
f 29 803 800
f 30 810 806
f 31 815 812
f 26 785 782
f 38 856 854
f 39 863 859
f 21 754 751
f 14 712 714
f 13 705 707
f 15 717 719
f 16 723 725
f 17 730 732
f 21 753 755
f 31 816 814
f 26 786 784
f 38 858 857
f 39 861 862
f 27 791 792
f 22 761 759
f 28 795 796
f 29 801 803
f 30 808 810
f 31 813 815
f 26 783 785
f 38 855 856
f 39 864 863
f 21 756 754
f 14 709 712
f 13 703 705
f 15 715 717
f 16 721 723
f 17 727 730
f 21 751 753
f 31 812 816
f 26 782 786
f 38 854 858
f 39 859 861
f 27 787 791
f 22 758 761
f 28 793 795
f 29 799 801
f 30 805 808
f 31 811 813
f 26 781 783
f 38 853 855
f 39 860 864
f 21 752 756
f 17 728 731
f 14 710 713
f 13 704 708
f 15 716 720
f 16 722 726
f 18 734 738
f 35 836 840
f 42 877 881
f 40 865 869
f 19 739 743
f 30 806 809
f 27 788 790
f 22 757 760
f 28 794 798
f 29 800 804
f 32 818 822
f 23 764 768
f 24 769 772
f 37 847 851
f 41 871 873
f 35 835 837
f 18 733 735
f 19 740 742
f 40 866 868
f 42 878 880
f 34 830 832
f 33 823 827
f 25 775 778
f 36 841 844
f 20 746 749
f 32 817 819
f 23 763 765
f 24 770 773
f 37 848 850
f 41 872 876
f 34 829 833
f 33 824 826
f 25 776 779
f 36 842 845
f 20 745 748
f 17 731 729
f 14 713 711
f 13 708 706
f 15 720 718
f 16 726 724
f 18 738 737
f 35 840 839
f 42 881 882
f 40 869 870
f 19 743 744
f 30 809 807
f 27 790 789
f 22 760 762
f 28 798 797
f 29 804 802
f 32 822 821
f 23 768 766
f 24 772 774
f 37 851 852
f 41 873 874
f 107 1269 1270
f 103 1245 1246
f 104 1252 1251
f 110 1288 1287
f 113 1306 1305
f 118 1336 1335
f 154 1551 1552
f 141 1473 1474
f 162 1599 1600
f 121 1354 1353
f 142 1479 1480
f 129 1401 1402
f 130 1408 1407
f 144 1492 1491
f 146 1504 1503
f 151 1533 1534
f 131 1414 1413
f 136 1444 1443
f 161 1594 1593
f 126 1383 1384
f 116 1323 1324
f 108 1275 1276
f 106 1263 1264
f 112 1299 1300
f 115 1317 1318
f 119 1341 1342
f 156 1564 1563
f 139 1462 1461
f 160 1588 1587
f 120 1347 1348
f 149 1521 1522
f 132 1420 1419
f 128 1395 1396
f 145 1497 1498
f 148 1515 1516
f 155 1557 1558
f 133 1425 1426
f 134 1431 1432
f 157 1570 1569
f 124 1372 1371
f 109 1282 1281
f 105 1258 1257
f 111 1294 1293
f 114 1312 1311
f 117 1330 1329
f 125 1378 1377
f 152 1540 1539
f 137 1449 1450
f 158 1575 1576
f 123 1365 1366
f 143 1486 1485
f 127 1390 1389
f 135 1437 1438
f 147 1510 1509
f 150 1528 1527
f 153 1546 1545
f 140 1468 1467
f 138 1455 1456
f 159 1581 1582
f 122 1359 1360
f 107 1272 1271
f 103 1248 1247
f 104 1253 1254
f 110 1289 1290
f 113 1307 1308
f 118 1337 1338
f 154 1554 1553
f 141 1476 1475
f 162 1602 1601
f 121 1355 1356
f 142 1482 1481
f 129 1404 1403
f 130 1409 1410
f 144 1493 1494
f 146 1505 1506
f 151 1536 1535
f 131 1415 1416
f 136 1445 1446
f 161 1595 1596
f 126 1386 1385
f 47 909 907
f 44 891 889
f 43 886 883
f 45 898 895
f 46 904 901
f 49 922 919
f 72 1060 1057
f 102 1240 1237
f 96 1204 1201
f 79 1102 1099
f 62 999 997
f 59 981 979
f 58 976 973
f 60 988 985
f 61 994 991
f 66 1024 1021
f 54 952 949
f 73 1066 1063
f 85 1138 1135
f 92 1179 1177
f 101 1233 1231
f 69 1041 1039
f 50 927 925
f 82 1119 1117
f 97 1209 1207
f 71 1053 1051
f 100 1228 1225
f 94 1192 1189
f 80 1108 1105
f 51 933 931
f 90 1167 1165
f 63 1005 1003
f 55 957 955
f 76 1083 1081
f 87 1150 1147
f 91 1174 1171
f 67 1029 1027
f 56 963 961
f 75 1077 1075
f 83 1126 1123
f 68 1036 1033
f 48 915 913
f 78 1095 1093
f 93 1185 1183
f 98 1216 1213
f 88 1155 1153
f 65 1018 1015
f 57 970 967
f 77 1090 1087
f 86 1143 1141
f 64 1012 1009
f 53 945 943
f 74 1071 1069
f 84 1131 1129
f 89 1162 1159
f 70 1047 1045
f 99 1221 1219
f 95 1197 1195
f 81 1114 1111
f 52 940 937
f 109 1284 1280
f 105 1260 1256
f 111 1296 1292
f 114 1314 1310
f 117 1332 1328
f 125 1380 1376
f 152 1542 1538
f 137 1451 1447
f 158 1577 1573
f 123 1367 1363
f 143 1488 1484
f 127 1392 1388
f 135 1439 1435
f 147 1512 1508
f 150 1530 1526
f 153 1548 1544
f 140 1470 1466
f 138 1457 1453
f 159 1583 1579
f 122 1361 1357
f 107 1270 1268
f 103 1246 1244
f 104 1251 1249
f 110 1287 1285
f 113 1305 1303
f 118 1335 1333
f 154 1552 1550
f 141 1474 1472
f 162 1600 1598
f 121 1353 1351
f 142 1480 1478
f 129 1402 1400
f 130 1407 1405
f 144 1491 1489
f 146 1503 1501
f 151 1534 1532
f 131 1413 1411
f 136 1443 1441
f 161 1593 1591
f 126 1384 1382
f 116 1324 1322
f 108 1276 1274
f 106 1264 1262
f 112 1300 1298
f 115 1318 1316
f 119 1342 1340
f 156 1563 1561
f 139 1461 1459
f 160 1587 1585
f 120 1348 1346
f 149 1522 1520
f 132 1419 1417
f 128 1396 1394
f 145 1498 1496
f 148 1516 1514
f 155 1558 1556
f 133 1426 1424
f 134 1432 1430
f 157 1569 1567
f 124 1371 1369
f 109 1281 1279
f 105 1257 1255
f 111 1293 1291
f 114 1311 1309
f 117 1329 1327
f 125 1377 1375
f 152 1539 1537
f 137 1450 1448
f 158 1576 1574
f 123 1366 1364
f 143 1485 1483
f 127 1389 1387
f 135 1438 1436
f 147 1509 1507
f 150 1527 1525
f 153 1545 1543
f 140 1467 1465
f 138 1456 1454
f 159 1582 1580
f 122 1360 1358
f 107 1271 1267
f 103 1247 1243
f 104 1254 1250
f 110 1290 1286
f 113 1308 1304
f 118 1338 1334
f 154 1553 1549
f 141 1475 1471
f 162 1601 1597
f 121 1356 1352
f 142 1481 1477
f 129 1403 1399
f 130 1410 1406
f 144 1494 1490
f 146 1506 1502
f 151 1535 1531
f 131 1416 1412
f 136 1446 1442
f 161 1596 1592
f 126 1385 1381
f 44 894 890
f 43 887 884
f 45 899 896
f 46 905 902
f 47 912 908
f 52 941 938
f 70 1050 1046
f 99 1224 1220
f 95 1200 1196
f 81 1115 1112
f 59 984 980
f 58 977 974
f 60 989 986
f 61 995 992
f 62 1002 998
f 65 1019 1016
f 57 971 968
f 77 1091 1088
f 86 1146 1142
f 88 1158 1154
f 98 1217 1214
f 68 1037 1034
f 48 918 914
f 78 1098 1094
f 93 1188 1184
f 69 1044 1040
f 101 1236 1232
f 97 1212 1208
f 82 1122 1118
f 50 930 926
f 89 1163 1160
f 64 1013 1010
f 53 948 944
f 74 1074 1070
f 84 1134 1130
f 90 1170 1166
f 63 1008 1004
f 55 960 956
f 76 1086 1082
f 87 1151 1148
f 72 1061 1058
f 49 923 920
f 79 1103 1100
f 96 1205 1202
f 102 1241 1238
f 91 1175 1172
f 67 1032 1028
f 56 966 962
f 75 1080 1076
f 83 1127 1124
f 66 1025 1022
f 54 953 950
f 73 1067 1064
f 85 1139 1136
f 92 1182 1178
f 71 1056 1052
f 100 1229 1226
f 94 1193 1190
f 80 1109 1106
f 51 936 932
f 116 1325 1321
f 108 1277 1273
f 106 1265 1261
f 112 1301 1297
f 115 1319 1315
f 119 1343 1339
f 156 1566 1562
f 139 1464 1460
f 160 1590 1586
f 120 1349 1345
f 149 1523 1519
f 132 1422 1418
f 128 1397 1393
f 145 1499 1495
f 148 1517 1513
f 155 1559 1555
f 133 1427 1423
f 134 1433 1429
f 157 1572 1568
f 124 1374 1370
f 44 892 894
f 43 885 887
f 45 897 899
f 46 903 905
f 47 910 912
f 52 939 941
f 70 1048 1050
f 99 1222 1224
f 95 1198 1200
f 81 1113 1115
f 59 982 984
f 58 975 977
f 60 987 989
f 61 993 995
f 62 1000 1002
f 65 1017 1019
f 57 969 971
f 77 1089 1091
f 86 1144 1146
f 88 1156 1158
f 98 1215 1217
f 68 1035 1037
f 48 916 918
f 78 1096 1098
f 93 1186 1188
f 69 1042 1044
f 101 1234 1236
f 97 1210 1212
f 82 1120 1122
f 50 928 930
f 89 1161 1163
f 64 1011 1013
f 53 946 948
f 74 1072 1074
f 84 1132 1134
f 90 1168 1170
f 63 1006 1008
f 55 958 960
f 76 1084 1086
f 87 1149 1151
f 72 1059 1061
f 49 921 923
f 79 1101 1103
f 96 1203 1205
f 102 1239 1241
f 91 1173 1175
f 67 1030 1032
f 56 964 966
f 75 1078 1080
f 83 1125 1127
f 66 1023 1025
f 54 951 953
f 73 1065 1067
f 85 1137 1139
f 92 1180 1182
f 71 1054 1056
f 100 1227 1229
f 94 1191 1193
f 80 1107 1109
f 51 934 936
f 116 1326 1325
f 108 1278 1277
f 106 1266 1265
f 112 1302 1301
f 115 1320 1319
f 119 1344 1343
f 156 1565 1566
f 139 1463 1464
f 160 1589 1590
f 120 1350 1349
f 149 1524 1523
f 132 1421 1422
f 128 1398 1397
f 145 1500 1499
f 148 1518 1517
f 155 1560 1559
f 133 1428 1427
f 134 1434 1433
f 157 1571 1572
f 124 1373 1374
f 44 889 892
f 43 883 885
f 45 895 897
f 46 901 903
f 47 907 910
f 52 937 939
f 70 1045 1048
f 99 1219 1222
f 95 1195 1198
f 81 1111 1113
f 59 979 982
f 58 973 975
f 60 985 987
f 61 991 993
f 62 997 1000
f 65 1015 1017
f 57 967 969
f 77 1087 1089
f 86 1141 1144
f 88 1153 1156
f 98 1213 1215
f 68 1033 1035
f 48 913 916
f 78 1093 1096
f 93 1183 1186
f 69 1039 1042
f 101 1231 1234
f 97 1207 1210
f 82 1117 1120
f 50 925 928
f 89 1159 1161
f 64 1009 1011
f 53 943 946
f 74 1069 1072
f 84 1129 1132
f 90 1165 1168
f 63 1003 1006
f 55 955 958
f 76 1081 1084
f 87 1147 1149
f 72 1057 1059
f 49 919 921
f 79 1099 1101
f 96 1201 1203
f 102 1237 1239
f 91 1171 1173
f 67 1027 1030
f 56 961 964
f 75 1075 1078
f 83 1123 1125
f 66 1021 1023
f 54 949 951
f 73 1063 1065
f 85 1135 1137
f 92 1177 1180
f 71 1051 1054
f 100 1225 1227
f 94 1189 1191
f 80 1105 1107
f 51 931 934
f 116 1322 1326
f 108 1274 1278
f 106 1262 1266
f 112 1298 1302
f 115 1316 1320
f 119 1340 1344
f 156 1561 1565
f 139 1459 1463
f 160 1585 1589
f 120 1346 1350
f 149 1520 1524
f 132 1417 1421
f 128 1394 1398
f 145 1496 1500
f 148 1514 1518
f 155 1556 1560
f 133 1424 1428
f 134 1430 1434
f 157 1567 1571
f 124 1369 1373
f 47 908 911
f 44 890 893
f 43 884 888
f 45 896 900
f 46 902 906
f 49 920 924
f 72 1058 1062
f 102 1238 1242
f 96 1202 1206
f 79 1100 1104
f 62 998 1001
f 59 980 983
f 58 974 978
f 60 986 990
f 61 992 996
f 66 1022 1026
f 54 950 954
f 73 1064 1068
f 85 1136 1140
f 92 1178 1181
f 101 1232 1235
f 69 1040 1043
f 50 926 929
f 82 1118 1121
f 97 1208 1211
f 71 1052 1055
f 100 1226 1230
f 94 1190 1194
f 80 1106 1110
f 51 932 935
f 90 1166 1169
f 63 1004 1007
f 55 956 959
f 76 1082 1085
f 87 1148 1152
f 91 1172 1176
f 67 1028 1031
f 56 962 965
f 75 1076 1079
f 83 1124 1128
f 68 1034 1038
f 48 914 917
f 78 1094 1097
f 93 1184 1187
f 98 1214 1218
f 88 1154 1157
f 65 1016 1020
f 57 968 972
f 77 1088 1092
f 86 1142 1145
f 64 1010 1014
f 53 944 947
f 74 1070 1073
f 84 1130 1133
f 89 1160 1164
f 70 1046 1049
f 99 1220 1223
f 95 1196 1199
f 81 1112 1116
f 52 938 942
f 109 1279 1283
f 105 1255 1259
f 111 1291 1295
f 114 1309 1313
f 117 1327 1331
f 125 1375 1379
f 152 1537 1541
f 137 1448 1452
f 158 1574 1578
f 123 1364 1368
f 143 1483 1487
f 127 1387 1391
f 135 1436 1440
f 147 1507 1511
f 150 1525 1529
f 153 1543 1547
f 140 1465 1469
f 138 1454 1458
f 159 1580 1584
f 122 1358 1362
f 107 1267 1269
f 103 1243 1245
f 104 1250 1252
f 110 1286 1288
f 113 1304 1306
f 118 1334 1336
f 154 1549 1551
f 141 1471 1473
f 162 1597 1599
f 121 1352 1354
f 142 1477 1479
f 129 1399 1401
f 130 1406 1408
f 144 1490 1492
f 146 1502 1504
f 151 1531 1533
f 131 1412 1414
f 136 1442 1444
f 161 1592 1594
f 126 1381 1383
f 116 1321 1323
f 108 1273 1275
f 106 1261 1263
f 112 1297 1299
f 115 1315 1317
f 119 1339 1341
f 156 1562 1564
f 139 1460 1462
f 160 1586 1588
f 120 1345 1347
f 149 1519 1521
f 132 1418 1420
f 128 1393 1395
f 145 1495 1497
f 148 1513 1515
f 155 1555 1557
f 133 1423 1425
f 134 1429 1431
f 157 1568 1570
f 124 1370 1372
f 109 1280 1282
f 105 1256 1258
f 111 1292 1294
f 114 1310 1312
f 117 1328 1330
f 125 1376 1378
f 152 1538 1540
f 137 1447 1449
f 158 1573 1575
f 123 1363 1365
f 143 1484 1486
f 127 1388 1390
f 135 1435 1437
f 147 1508 1510
f 150 1526 1528
f 153 1544 1546
f 140 1466 1468
f 138 1453 1455
f 159 1579 1581
f 122 1357 1359
f 107 1268 1272
f 103 1244 1248
f 104 1249 1253
f 110 1285 1289
f 113 1303 1307
f 118 1333 1337
f 154 1550 1554
f 141 1472 1476
f 162 1598 1602
f 121 1351 1355
f 142 1478 1482
f 129 1400 1404
f 130 1405 1409
f 144 1489 1493
f 146 1501 1505
f 151 1532 1536
f 131 1411 1415
f 136 1441 1445
f 161 1591 1595
f 126 1382 1386
f 47 911 909
f 44 893 891
f 43 888 886
f 45 900 898
f 46 906 904
f 49 924 922
f 72 1062 1060
f 102 1242 1240
f 96 1206 1204
f 79 1104 1102
f 62 1001 999
f 59 983 981
f 58 978 976
f 60 990 988
f 61 996 994
f 66 1026 1024
f 54 954 952
f 73 1068 1066
f 85 1140 1138
f 92 1181 1179
f 101 1235 1233
f 69 1043 1041
f 50 929 927
f 82 1121 1119
f 97 1211 1209
f 71 1055 1053
f 100 1230 1228
f 94 1194 1192
f 80 1110 1108
f 51 935 933
f 90 1169 1167
f 63 1007 1005
f 55 959 957
f 76 1085 1083
f 87 1152 1150
f 91 1176 1174
f 67 1031 1029
f 56 965 963
f 75 1079 1077
f 83 1128 1126
f 68 1038 1036
f 48 917 915
f 78 1097 1095
f 93 1187 1185
f 98 1218 1216
f 88 1157 1155
f 65 1020 1018
f 57 972 970
f 77 1092 1090
f 86 1145 1143
f 64 1014 1012
f 53 947 945
f 74 1073 1071
f 84 1133 1131
f 89 1164 1162
f 70 1049 1047
f 99 1223 1221
f 95 1199 1197
f 81 1116 1114
f 52 942 940
f 109 1283 1284
f 105 1259 1260
f 111 1295 1296
f 114 1313 1314
f 117 1331 1332
f 125 1379 1380
f 152 1541 1542
f 137 1452 1451
f 158 1578 1577
f 123 1368 1367
f 143 1487 1488
f 127 1391 1392
f 135 1440 1439
f 147 1511 1512
f 150 1529 1530
f 153 1547 1548
f 140 1469 1470
f 138 1458 1457
f 159 1584 1583
f 122 1362 1361
f 407 1609 1616
f 403 1605 1608
f 404 1611 1606
f 410 1614 1612
f 413 1617 1615
f 422 1631 1624
f 486 1688 1692
f 573 1775 1782
f 561 1763 1765
f 512 1719 1714
f 452 1654 1661
f 448 1650 1653
f 449 1656 1651
f 455 1659 1657
f 458 1662 1660
f 470 1672 1675
f 437 1646 1639
f 494 1706 1696
f 531 1735 1733
f 539 1741 1751
f 568 1770 1779
f 478 1680 1683
f 419 1621 1626
f 509 1711 1721
f 554 1756 1766
f 482 1684 1689
f 576 1780 1778
f 558 1767 1760
f 516 1722 1718
f 425 1627 1629
f 542 1744 1747
f 463 1668 1665
f 434 1636 1641
f 497 1699 1704
f 528 1730 1737
f 546 1748 1750
f 464 1666 1676
f 440 1642 1644
f 500 1705 1702
f 524 1736 1726
f 479 1691 1681
f 418 1623 1620
f 508 1713 1710
f 553 1764 1755
f 569 1781 1771
f 538 1749 1740
f 471 1677 1673
f 443 1645 1647
f 501 1703 1707
f 523 1725 1734
f 467 1674 1669
f 433 1638 1635
f 493 1695 1698
f 527 1732 1729
f 543 1752 1745
f 485 1690 1687
f 572 1777 1774
f 557 1759 1762
f 515 1717 1720
f 428 1630 1632
f 591 2191 2189
f 587 1885 1883
f 588 1901 1903
f 594 2279 2281
f 597 2315 2317
f 600 2171 2173
f 634 2160 2158
f 619 2016 2012
f 639 2214 2210
f 602 1919 1924
f 624 2137 2135
f 608 1978 1973
f 610 1991 1996
f 627 2225 2227
f 630 2302 2304
f 635 2178 2176
f 615 2153 2155
f 617 2009 2014
f 637 2207 2212
f 604 1926 1922
f 416 1857 1864
f 408 1803 1810
f 406 1786 1795
f 412 1822 1831
f 415 1840 1849
f 424 1876 1887
f 492 2182 2193
f 582 2312 2321
f 565 2276 2285
f 514 1898 1907
f 461 2091 2098
f 453 2037 2044
f 451 1952 1961
f 457 2056 2067
f 460 2074 2083
f 475 2128 2139
f 439 1966 1975
f 496 1988 1997
f 533 2222 2231
f 551 2293 2298
f 579 2185 2190
f 483 1879 1884
f 426 1893 1900
f 521 2271 2278
f 566 2307 2314
f 489 2163 2170
f 578 2150 2159
f 560 2006 2015
f 518 2204 2213
f 429 1911 1918
f 547 2131 2136
f 465 1969 1977
f 441 1983 1990
f 504 2217 2224
f 537 2290 2301
f 550 2168 2177
f 476 2145 2152
f 444 2001 2008
f 502 2199 2206
f 526 1916 1925
f 481 1808 1817
f 420 1789 1797
f 510 1825 1833
f 555 1843 1851
f 571 1862 1871
f 540 1933 1941
f 473 2110 2119
f 447 2020 2029
f 507 2236 2247
f 534 2257 2262
f 469 2042 2051
f 435 1947 1954
f 498 2059 2064
f 529 2077 2085
f 545 2096 2105
f 487 2113 2121
f 574 2023 2031
f 562 2239 2244
f 520 2254 2265
f 432 1930 1939
f 589 1818 1814
f 583 1798 1793
f 586 1834 1829
f 593 1852 1847
f 596 1872 1868
f 599 1942 1937
f 633 2120 2124
f 620 2030 2034
f 640 2248 2250
f 603 2263 2261
f 622 2052 2050
f 607 1955 1960
f 612 2065 2063
f 626 2086 2081
f 629 2106 2102
f 631 2122 2117
f 614 2032 2027
f 618 2245 2243
f 641 2266 2268
f 605 1940 1944
f 409 1813 1804
f 405 1792 1785
f 411 1828 1821
f 414 1846 1839
f 417 1867 1858
f 431 1936 1929
f 488 2123 2114
f 575 2033 2024
f 563 2249 2240
f 519 2260 2253
f 454 2049 2038
f 450 1959 1951
f 456 2062 2055
f 459 2080 2073
f 462 2101 2092
f 472 2116 2109
f 446 2026 2019
f 506 2242 2235
f 535 2267 2258
f 541 1943 1934
f 570 1869 1861
f 480 1815 1807
f 421 1799 1790
f 511 1835 1826
f 556 1853 1844
f 484 1889 1880
f 580 2195 2186
f 567 2319 2308
f 522 2283 2272
f 427 1905 1894
f 544 2103 2095
f 468 2046 2041
f 436 1957 1948
f 499 2069 2060
f 530 2087 2078
f 548 2141 2132
f 466 1979 1970
f 442 1993 1984
f 505 2229 2218
f 536 2296 2289
f 491 2188 2181
f 423 1882 1875
f 513 1902 1897
f 564 2280 2275
f 581 2316 2311
f 549 2172 2167
f 477 2157 2146
f 445 2011 2002
f 503 2209 2200
f 525 1923 1915
f 474 2134 2127
f 438 1972 1965
f 495 1995 1987
f 532 2226 2221
f 552 2303 2294
f 490 2175 2164
f 577 2154 2149
f 559 2013 2005
f 517 2211 2203
f 430 1921 1912
f 590 1865 1870
f 584 1811 1816
f 585 1796 1800
f 592 1832 1836
f 595 1850 1854
f 598 1888 1890
f 636 2194 2196
f 621 2322 2320
f 642 2286 2284
f 601 1908 1906
f 623 2099 2104
f 611 2045 2047
f 609 1962 1958
f 625 2068 2070
f 628 2084 2088
f 632 2140 2142
f 613 1976 1980
f 616 1998 1994
f 638 2232 2230
f 606 2299 2297
f 407 2330 2329
f 403 2324 2323
f 404 2325 2326
f 410 2332 2333
f 413 2335 2336
f 422 2344 2345
f 486 2410 2409
f 573 2497 2496
f 561 2486 2485
f 512 2434 2435
f 452 2375 2374
f 448 2369 2368
f 449 2370 2371
f 455 2377 2378
f 458 2380 2381
f 470 2393 2392
f 437 2359 2360
f 494 2415 2416
f 531 2455 2456
f 539 2461 2460
f 568 2489 2488
f 478 2399 2398
f 419 2341 2340
f 509 2431 2430
f 554 2476 2475
f 482 2405 2404
f 576 2500 2501
f 558 2481 2482
f 516 2439 2440
f 425 2348 2347
f 542 2465 2464
f 463 2383 2384
f 434 2356 2355
f 497 2420 2419
f 528 2452 2451
f 546 2471 2470
f 464 2386 2385
f 440 2363 2362
f 500 2422 2423
f 524 2445 2446
f 479 2400 2401
f 418 2338 2339
f 508 2428 2429
f 553 2473 2474
f 569 2490 2491
f 538 2458 2459
f 471 2394 2395
f 443 2366 2365
f 501 2425 2424
f 523 2444 2443
f 467 2389 2390
f 433 2353 2354
f 493 2414 2413
f 527 2449 2450
f 543 2466 2467
f 485 2407 2408
f 572 2494 2495
f 557 2480 2479
f 515 2438 2437
f 428 2351 2350
f 591 2510 2511
f 587 2504 2505
f 588 2508 2507
f 594 2514 2513
f 597 2517 2516
f 600 2520 2519
f 634 2554 2556
f 619 2539 2540
f 639 2560 2561
f 602 2523 2521
f 624 2543 2544
f 608 2527 2529
f 610 2532 2530
f 627 2547 2546
f 630 2550 2549
f 635 2552 2553
f 615 2535 2534
f 617 2538 2536
f 637 2558 2557
f 604 2524 2525
f 167 1607 647
f 164 1603 644
f 163 1604 643
f 165 1610 645
f 166 1613 646
f 169 1622 649
f 192 1686 672
f 222 1773 702
f 216 1761 696
f 199 1712 679
f 182 1652 662
f 179 1648 659
f 178 1649 658
f 180 1655 660
f 181 1658 661
f 186 1670 666
f 174 1637 654
f 193 1694 673
f 205 1731 685
f 212 1739 692
f 221 1768 701
f 189 1678 669
f 170 1619 650
f 202 1709 682
f 217 1754 697
f 191 1682 671
f 220 1776 700
f 214 1758 694
f 200 1716 680
f 171 1625 651
f 210 1742 690
f 183 1663 663
f 175 1634 655
f 196 1697 676
f 207 1728 687
f 211 1746 691
f 187 1664 667
f 176 1640 656
f 195 1700 675
f 203 1724 683
f 188 1679 668
f 168 1618 648
f 198 1708 678
f 213 1753 693
f 218 1769 698
f 208 1738 688
f 185 1671 665
f 177 1643 657
f 197 1701 677
f 206 1723 686
f 184 1667 664
f 173 1633 653
f 194 1693 674
f 204 1727 684
f 209 1743 689
f 190 1685 670
f 219 1772 699
f 215 1757 695
f 201 1715 681
f 172 1628 652
f 357 2187 837
f 255 1881 735
f 262 1899 742
f 388 2277 868
f 400 2313 880
f 352 2169 832
f 347 2156 827
f 298 2010 778
f 364 2208 844
f 269 1917 749
f 339 2133 819
f 285 1971 765
f 293 1989 773
f 370 2223 850
f 396 2300 876
f 353 2174 833
f 346 2151 826
f 299 2007 779
f 365 2205 845
f 268 1920 748
f 249 1855 729
f 231 1801 711
f 226 1784 706
f 238 1820 718
f 244 1838 724
f 257 1874 737
f 359 2180 839
f 402 2310 882
f 390 2274 870
f 264 1896 744
f 327 2089 807
f 309 2035 789
f 282 1950 762
f 317 2054 797
f 322 2072 802
f 341 2126 821
f 286 1964 766
f 294 1986 774
f 372 2220 852
f 394 2291 874
f 358 2183 838
f 256 1877 736
f 261 1891 741
f 387 2269 867
f 399 2305 879
f 351 2161 831
f 348 2148 828
f 300 2004 780
f 366 2202 846
f 267 1909 747
f 340 2129 820
f 287 1967 767
f 291 1981 771
f 369 2215 849
f 395 2288 875
f 354 2166 834
f 345 2143 825
f 297 1999 777
f 363 2197 843
f 270 1914 750
f 234 1806 714
f 227 1787 707
f 239 1823 719
f 245 1841 725
f 252 1860 732
f 275 1931 755
f 334 2108 814
f 304 2018 784
f 377 2234 857
f 382 2255 862
f 312 2040 792
f 279 1945 759
f 316 2057 796
f 323 2075 803
f 330 2094 810
f 335 2111 815
f 305 2021 785
f 376 2237 856
f 383 2252 863
f 274 1928 754
f 232 1812 712
f 225 1791 705
f 237 1827 717
f 243 1845 723
f 250 1866 730
f 273 1935 753
f 336 2118 816
f 306 2028 786
f 378 2246 858
f 381 2259 861
f 311 2048 791
f 281 1953 761
f 315 2061 795
f 321 2079 801
f 328 2100 808
f 333 2115 813
f 303 2025 783
f 375 2241 855
f 384 2264 864
f 276 1938 756
f 229 1802 709
f 223 1783 703
f 235 1819 715
f 241 1837 721
f 247 1856 727
f 271 1927 751
f 332 2112 812
f 302 2022 782
f 374 2238 854
f 379 2251 859
f 307 2036 787
f 278 1949 758
f 313 2053 793
f 319 2071 799
f 325 2090 805
f 331 2107 811
f 301 2017 781
f 373 2233 853
f 380 2256 860
f 272 1932 752
f 248 1859 728
f 230 1805 710
f 224 1788 704
f 236 1824 716
f 242 1842 722
f 254 1878 734
f 356 2184 836
f 397 2306 877
f 385 2270 865
f 259 1892 739
f 326 2093 806
f 308 2039 788
f 277 1946 757
f 314 2058 794
f 320 2076 800
f 338 2130 818
f 284 1968 764
f 289 1982 769
f 367 2216 847
f 391 2287 871
f 355 2179 835
f 253 1873 733
f 260 1895 740
f 386 2273 866
f 398 2309 878
f 350 2165 830
f 343 2144 823
f 295 2000 775
f 361 2198 841
f 266 1913 746
f 337 2125 817
f 283 1963 763
f 290 1985 770
f 368 2219 848
f 392 2292 872
f 349 2162 829
f 344 2147 824
f 296 2003 776
f 362 2201 842
f 265 1910 745
f 251 1863 731
f 233 1809 713
f 228 1794 708
f 240 1830 720
f 246 1848 726
f 258 1886 738
f 360 2192 840
f 401 2318 881
f 389 2282 869
f 263 1904 743
f 329 2097 809
f 310 2043 790
f 280 1956 760
f 318 2066 798
f 324 2082 804
f 342 2138 822
f 288 1974 768
f 292 1992 772
f 371 2228 851
f 393 2295 873
f 409 2331 1269
f 405 2327 1245
f 411 2328 1252
f 414 2334 1288
f 417 2337 1306
f 431 2346 1336
f 488 2412 1551
f 575 2499 1473
f 563 2487 1599
f 519 2436 1354
f 454 2376 1479
f 450 2372 1401
f 456 2373 1408
f 459 2379 1492
f 462 2382 1504
f 472 2396 1533
f 446 2361 1414
f 506 2418 1444
f 535 2457 1594
f 541 2463 1383
f 570 2492 1323
f 480 2402 1275
f 421 2343 1263
f 511 2433 1299
f 556 2478 1317
f 484 2406 1341
f 580 2502 1564
f 567 2484 1462
f 522 2442 1588
f 427 2349 1347
f 544 2468 1521
f 468 2387 1420
f 436 2358 1395
f 499 2421 1497
f 530 2454 1515
f 548 2472 1557
f 466 2388 1425
f 442 2364 1431
f 505 2426 1570
f 536 2448 1372
f 491 2403 1282
f 423 2342 1258
f 513 2432 1294
f 564 2477 1312
f 581 2493 1330
f 549 2462 1378
f 477 2397 1540
f 445 2367 1449
f 503 2427 1575
f 525 2447 1365
f 474 2391 1486
f 438 2357 1390
f 495 2417 1437
f 532 2453 1510
f 552 2469 1528
f 490 2411 1546
f 577 2498 1468
f 559 2483 1455
f 517 2441 1581
f 430 2352 1359
f 590 2509 1272
f 584 2503 1248
f 585 2506 1253
f 592 2512 1289
f 595 2515 1307
f 598 2518 1337
f 636 2555 1554
f 621 2541 1476
f 642 2562 1602
f 601 2522 1355
f 623 2542 1482
f 611 2528 1404
f 609 2531 1409
f 625 2545 1493
f 628 2548 1505
f 632 2551 1536
f 613 2533 1415
f 616 2537 1445
f 638 2559 1595
f 606 2526 1386
f 407 1616 909
f 403 1608 891
f 404 1606 886
f 410 1612 898
f 413 1615 904
f 422 1624 922
f 486 1692 1060
f 573 1782 1240
f 561 1765 1204
f 512 1714 1102
f 452 1661 999
f 448 1653 981
f 449 1651 976
f 455 1657 988
f 458 1660 994
f 470 1675 1024
f 437 1639 952
f 494 1696 1066
f 531 1733 1138
f 539 1751 1179
f 568 1779 1233
f 478 1683 1041
f 419 1626 927
f 509 1721 1119
f 554 1766 1209
f 482 1689 1053
f 576 1778 1228
f 558 1760 1192
f 516 1718 1108
f 425 1629 933
f 542 1747 1167
f 463 1665 1005
f 434 1641 957
f 497 1704 1083
f 528 1737 1150
f 546 1750 1174
f 464 1676 1029
f 440 1644 963
f 500 1702 1077
f 524 1726 1126
f 479 1681 1036
f 418 1620 915
f 508 1710 1095
f 553 1755 1185
f 569 1771 1216
f 538 1740 1155
f 471 1673 1018
f 443 1647 970
f 501 1707 1090
f 523 1734 1143
f 467 1669 1012
f 433 1635 945
f 493 1698 1071
f 527 1729 1131
f 543 1745 1162
f 485 1687 1047
f 572 1774 1221
f 557 1762 1197
f 515 1720 1114
f 428 1632 940
f 591 2189 1284
f 587 1883 1260
f 588 1903 1296
f 594 2281 1314
f 597 2317 1332
f 600 2173 1380
f 634 2158 1542
f 619 2012 1451
f 639 2210 1577
f 602 1924 1367
f 624 2135 1488
f 608 1973 1392
f 610 1996 1439
f 627 2227 1512
f 630 2304 1530
f 635 2176 1548
f 615 2155 1470
f 617 2014 1457
f 637 2212 1583
f 604 1922 1361
f 416 1864 1270
f 408 1810 1246
f 406 1795 1251
f 412 1831 1287
f 415 1849 1305
f 424 1887 1335
f 492 2193 1552
f 582 2321 1474
f 565 2285 1600
f 514 1907 1353
f 461 2098 1480
f 453 2044 1402
f 451 1961 1407
f 457 2067 1491
f 460 2083 1503
f 475 2139 1534
f 439 1975 1413
f 496 1997 1443
f 533 2231 1593
f 551 2298 1384
f 579 2190 1324
f 483 1884 1276
f 426 1900 1264
f 521 2278 1300
f 566 2314 1318
f 489 2170 1342
f 578 2159 1563
f 560 2015 1461
f 518 2213 1587
f 429 1918 1348
f 547 2136 1522
f 465 1977 1419
f 441 1990 1396
f 504 2224 1498
f 537 2301 1516
f 550 2177 1558
f 476 2152 1426
f 444 2008 1432
f 502 2206 1569
f 526 1925 1371
f 481 1817 1281
f 420 1797 1257
f 510 1833 1293
f 555 1851 1311
f 571 1871 1329
f 540 1941 1377
f 473 2119 1539
f 447 2029 1450
f 507 2247 1576
f 534 2262 1366
f 469 2051 1485
f 435 1954 1389
f 498 2064 1438
f 529 2085 1509
f 545 2105 1527
f 487 2121 1545
f 574 2031 1467
f 562 2244 1456
f 520 2265 1582
f 432 1939 1360
f 589 1814 1271
f 583 1793 1247
f 586 1829 1254
f 593 1847 1290
f 596 1868 1308
f 599 1937 1338
f 633 2124 1553
f 620 2034 1475
f 640 2250 1601
f 603 2261 1356
f 622 2050 1481
f 607 1960 1403
f 612 2063 1410
f 626 2081 1494
f 629 2102 1506
f 631 2117 1535
f 614 2027 1416
f 618 2243 1446
f 641 2268 1596
f 605 1944 1385
f 409 1804 894
f 405 1785 887
f 411 1821 899
f 414 1839 905
f 417 1858 912
f 431 1929 941
f 488 2114 1050
f 575 2024 1224
f 563 2240 1200
f 519 2253 1115
f 454 2038 984
f 450 1951 977
f 456 2055 989
f 459 2073 995
f 462 2092 1002
f 472 2109 1019
f 446 2019 971
f 506 2235 1091
f 535 2258 1146
f 541 1934 1158
f 570 1861 1217
f 480 1807 1037
f 421 1790 918
f 511 1826 1098
f 556 1844 1188
f 484 1880 1044
f 580 2186 1236
f 567 2308 1212
f 522 2272 1122
f 427 1894 930
f 544 2095 1163
f 468 2041 1013
f 436 1948 948
f 499 2060 1074
f 530 2078 1134
f 548 2132 1170
f 466 1970 1008
f 442 1984 960
f 505 2218 1086
f 536 2289 1151
f 491 2181 1061
f 423 1875 923
f 513 1897 1103
f 564 2275 1205
f 581 2311 1241
f 549 2167 1175
f 477 2146 1032
f 445 2002 966
f 503 2200 1080
f 525 1915 1127
f 474 2127 1025
f 438 1965 953
f 495 1987 1067
f 532 2221 1139
f 552 2294 1182
f 490 2164 1056
f 577 2149 1229
f 559 2005 1193
f 517 2203 1109
f 430 1912 936
f 590 1870 1325
f 584 1816 1277
f 585 1800 1265
f 592 1836 1301
f 595 1854 1319
f 598 1890 1343
f 636 2196 1566
f 621 2320 1464
f 642 2284 1590
f 601 1906 1349
f 623 2104 1523
f 611 2047 1422
f 609 1958 1397
f 625 2070 1499
f 628 2088 1517
f 632 2142 1559
f 613 1980 1427
f 616 1994 1433
f 638 2230 1572
f 606 2297 1374
f 407 2329 892
f 403 2323 885
f 404 2326 897
f 410 2333 903
f 413 2336 910
f 422 2345 939
f 486 2409 1048
f 573 2496 1222
f 561 2485 1198
f 512 2435 1113
f 452 2374 982
f 448 2368 975
f 449 2371 987
f 455 2378 993
f 458 2381 1000
f 470 2392 1017
f 437 2360 969
f 494 2416 1089
f 531 2456 1144
f 539 2460 1156
f 568 2488 1215
f 478 2398 1035
f 419 2340 916
f 509 2430 1096
f 554 2475 1186
f 482 2404 1042
f 576 2501 1234
f 558 2482 1210
f 516 2440 1120
f 425 2347 928
f 542 2464 1161
f 463 2384 1011
f 434 2355 946
f 497 2419 1072
f 528 2451 1132
f 546 2470 1168
f 464 2385 1006
f 440 2362 958
f 500 2423 1084
f 524 2446 1149
f 479 2401 1059
f 418 2339 921
f 508 2429 1101
f 553 2474 1203
f 569 2491 1239
f 538 2459 1173
f 471 2395 1030
f 443 2365 964
f 501 2424 1078
f 523 2443 1125
f 467 2390 1023
f 433 2354 951
f 493 2413 1065
f 527 2450 1137
f 543 2467 1180
f 485 2408 1054
f 572 2495 1227
f 557 2479 1191
f 515 2437 1107
f 428 2350 934
f 591 2511 1326
f 587 2505 1278
f 588 2507 1266
f 594 2513 1302
f 597 2516 1320
f 600 2519 1344
f 634 2556 1565
f 619 2540 1463
f 639 2561 1589
f 602 2521 1350
f 624 2544 1524
f 608 2529 1421
f 610 2530 1398
f 627 2546 1500
f 630 2549 1518
f 635 2553 1560
f 615 2534 1428
f 617 2536 1434
f 637 2557 1571
f 604 2525 1373
f 164 1609 889
f 163 1605 883
f 165 1611 895
f 166 1614 901
f 167 1617 907
f 172 1631 937
f 190 1688 1045
f 219 1775 1219
f 215 1763 1195
f 201 1719 1111
f 179 1654 979
f 178 1650 973
f 180 1656 985
f 181 1659 991
f 182 1662 997
f 185 1672 1015
f 177 1646 967
f 197 1706 1087
f 206 1735 1141
f 208 1741 1153
f 218 1770 1213
f 188 1680 1033
f 168 1621 913
f 198 1711 1093
f 213 1756 1183
f 189 1684 1039
f 221 1780 1231
f 217 1767 1207
f 202 1722 1117
f 170 1627 925
f 209 1744 1159
f 184 1668 1009
f 173 1636 943
f 194 1699 1069
f 204 1730 1129
f 210 1748 1165
f 183 1666 1003
f 175 1642 955
f 196 1705 1081
f 207 1736 1147
f 192 1691 1057
f 169 1623 919
f 199 1713 1099
f 216 1764 1201
f 222 1781 1237
f 211 1749 1171
f 187 1677 1027
f 176 1645 961
f 195 1703 1075
f 203 1725 1123
f 186 1674 1021
f 174 1638 949
f 193 1695 1063
f 205 1732 1135
f 212 1752 1177
f 191 1690 1051
f 220 1777 1225
f 214 1759 1189
f 200 1717 1105
f 171 1630 931
f 358 2191 1322
f 256 1885 1274
f 261 1901 1262
f 387 2279 1298
f 399 2315 1316
f 351 2171 1340
f 348 2160 1561
f 300 2016 1459
f 366 2214 1585
f 267 1919 1346
f 340 2137 1520
f 287 1978 1417
f 291 1991 1394
f 369 2225 1496
f 395 2302 1514
f 354 2178 1556
f 345 2153 1424
f 297 2009 1430
f 363 2207 1567
f 270 1926 1369
f 247 1857 908
f 229 1803 890
f 223 1786 884
f 235 1822 896
f 241 1840 902
f 253 1876 920
f 355 2182 1058
f 398 2312 1238
f 386 2276 1202
f 260 1898 1100
f 325 2091 998
f 307 2037 980
f 278 1952 974
f 313 2056 986
f 319 2074 992
f 337 2128 1022
f 283 1966 950
f 290 1988 1064
f 368 2222 1136
f 392 2293 1178
f 356 2185 1232
f 254 1879 1040
f 259 1893 926
f 385 2271 1118
f 397 2307 1208
f 349 2163 1052
f 344 2150 1226
f 296 2006 1190
f 362 2204 1106
f 265 1911 932
f 338 2131 1166
f 284 1969 1004
f 289 1983 956
f 367 2217 1082
f 391 2290 1148
f 350 2168 1172
f 343 2145 1028
f 295 2001 962
f 361 2199 1076
f 266 1916 1124
f 230 1808 1034
f 224 1789 914
f 236 1825 1094
f 242 1843 1184
f 248 1862 1214
f 272 1933 1154
f 331 2110 1016
f 301 2020 968
f 373 2236 1088
f 380 2257 1142
f 308 2042 1010
f 277 1947 944
f 314 2059 1070
f 320 2077 1130
f 326 2096 1160
f 332 2113 1046
f 302 2023 1220
f 374 2239 1196
f 379 2254 1112
f 271 1930 938
f 234 1818 1279
f 227 1798 1255
f 239 1834 1291
f 245 1852 1309
f 252 1872 1327
f 275 1942 1375
f 334 2120 1537
f 304 2030 1448
f 377 2248 1574
f 382 2263 1364
f 312 2052 1483
f 279 1955 1387
f 316 2065 1436
f 323 2086 1507
f 330 2106 1525
f 335 2122 1543
f 305 2032 1465
f 376 2245 1454
f 383 2266 1580
f 274 1940 1358
f 232 1813 1267
f 225 1792 1243
f 237 1828 1250
f 243 1846 1286
f 250 1867 1304
f 273 1936 1334
f 336 2123 1549
f 306 2033 1471
f 378 2249 1597
f 381 2260 1352
f 311 2049 1477
f 281 1959 1399
f 315 2062 1406
f 321 2080 1490
f 328 2101 1502
f 333 2116 1531
f 303 2026 1412
f 375 2242 1442
f 384 2267 1592
f 276 1943 1381
f 251 1869 1321
f 233 1815 1273
f 228 1799 1261
f 240 1835 1297
f 246 1853 1315
f 258 1889 1339
f 360 2195 1562
f 401 2319 1460
f 389 2283 1586
f 263 1905 1345
f 329 2103 1519
f 310 2046 1418
f 280 1957 1393
f 318 2069 1495
f 324 2087 1513
f 342 2141 1555
f 288 1979 1423
f 292 1993 1429
f 371 2229 1568
f 393 2296 1370
f 357 2188 1280
f 255 1882 1256
f 262 1902 1292
f 388 2280 1310
f 400 2316 1328
f 352 2172 1376
f 347 2157 1538
f 298 2011 1447
f 364 2209 1573
f 269 1923 1363
f 339 2134 1484
f 285 1972 1388
f 293 1995 1435
f 370 2226 1508
f 396 2303 1526
f 353 2175 1544
f 346 2154 1466
f 299 2013 1453
f 365 2211 1579
f 268 1921 1357
f 249 1865 1268
f 231 1811 1244
f 226 1796 1249
f 238 1832 1285
f 244 1850 1303
f 257 1888 1333
f 359 2194 1550
f 402 2322 1472
f 390 2286 1598
f 264 1908 1351
f 327 2099 1478
f 309 2045 1400
f 282 1962 1405
f 317 2068 1489
f 322 2084 1501
f 341 2140 1532
f 286 1976 1411
f 294 1998 1441
f 372 2232 1591
f 394 2299 1382
f 416 2330 911
f 408 2324 893
f 406 2325 888
f 412 2332 900
f 415 2335 906
f 424 2344 924
f 492 2410 1062
f 582 2497 1242
f 565 2486 1206
f 514 2434 1104
f 461 2375 1001
f 453 2369 983
f 451 2370 978
f 457 2377 990
f 460 2380 996
f 475 2393 1026
f 439 2359 954
f 496 2415 1068
f 533 2455 1140
f 551 2461 1181
f 579 2489 1235
f 483 2399 1043
f 426 2341 929
f 521 2431 1121
f 566 2476 1211
f 489 2405 1055
f 578 2500 1230
f 560 2481 1194
f 518 2439 1110
f 429 2348 935
f 547 2465 1169
f 465 2383 1007
f 441 2356 959
f 504 2420 1085
f 537 2452 1152
f 550 2471 1176
f 476 2386 1031
f 444 2363 965
f 502 2422 1079
f 526 2445 1128
f 481 2400 1038
f 420 2338 917
f 510 2428 1097
f 555 2473 1187
f 571 2490 1218
f 540 2458 1157
f 473 2394 1020
f 447 2366 972
f 507 2425 1092
f 534 2444 1145
f 469 2389 1014
f 435 2353 947
f 498 2414 1073
f 529 2449 1133
f 545 2466 1164
f 487 2407 1049
f 574 2494 1223
f 562 2480 1199
f 520 2438 1116
f 432 2351 942
f 589 2510 1283
f 583 2504 1259
f 586 2508 1295
f 593 2514 1313
f 596 2517 1331
f 599 2520 1379
f 633 2554 1541
f 620 2539 1452
f 640 2560 1578
f 603 2523 1368
f 622 2543 1487
f 607 2527 1391
f 612 2532 1440
f 626 2547 1511
f 629 2550 1529
f 631 2552 1547
f 614 2535 1469
f 618 2538 1458
f 641 2558 1584
f 605 2524 1362
f 164 1607 1609
f 163 1603 1605
f 165 1604 1611
f 166 1610 1614
f 167 1613 1617
f 172 1622 1631
f 190 1686 1688
f 219 1773 1775
f 215 1761 1763
f 201 1712 1719
f 179 1652 1654
f 178 1648 1650
f 180 1649 1656
f 181 1655 1659
f 182 1658 1662
f 185 1670 1672
f 177 1637 1646
f 197 1694 1706
f 206 1731 1735
f 208 1739 1741
f 218 1768 1770
f 188 1678 1680
f 168 1619 1621
f 198 1709 1711
f 213 1754 1756
f 189 1682 1684
f 221 1776 1780
f 217 1758 1767
f 202 1716 1722
f 170 1625 1627
f 209 1742 1744
f 184 1663 1668
f 173 1634 1636
f 194 1697 1699
f 204 1728 1730
f 210 1746 1748
f 183 1664 1666
f 175 1640 1642
f 196 1700 1705
f 207 1724 1736
f 192 1679 1691
f 169 1618 1623
f 199 1708 1713
f 216 1753 1764
f 222 1769 1781
f 211 1738 1749
f 187 1671 1677
f 176 1643 1645
f 195 1701 1703
f 203 1723 1725
f 186 1667 1674
f 174 1633 1638
f 193 1693 1695
f 205 1727 1732
f 212 1743 1752
f 191 1685 1690
f 220 1772 1777
f 214 1757 1759
f 200 1715 1717
f 171 1628 1630
f 358 2187 2191
f 256 1881 1885
f 261 1899 1901
f 387 2277 2279
f 399 2313 2315
f 351 2169 2171
f 348 2156 2160
f 300 2010 2016
f 366 2208 2214
f 267 1917 1919
f 340 2133 2137
f 287 1971 1978
f 291 1989 1991
f 369 2223 2225
f 395 2300 2302
f 354 2174 2178
f 345 2151 2153
f 297 2007 2009
f 363 2205 2207
f 270 1920 1926
f 247 1855 1857
f 229 1801 1803
f 223 1784 1786
f 235 1820 1822
f 241 1838 1840
f 253 1874 1876
f 355 2180 2182
f 398 2310 2312
f 386 2274 2276
f 260 1896 1898
f 325 2089 2091
f 307 2035 2037
f 278 1950 1952
f 313 2054 2056
f 319 2072 2074
f 337 2126 2128
f 283 1964 1966
f 290 1986 1988
f 368 2220 2222
f 392 2291 2293
f 356 2183 2185
f 254 1877 1879
f 259 1891 1893
f 385 2269 2271
f 397 2305 2307
f 349 2161 2163
f 344 2148 2150
f 296 2004 2006
f 362 2202 2204
f 265 1909 1911
f 338 2129 2131
f 284 1967 1969
f 289 1981 1983
f 367 2215 2217
f 391 2288 2290
f 350 2166 2168
f 343 2143 2145
f 295 1999 2001
f 361 2197 2199
f 266 1914 1916
f 230 1806 1808
f 224 1787 1789
f 236 1823 1825
f 242 1841 1843
f 248 1860 1862
f 272 1931 1933
f 331 2108 2110
f 301 2018 2020
f 373 2234 2236
f 380 2255 2257
f 308 2040 2042
f 277 1945 1947
f 314 2057 2059
f 320 2075 2077
f 326 2094 2096
f 332 2111 2113
f 302 2021 2023
f 374 2237 2239
f 379 2252 2254
f 271 1928 1930
f 234 1812 1818
f 227 1791 1798
f 239 1827 1834
f 245 1845 1852
f 252 1866 1872
f 275 1935 1942
f 334 2118 2120
f 304 2028 2030
f 377 2246 2248
f 382 2259 2263
f 312 2048 2052
f 279 1953 1955
f 316 2061 2065
f 323 2079 2086
f 330 2100 2106
f 335 2115 2122
f 305 2025 2032
f 376 2241 2245
f 383 2264 2266
f 274 1938 1940
f 232 1802 1813
f 225 1783 1792
f 237 1819 1828
f 243 1837 1846
f 250 1856 1867
f 273 1927 1936
f 336 2112 2123
f 306 2022 2033
f 378 2238 2249
f 381 2251 2260
f 311 2036 2049
f 281 1949 1959
f 315 2053 2062
f 321 2071 2080
f 328 2090 2101
f 333 2107 2116
f 303 2017 2026
f 375 2233 2242
f 384 2256 2267
f 276 1932 1943
f 251 1859 1869
f 233 1805 1815
f 228 1788 1799
f 240 1824 1835
f 246 1842 1853
f 258 1878 1889
f 360 2184 2195
f 401 2306 2319
f 389 2270 2283
f 263 1892 1905
f 329 2093 2103
f 310 2039 2046
f 280 1946 1957
f 318 2058 2069
f 324 2076 2087
f 342 2130 2141
f 288 1968 1979
f 292 1982 1993
f 371 2216 2229
f 393 2287 2296
f 357 2179 2188
f 255 1873 1882
f 262 1895 1902
f 388 2273 2280
f 400 2309 2316
f 352 2165 2172
f 347 2144 2157
f 298 2000 2011
f 364 2198 2209
f 269 1913 1923
f 339 2125 2134
f 285 1963 1972
f 293 1985 1995
f 370 2219 2226
f 396 2292 2303
f 353 2162 2175
f 346 2147 2154
f 299 2003 2013
f 365 2201 2211
f 268 1910 1921
f 249 1863 1865
f 231 1809 1811
f 226 1794 1796
f 238 1830 1832
f 244 1848 1850
f 257 1886 1888
f 359 2192 2194
f 402 2318 2322
f 390 2282 2286
f 264 1904 1908
f 327 2097 2099
f 309 2043 2045
f 282 1956 1962
f 317 2066 2068
f 322 2082 2084
f 341 2138 2140
f 286 1974 1976
f 294 1992 1998
f 372 2228 2232
f 394 2295 2299
f 416 2331 2330
f 408 2327 2324
f 406 2328 2325
f 412 2334 2332
f 415 2337 2335
f 424 2346 2344
f 492 2412 2410
f 582 2499 2497
f 565 2487 2486
f 514 2436 2434
f 461 2376 2375
f 453 2372 2369
f 451 2373 2370
f 457 2379 2377
f 460 2382 2380
f 475 2396 2393
f 439 2361 2359
f 496 2418 2415
f 533 2457 2455
f 551 2463 2461
f 579 2492 2489
f 483 2402 2399
f 426 2343 2341
f 521 2433 2431
f 566 2478 2476
f 489 2406 2405
f 578 2502 2500
f 560 2484 2481
f 518 2442 2439
f 429 2349 2348
f 547 2468 2465
f 465 2387 2383
f 441 2358 2356
f 504 2421 2420
f 537 2454 2452
f 550 2472 2471
f 476 2388 2386
f 444 2364 2363
f 502 2426 2422
f 526 2448 2445
f 481 2403 2400
f 420 2342 2338
f 510 2432 2428
f 555 2477 2473
f 571 2493 2490
f 540 2462 2458
f 473 2397 2394
f 447 2367 2366
f 507 2427 2425
f 534 2447 2444
f 469 2391 2389
f 435 2357 2353
f 498 2417 2414
f 529 2453 2449
f 545 2469 2466
f 487 2411 2407
f 574 2498 2494
f 562 2483 2480
f 520 2441 2438
f 432 2352 2351
f 589 2509 2510
f 583 2503 2504
f 586 2506 2508
f 593 2512 2514
f 596 2515 2517
f 599 2518 2520
f 633 2555 2554
f 620 2541 2539
f 640 2562 2560
f 603 2522 2523
f 622 2542 2543
f 607 2528 2527
f 612 2531 2532
f 626 2545 2547
f 629 2548 2550
f 631 2551 2552
f 614 2533 2535
f 618 2537 2538
f 641 2559 2558
f 605 2526 2524
f 164 644 1607
f 163 643 1603
f 165 645 1604
f 166 646 1610
f 167 647 1613
f 172 652 1622
f 190 670 1686
f 219 699 1773
f 215 695 1761
f 201 681 1712
f 179 659 1652
f 178 658 1648
f 180 660 1649
f 181 661 1655
f 182 662 1658
f 185 665 1670
f 177 657 1637
f 197 677 1694
f 206 686 1731
f 208 688 1739
f 218 698 1768
f 188 668 1678
f 168 648 1619
f 198 678 1709
f 213 693 1754
f 189 669 1682
f 221 701 1776
f 217 697 1758
f 202 682 1716
f 170 650 1625
f 209 689 1742
f 184 664 1663
f 173 653 1634
f 194 674 1697
f 204 684 1728
f 210 690 1746
f 183 663 1664
f 175 655 1640
f 196 676 1700
f 207 687 1724
f 192 672 1679
f 169 649 1618
f 199 679 1708
f 216 696 1753
f 222 702 1769
f 211 691 1738
f 187 667 1671
f 176 656 1643
f 195 675 1701
f 203 683 1723
f 186 666 1667
f 174 654 1633
f 193 673 1693
f 205 685 1727
f 212 692 1743
f 191 671 1685
f 220 700 1772
f 214 694 1757
f 200 680 1715
f 171 651 1628
f 358 838 2187
f 256 736 1881
f 261 741 1899
f 387 867 2277
f 399 879 2313
f 351 831 2169
f 348 828 2156
f 300 780 2010
f 366 846 2208
f 267 747 1917
f 340 820 2133
f 287 767 1971
f 291 771 1989
f 369 849 2223
f 395 875 2300
f 354 834 2174
f 345 825 2151
f 297 777 2007
f 363 843 2205
f 270 750 1920
f 247 727 1855
f 229 709 1801
f 223 703 1784
f 235 715 1820
f 241 721 1838
f 253 733 1874
f 355 835 2180
f 398 878 2310
f 386 866 2274
f 260 740 1896
f 325 805 2089
f 307 787 2035
f 278 758 1950
f 313 793 2054
f 319 799 2072
f 337 817 2126
f 283 763 1964
f 290 770 1986
f 368 848 2220
f 392 872 2291
f 356 836 2183
f 254 734 1877
f 259 739 1891
f 385 865 2269
f 397 877 2305
f 349 829 2161
f 344 824 2148
f 296 776 2004
f 362 842 2202
f 265 745 1909
f 338 818 2129
f 284 764 1967
f 289 769 1981
f 367 847 2215
f 391 871 2288
f 350 830 2166
f 343 823 2143
f 295 775 1999
f 361 841 2197
f 266 746 1914
f 230 710 1806
f 224 704 1787
f 236 716 1823
f 242 722 1841
f 248 728 1860
f 272 752 1931
f 331 811 2108
f 301 781 2018
f 373 853 2234
f 380 860 2255
f 308 788 2040
f 277 757 1945
f 314 794 2057
f 320 800 2075
f 326 806 2094
f 332 812 2111
f 302 782 2021
f 374 854 2237
f 379 859 2252
f 271 751 1928
f 234 714 1812
f 227 707 1791
f 239 719 1827
f 245 725 1845
f 252 732 1866
f 275 755 1935
f 334 814 2118
f 304 784 2028
f 377 857 2246
f 382 862 2259
f 312 792 2048
f 279 759 1953
f 316 796 2061
f 323 803 2079
f 330 810 2100
f 335 815 2115
f 305 785 2025
f 376 856 2241
f 383 863 2264
f 274 754 1938
f 232 712 1802
f 225 705 1783
f 237 717 1819
f 243 723 1837
f 250 730 1856
f 273 753 1927
f 336 816 2112
f 306 786 2022
f 378 858 2238
f 381 861 2251
f 311 791 2036
f 281 761 1949
f 315 795 2053
f 321 801 2071
f 328 808 2090
f 333 813 2107
f 303 783 2017
f 375 855 2233
f 384 864 2256
f 276 756 1932
f 251 731 1859
f 233 713 1805
f 228 708 1788
f 240 720 1824
f 246 726 1842
f 258 738 1878
f 360 840 2184
f 401 881 2306
f 389 869 2270
f 263 743 1892
f 329 809 2093
f 310 790 2039
f 280 760 1946
f 318 798 2058
f 324 804 2076
f 342 822 2130
f 288 768 1968
f 292 772 1982
f 371 851 2216
f 393 873 2287
f 357 837 2179
f 255 735 1873
f 262 742 1895
f 388 868 2273
f 400 880 2309
f 352 832 2165
f 347 827 2144
f 298 778 2000
f 364 844 2198
f 269 749 1913
f 339 819 2125
f 285 765 1963
f 293 773 1985
f 370 850 2219
f 396 876 2292
f 353 833 2162
f 346 826 2147
f 299 779 2003
f 365 845 2201
f 268 748 1910
f 249 729 1863
f 231 711 1809
f 226 706 1794
f 238 718 1830
f 244 724 1848
f 257 737 1886
f 359 839 2192
f 402 882 2318
f 390 870 2282
f 264 744 1904
f 327 807 2097
f 309 789 2043
f 282 762 1956
f 317 797 2066
f 322 802 2082
f 341 821 2138
f 286 766 1974
f 294 774 1992
f 372 852 2228
f 394 874 2295
f 416 1270 2331
f 408 1246 2327
f 406 1251 2328
f 412 1287 2334
f 415 1305 2337
f 424 1335 2346
f 492 1552 2412
f 582 1474 2499
f 565 1600 2487
f 514 1353 2436
f 461 1480 2376
f 453 1402 2372
f 451 1407 2373
f 457 1491 2379
f 460 1503 2382
f 475 1534 2396
f 439 1413 2361
f 496 1443 2418
f 533 1593 2457
f 551 1384 2463
f 579 1324 2492
f 483 1276 2402
f 426 1264 2343
f 521 1300 2433
f 566 1318 2478
f 489 1342 2406
f 578 1563 2502
f 560 1461 2484
f 518 1587 2442
f 429 1348 2349
f 547 1522 2468
f 465 1419 2387
f 441 1396 2358
f 504 1498 2421
f 537 1516 2454
f 550 1558 2472
f 476 1426 2388
f 444 1432 2364
f 502 1569 2426
f 526 1371 2448
f 481 1281 2403
f 420 1257 2342
f 510 1293 2432
f 555 1311 2477
f 571 1329 2493
f 540 1377 2462
f 473 1539 2397
f 447 1450 2367
f 507 1576 2427
f 534 1366 2447
f 469 1485 2391
f 435 1389 2357
f 498 1438 2417
f 529 1509 2453
f 545 1527 2469
f 487 1545 2411
f 574 1467 2498
f 562 1456 2483
f 520 1582 2441
f 432 1360 2352
f 589 1271 2509
f 583 1247 2503
f 586 1254 2506
f 593 1290 2512
f 596 1308 2515
f 599 1338 2518
f 633 1553 2555
f 620 1475 2541
f 640 1601 2562
f 603 1356 2522
f 622 1481 2542
f 607 1403 2528
f 612 1410 2531
f 626 1494 2545
f 629 1506 2548
f 631 1535 2551
f 614 1416 2533
f 618 1446 2537
f 641 1596 2559
f 605 1385 2526
f 167 907 1616
f 164 889 1608
f 163 883 1606
f 165 895 1612
f 166 901 1615
f 169 919 1624
f 192 1057 1692
f 222 1237 1782
f 216 1201 1765
f 199 1099 1714
f 182 997 1661
f 179 979 1653
f 178 973 1651
f 180 985 1657
f 181 991 1660
f 186 1021 1675
f 174 949 1639
f 193 1063 1696
f 205 1135 1733
f 212 1177 1751
f 221 1231 1779
f 189 1039 1683
f 170 925 1626
f 202 1117 1721
f 217 1207 1766
f 191 1051 1689
f 220 1225 1778
f 214 1189 1760
f 200 1105 1718
f 171 931 1629
f 210 1165 1747
f 183 1003 1665
f 175 955 1641
f 196 1081 1704
f 207 1147 1737
f 211 1171 1750
f 187 1027 1676
f 176 961 1644
f 195 1075 1702
f 203 1123 1726
f 188 1033 1681
f 168 913 1620
f 198 1093 1710
f 213 1183 1755
f 218 1213 1771
f 208 1153 1740
f 185 1015 1673
f 177 967 1647
f 197 1087 1707
f 206 1141 1734
f 184 1009 1669
f 173 943 1635
f 194 1069 1698
f 204 1129 1729
f 209 1159 1745
f 190 1045 1687
f 219 1219 1774
f 215 1195 1762
f 201 1111 1720
f 172 937 1632
f 357 1280 2189
f 255 1256 1883
f 262 1292 1903
f 388 1310 2281
f 400 1328 2317
f 352 1376 2173
f 347 1538 2158
f 298 1447 2012
f 364 1573 2210
f 269 1363 1924
f 339 1484 2135
f 285 1388 1973
f 293 1435 1996
f 370 1508 2227
f 396 1526 2304
f 353 1544 2176
f 346 1466 2155
f 299 1453 2014
f 365 1579 2212
f 268 1357 1922
f 249 1268 1864
f 231 1244 1810
f 226 1249 1795
f 238 1285 1831
f 244 1303 1849
f 257 1333 1887
f 359 1550 2193
f 402 1472 2321
f 390 1598 2285
f 264 1351 1907
f 327 1478 2098
f 309 1400 2044
f 282 1405 1961
f 317 1489 2067
f 322 1501 2083
f 341 1532 2139
f 286 1411 1975
f 294 1441 1997
f 372 1591 2231
f 394 1382 2298
f 358 1322 2190
f 256 1274 1884
f 261 1262 1900
f 387 1298 2278
f 399 1316 2314
f 351 1340 2170
f 348 1561 2159
f 300 1459 2015
f 366 1585 2213
f 267 1346 1918
f 340 1520 2136
f 287 1417 1977
f 291 1394 1990
f 369 1496 2224
f 395 1514 2301
f 354 1556 2177
f 345 1424 2152
f 297 1430 2008
f 363 1567 2206
f 270 1369 1925
f 234 1279 1817
f 227 1255 1797
f 239 1291 1833
f 245 1309 1851
f 252 1327 1871
f 275 1375 1941
f 334 1537 2119
f 304 1448 2029
f 377 1574 2247
f 382 1364 2262
f 312 1483 2051
f 279 1387 1954
f 316 1436 2064
f 323 1507 2085
f 330 1525 2105
f 335 1543 2121
f 305 1465 2031
f 376 1454 2244
f 383 1580 2265
f 274 1358 1939
f 232 1267 1814
f 225 1243 1793
f 237 1250 1829
f 243 1286 1847
f 250 1304 1868
f 273 1334 1937
f 336 1549 2124
f 306 1471 2034
f 378 1597 2250
f 381 1352 2261
f 311 1477 2050
f 281 1399 1960
f 315 1406 2063
f 321 1490 2081
f 328 1502 2102
f 333 1531 2117
f 303 1412 2027
f 375 1442 2243
f 384 1592 2268
f 276 1381 1944
f 229 890 1804
f 223 884 1785
f 235 896 1821
f 241 902 1839
f 247 908 1858
f 271 938 1929
f 332 1046 2114
f 302 1220 2024
f 374 1196 2240
f 379 1112 2253
f 307 980 2038
f 278 974 1951
f 313 986 2055
f 319 992 2073
f 325 998 2092
f 331 1016 2109
f 301 968 2019
f 373 1088 2235
f 380 1142 2258
f 272 1154 1934
f 248 1214 1861
f 230 1034 1807
f 224 914 1790
f 236 1094 1826
f 242 1184 1844
f 254 1040 1880
f 356 1232 2186
f 397 1208 2308
f 385 1118 2272
f 259 926 1894
f 326 1160 2095
f 308 1010 2041
f 277 944 1948
f 314 1070 2060
f 320 1130 2078
f 338 1166 2132
f 284 1004 1970
f 289 956 1984
f 367 1082 2218
f 391 1148 2289
f 355 1058 2181
f 253 920 1875
f 260 1100 1897
f 386 1202 2275
f 398 1238 2311
f 350 1172 2167
f 343 1028 2146
f 295 962 2002
f 361 1076 2200
f 266 1124 1915
f 337 1022 2127
f 283 950 1965
f 290 1064 1987
f 368 1136 2221
f 392 1178 2294
f 349 1052 2164
f 344 1226 2149
f 296 1190 2005
f 362 1106 2203
f 265 932 1912
f 251 1321 1870
f 233 1273 1816
f 228 1261 1800
f 240 1297 1836
f 246 1315 1854
f 258 1339 1890
f 360 1562 2196
f 401 1460 2320
f 389 1586 2284
f 263 1345 1906
f 329 1519 2104
f 310 1418 2047
f 280 1393 1958
f 318 1495 2070
f 324 1513 2088
f 342 1555 2142
f 288 1423 1980
f 292 1429 1994
f 371 1568 2230
f 393 1370 2297
f 409 894 2329
f 405 887 2323
f 411 899 2326
f 414 905 2333
f 417 912 2336
f 431 941 2345
f 488 1050 2409
f 575 1224 2496
f 563 1200 2485
f 519 1115 2435
f 454 984 2374
f 450 977 2368
f 456 989 2371
f 459 995 2378
f 462 1002 2381
f 472 1019 2392
f 446 971 2360
f 506 1091 2416
f 535 1146 2456
f 541 1158 2460
f 570 1217 2488
f 480 1037 2398
f 421 918 2340
f 511 1098 2430
f 556 1188 2475
f 484 1044 2404
f 580 1236 2501
f 567 1212 2482
f 522 1122 2440
f 427 930 2347
f 544 1163 2464
f 468 1013 2384
f 436 948 2355
f 499 1074 2419
f 530 1134 2451
f 548 1170 2470
f 466 1008 2385
f 442 960 2362
f 505 1086 2423
f 536 1151 2446
f 491 1061 2401
f 423 923 2339
f 513 1103 2429
f 564 1205 2474
f 581 1241 2491
f 549 1175 2459
f 477 1032 2395
f 445 966 2365
f 503 1080 2424
f 525 1127 2443
f 474 1025 2390
f 438 953 2354
f 495 1067 2413
f 532 1139 2450
f 552 1182 2467
f 490 1056 2408
f 577 1229 2495
f 559 1193 2479
f 517 1109 2437
f 430 936 2350
f 590 1325 2511
f 584 1277 2505
f 585 1265 2507
f 592 1301 2513
f 595 1319 2516
f 598 1343 2519
f 636 1566 2556
f 621 1464 2540
f 642 1590 2561
f 601 1349 2521
f 623 1523 2544
f 611 1422 2529
f 609 1397 2530
f 625 1499 2546
f 628 1517 2549
f 632 1559 2553
f 613 1427 2534
f 616 1433 2536
f 638 1572 2557
f 606 1374 2525
f 407 892 1609
f 403 885 1605
f 404 897 1611
f 410 903 1614
f 413 910 1617
f 422 939 1631
f 486 1048 1688
f 573 1222 1775
f 561 1198 1763
f 512 1113 1719
f 452 982 1654
f 448 975 1650
f 449 987 1656
f 455 993 1659
f 458 1000 1662
f 470 1017 1672
f 437 969 1646
f 494 1089 1706
f 531 1144 1735
f 539 1156 1741
f 568 1215 1770
f 478 1035 1680
f 419 916 1621
f 509 1096 1711
f 554 1186 1756
f 482 1042 1684
f 576 1234 1780
f 558 1210 1767
f 516 1120 1722
f 425 928 1627
f 542 1161 1744
f 463 1011 1668
f 434 946 1636
f 497 1072 1699
f 528 1132 1730
f 546 1168 1748
f 464 1006 1666
f 440 958 1642
f 500 1084 1705
f 524 1149 1736
f 479 1059 1691
f 418 921 1623
f 508 1101 1713
f 553 1203 1764
f 569 1239 1781
f 538 1173 1749
f 471 1030 1677
f 443 964 1645
f 501 1078 1703
f 523 1125 1725
f 467 1023 1674
f 433 951 1638
f 493 1065 1695
f 527 1137 1732
f 543 1180 1752
f 485 1054 1690
f 572 1227 1777
f 557 1191 1759
f 515 1107 1717
f 428 934 1630
f 591 1326 2191
f 587 1278 1885
f 588 1266 1901
f 594 1302 2279
f 597 1320 2315
f 600 1344 2171
f 634 1565 2160
f 619 1463 2016
f 639 1589 2214
f 602 1350 1919
f 624 1524 2137
f 608 1421 1978
f 610 1398 1991
f 627 1500 2225
f 630 1518 2302
f 635 1560 2178
f 615 1428 2153
f 617 1434 2009
f 637 1571 2207
f 604 1373 1926
f 416 911 1857
f 408 893 1803
f 406 888 1786
f 412 900 1822
f 415 906 1840
f 424 924 1876
f 492 1062 2182
f 582 1242 2312
f 565 1206 2276
f 514 1104 1898
f 461 1001 2091
f 453 983 2037
f 451 978 1952
f 457 990 2056
f 460 996 2074
f 475 1026 2128
f 439 954 1966
f 496 1068 1988
f 533 1140 2222
f 551 1181 2293
f 579 1235 2185
f 483 1043 1879
f 426 929 1893
f 521 1121 2271
f 566 1211 2307
f 489 1055 2163
f 578 1230 2150
f 560 1194 2006
f 518 1110 2204
f 429 935 1911
f 547 1169 2131
f 465 1007 1969
f 441 959 1983
f 504 1085 2217
f 537 1152 2290
f 550 1176 2168
f 476 1031 2145
f 444 965 2001
f 502 1079 2199
f 526 1128 1916
f 481 1038 1808
f 420 917 1789
f 510 1097 1825
f 555 1187 1843
f 571 1218 1862
f 540 1157 1933
f 473 1020 2110
f 447 972 2020
f 507 1092 2236
f 534 1145 2257
f 469 1014 2042
f 435 947 1947
f 498 1073 2059
f 529 1133 2077
f 545 1164 2096
f 487 1049 2113
f 574 1223 2023
f 562 1199 2239
f 520 1116 2254
f 432 942 1930
f 589 1283 1818
f 583 1259 1798
f 586 1295 1834
f 593 1313 1852
f 596 1331 1872
f 599 1379 1942
f 633 1541 2120
f 620 1452 2030
f 640 1578 2248
f 603 1368 2263
f 622 1487 2052
f 607 1391 1955
f 612 1440 2065
f 626 1511 2086
f 629 1529 2106
f 631 1547 2122
f 614 1469 2032
f 618 1458 2245
f 641 1584 2266
f 605 1362 1940
f 409 1269 1813
f 405 1245 1792
f 411 1252 1828
f 414 1288 1846
f 417 1306 1867
f 431 1336 1936
f 488 1551 2123
f 575 1473 2033
f 563 1599 2249
f 519 1354 2260
f 454 1479 2049
f 450 1401 1959
f 456 1408 2062
f 459 1492 2080
f 462 1504 2101
f 472 1533 2116
f 446 1414 2026
f 506 1444 2242
f 535 1594 2267
f 541 1383 1943
f 570 1323 1869
f 480 1275 1815
f 421 1263 1799
f 511 1299 1835
f 556 1317 1853
f 484 1341 1889
f 580 1564 2195
f 567 1462 2319
f 522 1588 2283
f 427 1347 1905
f 544 1521 2103
f 468 1420 2046
f 436 1395 1957
f 499 1497 2069
f 530 1515 2087
f 548 1557 2141
f 466 1425 1979
f 442 1431 1993
f 505 1570 2229
f 536 1372 2296
f 491 1282 2188
f 423 1258 1882
f 513 1294 1902
f 564 1312 2280
f 581 1330 2316
f 549 1378 2172
f 477 1540 2157
f 445 1449 2011
f 503 1575 2209
f 525 1365 1923
f 474 1486 2134
f 438 1390 1972
f 495 1437 1995
f 532 1510 2226
f 552 1528 2303
f 490 1546 2175
f 577 1468 2154
f 559 1455 2013
f 517 1581 2211
f 430 1359 1921
f 590 1272 1865
f 584 1248 1811
f 585 1253 1796
f 592 1289 1832
f 595 1307 1850
f 598 1337 1888
f 636 1554 2194
f 621 1476 2322
f 642 1602 2286
f 601 1355 1908
f 623 1482 2099
f 611 1404 2045
f 609 1409 1962
f 625 1493 2068
f 628 1505 2084
f 632 1536 2140
f 613 1415 1976
f 616 1445 1998
f 638 1595 2232
f 606 1386 2299
f 407 909 2330
f 403 891 2324
f 404 886 2325
f 410 898 2332
f 413 904 2335
f 422 922 2344
f 486 1060 2410
f 573 1240 2497
f 561 1204 2486
f 512 1102 2434
f 452 999 2375
f 448 981 2369
f 449 976 2370
f 455 988 2377
f 458 994 2380
f 470 1024 2393
f 437 952 2359
f 494 1066 2415
f 531 1138 2455
f 539 1179 2461
f 568 1233 2489
f 478 1041 2399
f 419 927 2341
f 509 1119 2431
f 554 1209 2476
f 482 1053 2405
f 576 1228 2500
f 558 1192 2481
f 516 1108 2439
f 425 933 2348
f 542 1167 2465
f 463 1005 2383
f 434 957 2356
f 497 1083 2420
f 528 1150 2452
f 546 1174 2471
f 464 1029 2386
f 440 963 2363
f 500 1077 2422
f 524 1126 2445
f 479 1036 2400
f 418 915 2338
f 508 1095 2428
f 553 1185 2473
f 569 1216 2490
f 538 1155 2458
f 471 1018 2394
f 443 970 2366
f 501 1090 2425
f 523 1143 2444
f 467 1012 2389
f 433 945 2353
f 493 1071 2414
f 527 1131 2449
f 543 1162 2466
f 485 1047 2407
f 572 1221 2494
f 557 1197 2480
f 515 1114 2438
f 428 940 2351
f 591 1284 2510
f 587 1260 2504
f 588 1296 2508
f 594 1314 2514
f 597 1332 2517
f 600 1380 2520
f 634 1542 2554
f 619 1451 2539
f 639 1577 2560
f 602 1367 2523
f 624 1488 2543
f 608 1392 2527
f 610 1439 2532
f 627 1512 2547
f 630 1530 2550
f 635 1548 2552
f 615 1470 2535
f 617 1457 2538
f 637 1583 2558
f 604 1361 2524
f 167 1616 1607
f 164 1608 1603
f 163 1606 1604
f 165 1612 1610
f 166 1615 1613
f 169 1624 1622
f 192 1692 1686
f 222 1782 1773
f 216 1765 1761
f 199 1714 1712
f 182 1661 1652
f 179 1653 1648
f 178 1651 1649
f 180 1657 1655
f 181 1660 1658
f 186 1675 1670
f 174 1639 1637
f 193 1696 1694
f 205 1733 1731
f 212 1751 1739
f 221 1779 1768
f 189 1683 1678
f 170 1626 1619
f 202 1721 1709
f 217 1766 1754
f 191 1689 1682
f 220 1778 1776
f 214 1760 1758
f 200 1718 1716
f 171 1629 1625
f 210 1747 1742
f 183 1665 1663
f 175 1641 1634
f 196 1704 1697
f 207 1737 1728
f 211 1750 1746
f 187 1676 1664
f 176 1644 1640
f 195 1702 1700
f 203 1726 1724
f 188 1681 1679
f 168 1620 1618
f 198 1710 1708
f 213 1755 1753
f 218 1771 1769
f 208 1740 1738
f 185 1673 1671
f 177 1647 1643
f 197 1707 1701
f 206 1734 1723
f 184 1669 1667
f 173 1635 1633
f 194 1698 1693
f 204 1729 1727
f 209 1745 1743
f 190 1687 1685
f 219 1774 1772
f 215 1762 1757
f 201 1720 1715
f 172 1632 1628
f 357 2189 2187
f 255 1883 1881
f 262 1903 1899
f 388 2281 2277
f 400 2317 2313
f 352 2173 2169
f 347 2158 2156
f 298 2012 2010
f 364 2210 2208
f 269 1924 1917
f 339 2135 2133
f 285 1973 1971
f 293 1996 1989
f 370 2227 2223
f 396 2304 2300
f 353 2176 2174
f 346 2155 2151
f 299 2014 2007
f 365 2212 2205
f 268 1922 1920
f 249 1864 1855
f 231 1810 1801
f 226 1795 1784
f 238 1831 1820
f 244 1849 1838
f 257 1887 1874
f 359 2193 2180
f 402 2321 2310
f 390 2285 2274
f 264 1907 1896
f 327 2098 2089
f 309 2044 2035
f 282 1961 1950
f 317 2067 2054
f 322 2083 2072
f 341 2139 2126
f 286 1975 1964
f 294 1997 1986
f 372 2231 2220
f 394 2298 2291
f 358 2190 2183
f 256 1884 1877
f 261 1900 1891
f 387 2278 2269
f 399 2314 2305
f 351 2170 2161
f 348 2159 2148
f 300 2015 2004
f 366 2213 2202
f 267 1918 1909
f 340 2136 2129
f 287 1977 1967
f 291 1990 1981
f 369 2224 2215
f 395 2301 2288
f 354 2177 2166
f 345 2152 2143
f 297 2008 1999
f 363 2206 2197
f 270 1925 1914
f 234 1817 1806
f 227 1797 1787
f 239 1833 1823
f 245 1851 1841
f 252 1871 1860
f 275 1941 1931
f 334 2119 2108
f 304 2029 2018
f 377 2247 2234
f 382 2262 2255
f 312 2051 2040
f 279 1954 1945
f 316 2064 2057
f 323 2085 2075
f 330 2105 2094
f 335 2121 2111
f 305 2031 2021
f 376 2244 2237
f 383 2265 2252
f 274 1939 1928
f 232 1814 1812
f 225 1793 1791
f 237 1829 1827
f 243 1847 1845
f 250 1868 1866
f 273 1937 1935
f 336 2124 2118
f 306 2034 2028
f 378 2250 2246
f 381 2261 2259
f 311 2050 2048
f 281 1960 1953
f 315 2063 2061
f 321 2081 2079
f 328 2102 2100
f 333 2117 2115
f 303 2027 2025
f 375 2243 2241
f 384 2268 2264
f 276 1944 1938
f 229 1804 1802
f 223 1785 1783
f 235 1821 1819
f 241 1839 1837
f 247 1858 1856
f 271 1929 1927
f 332 2114 2112
f 302 2024 2022
f 374 2240 2238
f 379 2253 2251
f 307 2038 2036
f 278 1951 1949
f 313 2055 2053
f 319 2073 2071
f 325 2092 2090
f 331 2109 2107
f 301 2019 2017
f 373 2235 2233
f 380 2258 2256
f 272 1934 1932
f 248 1861 1859
f 230 1807 1805
f 224 1790 1788
f 236 1826 1824
f 242 1844 1842
f 254 1880 1878
f 356 2186 2184
f 397 2308 2306
f 385 2272 2270
f 259 1894 1892
f 326 2095 2093
f 308 2041 2039
f 277 1948 1946
f 314 2060 2058
f 320 2078 2076
f 338 2132 2130
f 284 1970 1968
f 289 1984 1982
f 367 2218 2216
f 391 2289 2287
f 355 2181 2179
f 253 1875 1873
f 260 1897 1895
f 386 2275 2273
f 398 2311 2309
f 350 2167 2165
f 343 2146 2144
f 295 2002 2000
f 361 2200 2198
f 266 1915 1913
f 337 2127 2125
f 283 1965 1963
f 290 1987 1985
f 368 2221 2219
f 392 2294 2292
f 349 2164 2162
f 344 2149 2147
f 296 2005 2003
f 362 2203 2201
f 265 1912 1910
f 251 1870 1863
f 233 1816 1809
f 228 1800 1794
f 240 1836 1830
f 246 1854 1848
f 258 1890 1886
f 360 2196 2192
f 401 2320 2318
f 389 2284 2282
f 263 1906 1904
f 329 2104 2097
f 310 2047 2043
f 280 1958 1956
f 318 2070 2066
f 324 2088 2082
f 342 2142 2138
f 288 1980 1974
f 292 1994 1992
f 371 2230 2228
f 393 2297 2295
f 409 2329 2331
f 405 2323 2327
f 411 2326 2328
f 414 2333 2334
f 417 2336 2337
f 431 2345 2346
f 488 2409 2412
f 575 2496 2499
f 563 2485 2487
f 519 2435 2436
f 454 2374 2376
f 450 2368 2372
f 456 2371 2373
f 459 2378 2379
f 462 2381 2382
f 472 2392 2396
f 446 2360 2361
f 506 2416 2418
f 535 2456 2457
f 541 2460 2463
f 570 2488 2492
f 480 2398 2402
f 421 2340 2343
f 511 2430 2433
f 556 2475 2478
f 484 2404 2406
f 580 2501 2502
f 567 2482 2484
f 522 2440 2442
f 427 2347 2349
f 544 2464 2468
f 468 2384 2387
f 436 2355 2358
f 499 2419 2421
f 530 2451 2454
f 548 2470 2472
f 466 2385 2388
f 442 2362 2364
f 505 2423 2426
f 536 2446 2448
f 491 2401 2403
f 423 2339 2342
f 513 2429 2432
f 564 2474 2477
f 581 2491 2493
f 549 2459 2462
f 477 2395 2397
f 445 2365 2367
f 503 2424 2427
f 525 2443 2447
f 474 2390 2391
f 438 2354 2357
f 495 2413 2417
f 532 2450 2453
f 552 2467 2469
f 490 2408 2411
f 577 2495 2498
f 559 2479 2483
f 517 2437 2441
f 430 2350 2352
f 590 2511 2509
f 584 2505 2503
f 585 2507 2506
f 592 2513 2512
f 595 2516 2515
f 598 2519 2518
f 636 2556 2555
f 621 2540 2541
f 642 2561 2562
f 601 2521 2522
f 623 2544 2542
f 611 2529 2528
f 609 2530 2531
f 625 2546 2545
f 628 2549 2548
f 632 2553 2551
f 613 2534 2533
f 616 2536 2537
f 638 2557 2559
f 606 2525 2526
f 1607 644 647
f 1603 643 644
f 1604 645 643
f 1610 646 645
f 1613 647 646
f 1622 652 649
f 1686 670 672
f 1773 699 702
f 1761 695 696
f 1712 681 679
f 1652 659 662
f 1648 658 659
f 1649 660 658
f 1655 661 660
f 1658 662 661
f 1670 665 666
f 1637 657 654
f 1694 677 673
f 1731 686 685
f 1739 688 692
f 1768 698 701
f 1678 668 669
f 1619 648 650
f 1709 678 682
f 1754 693 697
f 1682 669 671
f 1776 701 700
f 1758 697 694
f 1716 682 680
f 1625 650 651
f 1742 689 690
f 1663 664 663
f 1634 653 655
f 1697 674 676
f 1728 684 687
f 1746 690 691
f 1664 663 667
f 1640 655 656
f 1700 676 675
f 1724 687 683
f 1679 672 668
f 1618 649 648
f 1708 679 678
f 1753 696 693
f 1769 702 698
f 1738 691 688
f 1671 667 665
f 1643 656 657
f 1701 675 677
f 1723 683 686
f 1667 666 664
f 1633 654 653
f 1693 673 674
f 1727 685 684
f 1743 692 689
f 1685 671 670
f 1772 700 699
f 1757 694 695
f 1715 680 681
f 1628 651 652
f 2187 838 837
f 1881 736 735
f 1899 741 742
f 2277 867 868
f 2313 879 880
f 2169 831 832
f 2156 828 827
f 2010 780 778
f 2208 846 844
f 1917 747 749
f 2133 820 819
f 1971 767 765
f 1989 771 773
f 2223 849 850
f 2300 875 876
f 2174 834 833
f 2151 825 826
f 2007 777 779
f 2205 843 845
f 1920 750 748
f 1855 727 729
f 1801 709 711
f 1784 703 706
f 1820 715 718
f 1838 721 724
f 1874 733 737
f 2180 835 839
f 2310 878 882
f 2274 866 870
f 1896 740 744
f 2089 805 807
f 2035 787 789
f 1950 758 762
f 2054 793 797
f 2072 799 802
f 2126 817 821
f 1964 763 766
f 1986 770 774
f 2220 848 852
f 2291 872 874
f 2183 836 838
f 1877 734 736
f 1891 739 741
f 2269 865 867
f 2305 877 879
f 2161 829 831
f 2148 824 828
f 2004 776 780
f 2202 842 846
f 1909 745 747
f 2129 818 820
f 1967 764 767
f 1981 769 771
f 2215 847 849
f 2288 871 875
f 2166 830 834
f 2143 823 825
f 1999 775 777
f 2197 841 843
f 1914 746 750
f 1806 710 714
f 1787 704 707
f 1823 716 719
f 1841 722 725
f 1860 728 732
f 1931 752 755
f 2108 811 814
f 2018 781 784
f 2234 853 857
f 2255 860 862
f 2040 788 792
f 1945 757 759
f 2057 794 796
f 2075 800 803
f 2094 806 810
f 2111 812 815
f 2021 782 785
f 2237 854 856
f 2252 859 863
f 1928 751 754
f 1812 714 712
f 1791 707 705
f 1827 719 717
f 1845 725 723
f 1866 732 730
f 1935 755 753
f 2118 814 816
f 2028 784 786
f 2246 857 858
f 2259 862 861
f 2048 792 791
f 1953 759 761
f 2061 796 795
f 2079 803 801
f 2100 810 808
f 2115 815 813
f 2025 785 783
f 2241 856 855
f 2264 863 864
f 1938 754 756
f 1802 712 709
f 1783 705 703
f 1819 717 715
f 1837 723 721
f 1856 730 727
f 1927 753 751
f 2112 816 812
f 2022 786 782
f 2238 858 854
f 2251 861 859
f 2036 791 787
f 1949 761 758
f 2053 795 793
f 2071 801 799
f 2090 808 805
f 2107 813 811
f 2017 783 781
f 2233 855 853
f 2256 864 860
f 1932 756 752
f 1859 731 728
f 1805 713 710
f 1788 708 704
f 1824 720 716
f 1842 726 722
f 1878 738 734
f 2184 840 836
f 2306 881 877
f 2270 869 865
f 1892 743 739
f 2093 809 806
f 2039 790 788
f 1946 760 757
f 2058 798 794
f 2076 804 800
f 2130 822 818
f 1968 768 764
f 1982 772 769
f 2216 851 847
f 2287 873 871
f 2179 837 835
f 1873 735 733
f 1895 742 740
f 2273 868 866
f 2309 880 878
f 2165 832 830
f 2144 827 823
f 2000 778 775
f 2198 844 841
f 1913 749 746
f 2125 819 817
f 1963 765 763
f 1985 773 770
f 2219 850 848
f 2292 876 872
f 2162 833 829
f 2147 826 824
f 2003 779 776
f 2201 845 842
f 1910 748 745
f 1863 729 731
f 1809 711 713
f 1794 706 708
f 1830 718 720
f 1848 724 726
f 1886 737 738
f 2192 839 840
f 2318 882 881
f 2282 870 869
f 1904 744 743
f 2097 807 809
f 2043 789 790
f 1956 762 760
f 2066 797 798
f 2082 802 804
f 2138 821 822
f 1974 766 768
f 1992 774 772
f 2228 852 851
f 2295 874 873
f 2331 1270 1269
f 2327 1246 1245
f 2328 1251 1252
f 2334 1287 1288
f 2337 1305 1306
f 2346 1335 1336
f 2412 1552 1551
f 2499 1474 1473
f 2487 1600 1599
f 2436 1353 1354
f 2376 1480 1479
f 2372 1402 1401
f 2373 1407 1408
f 2379 1491 1492
f 2382 1503 1504
f 2396 1534 1533
f 2361 1413 1414
f 2418 1443 1444
f 2457 1593 1594
f 2463 1384 1383
f 2492 1324 1323
f 2402 1276 1275
f 2343 1264 1263
f 2433 1300 1299
f 2478 1318 1317
f 2406 1342 1341
f 2502 1563 1564
f 2484 1461 1462
f 2442 1587 1588
f 2349 1348 1347
f 2468 1522 1521
f 2387 1419 1420
f 2358 1396 1395
f 2421 1498 1497
f 2454 1516 1515
f 2472 1558 1557
f 2388 1426 1425
f 2364 1432 1431
f 2426 1569 1570
f 2448 1371 1372
f 2403 1281 1282
f 2342 1257 1258
f 2432 1293 1294
f 2477 1311 1312
f 2493 1329 1330
f 2462 1377 1378
f 2397 1539 1540
f 2367 1450 1449
f 2427 1576 1575
f 2447 1366 1365
f 2391 1485 1486
f 2357 1389 1390
f 2417 1438 1437
f 2453 1509 1510
f 2469 1527 1528
f 2411 1545 1546
f 2498 1467 1468
f 2483 1456 1455
f 2441 1582 1581
f 2352 1360 1359
f 2509 1271 1272
f 2503 1247 1248
f 2506 1254 1253
f 2512 1290 1289
f 2515 1308 1307
f 2518 1338 1337
f 2555 1553 1554
f 2541 1475 1476
f 2562 1601 1602
f 2522 1356 1355
f 2542 1481 1482
f 2528 1403 1404
f 2531 1410 1409
f 2545 1494 1493
f 2548 1506 1505
f 2551 1535 1536
f 2533 1416 1415
f 2537 1446 1445
f 2559 1596 1595
f 2526 1385 1386
f 1616 907 909
f 1608 889 891
f 1606 883 886
f 1612 895 898
f 1615 901 904
f 1624 919 922
f 1692 1057 1060
f 1782 1237 1240
f 1765 1201 1204
f 1714 1099 1102
f 1661 997 999
f 1653 979 981
f 1651 973 976
f 1657 985 988
f 1660 991 994
f 1675 1021 1024
f 1639 949 952
f 1696 1063 1066
f 1733 1135 1138
f 1751 1177 1179
f 1779 1231 1233
f 1683 1039 1041
f 1626 925 927
f 1721 1117 1119
f 1766 1207 1209
f 1689 1051 1053
f 1778 1225 1228
f 1760 1189 1192
f 1718 1105 1108
f 1629 931 933
f 1747 1165 1167
f 1665 1003 1005
f 1641 955 957
f 1704 1081 1083
f 1737 1147 1150
f 1750 1171 1174
f 1676 1027 1029
f 1644 961 963
f 1702 1075 1077
f 1726 1123 1126
f 1681 1033 1036
f 1620 913 915
f 1710 1093 1095
f 1755 1183 1185
f 1771 1213 1216
f 1740 1153 1155
f 1673 1015 1018
f 1647 967 970
f 1707 1087 1090
f 1734 1141 1143
f 1669 1009 1012
f 1635 943 945
f 1698 1069 1071
f 1729 1129 1131
f 1745 1159 1162
f 1687 1045 1047
f 1774 1219 1221
f 1762 1195 1197
f 1720 1111 1114
f 1632 937 940
f 2189 1280 1284
f 1883 1256 1260
f 1903 1292 1296
f 2281 1310 1314
f 2317 1328 1332
f 2173 1376 1380
f 2158 1538 1542
f 2012 1447 1451
f 2210 1573 1577
f 1924 1363 1367
f 2135 1484 1488
f 1973 1388 1392
f 1996 1435 1439
f 2227 1508 1512
f 2304 1526 1530
f 2176 1544 1548
f 2155 1466 1470
f 2014 1453 1457
f 2212 1579 1583
f 1922 1357 1361
f 1864 1268 1270
f 1810 1244 1246
f 1795 1249 1251
f 1831 1285 1287
f 1849 1303 1305
f 1887 1333 1335
f 2193 1550 1552
f 2321 1472 1474
f 2285 1598 1600
f 1907 1351 1353
f 2098 1478 1480
f 2044 1400 1402
f 1961 1405 1407
f 2067 1489 1491
f 2083 1501 1503
f 2139 1532 1534
f 1975 1411 1413
f 1997 1441 1443
f 2231 1591 1593
f 2298 1382 1384
f 2190 1322 1324
f 1884 1274 1276
f 1900 1262 1264
f 2278 1298 1300
f 2314 1316 1318
f 2170 1340 1342
f 2159 1561 1563
f 2015 1459 1461
f 2213 1585 1587
f 1918 1346 1348
f 2136 1520 1522
f 1977 1417 1419
f 1990 1394 1396
f 2224 1496 1498
f 2301 1514 1516
f 2177 1556 1558
f 2152 1424 1426
f 2008 1430 1432
f 2206 1567 1569
f 1925 1369 1371
f 1817 1279 1281
f 1797 1255 1257
f 1833 1291 1293
f 1851 1309 1311
f 1871 1327 1329
f 1941 1375 1377
f 2119 1537 1539
f 2029 1448 1450
f 2247 1574 1576
f 2262 1364 1366
f 2051 1483 1485
f 1954 1387 1389
f 2064 1436 1438
f 2085 1507 1509
f 2105 1525 1527
f 2121 1543 1545
f 2031 1465 1467
f 2244 1454 1456
f 2265 1580 1582
f 1939 1358 1360
f 1814 1267 1271
f 1793 1243 1247
f 1829 1250 1254
f 1847 1286 1290
f 1868 1304 1308
f 1937 1334 1338
f 2124 1549 1553
f 2034 1471 1475
f 2250 1597 1601
f 2261 1352 1356
f 2050 1477 1481
f 1960 1399 1403
f 2063 1406 1410
f 2081 1490 1494
f 2102 1502 1506
f 2117 1531 1535
f 2027 1412 1416
f 2243 1442 1446
f 2268 1592 1596
f 1944 1381 1385
f 1804 890 894
f 1785 884 887
f 1821 896 899
f 1839 902 905
f 1858 908 912
f 1929 938 941
f 2114 1046 1050
f 2024 1220 1224
f 2240 1196 1200
f 2253 1112 1115
f 2038 980 984
f 1951 974 977
f 2055 986 989
f 2073 992 995
f 2092 998 1002
f 2109 1016 1019
f 2019 968 971
f 2235 1088 1091
f 2258 1142 1146
f 1934 1154 1158
f 1861 1214 1217
f 1807 1034 1037
f 1790 914 918
f 1826 1094 1098
f 1844 1184 1188
f 1880 1040 1044
f 2186 1232 1236
f 2308 1208 1212
f 2272 1118 1122
f 1894 926 930
f 2095 1160 1163
f 2041 1010 1013
f 1948 944 948
f 2060 1070 1074
f 2078 1130 1134
f 2132 1166 1170
f 1970 1004 1008
f 1984 956 960
f 2218 1082 1086
f 2289 1148 1151
f 2181 1058 1061
f 1875 920 923
f 1897 1100 1103
f 2275 1202 1205
f 2311 1238 1241
f 2167 1172 1175
f 2146 1028 1032
f 2002 962 966
f 2200 1076 1080
f 1915 1124 1127
f 2127 1022 1025
f 1965 950 953
f 1987 1064 1067
f 2221 1136 1139
f 2294 1178 1182
f 2164 1052 1056
f 2149 1226 1229
f 2005 1190 1193
f 2203 1106 1109
f 1912 932 936
f 1870 1321 1325
f 1816 1273 1277
f 1800 1261 1265
f 1836 1297 1301
f 1854 1315 1319
f 1890 1339 1343
f 2196 1562 1566
f 2320 1460 1464
f 2284 1586 1590
f 1906 1345 1349
f 2104 1519 1523
f 2047 1418 1422
f 1958 1393 1397
f 2070 1495 1499
f 2088 1513 1517
f 2142 1555 1559
f 1980 1423 1427
f 1994 1429 1433
f 2230 1568 1572
f 2297 1370 1374
f 2329 894 892
f 2323 887 885
f 2326 899 897
f 2333 905 903
f 2336 912 910
f 2345 941 939
f 2409 1050 1048
f 2496 1224 1222
f 2485 1200 1198
f 2435 1115 1113
f 2374 984 982
f 2368 977 975
f 2371 989 987
f 2378 995 993
f 2381 1002 1000
f 2392 1019 1017
f 2360 971 969
f 2416 1091 1089
f 2456 1146 1144
f 2460 1158 1156
f 2488 1217 1215
f 2398 1037 1035
f 2340 918 916
f 2430 1098 1096
f 2475 1188 1186
f 2404 1044 1042
f 2501 1236 1234
f 2482 1212 1210
f 2440 1122 1120
f 2347 930 928
f 2464 1163 1161
f 2384 1013 1011
f 2355 948 946
f 2419 1074 1072
f 2451 1134 1132
f 2470 1170 1168
f 2385 1008 1006
f 2362 960 958
f 2423 1086 1084
f 2446 1151 1149
f 2401 1061 1059
f 2339 923 921
f 2429 1103 1101
f 2474 1205 1203
f 2491 1241 1239
f 2459 1175 1173
f 2395 1032 1030
f 2365 966 964
f 2424 1080 1078
f 2443 1127 1125
f 2390 1025 1023
f 2354 953 951
f 2413 1067 1065
f 2450 1139 1137
f 2467 1182 1180
f 2408 1056 1054
f 2495 1229 1227
f 2479 1193 1191
f 2437 1109 1107
f 2350 936 934
f 2511 1325 1326
f 2505 1277 1278
f 2507 1265 1266
f 2513 1301 1302
f 2516 1319 1320
f 2519 1343 1344
f 2556 1566 1565
f 2540 1464 1463
f 2561 1590 1589
f 2521 1349 1350
f 2544 1523 1524
f 2529 1422 1421
f 2530 1397 1398
f 2546 1499 1500
f 2549 1517 1518
f 2553 1559 1560
f 2534 1427 1428
f 2536 1433 1434
f 2557 1572 1571
f 2525 1374 1373
f 1609 892 889
f 1605 885 883
f 1611 897 895
f 1614 903 901
f 1617 910 907
f 1631 939 937
f 1688 1048 1045
f 1775 1222 1219
f 1763 1198 1195
f 1719 1113 1111
f 1654 982 979
f 1650 975 973
f 1656 987 985
f 1659 993 991
f 1662 1000 997
f 1672 1017 1015
f 1646 969 967
f 1706 1089 1087
f 1735 1144 1141
f 1741 1156 1153
f 1770 1215 1213
f 1680 1035 1033
f 1621 916 913
f 1711 1096 1093
f 1756 1186 1183
f 1684 1042 1039
f 1780 1234 1231
f 1767 1210 1207
f 1722 1120 1117
f 1627 928 925
f 1744 1161 1159
f 1668 1011 1009
f 1636 946 943
f 1699 1072 1069
f 1730 1132 1129
f 1748 1168 1165
f 1666 1006 1003
f 1642 958 955
f 1705 1084 1081
f 1736 1149 1147
f 1691 1059 1057
f 1623 921 919
f 1713 1101 1099
f 1764 1203 1201
f 1781 1239 1237
f 1749 1173 1171
f 1677 1030 1027
f 1645 964 961
f 1703 1078 1075
f 1725 1125 1123
f 1674 1023 1021
f 1638 951 949
f 1695 1065 1063
f 1732 1137 1135
f 1752 1180 1177
f 1690 1054 1051
f 1777 1227 1225
f 1759 1191 1189
f 1717 1107 1105
f 1630 934 931
f 2191 1326 1322
f 1885 1278 1274
f 1901 1266 1262
f 2279 1302 1298
f 2315 1320 1316
f 2171 1344 1340
f 2160 1565 1561
f 2016 1463 1459
f 2214 1589 1585
f 1919 1350 1346
f 2137 1524 1520
f 1978 1421 1417
f 1991 1398 1394
f 2225 1500 1496
f 2302 1518 1514
f 2178 1560 1556
f 2153 1428 1424
f 2009 1434 1430
f 2207 1571 1567
f 1926 1373 1369
f 1857 911 908
f 1803 893 890
f 1786 888 884
f 1822 900 896
f 1840 906 902
f 1876 924 920
f 2182 1062 1058
f 2312 1242 1238
f 2276 1206 1202
f 1898 1104 1100
f 2091 1001 998
f 2037 983 980
f 1952 978 974
f 2056 990 986
f 2074 996 992
f 2128 1026 1022
f 1966 954 950
f 1988 1068 1064
f 2222 1140 1136
f 2293 1181 1178
f 2185 1235 1232
f 1879 1043 1040
f 1893 929 926
f 2271 1121 1118
f 2307 1211 1208
f 2163 1055 1052
f 2150 1230 1226
f 2006 1194 1190
f 2204 1110 1106
f 1911 935 932
f 2131 1169 1166
f 1969 1007 1004
f 1983 959 956
f 2217 1085 1082
f 2290 1152 1148
f 2168 1176 1172
f 2145 1031 1028
f 2001 965 962
f 2199 1079 1076
f 1916 1128 1124
f 1808 1038 1034
f 1789 917 914
f 1825 1097 1094
f 1843 1187 1184
f 1862 1218 1214
f 1933 1157 1154
f 2110 1020 1016
f 2020 972 968
f 2236 1092 1088
f 2257 1145 1142
f 2042 1014 1010
f 1947 947 944
f 2059 1073 1070
f 2077 1133 1130
f 2096 1164 1160
f 2113 1049 1046
f 2023 1223 1220
f 2239 1199 1196
f 2254 1116 1112
f 1930 942 938
f 1818 1283 1279
f 1798 1259 1255
f 1834 1295 1291
f 1852 1313 1309
f 1872 1331 1327
f 1942 1379 1375
f 2120 1541 1537
f 2030 1452 1448
f 2248 1578 1574
f 2263 1368 1364
f 2052 1487 1483
f 1955 1391 1387
f 2065 1440 1436
f 2086 1511 1507
f 2106 1529 1525
f 2122 1547 1543
f 2032 1469 1465
f 2245 1458 1454
f 2266 1584 1580
f 1940 1362 1358
f 1813 1269 1267
f 1792 1245 1243
f 1828 1252 1250
f 1846 1288 1286
f 1867 1306 1304
f 1936 1336 1334
f 2123 1551 1549
f 2033 1473 1471
f 2249 1599 1597
f 2260 1354 1352
f 2049 1479 1477
f 1959 1401 1399
f 2062 1408 1406
f 2080 1492 1490
f 2101 1504 1502
f 2116 1533 1531
f 2026 1414 1412
f 2242 1444 1442
f 2267 1594 1592
f 1943 1383 1381
f 1869 1323 1321
f 1815 1275 1273
f 1799 1263 1261
f 1835 1299 1297
f 1853 1317 1315
f 1889 1341 1339
f 2195 1564 1562
f 2319 1462 1460
f 2283 1588 1586
f 1905 1347 1345
f 2103 1521 1519
f 2046 1420 1418
f 1957 1395 1393
f 2069 1497 1495
f 2087 1515 1513
f 2141 1557 1555
f 1979 1425 1423
f 1993 1431 1429
f 2229 1570 1568
f 2296 1372 1370
f 2188 1282 1280
f 1882 1258 1256
f 1902 1294 1292
f 2280 1312 1310
f 2316 1330 1328
f 2172 1378 1376
f 2157 1540 1538
f 2011 1449 1447
f 2209 1575 1573
f 1923 1365 1363
f 2134 1486 1484
f 1972 1390 1388
f 1995 1437 1435
f 2226 1510 1508
f 2303 1528 1526
f 2175 1546 1544
f 2154 1468 1466
f 2013 1455 1453
f 2211 1581 1579
f 1921 1359 1357
f 1865 1272 1268
f 1811 1248 1244
f 1796 1253 1249
f 1832 1289 1285
f 1850 1307 1303
f 1888 1337 1333
f 2194 1554 1550
f 2322 1476 1472
f 2286 1602 1598
f 1908 1355 1351
f 2099 1482 1478
f 2045 1404 1400
f 1962 1409 1405
f 2068 1493 1489
f 2084 1505 1501
f 2140 1536 1532
f 1976 1415 1411
f 1998 1445 1441
f 2232 1595 1591
f 2299 1386 1382
f 2330 909 911
f 2324 891 893
f 2325 886 888
f 2332 898 900
f 2335 904 906
f 2344 922 924
f 2410 1060 1062
f 2497 1240 1242
f 2486 1204 1206
f 2434 1102 1104
f 2375 999 1001
f 2369 981 983
f 2370 976 978
f 2377 988 990
f 2380 994 996
f 2393 1024 1026
f 2359 952 954
f 2415 1066 1068
f 2455 1138 1140
f 2461 1179 1181
f 2489 1233 1235
f 2399 1041 1043
f 2341 927 929
f 2431 1119 1121
f 2476 1209 1211
f 2405 1053 1055
f 2500 1228 1230
f 2481 1192 1194
f 2439 1108 1110
f 2348 933 935
f 2465 1167 1169
f 2383 1005 1007
f 2356 957 959
f 2420 1083 1085
f 2452 1150 1152
f 2471 1174 1176
f 2386 1029 1031
f 2363 963 965
f 2422 1077 1079
f 2445 1126 1128
f 2400 1036 1038
f 2338 915 917
f 2428 1095 1097
f 2473 1185 1187
f 2490 1216 1218
f 2458 1155 1157
f 2394 1018 1020
f 2366 970 972
f 2425 1090 1092
f 2444 1143 1145
f 2389 1012 1014
f 2353 945 947
f 2414 1071 1073
f 2449 1131 1133
f 2466 1162 1164
f 2407 1047 1049
f 2494 1221 1223
f 2480 1197 1199
f 2438 1114 1116
f 2351 940 942
f 2510 1284 1283
f 2504 1260 1259
f 2508 1296 1295
f 2514 1314 1313
f 2517 1332 1331
f 2520 1380 1379
f 2554 1542 1541
f 2539 1451 1452
f 2560 1577 1578
f 2523 1367 1368
f 2543 1488 1487
f 2527 1392 1391
f 2532 1439 1440
f 2547 1512 1511
f 2550 1530 1529
f 2552 1548 1547
f 2535 1470 1469
f 2538 1457 1458
f 2558 1583 1584
f 2524 1361 1362
f 1607 1616 1609
f 1603 1608 1605
f 1604 1606 1611
f 1610 1612 1614
f 1613 1615 1617
f 1622 1624 1631
f 1686 1692 1688
f 1773 1782 1775
f 1761 1765 1763
f 1712 1714 1719
f 1652 1661 1654
f 1648 1653 1650
f 1649 1651 1656
f 1655 1657 1659
f 1658 1660 1662
f 1670 1675 1672
f 1637 1639 1646
f 1694 1696 1706
f 1731 1733 1735
f 1739 1751 1741
f 1768 1779 1770
f 1678 1683 1680
f 1619 1626 1621
f 1709 1721 1711
f 1754 1766 1756
f 1682 1689 1684
f 1776 1778 1780
f 1758 1760 1767
f 1716 1718 1722
f 1625 1629 1627
f 1742 1747 1744
f 1663 1665 1668
f 1634 1641 1636
f 1697 1704 1699
f 1728 1737 1730
f 1746 1750 1748
f 1664 1676 1666
f 1640 1644 1642
f 1700 1702 1705
f 1724 1726 1736
f 1679 1681 1691
f 1618 1620 1623
f 1708 1710 1713
f 1753 1755 1764
f 1769 1771 1781
f 1738 1740 1749
f 1671 1673 1677
f 1643 1647 1645
f 1701 1707 1703
f 1723 1734 1725
f 1667 1669 1674
f 1633 1635 1638
f 1693 1698 1695
f 1727 1729 1732
f 1743 1745 1752
f 1685 1687 1690
f 1772 1774 1777
f 1757 1762 1759
f 1715 1720 1717
f 1628 1632 1630
f 2187 2189 2191
f 1881 1883 1885
f 1899 1903 1901
f 2277 2281 2279
f 2313 2317 2315
f 2169 2173 2171
f 2156 2158 2160
f 2010 2012 2016
f 2208 2210 2214
f 1917 1924 1919
f 2133 2135 2137
f 1971 1973 1978
f 1989 1996 1991
f 2223 2227 2225
f 2300 2304 2302
f 2174 2176 2178
f 2151 2155 2153
f 2007 2014 2009
f 2205 2212 2207
f 1920 1922 1926
f 1855 1864 1857
f 1801 1810 1803
f 1784 1795 1786
f 1820 1831 1822
f 1838 1849 1840
f 1874 1887 1876
f 2180 2193 2182
f 2310 2321 2312
f 2274 2285 2276
f 1896 1907 1898
f 2089 2098 2091
f 2035 2044 2037
f 1950 1961 1952
f 2054 2067 2056
f 2072 2083 2074
f 2126 2139 2128
f 1964 1975 1966
f 1986 1997 1988
f 2220 2231 2222
f 2291 2298 2293
f 2183 2190 2185
f 1877 1884 1879
f 1891 1900 1893
f 2269 2278 2271
f 2305 2314 2307
f 2161 2170 2163
f 2148 2159 2150
f 2004 2015 2006
f 2202 2213 2204
f 1909 1918 1911
f 2129 2136 2131
f 1967 1977 1969
f 1981 1990 1983
f 2215 2224 2217
f 2288 2301 2290
f 2166 2177 2168
f 2143 2152 2145
f 1999 2008 2001
f 2197 2206 2199
f 1914 1925 1916
f 1806 1817 1808
f 1787 1797 1789
f 1823 1833 1825
f 1841 1851 1843
f 1860 1871 1862
f 1931 1941 1933
f 2108 2119 2110
f 2018 2029 2020
f 2234 2247 2236
f 2255 2262 2257
f 2040 2051 2042
f 1945 1954 1947
f 2057 2064 2059
f 2075 2085 2077
f 2094 2105 2096
f 2111 2121 2113
f 2021 2031 2023
f 2237 2244 2239
f 2252 2265 2254
f 1928 1939 1930
f 1812 1814 1818
f 1791 1793 1798
f 1827 1829 1834
f 1845 1847 1852
f 1866 1868 1872
f 1935 1937 1942
f 2118 2124 2120
f 2028 2034 2030
f 2246 2250 2248
f 2259 2261 2263
f 2048 2050 2052
f 1953 1960 1955
f 2061 2063 2065
f 2079 2081 2086
f 2100 2102 2106
f 2115 2117 2122
f 2025 2027 2032
f 2241 2243 2245
f 2264 2268 2266
f 1938 1944 1940
f 1802 1804 1813
f 1783 1785 1792
f 1819 1821 1828
f 1837 1839 1846
f 1856 1858 1867
f 1927 1929 1936
f 2112 2114 2123
f 2022 2024 2033
f 2238 2240 2249
f 2251 2253 2260
f 2036 2038 2049
f 1949 1951 1959
f 2053 2055 2062
f 2071 2073 2080
f 2090 2092 2101
f 2107 2109 2116
f 2017 2019 2026
f 2233 2235 2242
f 2256 2258 2267
f 1932 1934 1943
f 1859 1861 1869
f 1805 1807 1815
f 1788 1790 1799
f 1824 1826 1835
f 1842 1844 1853
f 1878 1880 1889
f 2184 2186 2195
f 2306 2308 2319
f 2270 2272 2283
f 1892 1894 1905
f 2093 2095 2103
f 2039 2041 2046
f 1946 1948 1957
f 2058 2060 2069
f 2076 2078 2087
f 2130 2132 2141
f 1968 1970 1979
f 1982 1984 1993
f 2216 2218 2229
f 2287 2289 2296
f 2179 2181 2188
f 1873 1875 1882
f 1895 1897 1902
f 2273 2275 2280
f 2309 2311 2316
f 2165 2167 2172
f 2144 2146 2157
f 2000 2002 2011
f 2198 2200 2209
f 1913 1915 1923
f 2125 2127 2134
f 1963 1965 1972
f 1985 1987 1995
f 2219 2221 2226
f 2292 2294 2303
f 2162 2164 2175
f 2147 2149 2154
f 2003 2005 2013
f 2201 2203 2211
f 1910 1912 1921
f 1863 1870 1865
f 1809 1816 1811
f 1794 1800 1796
f 1830 1836 1832
f 1848 1854 1850
f 1886 1890 1888
f 2192 2196 2194
f 2318 2320 2322
f 2282 2284 2286
f 1904 1906 1908
f 2097 2104 2099
f 2043 2047 2045
f 1956 1958 1962
f 2066 2070 2068
f 2082 2088 2084
f 2138 2142 2140
f 1974 1980 1976
f 1992 1994 1998
f 2228 2230 2232
f 2295 2297 2299
f 2331 2329 2330
f 2327 2323 2324
f 2328 2326 2325
f 2334 2333 2332
f 2337 2336 2335
f 2346 2345 2344
f 2412 2409 2410
f 2499 2496 2497
f 2487 2485 2486
f 2436 2435 2434
f 2376 2374 2375
f 2372 2368 2369
f 2373 2371 2370
f 2379 2378 2377
f 2382 2381 2380
f 2396 2392 2393
f 2361 2360 2359
f 2418 2416 2415
f 2457 2456 2455
f 2463 2460 2461
f 2492 2488 2489
f 2402 2398 2399
f 2343 2340 2341
f 2433 2430 2431
f 2478 2475 2476
f 2406 2404 2405
f 2502 2501 2500
f 2484 2482 2481
f 2442 2440 2439
f 2349 2347 2348
f 2468 2464 2465
f 2387 2384 2383
f 2358 2355 2356
f 2421 2419 2420
f 2454 2451 2452
f 2472 2470 2471
f 2388 2385 2386
f 2364 2362 2363
f 2426 2423 2422
f 2448 2446 2445
f 2403 2401 2400
f 2342 2339 2338
f 2432 2429 2428
f 2477 2474 2473
f 2493 2491 2490
f 2462 2459 2458
f 2397 2395 2394
f 2367 2365 2366
f 2427 2424 2425
f 2447 2443 2444
f 2391 2390 2389
f 2357 2354 2353
f 2417 2413 2414
f 2453 2450 2449
f 2469 2467 2466
f 2411 2408 2407
f 2498 2495 2494
f 2483 2479 2480
f 2441 2437 2438
f 2352 2350 2351
f 2509 2511 2510
f 2503 2505 2504
f 2506 2507 2508
f 2512 2513 2514
f 2515 2516 2517
f 2518 2519 2520
f 2555 2556 2554
f 2541 2540 2539
f 2562 2561 2560
f 2522 2521 2523
f 2542 2544 2543
f 2528 2529 2527
f 2531 2530 2532
f 2545 2546 2547
f 2548 2549 2550
f 2551 2553 2552
f 2533 2534 2535
f 2537 2536 2538
f 2559 2557 2558
f 2526 2525 2524