v -0.140217 0.379085 -0.172843
v 0.137547 0.381563 -0.171908
v -0.377105 -0.662114 -0.006019
v 0.374858 -0.662389 -0.005895
v -0.000575 -0.556580 0.853725
v -0.000458 0.134615 0.433361
v -0.001109 -0.200376 -0.483136
v -0.000321 0.533114 -0.851560
v 0.411980 0.069494 -0.285898
v 0.441045 -0.004005 0.266123
v -0.411712 0.072922 -0.291545
v -0.440158 -0.003881 0.265498
v -0.000346 0.588932 -0.231591
v -0.099914 0.219948 0.089444
v -0.247849 0.790000 -0.528132
v -0.314847 0.210385 -0.240986
v -0.356560 0.086476 0.118173
v 0.098876 0.219204 0.088872
v 0.247811 0.791014 -0.527369
v 0.313812 0.210442 -0.240524
v 0.353826 0.088886 0.115762
v -0.003874 -0.667435 0.011397
v -0.318221 -0.840914 0.557568
v -0.244331 -0.604643 -0.361829
v -0.420057 -0.224577 -0.147498
v -0.420611 -0.281788 0.222888
v 0.325845 -0.846137 0.562097
v 0.244787 -0.603138 -0.362708
v 0.422763 -0.225690 -0.144428
v 0.421387 -0.282665 0.223984
v 0.000027 0.024725 0.820327
v 0.380132 -0.269006 0.663198
v -0.380806 -0.268613 0.664543
v 0.272784 0.071730 0.447666
v -0.273171 0.071169 0.448541
v -0.002008 0.055135 -0.768017
v 0.224617 -0.039317 -0.392013
v -0.225428 -0.036150 -0.393721
v 0.377496 0.256549 -0.718258
v -0.376650 0.257324 -0.719445
v 0.483936 0.036949 0.018870
v -0.486467 0.038663 0.024215
v -0.082954 0.517284 -0.206724
v -0.112003 0.294287 -0.091972
v -0.190559 0.574144 -0.300242
v -0.214392 0.330317 -0.200625
v -0.224907 0.211990 -0.036675
v 0.081504 0.516053 -0.206697
v 0.107066 0.296002 -0.089566
v 0.189892 0.574072 -0.298399
v 0.214446 0.330151 -0.199861
v 0.221260 0.217212 -0.034743
v -0.230423 -0.789206 -0.008748
v -0.293359 -0.640708 0.232905
v -0.425821 -0.834379 -0.234101
v -0.442699 -0.494385 -0.092640
v -0.399263 -0.480028 0.124544
v 0.221955 -0.776608 -0.006219
v 0.292813 -0.641647 0.233214
v 0.426359 -0.834153 -0.233301
v 0.447402 -0.495139 -0.093473
v 0.400003 -0.481333 0.122735
v -0.184199 -0.806321 0.848177
v 0.187702 -0.811707 0.849800
v 0.000510 -0.280330 0.928655
v 0.247923 -0.464424 0.845656
v -0.245184 -0.463752 0.843370
v -0.059252 0.168870 0.302545
v 0.056906 0.158036 0.301119
v -0.000137 0.137026 0.593332
v 0.119038 0.133890 0.462041
v -0.119837 0.137734 0.462188
v -0.089296 -0.365155 -0.432183
v 0.089217 -0.366019 -0.432321
v -0.002096 -0.021641 -0.520602
v 0.107829 -0.132892 -0.459364
v -0.110046 -0.134029 -0.459213
v -0.162726 0.727483 -0.754047
v 0.163347 0.726243 -0.754575
v -0.001264 0.279166 -0.942147
v 0.240870 0.429198 -0.872671
v -0.241631 0.431409 -0.872896
v 0.415036 0.094453 -0.272213
v 0.376586 -0.003382 -0.189171
v 0.350396 0.026285 -0.357252
v 0.396853 0.113318 -0.461845
v 0.454149 0.053556 -0.136523
v 0.443517 0.030540 0.210900
v 0.424544 -0.090631 0.258343
v 0.405713 -0.097130 0.421003
v 0.389000 0.015704 0.363436
v 0.470409 0.021082 0.151143
v -0.412944 0.096385 -0.274884
v -0.374382 -0.000226 -0.194719
v -0.348766 0.027383 -0.363240
v -0.393928 0.117986 -0.464021
v -0.451407 0.054345 -0.139766
v -0.444603 0.030391 0.212058
v -0.422663 -0.092510 0.257667
v -0.407076 -0.098942 0.422171
v -0.389246 0.015162 0.362535
v -0.497979 0.023780 0.162398
v -0.022312 0.441211 -0.171881
v -0.092149 0.716147 -0.333651
v 0.021628 0.436402 -0.168507
v 0.091422 0.713374 -0.330213
v -0.227432 0.171199 0.124599
v 0.000621 0.247672 0.063761
v -0.191003 0.131620 0.302551
v -0.384049 0.572301 -0.396920
v 0.000199 0.855427 -0.563180
v -0.336639 0.549465 -0.648666
v -0.345204 0.120318 -0.040895
v -0.341553 0.291726 -0.465340
v -0.456575 0.062768 -0.075186
v -0.333122 0.074716 0.271118
v -0.471918 0.046553 0.084902
v 0.223918 0.170769 0.124527
v 0.190021 0.134989 0.298570
v 0.384480 0.570674 -0.396396
v 0.337858 0.552308 -0.652582
v 0.342421 0.123324 -0.039672
v 0.343358 0.292215 -0.466023
v 0.454052 0.060874 -0.074906
v 0.330197 0.075059 0.270747
v 0.467250 0.047378 0.082966
v -0.117084 -0.691851 0.303415
v -0.118641 -0.762383 -0.222075
v 0.116828 -0.690282 0.308418
v 0.119824 -0.767963 -0.211584
v -0.374656 -0.521720 0.397701
v 0.001291 -0.754322 0.606040
v -0.397446 -0.598005 0.686115
v -0.413382 -0.454861 -0.291368
v 0.001808 -0.555447 -0.334189
v -0.251205 -0.298682 -0.387187
v -0.439169 -0.254995 0.031800
v -0.341307 -0.144569 -0.289674
v -0.401643 -0.012886 -0.034038
v -0.412210 -0.309483 0.439898
v -0.429318 -0.049250 0.111952
v 0.374417 -0.521718 0.394856
v 0.397081 -0.595180 0.684041
v 0.413920 -0.454118 -0.292702
v 0.248673 -0.298328 -0.386719
v 0.439441 -0.256430 0.029422
v 0.342917 -0.146859 -0.287054
v 0.403728 -0.016783 -0.033061
v 0.412398 -0.313031 0.442428
v 0.428394 -0.050410 0.110109
v 0.240494 -0.122337 0.829917
v -0.240229 -0.121504 0.829260
v 0.177596 0.079486 0.647941
v -0.175734 0.076945 0.646378
v 0.333225 -0.030307 0.576596
v -0.334315 -0.028547 0.578268
v 0.143379 0.007843 -0.587002
v -0.148252 0.005195 -0.590644
v 0.266741 0.110486 -0.924904
v -0.268161 0.109789 -0.924466
v 0.323433 0.065284 -0.591853
v -0.326167 0.065981 -0.594738
v -0.114861 0.443838 -0.192465
v -0.124015 0.340376 -0.140831
v -0.149638 0.467312 -0.219544
v -0.174118 0.360560 -0.186009
v -0.167624 0.295178 -0.122043
v 0.111732 0.444698 -0.190983
v 0.119799 0.341830 -0.138312
v 0.151223 0.464740 -0.220617
v 0.171666 0.363897 -0.181670
v 0.161055 0.296888 -0.120353
v -0.329109 -0.746426 -0.009479
v -0.330308 -0.634740 0.078626
v -0.415801 -0.755244 -0.088579
v -0.418198 -0.604144 -0.049198
v -0.384708 -0.573932 0.050841
v 0.324613 -0.745272 -0.006843
v 0.326967 -0.637229 0.080618
v 0.412732 -0.756629 -0.088382
v 0.417677 -0.603808 -0.049104
v 0.385241 -0.574122 0.050967
v -0.077731 -0.644959 0.838557
v 0.079945 -0.644792 0.839829
v -0.000307 -0.439101 0.875554
v 0.115722 -0.521517 0.856816
v -0.114693 -0.520982 0.856082
v -0.028234 0.134095 0.379500
v 0.029432 0.130973 0.379570
v -0.000588 0.141814 0.499857
v 0.050682 0.138528 0.447841
v -0.048766 0.138779 0.450715
v -0.038371 -0.274318 -0.472402
v 0.034257 -0.274436 -0.470886
v -0.000617 -0.114500 -0.490548
v 0.048843 -0.172718 -0.477694
v -0.051992 -0.172261 -0.477795
v -0.071940 0.624332 -0.810841
v 0.068058 0.621837 -0.810392
v -0.000675 0.420476 -0.903134
v 0.110638 0.491888 -0.864862
v -0.110154 0.491887 -0.865296
v 0.423902 0.081283 -0.284144
v 0.398335 0.046428 -0.240986
v 0.385464 0.053356 -0.321850
v 0.406124 0.083915 -0.359701
v 0.432137 0.064122 -0.220367
v 0.449339 0.014033 0.242504
v 0.433087 -0.024377 0.258965
v 0.422444 -0.039488 0.330056
v 0.424512 0.000374 0.311824
v 0.455337 0.004930 0.215439
v -0.422072 0.083558 -0.288318
v -0.394881 0.049298 -0.247290
v -0.383491 0.055486 -0.328598
v -0.402674 0.085079 -0.362376
v -0.430289 0.066247 -0.226646
v -0.448030 0.016820 0.238516
v -0.431154 -0.027604 0.260424
v -0.422417 -0.036835 0.327152
v -0.424658 0.000362 0.307911
v -0.455445 0.009275 0.213148
v -0.042409 0.571378 -0.221756
v 0.041879 0.570193 -0.220978
v -0.010324 0.555661 -0.219183
v -0.030981 0.637575 -0.253735
v 0.010606 0.548567 -0.215181
v 0.032102 0.635821 -0.251602
v -0.108447 0.255127 -0.016099
v -0.084342 0.197427 0.206756
v -0.054549 0.283166 -0.061418
v -0.166308 0.207641 0.112871
v -0.046271 0.238848 0.072237
v -0.148487 0.178950 0.209455
v -0.254268 0.700728 -0.404074
v -0.223695 0.777799 -0.647082
v -0.198246 0.821444 -0.446863
v -0.504351 0.765486 -0.483047
v -0.227061 0.969538 -0.590615
v -0.335633 0.699343 -0.600718
v -0.261161 0.277884 -0.223159
v -0.369314 0.135275 -0.256264
v -0.280710 0.374198 -0.326504
v -0.329208 0.155810 -0.136180
v -0.314405 0.264718 -0.350799
v -0.389913 0.091541 -0.147084
v -0.291280 0.142759 0.046027
v -0.413190 0.048052 0.171916
v -0.290862 0.125082 0.124666
v -0.356700 0.098488 0.043248
v -0.351062 0.078616 0.190991
v -0.420678 0.056306 0.102904
v 0.103653 0.252166 -0.014037
v 0.083524 0.187356 0.202297
v 0.053136 0.283460 -0.059861
v 0.046905 0.232259 0.068035
v 0.163428 0.219579 0.117735
v 0.144617 0.179748 0.208361
v 0.257702 0.700055 -0.405241
v 0.222624 0.778773 -0.648297
v 0.197234 0.819869 -0.444063
v 0.226415 0.968909 -0.590664
v 0.502756 0.765126 -0.483753
v 0.335259 0.702311 -0.599045
v 0.260721 0.280100 -0.222426
v 0.369070 0.135156 -0.256925
v 0.279615 0.374247 -0.326598
v 0.326139 0.158284 -0.134564
v 0.315196 0.263009 -0.351537
v 0.387008 0.095371 -0.147540
v 0.286770 0.147029 0.045569
v 0.413448 0.046655 0.173866
v 0.287873 0.125211 0.123562
v 0.351101 0.101473 0.042869
v 0.349369 0.080469 0.191299
v 0.419247 0.058356 0.105337
v -0.133969 -0.707062 -0.007153
v 0.123496 -0.705723 0.004897
v -0.061566 -0.681738 0.148966
v -0.082894 -0.668610 -0.103849
v 0.058761 -0.679906 0.152813
v 0.078352 -0.667832 -0.096758
v -0.265705 -0.662476 0.441223
v -0.286859 -0.948016 0.758326
v -0.182840 -0.708258 0.472700
v -0.338446 -0.650849 0.505142
v -0.169859 -0.931328 0.593067
v -0.384447 -0.759894 0.659165
v -0.353817 -0.782300 -0.354930
v -0.157050 -0.467051 -0.386438
v -0.191914 -0.750809 -0.327701
v -0.353606 -0.558980 -0.348880
v -0.119879 -0.577018 -0.344209
v -0.255054 -0.445095 -0.375474
v -0.442489 -0.361254 -0.125382
v -0.387025 -0.097275 -0.164617
v -0.421313 -0.336606 -0.216471
v -0.441450 -0.244871 -0.060093
v -0.389610 -0.191449 -0.226029
v -0.410165 -0.118711 -0.086533
v -0.412843 -0.384357 0.183154
v -0.424688 -0.178707 0.246377
v -0.402820 -0.401101 0.302833
v -0.428313 -0.266347 0.125161
v -0.415536 -0.300106 0.330088
v -0.429069 -0.162946 0.161734
v 0.268026 -0.664972 0.441363
v 0.287675 -0.947104 0.758833
v 0.187370 -0.709280 0.474722
v 0.171292 -0.932685 0.593089
v 0.339089 -0.652706 0.505963
v 0.392847 -0.764795 0.656846
v 0.354925 -0.780834 -0.355428
v 0.156687 -0.469185 -0.388772
v 0.190837 -0.750121 -0.327591
v 0.120720 -0.577383 -0.343618
v 0.354458 -0.559766 -0.349750
v 0.254212 -0.445466 -0.374932
v 0.440344 -0.361413 -0.124409
v 0.390000 -0.099398 -0.161022
v 0.420514 -0.338279 -0.214594
v 0.440082 -0.245681 -0.059143
v 0.389497 -0.192094 -0.223496
v 0.410401 -0.119502 -0.083531
v 0.413298 -0.384389 0.182416
v 0.424171 -0.180533 0.249027
v 0.402978 -0.401152 0.302560
v 0.427883 -0.266168 0.125526
v 0.415561 -0.299240 0.331409
v 0.427322 -0.163852 0.160892
v 0.000235 -0.118736 0.928497
v 0.000318 0.104009 0.701880
v 0.120204 -0.044744 0.849666
v -0.119362 -0.045171 0.848670
v 0.103585 0.065709 0.745978
v -0.102835 0.066076 0.745507
v 0.336785 -0.371288 0.777091
v 0.393489 -0.175209 0.536811
v 0.387123 -0.427505 0.677601
v 0.403640 -0.303333 0.554119
v 0.336712 -0.201633 0.766369
v 0.363964 -0.132948 0.631941
v -0.337003 -0.372211 0.776724
v -0.392943 -0.176354 0.536001
v -0.385928 -0.428613 0.676803
v -0.404842 -0.304181 0.554265
v -0.336802 -0.202820 0.765698
v -0.364025 -0.131579 0.631707
v 0.199163 0.111338 0.462043
v 0.339221 0.040469 0.413377
v 0.231194 0.102880 0.376311
v 0.304778 0.070092 0.354529
v 0.231588 0.075887 0.547343
v 0.306786 0.035818 0.518747
v -0.194955 0.108217 0.463770
v -0.339561 0.040510 0.412666
v -0.233177 0.098889 0.378622
v -0.306066 0.069717 0.355693
v -0.231790 0.077109 0.547283
v -0.307175 0.037189 0.516928
v -0.001241 0.021716 -0.615188
v -0.000550 0.146465 -0.901250
v 0.083608 0.015567 -0.688461
v -0.087039 0.016021 -0.690029
v 0.116097 0.070537 -0.859443
v -0.118768 0.072635 -0.857411
v 0.166631 -0.088235 -0.427949
v 0.294432 -0.003215 -0.378307
v 0.233551 -0.160457 -0.387049
v 0.282650 -0.094138 -0.338757
v 0.185354 -0.003937 -0.480179
v 0.270553 0.017571 -0.483482
v -0.168307 -0.085947 -0.428433
v -0.294884 -0.001549 -0.380607
v -0.231503 -0.157448 -0.385482
v -0.280786 -0.090180 -0.339514
v -0.187140 -0.003561 -0.481960
v -0.272507 0.018844 -0.485484
v 0.345459 0.345548 -0.836660
v 0.382392 0.175247 -0.581785
v 0.348993 0.398037 -0.690361
v 0.363179 0.289319 -0.582281
v 0.373968 0.194573 -0.869383
v 0.371714 0.139309 -0.686458
v -0.346357 0.344363 -0.836985
v -0.380128 0.177713 -0.582071
v -0.350612 0.395646 -0.691665
v -0.364170 0.289571 -0.583177
v -0.373246 0.192367 -0.870552
v -0.368744 0.140932 -0.688069
v 0.471465 0.047146 -0.052593
v 0.478922 0.028044 0.087415
v 0.486110 0.049311 -0.022595
v 0.488951 0.041626 0.052584
v 0.445358 0.025614 -0.006491
v 0.453649 0.012749 0.066362
v -0.472731 0.048363 -0.055389
v -0.482528 0.026897 0.086641
v -0.485425 0.053302 -0.022198
v -0.489157 0.041151 0.052273
v -0.444113 0.027182 -0.007193
v -0.452956 0.014475 0.065162
v -0.087098 0.409863 -0.165330
v -0.125611 0.546895 -0.248444
v -0.049075 0.489109 -0.187228
v -0.085850 0.610903 -0.258956
v -0.167823 0.253883 -0.054748
v -0.064096 0.358709 -0.133345
v -0.169228 0.227067 0.021165
v -0.210980 0.464542 -0.252934
v -0.152786 0.661273 -0.330575
v -0.297006 0.594058 -0.350703
v -0.215546 0.255816 -0.118459
v -0.257552 0.445005 -0.289437
v -0.270734 0.212828 -0.126102
v -0.229260 0.187229 0.040287
v -0.284069 0.169036 -0.035051
v 0.082902 0.407439 -0.161643
v 0.124608 0.546436 -0.245842
v 0.046333 0.485762 -0.186926
v 0.084831 0.608437 -0.257022
v 0.162185 0.255908 -0.054012
v 0.063158 0.358327 -0.131083
v 0.162921 0.229082 0.022212
v 0.206012 0.466133 -0.253019
v 0.152807 0.659541 -0.328496
v 0.295095 0.592815 -0.350055
v 0.211599 0.256829 -0.115517
v 0.257542 0.443327 -0.289717
v 0.267691 0.213573 -0.123250
v 0.224956 0.190154 0.039710
v 0.281672 0.172498 -0.033592
v -0.256692 -0.665279 0.087000
v -0.336300 -0.938533 -0.107849
v -0.173228 -0.681618 0.119056
v -0.171921 -0.870512 -0.120444
v -0.356049 -0.570020 0.177691
v -0.216978 -0.683719 0.278161
v -0.334045 -0.590527 0.335588
v -0.444810 -0.640909 -0.161035
v -0.267303 -0.955236 -0.272666
v -0.434624 -0.637946 -0.282167
v -0.423478 -0.482058 0.010795
v -0.444978 -0.490962 -0.199185
v -0.446316 -0.368984 -0.027881
v -0.380348 -0.493360 0.253040
v -0.430650 -0.373995 0.074951
v 0.252161 -0.666389 0.091741
v 0.332731 -0.939235 -0.103934
v 0.165599 -0.683028 0.129548
v 0.175236 -0.859360 -0.108027
v 0.355082 -0.570585 0.176576
v 0.213863 -0.682675 0.280778
v 0.334676 -0.590078 0.334274
v 0.443085 -0.641132 -0.160404
v 0.266886 -0.955850 -0.271048
v 0.434525 -0.637318 -0.281715
v 0.426129 -0.484934 0.011331
v 0.443547 -0.490005 -0.199225
v 0.443687 -0.369154 -0.027771
v 0.380619 -0.492136 0.252667
v 0.428853 -0.372102 0.073011
v 0.000567 -0.689384 0.787267
v -0.235028 -0.642955 0.848365
v -0.088605 -0.808253 0.738015
v -0.354633 -0.769417 0.811423
v 0.237082 -0.645546 0.847888
v 0.089411 -0.808568 0.739969
v 0.356871 -0.768364 0.809744
v 0.126455 -0.365861 0.882470
v -0.126426 -0.366719 0.882498
v 0.129105 -0.198530 0.905422
v -0.128732 -0.199146 0.904574
v 0.358315 -0.565239 0.800859
v 0.246587 -0.287616 0.849140
v -0.358332 -0.565904 0.801274
v -0.246627 -0.286865 0.848996
v 0.001714 0.145749 0.308528
v -0.089010 0.146636 0.380670
v -0.026789 0.219833 0.215493
v -0.120662 0.163348 0.301142
v 0.090800 0.143690 0.382292
v 0.026834 0.195811 0.201598
v 0.122590 0.158685 0.301545
v 0.067532 0.137369 0.532553
v -0.068041 0.137745 0.532304
v 0.083876 0.117091 0.632245
v -0.083095 0.119258 0.632481
v 0.159080 0.134706 0.382384
v 0.147219 0.118473 0.549263
v -0.160283 0.135547 0.383792
v -0.147506 0.115492 0.550295
v -0.001278 -0.371991 -0.435802
v -0.107016 -0.251533 -0.457424
v -0.052288 -0.464589 -0.386126
v -0.174589 -0.343247 -0.414965
v 0.106940 -0.250820 -0.458654
v 0.052585 -0.466086 -0.385756
v 0.173428 -0.342389 -0.416161
v 0.052553 -0.070033 -0.492787
v -0.053669 -0.064644 -0.489035
v 0.062352 0.005909 -0.545805
v -0.064071 0.007454 -0.544317
v 0.173007 -0.211645 -0.426502
v 0.111294 -0.025554 -0.480673
v -0.175516 -0.212220 -0.427168
v -0.111412 -0.027773 -0.479519
v 0.001491 0.746135 -0.760243
v -0.207785 0.583455 -0.808520
v -0.088660 0.817014 -0.668487
v -0.274163 0.651624 -0.717667
v 0.209812 0.581596 -0.809194
v 0.090350 0.817246 -0.668595
v 0.273904 0.650917 -0.715393
v 0.135459 0.352622 -0.934120
v -0.137909 0.353281 -0.934808
v 0.142516 0.199832 -0.959130
v -0.144287 0.200652 -0.961408
v 0.303119 0.500406 -0.771763
v 0.284685 0.273345 -0.965603
v -0.303608 0.499792 -0.771273
v -0.285415 0.272493 -0.965471
v 0.404246 0.113518 -0.369366
v 0.445724 0.070778 -0.197539
v 0.365651 0.170452 -0.364363
v 0.436939 0.073143 -0.170301
v 0.361987 0.008279 -0.269305
v 0.414965 0.041395 -0.162424
v 0.356232 -0.066865 -0.228083
v 0.391784 -0.011589 -0.110204
v 0.380802 0.070218 -0.418883
v 0.322542 -0.031811 -0.296651
v 0.343208 0.046471 -0.463686
v 0.373986 0.186167 -0.471535
v 0.376512 0.096652 -0.540793
v 0.467725 0.058166 -0.107407
v 0.430245 0.030812 -0.082312
v 0.420513 0.022866 0.281080
v 0.470582 0.025179 0.178446
v 0.397189 0.046833 0.245251
v 0.459039 0.035467 0.149256
v 0.420144 -0.102289 0.337639
v 0.442339 -0.020888 0.196091
v 0.418370 -0.195170 0.340885
v 0.426847 -0.071944 0.181319
v 0.399556 -0.028212 0.394327
v 0.412890 -0.196000 0.438240
v 0.378075 -0.075128 0.503290
v 0.367500 0.044704 0.323305
v 0.360888 0.000011 0.461088
v 0.482560 0.034027 0.116274
v 0.451485 -0.003626 0.131385
v -0.402647 0.115045 -0.370188
v -0.442056 0.071829 -0.199839
v -0.366157 0.168599 -0.366232
v -0.437096 0.073411 -0.171640
v -0.359036 0.011046 -0.275241
v -0.410622 0.042596 -0.166905
v -0.353660 -0.064840 -0.233470
v -0.386887 -0.008118 -0.113445
v -0.379173 0.071289 -0.424740
v -0.319936 -0.030838 -0.300791
v -0.338433 0.046258 -0.467208
v -0.374801 0.186650 -0.474207
v -0.375104 0.096225 -0.542011
v -0.467950 0.059508 -0.107880
v -0.430574 0.035745 -0.084445
v -0.419922 0.024947 0.279357
v -0.470838 0.029986 0.179711
v -0.395423 0.046869 0.243995
v -0.461054 0.035426 0.145141
v -0.418247 -0.101284 0.337307
v -0.437955 -0.020736 0.193460
v -0.419284 -0.192396 0.338921
v -0.426172 -0.075519 0.181880
v -0.399909 -0.027561 0.395244
v -0.411569 -0.195320 0.437689
v -0.377970 -0.073568 0.503307
v -0.370359 0.044175 0.322652
v -0.362173 -0.001144 0.462022
v -0.485768 0.037784 0.117280
v -0.437642 -0.012151 0.119809
v -0.001530 0.461988 -0.181221
v -0.015407 0.312475 -0.089869
v 0.001621 0.720365 -0.296028
v -0.094704 0.839607 -0.450613
v 0.016711 0.309673 -0.087807
v 0.094652 0.839090 -0.450921
v -0.211860 0.148528 0.210944
v -0.279980 0.111855 0.203905
v -0.262112 0.099345 0.289446
v -0.420130 0.598969 -0.536360
v -0.320842 0.438669 -0.445436
v -0.346092 0.431818 -0.566210
v -0.413619 0.067174 -0.047877
v -0.422854 0.060835 0.033891
v -0.477426 0.053844 0.015716
v 0.212564 0.157734 0.210112
v 0.279506 0.114415 0.203070
v 0.259457 0.103396 0.286284
v 0.417692 0.600124 -0.536809
v 0.324160 0.437145 -0.446614
v 0.346254 0.432734 -0.566357
v 0.409191 0.073966 -0.049030
v 0.417431 0.068284 0.031045
v 0.468779 0.052742 0.010491
v -0.001109 -0.697402 0.314358
v -0.068369 -0.735077 0.472854
v -0.001364 -0.614811 -0.183278
v -0.069112 -0.625110 -0.274822
v 0.069728 -0.734949 0.472486
v 0.070656 -0.623808 -0.273447
v -0.383582 -0.567611 0.540685
v -0.399523 -0.425684 0.429071
v -0.399689 -0.440731 0.556839
v -0.337734 -0.383500 -0.349895
v -0.380974 -0.291440 -0.294854
v -0.310504 -0.227841 -0.350353
v -0.423778 -0.129889 -0.006348
v -0.426796 -0.143467 0.078990
v -0.415880 -0.019607 0.039997
v 0.384947 -0.567025 0.540816
v 0.400602 -0.425362 0.427277
v 0.399451 -0.439703 0.556425
v 0.340305 -0.384095 -0.349319
v 0.381480 -0.292999 -0.293835
v 0.312328 -0.230607 -0.347545
v 0.424605 -0.132028 -0.003554
v 0.428780 -0.143292 0.079307
v 0.420212 -0.023257 0.041324
v 0.211215 0.005427 0.750532
v 0.301697 -0.068938 0.707812
v -0.210523 0.006453 0.750234
v -0.300273 -0.068456 0.707085
v 0.267636 0.027019 0.631328
v -0.267757 0.026590 0.631436
v 0.199763 0.012623 -0.761864
v 0.241537 0.026992 -0.609696
v -0.203070 0.012438 -0.760363
v -0.245972 0.026566 -0.612256
v 0.311933 0.079908 -0.758452
v -0.316348 0.078716 -0.760333
v -0.129770 0.409687 -0.181502
v -0.132183 0.362225 -0.158436
v -0.144684 0.416526 -0.195852
v -0.156544 0.373052 -0.179342
v -0.148498 0.340428 -0.155018
v 0.123603 0.409629 -0.181246
v 0.128956 0.363623 -0.156468
v 0.140193 0.417532 -0.192984
v 0.151657 0.374745 -0.175718
v 0.145303 0.342419 -0.151557
v -0.357540 -0.699875 -0.009098
v -0.354567 -0.649154 0.028168
v -0.390471 -0.700341 -0.043137
v -0.397067 -0.639257 -0.026462
v -0.379644 -0.618308 0.019987
v 0.355334 -0.701114 -0.008538
v 0.352746 -0.649875 0.028397
v 0.388905 -0.701336 -0.040433
v 0.397931 -0.643180 -0.027030
v 0.378450 -0.620254 0.018894
v -0.030913 -0.595415 0.846178
v 0.033747 -0.594422 0.845152
v -0.000372 -0.505612 0.860815
v 0.053153 -0.541716 0.855187
v -0.052255 -0.540633 0.855330
v -0.013471 0.132510 0.409379
v 0.015225 0.129394 0.410869
v 0.001479 0.139139 0.461494
v 0.022089 0.137152 0.441712
v -0.021089 0.138512 0.443539
v -0.017687 -0.233640 -0.477873
v 0.010794 -0.234825 -0.479510
v -0.000775 -0.159620 -0.486926
v 0.022314 -0.188917 -0.482838
v -0.023573 -0.188491 -0.482582
v -0.032671 0.573898 -0.835526
v 0.029935 0.573539 -0.834557
v -0.000760 0.483610 -0.875631
v 0.048801 0.516845 -0.858008
v -0.047745 0.519195 -0.859906
v 0.420894 0.075982 -0.285503
v 0.406878 0.059826 -0.266013
v 0.401792 0.064994 -0.302415
v 0.411364 0.075060 -0.317253
v 0.420153 0.067333 -0.256041
v 0.447782 0.003775 0.255267
v 0.439789 -0.012869 0.262595
v 0.431125 -0.018059 0.293783
v 0.437093 -0.002087 0.285139
v 0.447749 -0.001228 0.242520
v -0.417789 0.078321 -0.291659
v -0.404530 0.064510 -0.272833
v -0.399034 0.065601 -0.309060
v -0.406243 0.078216 -0.322248
v -0.420403 0.070019 -0.263132
v -0.445812 0.009052 0.252875
v -0.436700 -0.014253 0.264162
v -0.431174 -0.013384 0.288144
v -0.434556 -0.003277 0.283775
v -0.446551 0.001345 0.243319
v -0.020767 0.584468 -0.228062
v 0.019589 0.583170 -0.227815
v -0.008683 0.570209 -0.223292
v -0.012407 0.611648 -0.238997
v 0.007133 0.570842 -0.224125
v 0.012838 0.609892 -0.238693
v -0.105649 0.237626 0.032955
v -0.093635 0.204535 0.149313
v -0.076936 0.243412 0.016194
v -0.133825 0.214471 0.100162
v -0.072176 0.229389 0.079025
v -0.125785 0.199494 0.153912
v -0.271511 0.760261 -0.465283
v -0.240180 0.799109 -0.592381
v -0.239589 0.833700 -0.494281
v -0.338447 0.769209 -0.496770
v -0.262691 0.907050 -0.579731
v -0.296602 0.752939 -0.560556
v -0.285909 0.245225 -0.233845
v -0.341332 0.170716 -0.248759
v -0.289331 0.283734 -0.285887
v -0.320991 0.181224 -0.188620
v -0.311374 0.238970 -0.295471
v -0.349340 0.146071 -0.194356
v -0.324455 0.112750 0.083810
v -0.387919 0.064697 0.146308
v -0.324903 0.105042 0.121678
v -0.357397 0.091668 0.080202
v -0.356335 0.082600 0.154914
v -0.389050 0.070109 0.110052
v 0.101320 0.237085 0.035269
v 0.093267 0.200412 0.147416
v 0.075897 0.242649 0.017253
v 0.071168 0.224988 0.076916
v 0.129594 0.216495 0.101768
v 0.122545 0.198716 0.153351
v 0.272529 0.760810 -0.464764
v 0.240512 0.797384 -0.590488
v 0.240653 0.831226 -0.497424
v 0.262503 0.907069 -0.579995
v 0.339294 0.769991 -0.496794
v 0.293677 0.751757 -0.559724
v 0.286287 0.247571 -0.232725
v 0.341502 0.171666 -0.249031
v 0.288418 0.284601 -0.285951
v 0.319784 0.183359 -0.187725
v 0.311567 0.238841 -0.295656
v 0.348006 0.148273 -0.194290
v 0.322073 0.115040 0.085293
v 0.386126 0.066804 0.145944
v 0.320296 0.107689 0.120261
v 0.354279 0.095179 0.079376
v 0.351166 0.083741 0.152934
v 0.387316 0.071524 0.110861
v -0.070984 -0.679189 0.005563
v 0.062827 -0.677434 0.011336
v -0.035560 -0.675241 0.076496
v -0.042363 -0.659782 -0.049397
v 0.028944 -0.672934 0.080190
v 0.034663 -0.659223 -0.044991
v -0.278815 -0.725179 0.507324
v -0.324678 -0.936909 0.654697
v -0.241427 -0.783734 0.517713
v -0.327443 -0.737320 0.543943
v -0.261034 -0.932631 0.569640
v -0.366577 -0.827005 0.619898
v -0.299056 -0.693532 -0.364460
v -0.196546 -0.530844 -0.369531
v -0.225242 -0.685012 -0.351813
v -0.305458 -0.593890 -0.364353
v -0.181354 -0.596055 -0.354495
v -0.252949 -0.523044 -0.369830
v -0.431647 -0.292619 -0.136015
v -0.403832 -0.159277 -0.155836
v -0.421685 -0.279441 -0.180002
v -0.431651 -0.235760 -0.105833
v -0.408453 -0.209281 -0.187998
v -0.416538 -0.170991 -0.115970
v -0.417530 -0.333098 0.206260
v -0.422975 -0.230542 0.238625
v -0.413092 -0.343271 0.260461
v -0.424816 -0.274682 0.172820
v -0.417336 -0.290699 0.277184
v -0.427213 -0.223360 0.190416
v 0.282868 -0.726803 0.511001
v 0.326801 -0.937054 0.655854
v 0.243228 -0.783925 0.519240
v 0.258017 -0.932933 0.572111
v 0.327853 -0.732688 0.542513
v 0.351008 -0.811066 0.616900
v 0.298467 -0.695346 -0.365091
v 0.196672 -0.528709 -0.368599
v 0.224795 -0.682931 -0.349856
v 0.182669 -0.594027 -0.354026
v 0.303348 -0.592431 -0.361753
v 0.250473 -0.523511 -0.368422
v 0.432242 -0.291513 -0.136867
v 0.406015 -0.160970 -0.153896
v 0.424138 -0.279994 -0.178311
v 0.434082 -0.236645 -0.103864
v 0.408701 -0.210865 -0.185490
v 0.418933 -0.172822 -0.113663
v 0.417468 -0.334506 0.205894
v 0.422868 -0.231865 0.237848
v 0.413340 -0.342595 0.262610
v 0.423471 -0.274484 0.174013
v 0.418624 -0.292401 0.276811
v 0.427458 -0.220785 0.190429
v -0.000285 -0.041701 0.874006
v 0.000654 0.071672 0.761608
v 0.060046 -0.007709 0.842937
v -0.059036 -0.007424 0.842502
v 0.054947 0.048722 0.786298
v -0.055359 0.048441 0.786777
v 0.362794 -0.319601 0.724271
v 0.388710 -0.220743 0.598735
v 0.381249 -0.345556 0.670053
v 0.396673 -0.290474 0.611421
v 0.365423 -0.237800 0.719105
v 0.374695 -0.196681 0.651790
v -0.361689 -0.320056 0.723346
v -0.388630 -0.220018 0.598712
v -0.380982 -0.346410 0.669872
v -0.393016 -0.289894 0.607632
v -0.365578 -0.237867 0.718821
v -0.373444 -0.195467 0.652306
v 0.236403 0.090297 0.458200
v 0.308439 0.054584 0.434574
v 0.253166 0.087535 0.413656
v 0.291303 0.069492 0.401908
v 0.253746 0.072858 0.496842
v 0.290360 0.055491 0.482645
v -0.235606 0.088514 0.461484
v -0.310122 0.054909 0.435401
v -0.253652 0.084869 0.413684
v -0.289982 0.068177 0.400671
v -0.251773 0.073070 0.497427
v -0.290726 0.054905 0.482478
v -0.002011 0.032164 -0.691447
v -0.001554 0.094406 -0.841181
v 0.045343 0.036655 -0.729640
v -0.048323 0.037818 -0.732162
v 0.051600 0.066591 -0.810633
v -0.055608 0.065738 -0.808927
v 0.194675 -0.061870 -0.408270
v 0.260337 -0.020477 -0.385935
v 0.225179 -0.096431 -0.385756
v 0.250751 -0.065318 -0.361936
v 0.202751 -0.017417 -0.430644
v 0.243259 -0.004406 -0.430057
v -0.194800 -0.062449 -0.409432
v -0.262835 -0.019109 -0.387717
v -0.223277 -0.093087 -0.382748
v -0.249856 -0.062565 -0.363871
v -0.204053 -0.014551 -0.430234
v -0.245827 -0.003961 -0.434151
v 0.374847 0.302121 -0.788856
v 0.377209 0.216060 -0.647064
v 0.364267 0.325453 -0.707506
v 0.368441 0.276799 -0.648494
v 0.386820 0.230416 -0.797625
v 0.378074 0.194653 -0.711862
v -0.373749 0.300555 -0.788047
v -0.377881 0.216182 -0.647334
v -0.365995 0.323904 -0.709095
v -0.370591 0.276606 -0.648628
v -0.385665 0.228100 -0.799275
v -0.378538 0.194354 -0.713654
v 0.474726 0.052201 -0.010706
v 0.482440 0.030852 0.054209
v 0.499471 0.041924 -0.000994
v 0.495794 0.038079 0.034122
v 0.463004 0.037602 0.007721
v 0.471020 0.030380 0.040919
v -0.483107 0.044934 -0.016114
v -0.482328 0.031109 0.054576
v -0.490042 0.045987 -0.000550
v -0.486499 0.040988 0.036593
v -0.470244 0.036446 0.007307
v -0.468275 0.028625 0.042571
v -0.099722 0.481373 -0.199041
v -0.062588 0.548728 -0.214377
v -0.082017 0.466535 -0.186186
v -0.101242 0.532183 -0.226416
v -0.065499 0.502542 -0.193734
v -0.083882 0.564338 -0.228705
v -0.116976 0.317452 -0.118535
v -0.109013 0.270962 -0.058168
v -0.094842 0.350366 -0.134817
v -0.139398 0.271084 -0.071992
v -0.088409 0.323767 -0.112677
v -0.138659 0.254879 -0.035559
v -0.169052 0.517406 -0.257712
v -0.220170 0.635562 -0.348619
v -0.153994 0.561176 -0.272846
v -0.202783 0.522558 -0.277933
v -0.173371 0.618852 -0.318096
v -0.234892 0.585354 -0.324585
v -0.196001 0.348391 -0.193227
v -0.236903 0.306747 -0.211180
v -0.213501 0.398238 -0.231583
v -0.212229 0.286754 -0.158883
v -0.233691 0.382930 -0.242992
v -0.235197 0.265872 -0.166181
v -0.193994 0.252116 -0.080286
v -0.258929 0.177496 0.005650
v -0.197004 0.233594 -0.044550
v -0.220147 0.229881 -0.075162
v -0.227312 0.198746 0.001804
v -0.254231 0.190449 -0.032190
v 0.096175 0.482906 -0.198549
v 0.062810 0.547365 -0.212356
v 0.080941 0.463206 -0.184189
v 0.102335 0.530801 -0.223434
v 0.061607 0.499220 -0.193713
v 0.082232 0.562460 -0.227802
v 0.112819 0.319908 -0.118050
v 0.105420 0.271870 -0.055376
v 0.090684 0.350080 -0.133528
v 0.133235 0.274000 -0.070275
v 0.084733 0.324870 -0.112567
v 0.133798 0.257568 -0.034376
v 0.166390 0.516498 -0.256393
v 0.222577 0.636476 -0.350893
v 0.149910 0.562817 -0.272132
v 0.200687 0.522669 -0.276736
v 0.172845 0.619819 -0.316016
v 0.239440 0.583774 -0.325851
v 0.195290 0.348895 -0.189532
v 0.235040 0.306639 -0.211204
v 0.209533 0.399955 -0.228773
v 0.207321 0.288820 -0.156855
v 0.233154 0.382351 -0.242102
v 0.234400 0.267010 -0.163864
v 0.189399 0.255233 -0.080415
v 0.254519 0.181249 0.006717
v 0.191483 0.236908 -0.041924
v 0.215777 0.232469 -0.074848
v 0.222695 0.201171 0.002557
v 0.250560 0.194588 -0.032662
v -0.285228 -0.783247 -0.007877
v -0.183600 -0.754108 -0.014932
v -0.245215 -0.706461 0.025858
v -0.273641 -0.914267 -0.042776
v -0.203985 -0.703454 0.033026
v -0.195089 -0.880605 -0.051276
v -0.309044 -0.632032 0.147415
v -0.279504 -0.651496 0.327476
v -0.275123 -0.657950 0.163787
v -0.324693 -0.607942 0.205622
v -0.259402 -0.677439 0.258458
v -0.313032 -0.618009 0.290458
v -0.428401 -0.806431 -0.155358
v -0.398511 -0.826498 -0.307780
v -0.393366 -0.910207 -0.180810
v -0.445074 -0.733570 -0.197354
v -0.363083 -0.920704 -0.261464
v -0.436322 -0.736729 -0.267055
v -0.432355 -0.552280 -0.072176
v -0.444912 -0.429126 -0.111664
v -0.443179 -0.563069 -0.126878
v -0.431942 -0.488089 -0.040468
v -0.444149 -0.493640 -0.145231
v -0.442807 -0.429747 -0.059857
v -0.391892 -0.527373 0.090164
v -0.407957 -0.432396 0.155338
v -0.377622 -0.530092 0.149598
v -0.411627 -0.480733 0.065710
v -0.389158 -0.484439 0.187250
v -0.416892 -0.429160 0.098168
v 0.276573 -0.779168 -0.005944
v 0.175327 -0.741536 -0.001542
v 0.236355 -0.699523 0.031670
v 0.254056 -0.909046 -0.036143
v 0.194876 -0.696297 0.042311
v 0.205267 -0.835091 -0.052839
v 0.309006 -0.634516 0.149371
v 0.278603 -0.653400 0.328800
v 0.273098 -0.658395 0.167598
v 0.323640 -0.607896 0.205401
v 0.259328 -0.679966 0.261116
v 0.314096 -0.617881 0.291061
v 0.428532 -0.807054 -0.153880
v 0.399201 -0.826273 -0.307928
v 0.393614 -0.910565 -0.179162
v 0.445835 -0.733155 -0.196399
v 0.363366 -0.920550 -0.261706
v 0.436742 -0.735959 -0.266216
v 0.433256 -0.552405 -0.073493
v 0.444294 -0.429990 -0.109872
v 0.441618 -0.561968 -0.126135
v 0.435036 -0.489273 -0.040638
v 0.446366 -0.495673 -0.147251
v 0.443366 -0.428727 -0.061611
v 0.392731 -0.526572 0.089288
v 0.406662 -0.433094 0.153331
v 0.378440 -0.526434 0.151446
v 0.410241 -0.478356 0.066029
v 0.388821 -0.483416 0.185009
v 0.417682 -0.428079 0.096719
v -0.128616 -0.707672 0.835999
v -0.232714 -0.917935 0.823327
v -0.094294 -0.732526 0.807014
v -0.217868 -0.731774 0.852826
v -0.132484 -0.828530 0.808733
v -0.279096 -0.832228 0.846930
v 0.132345 -0.711629 0.837780
v 0.234730 -0.917473 0.823922
v 0.096743 -0.735192 0.807944
v 0.221703 -0.733127 0.852936
v 0.134145 -0.830635 0.809632
v 0.282947 -0.830571 0.845497
v 0.000600 -0.362093 0.896998
v 0.000077 -0.206862 1.002785
v 0.064039 -0.321673 0.905802
v -0.064603 -0.322894 0.903986
v 0.063994 -0.240398 0.932709
v -0.065361 -0.241268 0.932791
v 0.182674 -0.496256 0.853823
v 0.299413 -0.422427 0.819688
v 0.244218 -0.553113 0.844354
v 0.186685 -0.413335 0.862885
v 0.305698 -0.517124 0.826002
v 0.246577 -0.375118 0.845478
v -0.180428 -0.494815 0.854316
v -0.300341 -0.422494 0.819098
v -0.244496 -0.552831 0.844907
v -0.185923 -0.414173 0.862291
v -0.306593 -0.518112 0.826763
v -0.246583 -0.375336 0.846678
v -0.043849 0.150129 0.343486
v -0.072202 0.186658 0.258149
v -0.027710 0.160329 0.304872
v -0.073632 0.156416 0.342554
v -0.040433 0.186420 0.258024
v -0.088955 0.168795 0.303027
v 0.044798 0.139995 0.343996
v 0.072127 0.174457 0.253932
v 0.028885 0.150280 0.304881
v 0.074390 0.147860 0.342362
v 0.043880 0.173500 0.254761
v 0.089271 0.162324 0.301910
v -0.000030 0.139719 0.543393
v 0.000566 0.124909 0.644456
v 0.036180 0.136279 0.564731
v -0.036573 0.137937 0.565918
v 0.040408 0.130834 0.616228
v -0.039493 0.130739 0.616046
v 0.084193 0.137565 0.457071
v 0.158117 0.128689 0.464015
v 0.104479 0.139285 0.420634
v 0.095810 0.136591 0.497394
v 0.141476 0.136365 0.422911
v 0.133672 0.130108 0.505762
v -0.082123 0.138512 0.456371
v -0.155972 0.124156 0.464945
v -0.104461 0.139227 0.420719
v -0.094163 0.137663 0.499283
v -0.140936 0.138224 0.424599
v -0.133266 0.127338 0.505446
v -0.062982 -0.319550 -0.454165
v -0.119852 -0.413845 -0.407405
v -0.045045 -0.369518 -0.434677
v -0.101264 -0.308376 -0.448082
v -0.073575 -0.416554 -0.409272
v -0.132902 -0.357085 -0.425051
v 0.059456 -0.317903 -0.453719
v 0.120288 -0.414446 -0.407793
v 0.043863 -0.369313 -0.435429
v 0.099118 -0.309028 -0.449443
v 0.073472 -0.417502 -0.411013
v 0.131925 -0.356142 -0.426345
v -0.001424 -0.063980 -0.503520
v -0.000975 0.010296 -0.550568
v 0.027087 -0.043981 -0.508473
v -0.027789 -0.039435 -0.506568
v 0.028964 -0.006761 -0.535182
v -0.030872 -0.003705 -0.532584
v 0.078064 -0.154825 -0.471229
v 0.136883 -0.109514 -0.445475
v 0.108209 -0.192978 -0.459548
v 0.076386 -0.096866 -0.474681
v 0.140292 -0.170925 -0.444197
v 0.106642 -0.075870 -0.463971
v -0.079496 -0.154923 -0.470252
v -0.138669 -0.110397 -0.447214
v -0.109984 -0.193669 -0.457947
v -0.078656 -0.098004 -0.473822
v -0.140032 -0.171622 -0.443375
v -0.107481 -0.077487 -0.462885
v -0.116674 0.677231 -0.785520
v -0.198552 0.763130 -0.709505
v -0.081853 0.738863 -0.757338
v -0.189044 0.660088 -0.782918
v -0.125595 0.778425 -0.714441
v -0.233129 0.703806 -0.746609
v 0.115574 0.678314 -0.787159
v 0.198499 0.762884 -0.709776
v 0.081617 0.736196 -0.756489
v 0.188540 0.658070 -0.782558
v 0.126732 0.777789 -0.716016
v 0.233561 0.702822 -0.746873
v -0.002179 0.351065 -0.927522
v -0.001371 0.210301 -0.935977
v 0.069802 0.314974 -0.940144
v -0.070838 0.316540 -0.943478
v 0.070072 0.241818 -0.946535
v -0.072988 0.242275 -0.947600
v 0.175571 0.462755 -0.870954
v 0.298800 0.389820 -0.864026
v 0.223969 0.504900 -0.835742
v 0.193804 0.391439 -0.913050
v 0.279916 0.469005 -0.826870
v 0.264094 0.352462 -0.920769
v -0.176571 0.463752 -0.871068
v -0.300104 0.389718 -0.862956
v -0.225606 0.507188 -0.834923
v -0.194369 0.391108 -0.912138
v -0.280627 0.467650 -0.826633
v -0.264847 0.352554 -0.919650
v 0.424890 0.088567 -0.278524
v 0.396434 0.107695 -0.264628
v 0.407102 0.107698 -0.321841
v 0.434363 0.079463 -0.233326
v 0.389607 0.124742 -0.315783
v 0.427649 0.080494 -0.221003
v 0.386397 0.027204 -0.214601
v 0.377921 -0.045967 -0.171413
v 0.369716 0.003072 -0.229098
v 0.393287 0.023042 -0.174823
v 0.365099 -0.034823 -0.207524
v 0.383824 -0.006172 -0.149863
v 0.369428 0.038281 -0.342525
v 0.326019 0.011722 -0.371073
v 0.354503 0.017126 -0.311039
v 0.368156 0.048468 -0.390352
v 0.332833 0.000566 -0.324536
v 0.345477 0.036069 -0.408535
v 0.399398 0.095027 -0.406081
v 0.388277 0.140649 -0.519255
v 0.400783 0.116343 -0.416664
v 0.391259 0.088957 -0.444577
v 0.387910 0.147796 -0.469316
v 0.389742 0.105961 -0.504307
v 0.442402 0.058584 -0.178932
v 0.465120 0.051943 -0.093959
v 0.452840 0.063357 -0.165985
v 0.435903 0.049801 -0.149092
v 0.465800 0.057308 -0.123446
v 0.445203 0.046699 -0.107932
v 0.452433 0.022589 0.225662
v 0.430019 0.039778 0.194040
v 0.435412 0.026478 0.242543
v 0.461054 0.027590 0.196036
v 0.421983 0.036545 0.227795
v 0.454355 0.032934 0.180329
v 0.427058 -0.055201 0.259573
v 0.423992 -0.133344 0.255737
v 0.422556 -0.098321 0.298582
v 0.426320 -0.045188 0.220697
v 0.422942 -0.141969 0.298171
v 0.426697 -0.081240 0.218676
v 0.413143 -0.067845 0.371407
v 0.399516 -0.136064 0.475589
v 0.413930 -0.103194 0.379240
v 0.402258 -0.060316 0.408688
v 0.408806 -0.145373 0.431828
v 0.395244 -0.088968 0.463442
v 0.409173 0.006799 0.334425
v 0.366497 0.028041 0.388378
v 0.404375 0.020552 0.320330
v 0.394554 -0.003101 0.379905
v 0.380582 0.030773 0.344433
v 0.374914 0.009232 0.408770
v 0.462819 0.012213 0.181963
v 0.478052 0.022879 0.118213
v 0.473832 0.021645 0.163423
v 0.454745 0.003652 0.171284
v 0.478982 0.026775 0.132145
v 0.462559 0.008929 0.141771
v -0.422378 0.086747 -0.282318
v -0.395075 0.109084 -0.264554
v -0.410945 0.104004 -0.322807
v -0.431791 0.079396 -0.236643
v -0.389279 0.124149 -0.316802
v -0.427229 0.081929 -0.223340
v -0.383305 0.030911 -0.219612
v -0.375247 -0.043367 -0.176262
v -0.368015 0.003822 -0.234819
v -0.390469 0.027639 -0.180006
v -0.361251 -0.032839 -0.211628
v -0.381181 -0.005922 -0.154783
v -0.368251 0.043102 -0.346814
v -0.324461 0.012236 -0.375429
v -0.354146 0.018792 -0.316053
v -0.365323 0.050113 -0.395085
v -0.334028 0.000961 -0.329221
v -0.347659 0.038173 -0.412172
v -0.398268 0.098589 -0.411014
v -0.384037 0.144801 -0.519831
v -0.397126 0.119692 -0.418589
v -0.389271 0.092771 -0.448638
v -0.387494 0.149684 -0.473123
v -0.386518 0.109084 -0.506487
v -0.437979 0.061251 -0.182701
v -0.461249 0.052247 -0.097267
v -0.450461 0.061033 -0.169297
v -0.431428 0.050656 -0.153886
v -0.462077 0.058240 -0.124077
v -0.442941 0.048109 -0.112723
v -0.449830 0.023495 0.224658
v -0.431872 0.038734 0.194195
v -0.432019 0.028384 0.242941
v -0.462030 0.031072 0.192822
v -0.421253 0.036186 0.228296
v -0.456179 0.032685 0.177825
v -0.425481 -0.054896 0.259259
v -0.423723 -0.130406 0.254166
v -0.422742 -0.097627 0.297411
v -0.426020 -0.047224 0.219596
v -0.422205 -0.137904 0.297376
v -0.423546 -0.084015 0.218684
v -0.413631 -0.064433 0.370650
v -0.401121 -0.136442 0.476529
v -0.415529 -0.103781 0.378793
v -0.402454 -0.057268 0.409171
v -0.408592 -0.143515 0.430320
v -0.395716 -0.087195 0.463040
v -0.407095 0.006837 0.334474
v -0.368008 0.027799 0.389048
v -0.404582 0.020744 0.320371
v -0.394251 -0.004019 0.379181
v -0.386323 0.030475 0.345027
v -0.376486 0.008471 0.410967
v -0.471902 0.016657 0.187156
v -0.481306 0.022433 0.119827
v -0.481484 0.029107 0.171533
v -0.455207 -0.002311 0.169358
v -0.487223 0.030543 0.137217
v -0.442182 -0.017381 0.118771
v -0.009406 0.533747 -0.210945
v -0.036587 0.353048 -0.127597
v -0.033850 0.475013 -0.183166
v -0.042939 0.398368 -0.152514
v -0.010131 0.458773 -0.180107
v -0.019333 0.375686 -0.139724
v -0.056877 0.671852 -0.286874
v -0.142031 0.766205 -0.386740
v -0.087880 0.659230 -0.290507
v -0.126322 0.694440 -0.336046
v -0.049793 0.722960 -0.320396
v -0.096690 0.780350 -0.387315
v 0.007617 0.531332 -0.209936
v 0.034667 0.352545 -0.126762
v 0.031807 0.473191 -0.182867
v 0.043110 0.398873 -0.153491
v 0.007513 0.456549 -0.178162
v 0.018296 0.372589 -0.137621
v 0.056733 0.670613 -0.282506
v 0.139432 0.766093 -0.387548
v 0.090478 0.657735 -0.291870
v 0.127622 0.693775 -0.335447
v 0.049715 0.719828 -0.318998
v 0.095798 0.779522 -0.385729
v -0.195991 0.190033 0.118864
v -0.259370 0.149023 0.123349
v -0.198490 0.199091 0.073584
v -0.227556 0.178598 0.079699
v -0.221658 0.159577 0.167227
v -0.252934 0.138689 0.166386
v -0.021712 0.247881 0.066372
v 0.022987 0.240416 0.063804
v -0.011561 0.239021 0.146439
v 0.013316 0.225682 0.138274
v -0.009010 0.265851 -0.016592
v 0.010549 0.263947 -0.015788
v -0.169296 0.156642 0.257768
v -0.212160 0.115386 0.339138
v -0.154136 0.150048 0.303200
v -0.177481 0.133121 0.341992
v -0.202627 0.139295 0.255663
v -0.226857 0.112884 0.298683
v -0.550999 0.701459 -0.413927
v -0.283459 0.483981 -0.367976
v -0.363218 0.597229 -0.371203
v -0.286189 0.515392 -0.342916
v -0.495814 0.603527 -0.447748
v -0.333947 0.521402 -0.427814
v -0.114484 0.876191 -0.563352
v 0.116409 0.876565 -0.564875
v -0.050837 0.843700 -0.617600
v 0.051135 0.845257 -0.616321
v -0.065686 0.851205 -0.507938
v 0.066085 0.851296 -0.509485
v -0.340373 0.627288 -0.625919
v -0.339274 0.473702 -0.670714
v -0.310476 0.602578 -0.684906
v -0.318817 0.525274 -0.711174
v -0.366267 0.574042 -0.592382
v -0.346947 0.494530 -0.609771
v -0.336691 0.134704 -0.086219
v -0.351941 0.107956 0.002885
v -0.307516 0.162397 -0.082706
v -0.315783 0.143307 -0.035130
v -0.378397 0.093378 -0.043911
v -0.384471 0.084963 0.000291
v -0.327825 0.281849 -0.407766
v -0.354261 0.296048 -0.523406
v -0.349030 0.224501 -0.415125
v -0.359358 0.233433 -0.470796
v -0.330796 0.359598 -0.457371
v -0.341795 0.365277 -0.514559
v -0.430109 0.067885 -0.104804
v -0.475888 0.058233 -0.045147
v -0.447595 0.066487 -0.121100
v -0.467997 0.062301 -0.091188
v -0.440575 0.064183 -0.059063
v -0.465574 0.057621 -0.028744
v -0.343870 0.074985 0.230947
v -0.319949 0.071261 0.312912
v -0.366829 0.059381 0.258228
v -0.353119 0.056810 0.299617
v -0.306636 0.092842 0.239298
v -0.296019 0.087685 0.281253
v -0.446524 0.050299 0.093701
v -0.482338 0.044611 0.066833
v -0.463560 0.038492 0.113403
v -0.479560 0.040811 0.100499
v -0.450440 0.052253 0.059092
v -0.476983 0.050719 0.049217
v 0.194194 0.199478 0.122545
v 0.254159 0.146721 0.125639
v 0.194090 0.202576 0.074759
v 0.227470 0.179877 0.082672
v 0.220764 0.167573 0.166072
v 0.250541 0.141199 0.165743
v 0.166944 0.157430 0.255949
v 0.211754 0.119411 0.337473
v 0.154980 0.148602 0.300042
v 0.174030 0.132444 0.342398
v 0.201820 0.143357 0.253373
v 0.223827 0.118045 0.293124
v 0.551484 0.702230 -0.414874
v 0.281994 0.485411 -0.368794
v 0.361471 0.598123 -0.370522
v 0.286553 0.514907 -0.342937
v 0.497221 0.603229 -0.449874
v 0.334748 0.520720 -0.429282
v 0.340099 0.627517 -0.626094
v 0.337539 0.474224 -0.671349
v 0.309820 0.603764 -0.685494
v 0.320132 0.527253 -0.711966
v 0.367494 0.576234 -0.592076
v 0.347638 0.496319 -0.610848
v 0.334330 0.135171 -0.085065
v 0.348307 0.112359 0.001948
v 0.304112 0.164585 -0.080618
v 0.311332 0.148536 -0.037248
v 0.375992 0.097219 -0.043970
v 0.380993 0.091858 -0.003571
v 0.328653 0.281835 -0.409065
v 0.353969 0.294565 -0.524454
v 0.348134 0.224739 -0.415060
v 0.358738 0.231621 -0.471842
v 0.332022 0.359861 -0.456460
v 0.344125 0.363018 -0.516364
v 0.428081 0.068531 -0.107293
v 0.474923 0.053104 -0.044399
v 0.447106 0.066837 -0.121462
v 0.466593 0.060704 -0.092954
v 0.439980 0.061587 -0.058138
v 0.461336 0.055941 -0.030421
v 0.343202 0.077590 0.231920
v 0.318381 0.072237 0.312018
v 0.365713 0.060728 0.259837
v 0.350665 0.057838 0.300027
v 0.305153 0.094352 0.238813
v 0.294121 0.091306 0.280444
v 0.448433 0.049225 0.096100
v 0.481100 0.043429 0.069733
v 0.462648 0.042659 0.115401
v 0.475771 0.042291 0.101890
v 0.451033 0.049612 0.061783
v 0.474234 0.048941 0.049524
v -0.087494 -0.686518 0.224223
v -0.146976 -0.696151 0.389122
v -0.142273 -0.686015 0.213604
v -0.169662 -0.688009 0.293008
v -0.060347 -0.695688 0.310270
v -0.092373 -0.704699 0.392677
v -0.106601 -0.715419 -0.156274
v -0.147310 -0.780967 -0.286204
v -0.123259 -0.856934 -0.173516
v -0.148797 -0.900755 -0.258866
v -0.081718 -0.651978 -0.192865
v -0.100044 -0.681645 -0.248808
v 0.087299 -0.686168 0.227966
v 0.149980 -0.695152 0.391249
v 0.140333 -0.683454 0.217698
v 0.167314 -0.685733 0.296752
v 0.060359 -0.693844 0.314315
v 0.094915 -0.705490 0.394760
v 0.108287 -0.716079 -0.146363
v 0.143286 -0.784062 -0.285587
v 0.126580 -0.871606 -0.150135
v 0.150448 -0.904490 -0.252206
v 0.082491 -0.652104 -0.187724
v 0.100227 -0.682753 -0.246153
v -0.356751 -0.584359 0.449267
v -0.389465 -0.462438 0.348586
v -0.355069 -0.558235 0.370044
v -0.374097 -0.505597 0.323543
v -0.376697 -0.543942 0.469840
v -0.388687 -0.476417 0.414878
v -0.089415 -0.810545 0.610010
v 0.090839 -0.813087 0.609535
v -0.052941 -0.750131 0.669842
v 0.054011 -0.752274 0.670506
v -0.038113 -0.761685 0.541309
v 0.041821 -0.764071 0.540053
v -0.396343 -0.680863 0.678491
v -0.391614 -0.511987 0.681587
v -0.389971 -0.686198 0.751274
v -0.389193 -0.592540 0.750377
v -0.392324 -0.588105 0.613002
v -0.396356 -0.515592 0.618942
v -0.396331 -0.513333 -0.328549
v -0.421662 -0.396700 -0.256336
v -0.425564 -0.543656 -0.289365
v -0.431958 -0.476481 -0.248537
v -0.382210 -0.424093 -0.327113
v -0.396737 -0.371063 -0.293599
v -0.058381 -0.560882 -0.337442
v 0.061229 -0.562054 -0.338114
v -0.027770 -0.512149 -0.361610
v 0.029237 -0.514285 -0.362681
v -0.031381 -0.591368 -0.305148
v 0.033104 -0.590935 -0.305206
v -0.254821 -0.371573 -0.384844
v -0.241895 -0.226801 -0.389241
v -0.216562 -0.326743 -0.403689
v -0.208607 -0.255886 -0.408026
v -0.294059 -0.341923 -0.367818
v -0.283419 -0.265800 -0.369469
v -0.442423 -0.248767 -0.014859
v -0.433178 -0.260851 0.077704
v -0.443281 -0.312103 0.002240
v -0.435059 -0.314972 0.051860
v -0.432994 -0.191902 0.011446
v -0.432494 -0.198625 0.056010
v -0.368317 -0.168550 -0.261287
v -0.311546 -0.117599 -0.315047
v -0.349892 -0.103662 -0.259744
v -0.324488 -0.080217 -0.286890
v -0.360915 -0.215904 -0.292719
v -0.330397 -0.186977 -0.321584
v -0.403689 -0.065375 -0.058978
v -0.423044 0.012767 -0.019731
v -0.395153 -0.013484 -0.074836
v -0.414706 0.015250 -0.058334
v -0.411658 -0.070063 -0.019873
v -0.409805 -0.016446 0.004104
v -0.414235 -0.306697 0.385723
v -0.410398 -0.310089 0.498341
v -0.417714 -0.250371 0.390842
v -0.414284 -0.252192 0.440208
v -0.408716 -0.368066 0.437864
v -0.408428 -0.373299 0.498504
v -0.427217 -0.103959 0.137142
v -0.438831 -0.008503 0.089345
v -0.429073 -0.063198 0.146561
v -0.433246 -0.018394 0.118236
v -0.423569 -0.090286 0.097659
v -0.424896 -0.033485 0.076660
v 0.356882 -0.583803 0.448291
v 0.388402 -0.461347 0.347353
v 0.354748 -0.560569 0.369312
v 0.374627 -0.503787 0.323797
v 0.377896 -0.544017 0.469210
v 0.388786 -0.475298 0.415238
v 0.394247 -0.679189 0.677362
v 0.392276 -0.509671 0.682704
v 0.390918 -0.686279 0.751749
v 0.388865 -0.591685 0.750170
v 0.393143 -0.587264 0.612187
v 0.394872 -0.513356 0.617254
v 0.397225 -0.511724 -0.327415
v 0.418734 -0.395276 -0.253225
v 0.425179 -0.542819 -0.288693
v 0.430402 -0.476508 -0.247553
v 0.382608 -0.422563 -0.326200
v 0.398139 -0.371521 -0.293978
v 0.252679 -0.371814 -0.382137
v 0.242732 -0.228749 -0.388263
v 0.213605 -0.324461 -0.403872
v 0.209562 -0.257668 -0.407091
v 0.292298 -0.342388 -0.367807
v 0.283803 -0.265887 -0.368174
v 0.444179 -0.251044 -0.015608
v 0.434825 -0.260828 0.077256
v 0.441067 -0.311957 0.003010
v 0.435573 -0.314942 0.051232
v 0.435896 -0.192537 0.012056
v 0.432146 -0.198161 0.056330
v 0.371159 -0.170354 -0.258459
v 0.312186 -0.119621 -0.312457
v 0.351947 -0.104869 -0.255600
v 0.326617 -0.082079 -0.286316
v 0.364218 -0.217821 -0.292994
v 0.331025 -0.188838 -0.320297
v 0.406905 -0.066155 -0.056675
v 0.424626 0.011268 -0.016995
v 0.398102 -0.014231 -0.071147
v 0.415900 0.013939 -0.055344
v 0.412641 -0.069984 -0.015773
v 0.411856 -0.019144 0.005115
v 0.415435 -0.307959 0.385665
v 0.406288 -0.310135 0.498216
v 0.416826 -0.251826 0.389967
v 0.413725 -0.251930 0.441853
v 0.408022 -0.369690 0.438733
v 0.405681 -0.372130 0.497093
v 0.426759 -0.105995 0.134429
v 0.437048 -0.013392 0.086767
v 0.428171 -0.062280 0.144483
v 0.434532 -0.021235 0.118342
v 0.425187 -0.093600 0.096826
v 0.425630 -0.034524 0.076196
v 0.181489 -0.082593 0.845318
v 0.292456 -0.163092 0.801456
v 0.190020 -0.159165 0.874245
v 0.248382 -0.202585 0.848474
v 0.227360 -0.052292 0.794224
v 0.277912 -0.090298 0.773682
v -0.181567 -0.081962 0.845544
v -0.291760 -0.163353 0.801755
v -0.190680 -0.156459 0.874026
v -0.248920 -0.199885 0.848332
v -0.227054 -0.051205 0.795185
v -0.277609 -0.090796 0.773515
v 0.143777 0.076809 0.699587
v 0.206437 0.078925 0.596238
v 0.130929 0.101190 0.644619
v 0.161665 0.099334 0.596944
v 0.192816 0.047229 0.699259
v 0.224177 0.052941 0.643062
v -0.141753 0.076998 0.699472
v -0.206272 0.078681 0.597553
v -0.129407 0.101375 0.643678
v -0.162012 0.100516 0.598925
v -0.192365 0.045873 0.698342
v -0.223394 0.051354 0.642616
v 0.347773 -0.077455 0.605954
v 0.322199 0.011283 0.548458
v 0.359991 -0.052187 0.542957
v 0.347787 -0.013817 0.518659
v 0.319666 -0.047856 0.642333
v 0.303572 -0.003459 0.607828
v -0.348879 -0.076246 0.607055
v -0.320460 0.008977 0.548551
v -0.359584 -0.053067 0.543515
v -0.346885 -0.014779 0.518530
v -0.319129 -0.045542 0.642254
v -0.305548 0.001206 0.608207
v 0.119211 0.003783 -0.639916
v 0.165629 0.007912 -0.528826
v 0.101851 0.006642 -0.567746
v 0.125792 0.001819 -0.519801
v 0.169955 0.007902 -0.667371
v 0.194178 0.013440 -0.601926
v -0.120824 0.005275 -0.643031
v -0.167858 0.005900 -0.530861
v -0.104127 0.005667 -0.569241
v -0.125987 0.000155 -0.523154
v -0.171053 0.005366 -0.668467
v -0.195641 0.012426 -0.603747
v 0.191045 0.075391 -0.918416
v 0.333637 0.152060 -0.914866
v 0.213464 0.150294 -0.970805
v 0.284401 0.190646 -0.967305
v 0.236511 0.046441 -0.852740
v 0.307479 0.080957 -0.856776
v -0.192741 0.075101 -0.915595
v -0.333756 0.151030 -0.913599
v -0.213967 0.149276 -0.970433
v -0.285556 0.189974 -0.965989
v -0.239678 0.047181 -0.852819
v -0.308430 0.081548 -0.857355
v 0.297523 0.039963 -0.537885
v 0.349238 0.096253 -0.644110
v 0.333189 0.055103 -0.524991
v 0.354950 0.082240 -0.569576
v 0.287455 0.047209 -0.605586
v 0.316034 0.073612 -0.668591
v -0.298304 0.042051 -0.538665
v -0.351998 0.096887 -0.647792
v -0.334120 0.056438 -0.527373
v -0.358411 0.082374 -0.574345
v -0.290818 0.046043 -0.607317
v -0.320026 0.073242 -0.671682
v -0.116944 0.392327 -0.168521
v -0.132174 0.457398 -0.206559
v -0.099644 0.428342 -0.175522
v -0.117563 0.494117 -0.217266
v -0.144309 0.315560 -0.129434
v -0.104320 0.372469 -0.154461
v -0.139658 0.291629 -0.104397
v -0.164708 0.416081 -0.205251
v -0.140108 0.506886 -0.237805
v -0.181035 0.466606 -0.237645
v -0.167157 0.323371 -0.155232
v -0.189435 0.409284 -0.216704
v -0.188393 0.306570 -0.155398
v -0.166794 0.271065 -0.090165
v -0.191097 0.276005 -0.118546
v 0.112249 0.393316 -0.165510
v 0.128355 0.457803 -0.204110
v 0.097789 0.428336 -0.174934
v 0.116302 0.494310 -0.216480
v 0.138556 0.316303 -0.127805
v 0.101845 0.373438 -0.150506
v 0.133819 0.292841 -0.100239
v 0.159762 0.417902 -0.203540
v 0.138691 0.507482 -0.235771
v 0.177328 0.469364 -0.235948
v 0.162492 0.324121 -0.150858
v 0.185702 0.410010 -0.215125
v 0.186698 0.308391 -0.153944
v 0.161718 0.273369 -0.088396
v 0.184911 0.276358 -0.115807
v -0.324655 -0.676011 0.025676
v -0.377026 -0.768196 -0.047386
v -0.287864 -0.698084 0.024127
v -0.346034 -0.847122 -0.039516
v -0.358762 -0.608788 0.070002
v -0.296066 -0.654832 0.080855
v -0.340359 -0.604857 0.129332
v -0.415485 -0.670458 -0.073451
v -0.398368 -0.852368 -0.099144
v -0.432840 -0.705243 -0.130275
v -0.402830 -0.584180 0.001793
v -0.434060 -0.624262 -0.101357
v -0.419487 -0.541222 -0.020352
v -0.368307 -0.568113 0.111222
v -0.406741 -0.532227 0.033137
v 0.319122 -0.674396 0.026582
v 0.372639 -0.769590 -0.045327
v 0.281763 -0.693235 0.025602
v 0.338847 -0.847880 -0.035124
v 0.360809 -0.608623 0.069359
v 0.290844 -0.653623 0.083223
v 0.340195 -0.604741 0.131395
v 0.416435 -0.672529 -0.072324
v 0.395558 -0.854563 -0.096394
v 0.433170 -0.707597 -0.129177
v 0.400345 -0.585567 0.000447
v 0.433395 -0.622757 -0.100684
v 0.418652 -0.540584 -0.020544
v 0.368165 -0.567726 0.110992
v 0.405598 -0.532117 0.032832
v 0.000385 -0.640916 0.836860
v -0.099410 -0.587268 0.849322
v -0.042558 -0.682228 0.821674
v -0.156381 -0.649531 0.844977
v 0.101970 -0.590527 0.849795
v 0.045993 -0.682880 0.819389
v 0.159870 -0.650145 0.846221
v 0.059756 -0.476760 0.865636
v -0.060110 -0.477853 0.866148
v 0.061893 -0.403291 0.881895
v -0.062070 -0.402685 0.881305
v 0.175225 -0.575633 0.851670
v 0.122061 -0.446452 0.867855
v -0.170888 -0.577032 0.850902
v -0.122017 -0.445383 0.867919
v 0.000810 0.127512 0.381770
v -0.039534 0.136379 0.413419
v -0.013125 0.125006 0.350371
v -0.056092 0.143102 0.381924
v 0.042011 0.135153 0.412608
v 0.014701 0.123307 0.351153
v 0.057918 0.138290 0.380336
v 0.028851 0.139192 0.475584
v -0.026844 0.139706 0.476933
v 0.034126 0.141988 0.516617
v -0.029046 0.140807 0.518468
v 0.072216 0.138421 0.417353
v 0.059872 0.138107 0.489866
v -0.069612 0.140735 0.418849
v -0.058880 0.140583 0.487846
v -0.003544 -0.277722 -0.470134
v -0.047076 -0.223719 -0.474519
v -0.021823 -0.324379 -0.455389
v -0.072926 -0.264988 -0.464945
v 0.042785 -0.225121 -0.474759
v 0.019122 -0.323204 -0.459367
v 0.068570 -0.265708 -0.463592
v 0.025094 -0.141787 -0.484766
v -0.027193 -0.140520 -0.486035
v 0.024869 -0.092815 -0.494591
v -0.026831 -0.089534 -0.492083
v 0.073799 -0.211096 -0.469354
v 0.050789 -0.120984 -0.482821
v -0.078458 -0.211316 -0.468475
v -0.052892 -0.119545 -0.480873
v 0.000125 0.628663 -0.809952
v -0.095984 0.559921 -0.836057
v -0.039176 0.683704 -0.785591
v -0.139472 0.606985 -0.810474
v 0.093434 0.560476 -0.835762
v 0.037812 0.685061 -0.786078
v 0.140023 0.607607 -0.810977
v 0.057532 0.453884 -0.885635
v -0.060665 0.454478 -0.886780
v 0.065706 0.387293 -0.917006
v -0.066606 0.388348 -0.917476
v 0.160057 0.534966 -0.839761
v 0.122998 0.422685 -0.897785
v -0.159978 0.535241 -0.836845
v -0.123766 0.423209 -0.899725
v 0.416373 0.084937 -0.321785
v 0.432076 0.073350 -0.250014
v 0.417458 0.094640 -0.324603
v 0.436700 0.074018 -0.241860
v 0.390744 0.050083 -0.280701
v 0.416036 0.057223 -0.228524
v 0.379406 0.029445 -0.255012
v 0.405699 0.043356 -0.201714
v 0.399381 0.068152 -0.345031
v 0.373511 0.033275 -0.296614
v 0.385270 0.060137 -0.368248
v 0.408206 0.097584 -0.366890
v 0.394368 0.075589 -0.390892
v 0.442677 0.068294 -0.208758
v 0.426518 0.052932 -0.189706
v 0.438386 0.007987 0.272979
v 0.456519 0.010027 0.225078
v 0.438362 0.018043 0.261033
v 0.459977 0.020413 0.208859
v 0.428115 -0.035520 0.295014
v 0.443102 -0.009960 0.235101
v 0.425366 -0.062822 0.296290
v 0.434664 -0.023870 0.228511
v 0.424516 -0.017005 0.319776
v 0.422999 -0.064746 0.332734
v 0.410700 -0.035740 0.360875
v 0.424616 0.012944 0.297022
v 0.412058 -0.012515 0.349458
v 0.463090 0.017433 0.195085
v 0.449570 -0.003583 0.202394
v -0.413356 0.086502 -0.327591
v -0.428353 0.075420 -0.253834
v -0.416317 0.094805 -0.326114
v -0.431796 0.076881 -0.246725
v -0.388714 0.051303 -0.286479
v -0.412986 0.058990 -0.235076
v -0.376386 0.031213 -0.260458
v -0.403619 0.048518 -0.207781
v -0.395898 0.073541 -0.351027
v -0.370132 0.035261 -0.303071
v -0.381184 0.062003 -0.373945
v -0.405894 0.100272 -0.369924
v -0.392092 0.079057 -0.395959
v -0.438850 0.070528 -0.212940
v -0.422314 0.056327 -0.195630
v -0.436156 0.008968 0.272639
v -0.455031 0.012896 0.223683
v -0.437153 0.020387 0.258907
v -0.460867 0.023970 0.206476
v -0.428803 -0.032453 0.292203
v -0.442126 -0.008070 0.234063
v -0.423084 -0.059993 0.296989
v -0.434388 -0.023857 0.225967
v -0.423296 -0.015071 0.317617
v -0.420171 -0.065399 0.333305
v -0.412670 -0.033654 0.360841
v -0.423415 0.012477 0.295344
v -0.411689 -0.009173 0.347466
v -0.469863 0.020593 0.197403
v -0.450537 -0.001879 0.205280
v -0.025808 0.557418 -0.218497
v -0.037339 0.604490 -0.237502
v -0.046295 0.533807 -0.204713
v -0.062552 0.588199 -0.233791
v 0.024830 0.555633 -0.215846
v 0.037738 0.603294 -0.235496
v 0.043841 0.531631 -0.204456
v 0.059723 0.588216 -0.233166
v -0.000811 0.559231 -0.221090
v -0.027599 0.529314 -0.204169
v -0.003828 0.530423 -0.211076
v 0.000926 0.638178 -0.248422
v -0.060437 0.631196 -0.257004
v -0.018321 0.668640 -0.257687
v 0.026433 0.527518 -0.203586
v 0.001846 0.529793 -0.209450
v 0.059748 0.627161 -0.257369
v 0.018907 0.665904 -0.255233
v -0.079481 0.266044 -0.040460
v -0.137290 0.229151 0.050540
v -0.082509 0.294593 -0.082408
v -0.137437 0.240203 0.003463
v -0.064890 0.217006 0.143018
v -0.114736 0.188564 0.208569
v -0.055043 0.205748 0.206743
v -0.102578 0.180491 0.257560
v -0.050187 0.252600 0.000224
v -0.057729 0.322925 -0.105052
v -0.033334 0.300411 -0.079977
v -0.159753 0.192903 0.163004
v -0.167632 0.219093 0.067156
v -0.191271 0.178751 0.165295
v -0.036938 0.228224 0.142734
v -0.027610 0.263251 -0.011578
v -0.137162 0.170877 0.258327
v -0.180635 0.166042 0.210576
v -0.221939 0.754460 -0.429184
v -0.338574 0.721616 -0.440319
v -0.197873 0.682981 -0.367861
v -0.285572 0.653288 -0.380532
v -0.210919 0.852090 -0.616657
v -0.273640 0.736234 -0.622573
v -0.167106 0.806021 -0.661372
v -0.250854 0.719071 -0.683143
v -0.259315 0.973850 -0.518726
v -0.172856 0.730416 -0.384096
v -0.162918 0.862748 -0.451064
v -0.406126 0.755993 -0.549969
v -0.388746 0.673371 -0.405324
v -0.527250 0.708837 -0.542632
v -0.147016 0.851459 -0.614644
v -0.181758 0.989993 -0.518981
v -0.298289 0.674044 -0.656000
v -0.399478 0.661777 -0.575113
v -0.270544 0.325024 -0.273291
v -0.291011 0.212342 -0.181521
v -0.254389 0.359074 -0.259117
v -0.260062 0.239932 -0.174406
v -0.338564 0.193983 -0.303291
v -0.377842 0.113557 -0.202631
v -0.364059 0.151991 -0.311980
v -0.405766 0.092007 -0.211904
v -0.295946 0.321600 -0.340982
v -0.266720 0.416261 -0.310408
v -0.296098 0.417009 -0.386893
v -0.359923 0.124242 -0.141917
v -0.298486 0.185720 -0.131594
v -0.370540 0.105231 -0.090497
v -0.340250 0.211464 -0.358974
v -0.313878 0.347021 -0.397569
v -0.420655 0.075599 -0.157107
v -0.403568 0.077806 -0.094946
v -0.291753 0.131982 0.085917
v -0.324968 0.121644 0.044816
v -0.259697 0.165956 0.045622
v -0.288330 0.155107 0.005903
v -0.383078 0.063317 0.183029
v -0.417407 0.053666 0.137603
v -0.405095 0.048605 0.207444
v -0.439476 0.041697 0.160007
v -0.322760 0.099615 0.159573
v -0.259365 0.155589 0.083226
v -0.288274 0.118907 0.166348
v -0.388902 0.074282 0.073374
v -0.320316 0.130332 0.006254
v -0.388915 0.079717 0.038954
v -0.375225 0.060301 0.219320
v -0.316922 0.095594 0.199192
v -0.443566 0.044643 0.127156
v -0.422090 0.060131 0.068418
v 0.077348 0.266544 -0.038095
v 0.132308 0.232854 0.050871
v 0.079968 0.295807 -0.079530
v 0.133978 0.244810 0.004833
v 0.064788 0.208600 0.140269
v 0.113628 0.182084 0.207103
v 0.055105 0.191055 0.200633
v 0.102054 0.174007 0.255891
v 0.051246 0.251210 0.002563
v 0.056113 0.323223 -0.104803
v 0.033451 0.298910 -0.076984
v 0.037603 0.215105 0.136411
v 0.030486 0.259716 -0.009427
v 0.155420 0.197043 0.162436
v 0.164104 0.223861 0.068435
v 0.191305 0.199409 0.174175
v 0.136445 0.167451 0.258044
v 0.180112 0.173093 0.212296
v 0.221537 0.753347 -0.425945
v 0.341290 0.719848 -0.439517
v 0.199571 0.683106 -0.368808
v 0.290214 0.650389 -0.378153
v 0.211354 0.851839 -0.615997
v 0.271830 0.738062 -0.622894
v 0.166708 0.805742 -0.660082
v 0.250777 0.718162 -0.683620
v 0.259499 0.974011 -0.519742
v 0.171636 0.729435 -0.382362
v 0.161336 0.860623 -0.450263
v 0.146509 0.850797 -0.615538
v 0.182001 0.990193 -0.518810
v 0.405200 0.755951 -0.549384
v 0.390056 0.672181 -0.405500
v 0.526622 0.709418 -0.540837
v 0.297547 0.674209 -0.656218
v 0.400101 0.662976 -0.574896
v 0.268534 0.326352 -0.273114
v 0.290628 0.215603 -0.180590
v 0.252396 0.359460 -0.257114
v 0.262269 0.242017 -0.172488
v 0.339271 0.194636 -0.303864
v 0.377712 0.115484 -0.202182
v 0.366099 0.155442 -0.310945
v 0.405345 0.092039 -0.211965
v 0.298008 0.319823 -0.341292
v 0.269015 0.417881 -0.308642
v 0.296380 0.415489 -0.386606
v 0.356028 0.125446 -0.140097
v 0.296844 0.187291 -0.128739
v 0.366344 0.106263 -0.087791
v 0.341340 0.212985 -0.359588
v 0.314353 0.345697 -0.399017
v 0.416057 0.077039 -0.157764
v 0.398465 0.083258 -0.095886
v 0.288372 0.134906 0.084590
v 0.320081 0.124711 0.044536
v 0.255131 0.167832 0.044532
v 0.283979 0.158093 0.005838
v 0.381504 0.065046 0.182808
v 0.417903 0.051903 0.138769
v 0.406595 0.045816 0.207807
v 0.438873 0.041447 0.162536
v 0.318203 0.100153 0.159449
v 0.256616 0.156894 0.084828
v 0.285136 0.119514 0.162122
v 0.387951 0.077561 0.076216
v 0.315873 0.133916 0.006174
v 0.385153 0.085216 0.037168
v 0.373718 0.061700 0.219272
v 0.312786 0.096011 0.198318
v 0.443883 0.046031 0.130297
v 0.419112 0.063178 0.068692
v -0.095782 -0.686002 0.069049
v -0.109746 -0.697299 -0.059151
v -0.154187 -0.695668 0.052257
v -0.154269 -0.776684 -0.061633
v 0.089216 -0.683597 0.075066
v 0.103263 -0.693889 -0.050653
v 0.145443 -0.693516 0.061510
v 0.155087 -0.762687 -0.052562
v -0.000558 -0.679798 0.154235
v -0.119334 -0.682621 0.136834
v -0.030649 -0.687712 0.231012
v -0.003317 -0.637002 -0.095347
v -0.127103 -0.763495 -0.113054
v -0.046935 -0.633698 -0.143345
v 0.113631 -0.681796 0.144848
v 0.029745 -0.686123 0.232406
v 0.127157 -0.761682 -0.101105
v 0.043899 -0.633307 -0.138919
v -0.225840 -0.687063 0.466180
v -0.302468 -0.664016 0.481077
v -0.240539 -0.676859 0.359103
v -0.305019 -0.633639 0.383889
v -0.225783 -0.987839 0.688534
v -0.365787 -0.875456 0.715701
v -0.173104 -0.938133 0.783974
v -0.330846 -0.877676 0.795265
v -0.182444 -0.811864 0.528604
v -0.197355 -0.688941 0.378011
v -0.130432 -0.722869 0.478949
v -0.362410 -0.706674 0.575579
v -0.331786 -0.613646 0.424461
v -0.366439 -0.615929 0.524778
v -0.119015 -0.924931 0.706221
v -0.114984 -0.794892 0.537856
v -0.385826 -0.783755 0.742777
v -0.382317 -0.654903 0.600463
v -0.276234 -0.808208 -0.366800
v -0.359769 -0.664990 -0.355624
v -0.322317 -0.894565 -0.331473
v -0.409617 -0.718540 -0.327652
v -0.140174 -0.525460 -0.368425
v -0.206335 -0.461073 -0.382494
v -0.105901 -0.468003 -0.385769
v -0.167884 -0.406013 -0.402436
v -0.155761 -0.650329 -0.331755
v -0.221496 -0.889765 -0.333190
v -0.128012 -0.681703 -0.297494
v -0.302198 -0.501755 -0.361086
v -0.405713 -0.610276 -0.329594
v -0.345550 -0.466823 -0.345721
v -0.084809 -0.518615 -0.362756
v -0.094526 -0.614730 -0.314674
v -0.212112 -0.392952 -0.392762
v -0.297483 -0.421134 -0.364066
v -0.431996 -0.351286 -0.172458
v -0.440954 -0.301494 -0.091026
v -0.443641 -0.423684 -0.161736
v -0.446520 -0.367919 -0.077097
v -0.387967 -0.144203 -0.192672
v -0.400964 -0.111263 -0.126890
v -0.371907 -0.082562 -0.199763
v -0.386900 -0.053328 -0.137648
v -0.408492 -0.260379 -0.222528
v -0.434108 -0.413829 -0.210345
v -0.404086 -0.316169 -0.258462
v -0.427172 -0.179188 -0.073731
v -0.448339 -0.306934 -0.044657
v -0.432630 -0.188225 -0.030678
v -0.370004 -0.124998 -0.228390
v -0.387398 -0.240733 -0.261900
v -0.396365 -0.059909 -0.099269
v -0.417320 -0.125322 -0.044169
v -0.407408 -0.390042 0.241925
v -0.424017 -0.324962 0.152671
v -0.397957 -0.440836 0.218905
v -0.421213 -0.376625 0.126674
v -0.420636 -0.239025 0.283746
v -0.424786 -0.171780 0.204683
v -0.421259 -0.187517 0.292422
v -0.425073 -0.123949 0.214001
v -0.409867 -0.352003 0.318588
v -0.392532 -0.448830 0.281452
v -0.400450 -0.412971 0.365869
v -0.429437 -0.215065 0.143194
v -0.429477 -0.320080 0.102114
v -0.430458 -0.205870 0.100060
v -0.420211 -0.245191 0.335824
v -0.408344 -0.360584 0.377994
v -0.425644 -0.111639 0.178755
v -0.427539 -0.153996 0.120258
v 0.229898 -0.688232 0.469623
v 0.305519 -0.663591 0.479181
v 0.241442 -0.675909 0.360754
v 0.305384 -0.632296 0.383057
v 0.225844 -0.987645 0.690525
v 0.368594 -0.874463 0.712183
v 0.174052 -0.937506 0.784515
v 0.331614 -0.877357 0.793978
v 0.185290 -0.814102 0.530233
v 0.198007 -0.689973 0.380715
v 0.134618 -0.726316 0.477041
v 0.119645 -0.925806 0.707735
v 0.116984 -0.795431 0.537993
v 0.360622 -0.706101 0.574509
v 0.332797 -0.612876 0.419989
v 0.366958 -0.615844 0.524460
v 0.384418 -0.781877 0.740083
v 0.381323 -0.653668 0.597469
v 0.275273 -0.808356 -0.364786
v 0.362047 -0.664051 -0.356584
v 0.321380 -0.894984 -0.332395
v 0.410484 -0.717023 -0.326390
v 0.141718 -0.526250 -0.367696
v 0.206549 -0.462017 -0.383314
v 0.106659 -0.467893 -0.387257
v 0.166772 -0.407691 -0.404179
v 0.158032 -0.651795 -0.331166
v 0.218877 -0.890513 -0.331766
v 0.127358 -0.685176 -0.296708
v 0.085792 -0.518167 -0.362610
v 0.097488 -0.615829 -0.312380
v 0.302318 -0.500903 -0.360359
v 0.406076 -0.609387 -0.329230
v 0.347223 -0.466932 -0.346808
v 0.213460 -0.392855 -0.394860
v 0.299169 -0.419179 -0.363078
v 0.434631 -0.351420 -0.170917
v 0.439941 -0.302109 -0.090074
v 0.440839 -0.423897 -0.159727
v 0.446345 -0.367358 -0.078167
v 0.390290 -0.145824 -0.192690
v 0.401881 -0.111458 -0.123331
v 0.376126 -0.083806 -0.195695
v 0.388719 -0.057197 -0.133808
v 0.406072 -0.261550 -0.220591
v 0.434996 -0.413557 -0.209332
v 0.403318 -0.316675 -0.255276
v 0.427197 -0.180142 -0.070672
v 0.445482 -0.307475 -0.044370
v 0.436056 -0.185725 -0.029796
v 0.371694 -0.126629 -0.224075
v 0.388005 -0.241285 -0.259571
v 0.398669 -0.060936 -0.094692
v 0.420445 -0.124981 -0.043415
v 0.406374 -0.392399 0.241720
v 0.422304 -0.325672 0.151210
v 0.398615 -0.440367 0.216667
v 0.420148 -0.377588 0.126377
v 0.420624 -0.239208 0.288574
v 0.425443 -0.171916 0.205924
v 0.425537 -0.189440 0.296322
v 0.425983 -0.123029 0.214547
v 0.411163 -0.352050 0.319470
v 0.392597 -0.447152 0.280286
v 0.400537 -0.413032 0.364280
v 0.427935 -0.214695 0.145212
v 0.428361 -0.319329 0.100716
v 0.430490 -0.206414 0.101032
v 0.419418 -0.247881 0.339049
v 0.409300 -0.359405 0.378106
v 0.427940 -0.115950 0.174170
v 0.427833 -0.153544 0.119703
v 0.062790 -0.080343 0.890994
v -0.062437 -0.079178 0.891424
v 0.069249 -0.156716 0.948951
v -0.069169 -0.155510 0.950279
v 0.050252 0.088349 0.727777
v -0.048981 0.088177 0.726909
v 0.045156 0.114828 0.669310
v -0.044548 0.115589 0.669099
v 0.112569 0.018226 0.800702
v 0.127678 -0.117656 0.891907
v 0.170625 -0.015317 0.804011
v -0.111575 0.018306 0.800486
v -0.127395 -0.117283 0.891284
v -0.169894 -0.014808 0.804146
v 0.093775 0.097393 0.687705
v 0.158306 0.037811 0.754178
v -0.093150 0.099041 0.688577
v -0.156822 0.039323 0.754044
v 0.366776 -0.404999 0.731048
v 0.335429 -0.283812 0.771067
v 0.348840 -0.466238 0.790450
v 0.295035 -0.331080 0.814525
v 0.400812 -0.237808 0.546038
v 0.380446 -0.158469 0.584707
v 0.405535 -0.189250 0.486931
v 0.387250 -0.122631 0.522583
v 0.395647 -0.362598 0.614745
v 0.380962 -0.497598 0.744625
v 0.395764 -0.438195 0.618527
v 0.408175 -0.247927 0.493641
v 0.400993 -0.370995 0.556921
v 0.358460 -0.165652 0.704611
v 0.295334 -0.244695 0.811785
v 0.324054 -0.128537 0.745834
v 0.370251 -0.101525 0.566492
v 0.336988 -0.100472 0.675724
v -0.366794 -0.406372 0.732118
v -0.334571 -0.285128 0.771113
v -0.348848 -0.465726 0.789678
v -0.295377 -0.330931 0.813611
v -0.400850 -0.237461 0.547433
v -0.381709 -0.157171 0.586726
v -0.405202 -0.188751 0.485092
v -0.386879 -0.121783 0.521268
v -0.396829 -0.365462 0.614768
v -0.380885 -0.499085 0.744392
v -0.395741 -0.438456 0.618200
v -0.410056 -0.247451 0.494246
v -0.404004 -0.372915 0.558147
v -0.357933 -0.163540 0.703986
v -0.294290 -0.245050 0.811542
v -0.325054 -0.128839 0.745958
v -0.370571 -0.100631 0.566523
v -0.336772 -0.101319 0.671993
v 0.214740 0.108509 0.421711
v 0.213935 0.094205 0.504802
v 0.177170 0.127451 0.423448
v 0.172340 0.114744 0.508219
v 0.323586 0.055158 0.385062
v 0.323014 0.038328 0.463527
v 0.353334 0.042385 0.365724
v 0.352564 0.023712 0.437906
v 0.270689 0.084413 0.367400
v 0.195377 0.121365 0.380004
v 0.247197 0.102186 0.331154
v 0.338670 0.056950 0.342256
v 0.282056 0.086479 0.323573
v 0.271594 0.055201 0.535613
v 0.189853 0.097652 0.551484
v 0.250422 0.054379 0.589607
v 0.337997 0.017137 0.491625
v 0.290435 0.033317 0.573454
v -0.215606 0.105090 0.420083
v -0.212399 0.092985 0.505357
v -0.178207 0.122818 0.425643
v -0.172142 0.109666 0.507830
v -0.323734 0.055109 0.385230
v -0.323817 0.039825 0.462495
v -0.356148 0.042643 0.367521
v -0.352006 0.022093 0.439280
v -0.270879 0.080499 0.369968
v -0.195950 0.117173 0.381715
v -0.247928 0.097306 0.334532
v -0.340417 0.055810 0.343466
v -0.283597 0.084205 0.324499
v -0.272295 0.057034 0.534408
v -0.188796 0.095230 0.550996
v -0.253787 0.060281 0.589759
v -0.334742 0.015358 0.491826
v -0.290347 0.036208 0.574712
v 0.038155 0.021743 -0.649169
v -0.040730 0.023189 -0.650216
v 0.033564 0.016199 -0.578712
v -0.035428 0.013310 -0.579780
v 0.060998 0.112060 -0.883058
v -0.064049 0.113325 -0.881860
v 0.067917 0.172970 -0.931545
v -0.070381 0.174376 -0.929833
v 0.099580 0.031229 -0.775710
v 0.074237 0.012257 -0.611717
v 0.134170 -0.004361 -0.731529
v -0.102589 0.031783 -0.777075
v -0.075361 0.011704 -0.611024
v -0.137501 -0.004921 -0.729866
v 0.131703 0.129669 -0.925627
v 0.161659 0.019084 -0.831888
v -0.133970 0.129368 -0.926559
v -0.163652 0.019433 -0.829088
v 0.197789 -0.121801 -0.407841
v 0.167531 -0.032877 -0.438288
v 0.167683 -0.147524 -0.425495
v 0.137547 -0.053771 -0.452260
v 0.279136 -0.038906 -0.347249
v 0.282324 0.007770 -0.427334
v 0.307828 -0.017902 -0.336505
v 0.317027 0.022213 -0.420311
v 0.259866 -0.129434 -0.364018
v 0.203869 -0.187955 -0.407097
v 0.271459 -0.194794 -0.366842
v 0.301934 -0.057148 -0.312030
v 0.296645 -0.161059 -0.341241
v 0.229054 0.005004 -0.484691
v 0.145044 -0.010452 -0.476014
v 0.213242 0.014905 -0.540662
v 0.307769 0.031545 -0.475894
v 0.258500 0.026088 -0.544081
v -0.199151 -0.122264 -0.404880
v -0.168801 -0.031733 -0.436283
v -0.170493 -0.148846 -0.427389
v -0.136815 -0.053991 -0.452321
v -0.279311 -0.036753 -0.348320
v -0.282893 0.009648 -0.431118
v -0.308157 -0.017502 -0.339987
v -0.317537 0.023454 -0.423947
v -0.258531 -0.125741 -0.363210
v -0.205031 -0.187699 -0.406646
v -0.270647 -0.192956 -0.366324
v -0.299134 -0.054501 -0.313833
v -0.293101 -0.156899 -0.340772
v -0.230863 0.008305 -0.485910
v -0.147156 -0.009843 -0.475287
v -0.215916 0.013232 -0.542844
v -0.308905 0.033883 -0.479257
v -0.257893 0.025513 -0.544595
v 0.349704 0.375030 -0.762084
v 0.366758 0.269437 -0.865078
v 0.320804 0.422038 -0.801948
v 0.325361 0.310279 -0.905897
v 0.373225 0.228203 -0.584864
v 0.378167 0.161761 -0.634677
v 0.379538 0.185445 -0.527082
v 0.382191 0.131995 -0.564669
v 0.357914 0.344072 -0.637820
v 0.330690 0.449836 -0.735360
v 0.348502 0.416337 -0.627010
v 0.367288 0.234786 -0.527845
v 0.353680 0.355506 -0.576357
v 0.380547 0.163386 -0.781638
v 0.339797 0.229846 -0.931694
v 0.357747 0.126075 -0.833162
v 0.369230 0.117311 -0.607940
v 0.348477 0.111299 -0.729065
v -0.350106 0.374459 -0.763260
v -0.367794 0.266714 -0.866675
v -0.320334 0.422432 -0.801377
v -0.326049 0.309418 -0.906062
v -0.374000 0.228266 -0.588182
v -0.376778 0.161432 -0.636032
v -0.379594 0.185688 -0.528187
v -0.382238 0.132795 -0.567187
v -0.358448 0.343700 -0.639430
v -0.331821 0.449474 -0.735473
v -0.346812 0.415738 -0.626456
v -0.367632 0.236903 -0.527923
v -0.352830 0.356866 -0.575716
v -0.379948 0.162978 -0.782813
v -0.340126 0.227739 -0.931428
v -0.355958 0.126054 -0.834905
v -0.373279 0.115953 -0.611305
v -0.350242 0.112350 -0.731811
v 0.485402 0.049028 -0.038151
v 0.461645 0.042210 -0.027534
v 0.475936 0.052284 -0.081264
v 0.455506 0.042032 -0.068269
v 0.488622 0.036964 0.070994
v 0.474965 0.023679 0.075168
v 0.482858 0.032889 0.101147
v 0.473066 0.018715 0.108089
v 0.488964 0.044973 0.014679
v 0.477272 0.053049 -0.062867
v 0.479232 0.051270 -0.003131
v 0.483301 0.036592 0.086506
v 0.479452 0.047678 0.033355
v 0.452726 0.019637 0.028790
v 0.439936 0.029646 -0.043249
v 0.431743 0.008008 0.018293
v 0.455467 0.007782 0.097656
v 0.436152 0.000590 0.051512
v -0.481303 0.049540 -0.038788
v -0.459190 0.040758 -0.031159
v -0.473475 0.054421 -0.082420
v -0.453669 0.046639 -0.071347
v -0.486662 0.033968 0.069314
v -0.468849 0.020689 0.074138
v -0.487800 0.035978 0.102900
v -0.460425 0.011071 0.100211
v -0.489117 0.048121 0.019495
v -0.476998 0.057063 -0.062221
v -0.482625 0.052121 -0.001210
v -0.487297 0.039384 0.084243
v -0.484809 0.048138 0.034047
v -0.448897 0.020645 0.030073
v -0.440127 0.033205 -0.045929
v -0.429440 0.010828 0.017915
v -0.448068 0.004077 0.092719
v -0.434493 0.003549 0.054314
v -0.067078 0.446671 -0.174032
v -0.073127 0.387809 -0.152547
v -0.108277 0.583061 -0.253640
v -0.135930 0.600883 -0.286531
v -0.054495 0.426929 -0.165716
v -0.113763 0.635969 -0.288810
v -0.168307 0.238061 -0.019956
v -0.198215 0.219185 -0.007212
v -0.199217 0.208746 0.032443
v -0.241269 0.526778 -0.300661
v -0.236950 0.460863 -0.268499
v -0.269609 0.528113 -0.320724
v -0.242076 0.235169 -0.120705
v -0.247200 0.209591 -0.074273
v -0.278425 0.186266 -0.078844
v 0.064760 0.445613 -0.173225
v 0.070960 0.386041 -0.150163
v 0.105033 0.580453 -0.255168
v 0.135653 0.600010 -0.284664
v 0.052129 0.426104 -0.163085
v 0.115666 0.633121 -0.290006
v 0.162745 0.241053 -0.017251
v 0.192229 0.222130 -0.005232
v 0.195161 0.211609 0.033452
v 0.238893 0.525866 -0.298541
v 0.235608 0.459028 -0.269294
v 0.268269 0.526077 -0.319287
v 0.239144 0.237522 -0.118689
v 0.245543 0.214358 -0.074800
v 0.274070 0.190313 -0.077716
v -0.219052 -0.672901 0.099648
v -0.236204 -0.674769 0.179015
v -0.236038 -0.963186 -0.111369
v -0.310172 -0.966485 -0.192166
v -0.191602 -0.681551 0.196762
v -0.197255 -0.962027 -0.195208
v -0.343534 -0.577407 0.254148
v -0.365146 -0.533389 0.219857
v -0.359790 -0.543180 0.292551
v -0.447483 -0.646839 -0.223186
v -0.445442 -0.566208 -0.182649
v -0.439883 -0.560613 -0.238660
v -0.434492 -0.429867 -0.007385
v -0.425476 -0.426821 0.042939
v -0.438404 -0.371804 0.023331
v 0.212288 -0.675124 0.107742
v 0.232728 -0.673809 0.183720
v 0.247561 -0.957659 -0.108040
v 0.312005 -0.966185 -0.190160
v 0.190668 -0.680822 0.202609
v 0.198605 -0.965585 -0.182951
v 0.341783 -0.574627 0.252920
v 0.368879 -0.531457 0.217214
v 0.360235 -0.543804 0.291893
v 0.448381 -0.646859 -0.224231
v 0.444684 -0.566111 -0.181793
v 0.441477 -0.560632 -0.238587
v 0.439227 -0.429377 -0.010231
v 0.428026 -0.426655 0.043207
v 0.436961 -0.371466 0.021373
v -0.050116 -0.716585 0.758288
v 0.053376 -0.719106 0.759380
v -0.300726 -0.720460 0.845000
v -0.306827 -0.618316 0.836587
v -0.001023 -0.691482 0.704630
v -0.361315 -0.666122 0.809330
v 0.303759 -0.720669 0.844313
v 0.309127 -0.616243 0.835684
v 0.361753 -0.665739 0.808640
v 0.129421 -0.283997 0.898490
v 0.189521 -0.328730 0.871538
v -0.127738 -0.283544 0.896507
v -0.189679 -0.326869 0.872917
v 0.189628 -0.242275 0.877104
v -0.190924 -0.241078 0.877551
v -0.012912 0.180333 0.261252
v 0.014260 0.171497 0.259040
v -0.106321 0.154242 0.345302
v -0.125141 0.144424 0.385063
v 0.000640 0.206523 0.207163
v -0.141596 0.146459 0.342854
v 0.105821 0.150840 0.342495
v 0.123283 0.141117 0.383201
v 0.140599 0.144353 0.342313
v 0.075756 0.133139 0.580813
v 0.107857 0.131187 0.544466
v -0.074741 0.132242 0.582034
v -0.106586 0.130497 0.545147
v 0.118396 0.120744 0.591416
v -0.117810 0.119863 0.593082
v -0.024101 -0.418060 -0.410429
v 0.025829 -0.418012 -0.411542
v -0.139968 -0.296735 -0.440635
v -0.141973 -0.235084 -0.445097
v -0.000265 -0.464988 -0.386526
v -0.176953 -0.278886 -0.424822
v 0.139951 -0.297297 -0.442785
v 0.139486 -0.233625 -0.445568
v 0.175683 -0.279996 -0.425732
v 0.054690 -0.021578 -0.508454
v 0.080488 -0.048945 -0.486998
v -0.056978 -0.019974 -0.508404
v -0.082965 -0.044927 -0.485363
v 0.087495 -0.005992 -0.511493
v -0.088318 -0.006513 -0.509819
v -0.043543 0.791987 -0.723385
v 0.044961 0.790870 -0.723722
v -0.259376 0.630709 -0.776210
v -0.272575 0.549763 -0.801118
v 0.000610 0.827791 -0.675816
v -0.290157 0.578192 -0.744055
v 0.258442 0.629433 -0.777034
v 0.270445 0.551811 -0.800743
v 0.293047 0.579744 -0.746157
v 0.142513 0.277633 -0.959586
v 0.217094 0.316691 -0.969123
v -0.146300 0.277925 -0.960935
v -0.218145 0.317601 -0.969098
v 0.222709 0.234028 -0.992579
v -0.224124 0.232621 -0.992903
v 0.387361 0.139215 -0.368987
v 0.387413 0.145300 -0.419827
v 0.443875 0.068271 -0.183987
v 0.458054 0.063635 -0.151933
v 0.369428 0.181474 -0.419738
v 0.456477 0.063422 -0.136950
v 0.354623 -0.023350 -0.244352
v 0.343398 -0.012115 -0.283060
v 0.399826 0.018852 -0.135194
v 0.421960 0.037349 -0.120858
v 0.338157 -0.046389 -0.259967
v 0.407755 0.016019 -0.094340
v 0.366034 0.058825 -0.443338
v 0.380616 0.079606 -0.477198
v 0.364885 0.068466 -0.506736
v 0.411669 0.034790 0.262012
v 0.400086 0.033249 0.299865
v 0.472256 0.031882 0.165838
v 0.481887 0.033035 0.148296
v 0.384149 0.046453 0.282298
v 0.474265 0.036507 0.133729
v 0.420198 -0.146860 0.341118
v 0.415392 -0.147356 0.386099
v 0.430268 -0.038592 0.186288
v 0.445692 -0.012491 0.163764
v 0.417542 -0.195938 0.390293
v 0.433961 -0.032757 0.152199
v 0.387755 -0.051281 0.448630
v 0.383987 -0.016923 0.427594
v 0.368459 -0.034601 0.484821
v -0.388475 0.134412 -0.369579
v -0.387720 0.146700 -0.419999
v -0.445140 0.071476 -0.187580
v -0.456166 0.065817 -0.153444
v -0.370244 0.177774 -0.420306
v -0.458935 0.064902 -0.136225
v -0.350920 -0.022195 -0.248497
v -0.340220 -0.007585 -0.286789
v -0.398571 0.021295 -0.139407
v -0.420320 0.041107 -0.124465
v -0.336231 -0.044665 -0.263195
v -0.407251 0.019527 -0.097155
v -0.362211 0.060491 -0.448199
v -0.379070 0.081425 -0.481919
v -0.364790 0.070794 -0.509484
v -0.410165 0.036722 0.263806
v -0.399988 0.032872 0.300112
v -0.469562 0.032602 0.158879
v -0.480183 0.034979 0.147644
v -0.384208 0.045452 0.281355
v -0.475636 0.037712 0.131219
v -0.420264 -0.144441 0.340726
v -0.415298 -0.145419 0.383606
v -0.428763 -0.045394 0.185956
v -0.438078 -0.018044 0.157460
v -0.417966 -0.195985 0.387962
v -0.429098 -0.033649 0.149173
v -0.388313 -0.049735 0.447883
v -0.382496 -0.016553 0.429017
v -0.368989 -0.032394 0.484755
v -0.006303 0.385246 -0.144111
v 0.006566 0.383599 -0.143553
v 0.001423 0.314765 -0.092410
v -0.034666 0.775851 -0.372504
v 0.035628 0.776719 -0.371766
v 0.001606 0.821550 -0.444145
v -0.244753 0.132374 0.208467
v -0.235446 0.122789 0.251876
v -0.270861 0.107741 0.247629
v -0.360313 0.529732 -0.494251
v -0.355948 0.513674 -0.553114
v -0.339213 0.441925 -0.505423
v -0.420116 0.064289 -0.005542
v -0.447912 0.057705 -0.015386
v -0.451179 0.053456 0.023829
v 0.244749 0.134101 0.206596
v 0.236557 0.126256 0.250849
v 0.269649 0.112098 0.243375
v 0.360268 0.529691 -0.494735
v 0.357174 0.516388 -0.554533
v 0.339291 0.442567 -0.507107
v 0.413904 0.070936 -0.007975
v 0.443953 0.058897 -0.016701
v 0.447788 0.056144 0.022202
v -0.029514 -0.708162 0.394879
v 0.034300 -0.711660 0.394266
v 0.000397 -0.732382 0.473766
v -0.040574 -0.615265 -0.228854
v 0.041071 -0.616034 -0.226513
v 0.000258 -0.608830 -0.268434
v -0.390942 -0.493320 0.484470
v -0.393190 -0.506546 0.550384
v -0.400423 -0.434693 0.494251
v -0.366398 -0.341702 -0.327395
v -0.325186 -0.304056 -0.349256
v -0.348321 -0.261984 -0.325714
v -0.428133 -0.136972 0.037039
v -0.415526 -0.074068 0.019949
v -0.421127 -0.081489 0.058780
v 0.390707 -0.491870 0.483304
v 0.396710 -0.505557 0.552109
v 0.400623 -0.435151 0.492377
v 0.367334 -0.341570 -0.326299
v 0.326355 -0.306599 -0.349404
v 0.351355 -0.263327 -0.326868
v 0.426054 -0.138544 0.035434
v 0.418349 -0.075751 0.022412
v 0.422811 -0.082619 0.059406
v 0.260509 -0.029058 0.735993
v 0.240846 0.015617 0.688670
v 0.282586 -0.016172 0.670762
v -0.259060 -0.032022 0.734071
v -0.240158 0.013934 0.689109
v -0.283818 -0.014475 0.670466
v 0.224777 0.024599 -0.681166
v 0.264166 0.039364 -0.772460
v 0.276649 0.048180 -0.682905
v -0.228301 0.023518 -0.684495
v -0.267638 0.040057 -0.773057
v -0.279072 0.047644 -0.685377
f 1 647 644
f 1 644 643
f 1 643 645
f 1 645 646
f 1 646 647
f 2 649 652
f 6 672 670
f 12 702 699
f 11 696 695
f 8 679 681
f 4 662 659
f 4 659 658
f 4 658 660
f 4 660 661
f 4 661 662
f 5 666 665
f 3 654 657
f 7 673 677
f 9 685 686
f 10 692 688
f 12 701 698
f 6 669 668
f 2 650 648
f 8 682 678
f 11 697 693
f 6 671 669
f 12 700 701
f 11 694 697
f 8 680 682
f 2 651 650
f 10 690 689
f 5 663 664
f 3 655 653
f 7 676 674
f 9 687 684
f 10 691 690
f 5 667 663
f 3 656 655
f 7 675 676
f 9 683 687
f 6 668 672
f 2 648 649
f 8 678 679
f 11 693 696
f 12 698 702
f 10 688 691
f 5 665 667
f 3 657 656
f 7 677 675
f 9 686 683
f 5 664 666
f 3 653 654
f 7 674 673
f 9 684 685
f 10 689 692
f 6 670 671
f 12 699 700
f 11 695 694
f 8 681 680
f 2 652 651
f 35 837 838
f 18 735 736
f 19 742 741
f 40 868 867
f 42 880 879
f 34 832 831
f 33 827 828
f 25 778 780
f 36 844 846
f 20 749 747
f 32 819 820
f 23 765 767
f 24 773 771
f 37 850 849
f 41 876 875
f 34 833 834
f 33 826 825
f 25 779 777
f 36 845 843
f 20 748 750
f 17 729 727
f 14 711 709
f 13 706 703
f 15 718 715
f 16 724 721
f 18 737 733
f 35 839 835
f 42 882 878
f 40 870 866
f 19 744 740
f 30 807 805
f 27 789 787
f 22 762 758
f 28 797 793
f 29 802 799
f 32 821 817
f 23 766 763
f 24 774 770
f 37 852 848
f 41 874 872
f 35 838 836
f 18 736 734
f 19 741 739
f 40 867 865
f 42 879 877
f 34 831 829
f 33 828 824
f 25 780 776
f 36 846 842
f 20 747 745
f 32 820 818
f 23 767 764
f 24 771 769
f 37 849 847
f 41 875 871
f 34 834 830
f 33 825 823
f 25 777 775
f 36 843 841
f 20 750 746
f 14 714 710
f 13 707 704
f 15 719 716
f 16 725 722
f 17 732 728
f 21 755 752
f 31 814 811
f 26 784 781
f 38 857 853
f 39 862 860
f 27 792 788
f 22 759 757
f 28 796 794
f 29 803 800
f 30 810 806
f 31 815 812
f 26 785 782
f 38 856 854
f 39 863 859
f 21 754 751
f 14 712 714
f 13 705 707
f 15 717 719
f 16 723 725
f 17 730 732
f 21 753 755
f 31 816 814
f 26 786 784
f 38 858 857
f 39 861 862
f 27 791 792
f 22 761 759
f 28 795 796
f 29 801 803
f 30 808 810
f 31 813 815
f 26 783 785
f 38 855 856
f 39 864 863
f 21 756 754
f 14 709 712
f 13 703 705
f 15 715 717
f 16 721 723
f 17 727 730
f 21 751 753
f 31 812 816
f 26 782 786
f 38 854 858
f 39 859 861
f 27 787 791
f 22 758 761
f 28 793 795
f 29 799 801
f 30 805 808
f 31 811 813
f 26 781 783
f 38 853 855
f 39 860 864
f 21 752 756
f 17 728 731
f 14 710 713
f 13 704 708
f 15 716 720
f 16 722 726
f 18 734 738
f 35 836 840
f 42 877 881
f 40 865 869
f 19 739 743
f 30 806 809
f 27 788 790
f 22 757 760
f 28 794 798
f 29 800 804
f 32 818 822
f 23 764 768
f 24 769 772
f 37 847 851
f 41 871 873
f 35 835 837
f 18 733 735
f 19 740 742
f 40 866 868
f 42 878 880
f 34 830 832
f 33 823 827
f 25 775 778
f 36 841 844
f 20 746 749
f 32 817 819
f 23 763 765
f 24 770 773
f 37 848 850
f 41 872 876
f 34 829 833
f 33 824 826
f 25 776 779
f 36 842 845
f 20 745 748
f 17 731 729
f 14 713 711
f 13 708 706
f 15 720 718
f 16 726 724
f 18 738 737
f 35 840 839
f 42 881 882
f 40 869 870
f 19 743 744
f 30 809 807
f 27 790 789
f 22 760 762
f 28 798 797
f 29 804 802
f 32 822 821
f 23 768 766
f 24 772 774
f 37 851 852
f 41 873 874
f 107 1269 1270
f 103 1245 1246
f 104 1252 1251
f 110 1288 1287
f 113 1306 1305
f 118 1336 1335
f 154 1551 1552
f 141 1473 1474
f 162 1599 1600
f 121 1354 1353
f 142 1479 1480
f 129 1401 1402
f 130 1408 1407
f 144 1492 1491
f 146 1504 1503
f 151 1533 1534
f 131 1414 1413
f 136 1444 1443
f 161 1594 1593
f 126 1383 1384
f 116 1323 1324
f 108 1275 1276
f 106 1263 1264
f 112 1299 1300
f 115 1317 1318
f 119 1341 1342
f 156 1564 1563
f 139 1462 1461
f 160 1588 1587
f 120 1347 1348
f 149 1521 1522
f 132 1420 1419
f 128 1395 1396
f 145 1497 1498
f 148 1515 1516
f 155 1557 1558
f 133 1425 1426
f 134 1431 1432
f 157 1570 1569
f 124 1372 1371
f 109 1282 1281
f 105 1258 1257
f 111 1294 1293
f 114 1312 1311
f 117 1330 1329
f 125 1378 1377
f 152 1540 1539
f 137 1449 1450
f 158 1575 1576
f 123 1365 1366
f 143 1486 1485
f 127 1390 1389
f 135 1437 1438
f 147 1510 1509
f 150 1528 1527
f 153 1546 1545
f 140 1468 1467
f 138 1455 1456
f 159 1581 1582
f 122 1359 1360
f 107 1272 1271
f 103 1248 1247
f 104 1253 1254
f 110 1289 1290
f 113 1307 1308
f 118 1337 1338
f 154 1554 1553
f 141 1476 1475
f 162 1602 1601
f 121 1355 1356
f 142 1482 1481
f 129 1404 1403
f 130 1409 1410
f 144 1493 1494
f 146 1505 1506
f 151 1536 1535
f 131 1415 1416
f 136 1445 1446
f 161 1595 1596
f 126 1386 1385
f 47 909 907
f 44 891 889
f 43 886 883
f 45 898 895
f 46 904 901
f 49 922 919
f 72 1060 1057
f 102 1240 1237
f 96 1204 1201
f 79 1102 1099
f 62 999 997
f 59 981 979
f 58 976 973
f 60 988 985
f 61 994 991
f 66 1024 1021
f 54 952 949
f 73 1066 1063
f 85 1138 1135
f 92 1179 1177
f 101 1233 1231
f 69 1041 1039
f 50 927 925
f 82 1119 1117
f 97 1209 1207
f 71 1053 1051
f 100 1228 1225
f 94 1192 1189
f 80 1108 1105
f 51 933 931
f 90 1167 1165
f 63 1005 1003
f 55 957 955
f 76 1083 1081
f 87 1150 1147
f 91 1174 1171
f 67 1029 1027
f 56 963 961
f 75 1077 1075
f 83 1126 1123
f 68 1036 1033
f 48 915 913
f 78 1095 1093
f 93 1185 1183
f 98 1216 1213
f 88 1155 1153
f 65 1018 1015
f 57 970 967
f 77 1090 1087
f 86 1143 1141
f 64 1012 1009
f 53 945 943
f 74 1071 1069
f 84 1131 1129
f 89 1162 1159
f 70 1047 1045
f 99 1221 1219
f 95 1197 1195
f 81 1114 1111
f 52 940 937
f 109 1284 1280
f 105 1260 1256
f 111 1296 1292
f 114 1314 1310
f 117 1332 1328
f 125 1380 1376
f 152 1542 1538
f 137 1451 1447
f 158 1577 1573
f 123 1367 1363
f 143 1488 1484
f 127 1392 1388
f 135 1439 1435
f 147 1512 1508
f 150 1530 1526
f 153 1548 1544
f 140 1470 1466
f 138 1457 1453
f 159 1583 1579
f 122 1361 1357
f 107 1270 1268
f 103 1246 1244
f 104 1251 1249
f 110 1287 1285
f 113 1305 1303
f 118 1335 1333
f 154 1552 1550
f 141 1474 1472
f 162 1600 1598
f 121 1353 1351
f 142 1480 1478
f 129 1402 1400
f 130 1407 1405
f 144 1491 1489
f 146 1503 1501
f 151 1534 1532
f 131 1413 1411
f 136 1443 1441
f 161 1593 1591
f 126 1384 1382
f 116 1324 1322
f 108 1276 1274
f 106 1264 1262
f 112 1300 1298
f 115 1318 1316
f 119 1342 1340
f 156 1563 1561
f 139 1461 1459
f 160 1587 1585
f 120 1348 1346
f 149 1522 1520
f 132 1419 1417
f 128 1396 1394
f 145 1498 1496
f 148 1516 1514
f 155 1558 1556
f 133 1426 1424
f 134 1432 1430
f 157 1569 1567
f 124 1371 1369
f 109 1281 1279
f 105 1257 1255
f 111 1293 1291
f 114 1311 1309
f 117 1329 1327
f 125 1377 1375
f 152 1539 1537
f 137 1450 1448
f 158 1576 1574
f 123 1366 1364
f 143 1485 1483
f 127 1389 1387
f 135 1438 1436
f 147 1509 1507
f 150 1527 1525
f 153 1545 1543
f 140 1467 1465
f 138 1456 1454
f 159 1582 1580
f 122 1360 1358
f 107 1271 1267
f 103 1247 1243
f 104 1254 1250
f 110 1290 1286
f 113 1308 1304
f 118 1338 1334
f 154 1553 1549
f 141 1475 1471
f 162 1601 1597
f 121 1356 1352
f 142 1481 1477
f 129 1403 1399
f 130 1410 1406
f 144 1494 1490
f 146 1506 1502
f 151 1535 1531
f 131 1416 1412
f 136 1446 1442
f 161 1596 1592
f 126 1385 1381
f 44 894 890
f 43 887 884
f 45 899 896
f 46 905 902
f 47 912 908
f 52 941 938
f 70 1050 1046
f 99 1224 1220
f 95 1200 1196
f 81 1115 1112
f 59 984 980
f 58 977 974
f 60 989 986
f 61 995 992
f 62 1002 998
f 65 1019 1016
f 57 971 968
f 77 1091 1088
f 86 1146 1142
f 88 1158 1154
f 98 1217 1214
f 68 1037 1034
f 48 918 914
f 78 1098 1094
f 93 1188 1184
f 69 1044 1040
f 101 1236 1232
f 97 1212 1208
f 82 1122 1118
f 50 930 926
f 89 1163 1160
f 64 1013 1010
f 53 948 944
f 74 1074 1070
f 84 1134 1130
f 90 1170 1166
f 63 1008 1004
f 55 960 956
f 76 1086 1082
f 87 1151 1148
f 72 1061 1058
f 49 923 920
f 79 1103 1100
f 96 1205 1202
f 102 1241 1238
f 91 1175 1172
f 67 1032 1028
f 56 966 962
f 75 1080 1076
f 83 1127 1124
f 66 1025 1022
f 54 953 950
f 73 1067 1064
f 85 1139 1136
f 92 1182 1178
f 71 1056 1052
f 100 1229 1226
f 94 1193 1190
f 80 1109 1106
f 51 936 932
f 116 1325 1321
f 108 1277 1273
f 106 1265 1261
f 112 1301 1297
f 115 1319 1315
f 119 1343 1339
f 156 1566 1562
f 139 1464 1460
f 160 1590 1586
f 120 1349 1345
f 149 1523 1519
f 132 1422 1418
f 128 1397 1393
f 145 1499 1495
f 148 1517 1513
f 155 1559 1555
f 133 1427 1423
f 134 1433 1429
f 157 1572 1568
f 124 1374 1370
f 44 892 894
f 43 885 887
f 45 897 899
f 46 903 905
f 47 910 912
f 52 939 941
f 70 1048 1050
f 99 1222 1224
f 95 1198 1200
f 81 1113 1115
f 59 982 984
f 58 975 977
f 60 987 989
f 61 993 995
f 62 1000 1002
f 65 1017 1019
f 57 969 971
f 77 1089 1091
f 86 1144 1146
f 88 1156 1158
f 98 1215 1217
f 68 1035 1037
f 48 916 918
f 78 1096 1098
f 93 1186 1188
f 69 1042 1044
f 101 1234 1236
f 97 1210 1212
f 82 1120 1122
f 50 928 930
f 89 1161 1163
f 64 1011 1013
f 53 946 948
f 74 1072 1074
f 84 1132 1134
f 90 1168 1170
f 63 1006 1008
f 55 958 960
f 76 1084 1086
f 87 1149 1151
f 72 1059 1061
f 49 921 923
f 79 1101 1103
f 96 1203 1205
f 102 1239 1241
f 91 1173 1175
f 67 1030 1032
f 56 964 966
f 75 1078 1080
f 83 1125 1127
f 66 1023 1025
f 54 951 953
f 73 1065 1067
f 85 1137 1139
f 92 1180 1182
f 71 1054 1056
f 100 1227 1229
f 94 1191 1193
f 80 1107 1109
f 51 934 936
f 116 1326 1325
f 108 1278 1277
f 106 1266 1265
f 112 1302 1301
f 115 1320 1319
f 119 1344 1343
f 156 1565 1566
f 139 1463 1464
f 160 1589 1590
f 120 1350 1349
f 149 1524 1523
f 132 1421 1422
f 128 1398 1397
f 145 1500 1499
f 148 1518 1517
f 155 1560 1559
f 133 1428 1427
f 134 1434 1433
f 157 1571 1572
f 124 1373 1374
f 44 889 892
f 43 883 885
f 45 895 897
f 46 901 903
f 47 907 910
f 52 937 939
f 70 1045 1048
f 99 1219 1222
f 95 1195 1198
f 81 1111 1113
f 59 979 982
f 58 973 975
f 60 985 987
f 61 991 993
f 62 997 1000
f 65 1015 1017
f 57 967 969
f 77 1087 1089
f 86 1141 1144
f 88 1153 1156
f 98 1213 1215
f 68 1033 1035
f 48 913 916
f 78 1093 1096
f 93 1183 1186
f 69 1039 1042
f 101 1231 1234
f 97 1207 1210
f 82 1117 1120
f 50 925 928
f 89 1159 1161
f 64 1009 1011
f 53 943 946
f 74 1069 1072
f 84 1129 1132
f 90 1165 1168
f 63 1003 1006
f 55 955 958
f 76 1081 1084
f 87 1147 1149
f 72 1057 1059
f 49 919 921
f 79 1099 1101
f 96 1201 1203
f 102 1237 1239
f 91 1171 1173
f 67 1027 1030
f 56 961 964
f 75 1075 1078
f 83 1123 1125
f 66 1021 1023
f 54 949 951
f 73 1063 1065
f 85 1135 1137
f 92 1177 1180
f 71 1051 1054
f 100 1225 1227
f 94 1189 1191
f 80 1105 1107
f 51 931 934
f 116 1322 1326
f 108 1274 1278
f 106 1262 1266
f 112 1298 1302
f 115 1316 1320
f 119 1340 1344
f 156 1561 1565
f 139 1459 1463
f 160 1585 1589
f 120 1346 1350
f 149 1520 1524
f 132 1417 1421
f 128 1394 1398
f 145 1496 1500
f 148 1514 1518
f 155 1556 1560
f 133 1424 1428
f 134 1430 1434
f 157 1567 1571
f 124 1369 1373
f 47 908 911
f 44 890 893
f 43 884 888
f 45 896 900
f 46 902 906
f 49 920 924
f 72 1058 1062
f 102 1238 1242
f 96 1202 1206
f 79 1100 1104
f 62 998 1001
f 59 980 983
f 58 974 978
f 60 986 990
f 61 992 996
f 66 1022 1026
f 54 950 954
f 73 1064 1068
f 85 1136 1140
f 92 1178 1181
f 101 1232 1235
f 69 1040 1043
f 50 926 929
f 82 1118 1121
f 97 1208 1211
f 71 1052 1055
f 100 1226 1230
f 94 1190 1194
f 80 1106 1110
f 51 932 935
f 90 1166 1169
f 63 1004 1007
f 55 956 959
f 76 1082 1085
f 87 1148 1152
f 91 1172 1176
f 67 1028 1031
f 56 962 965
f 75 1076 1079
f 83 1124 1128
f 68 1034 1038
f 48 914 917
f 78 1094 1097
f 93 1184 1187
f 98 1214 1218
f 88 1154 1157
f 65 1016 1020
f 57 968 972
f 77 1088 1092
f 86 1142 1145
f 64 1010 1014
f 53 944 947
f 74 1070 1073
f 84 1130 1133
f 89 1160 1164
f 70 1046 1049
f 99 1220 1223
f 95 1196 1199
f 81 1112 1116
f 52 938 942
f 109 1279 1283
f 105 1255 1259
f 111 1291 1295
f 114 1309 1313
f 117 1327 1331
f 125 1375 1379
f 152 1537 1541
f 137 1448 1452
f 158 1574 1578
f 123 1364 1368
f 143 1483 1487
f 127 1387 1391
f 135 1436 1440
f 147 1507 1511
f 150 1525 1529
f 153 1543 1547
f 140 1465 1469
f 138 1454 1458
f 159 1580 1584
f 122 1358 1362
f 107 1267 1269
f 103 1243 1245
f 104 1250 1252
f 110 1286 1288
f 113 1304 1306
f 118 1334 1336
f 154 1549 1551
f 141 1471 1473
f 162 1597 1599
f 121 1352 1354
f 142 1477 1479
f 129 1399 1401
f 130 1406 1408
f 144 1490 1492
f 146 1502 1504
f 151 1531 1533
f 131 1412 1414
f 136 1442 1444
f 161 1592 1594
f 126 1381 1383
f 116 1321 1323
f 108 1273 1275
f 106 1261 1263
f 112 1297 1299
f 115 1315 1317
f 119 1339 1341
f 156 1562 1564
f 139 1460 1462
f 160 1586 1588
f 120 1345 1347
f 149 1519 1521
f 132 1418 1420
f 128 1393 1395
f 145 1495 1497
f 148 1513 1515
f 155 1555 1557
f 133 1423 1425
f 134 1429 1431
f 157 1568 1570
f 124 1370 1372
f 109 1280 1282
f 105 1256 1258
f 111 1292 1294
f 114 1310 1312
f 117 1328 1330
f 125 1376 1378
f 152 1538 1540
f 137 1447 1449
f 158 1573 1575
f 123 1363 1365
f 143 1484 1486
f 127 1388 1390
f 135 1435 1437
f 147 1508 1510
f 150 1526 1528
f 153 1544 1546
f 140 1466 1468
f 138 1453 1455
f 159 1579 1581
f 122 1357 1359
f 107 1268 1272
f 103 1244 1248
f 104 1249 1253
f 110 1285 1289
f 113 1303 1307
f 118 1333 1337
f 154 1550 1554
f 141 1472 1476
f 162 1598 1602
f 121 1351 1355
f 142 1478 1482
f 129 1400 1404
f 130 1405 1409
f 144 1489 1493
f 146 1501 1505
f 151 1532 1536
f 131 1411 1415
f 136 1441 1445
f 161 1591 1595
f 126 1382 1386
f 47 911 909
f 44 893 891
f 43 888 886
f 45 900 898
f 46 906 904
f 49 924 922
f 72 1062 1060
f 102 1242 1240
f 96 1206 1204
f 79 1104 1102
f 62 1001 999
f 59 983 981
f 58 978 976
f 60 990 988
f 61 996 994
f 66 1026 1024
f 54 954 952
f 73 1068 1066
f 85 1140 1138
f 92 1181 1179
f 101 1235 1233
f 69 1043 1041
f 50 929 927
f 82 1121 1119
f 97 1211 1209
f 71 1055 1053
f 100 1230 1228
f 94 1194 1192
f 80 1110 1108
f 51 935 933
f 90 1169 1167
f 63 1007 1005
f 55 959 957
f 76 1085 1083
f 87 1152 1150
f 91 1176 1174
f 67 1031 1029
f 56 965 963
f 75 1079 1077
f 83 1128 1126
f 68 1038 1036
f 48 917 915
f 78 1097 1095
f 93 1187 1185
f 98 1218 1216
f 88 1157 1155
f 65 1020 1018
f 57 972 970
f 77 1092 1090
f 86 1145 1143
f 64 1014 1012
f 53 947 945
f 74 1073 1071
f 84 1133 1131
f 89 1164 1162
f 70 1049 1047
f 99 1223 1221
f 95 1199 1197
f 81 1116 1114
f 52 942 940
f 109 1283 1284
f 105 1259 1260
f 111 1295 1296
f 114 1313 1314
f 117 1331 1332
f 125 1379 1380
f 152 1541 1542
f 137 1452 1451
f 158 1578 1577
f 123 1368 1367
f 143 1487 1488
f 127 1391 1392
f 135 1440 1439
f 147 1511 1512
f 150 1529 1530
f 153 1547 1548
f 140 1469 1470
f 138 1458 1457
f 159 1584 1583
f 122 1362 1361
f 407 1609 1616
f 403 1605 1608
f 404 1611 1606
f 410 1614 1612
f 413 1617 1615
f 422 1631 1624
f 486 1688 1692
f 573 1775 1782
f 561 1763 1765
f 512 1719 1714
f 452 1654 1661
f 448 1650 1653
f 449 1656 1651
f 455 1659 1657
f 458 1662 1660
f 470 1672 1675
f 437 1646 1639
f 494 1706 1696
f 531 1735 1733
f 539 1741 1751
f 568 1770 1779
f 478 1680 1683
f 419 1621 1626
f 509 1711 1721
f 554 1756 1766
f 482 1684 1689
f 576 1780 1778
f 558 1767 1760
f 516 1722 1718
f 425 1627 1629
f 542 1744 1747
f 463 1668 1665
f 434 1636 1641
f 497 1699 1704
f 528 1730 1737
f 546 1748 1750
f 464 1666 1676
f 440 1642 1644
f 500 1705 1702
f 524 1736 1726
f 479 1691 1681
f 418 1623 1620
f 508 1713 1710
f 553 1764 1755
f 569 1781 1771
f 538 1749 1740
f 471 1677 1673
f 443 1645 1647
f 501 1703 1707
f 523 1725 1734
f 467 1674 1669
f 433 1638 1635
f 493 1695 1698
f 527 1732 1729
f 543 1752 1745
f 485 1690 1687
f 572 1777 1774
f 557 1759 1762
f 515 1717 1720
f 428 1630 1632
f 591 2191 2189
f 587 1885 1883
f 588 1901 1903
f 594 2279 2281
f 597 2315 2317
f 600 2171 2173
f 634 2160 2158
f 619 2016 2012
f 639 2214 2210
f 602 1919 1924
f 624 2137 2135
f 608 1978 1973
f 610 1991 1996
f 627 2225 2227
f 630 2302 2304
f 635 2178 2176
f 615 2153 2155
f 617 2009 2014
f 637 2207 2212
f 604 1926 1922
f 416 1857 1864
f 408 1803 1810
f 406 1786 1795
f 412 1822 1831
f 415 1840 1849
f 424 1876 1887
f 492 2182 2193
f 582 2312 2321
f 565 2276 2285
f 514 1898 1907
f 461 2091 2098
f 453 2037 2044
f 451 1952 1961
f 457 2056 2067
f 460 2074 2083
f 475 2128 2139
f 439 1966 1975
f 496 1988 1997
f 533 2222 2231
f 551 2293 2298
f 579 2185 2190
f 483 1879 1884
f 426 1893 1900
f 521 2271 2278
f 566 2307 2314
f 489 2163 2170
f 578 2150 2159
f 560 2006 2015
f 518 2204 2213
f 429 1911 1918
f 547 2131 2136
f 465 1969 1977
f 441 1983 1990
f 504 2217 2224
f 537 2290 2301
f 550 2168 2177
f 476 2145 2152
f 444 2001 2008
f 502 2199 2206
f 526 1916 1925
f 481 1808 1817
f 420 1789 1797
f 510 1825 1833
f 555 1843 1851
f 571 1862 1871
f 540 1933 1941
f 473 2110 2119
f 447 2020 2029
f 507 2236 2247
f 534 2257 2262
f 469 2042 2051
f 435 1947 1954
f 498 2059 2064
f 529 2077 2085
f 545 2096 2105
f 487 2113 2121
f 574 2023 2031
f 562 2239 2244
f 520 2254 2265
f 432 1930 1939
f 589 1818 1814
f 583 1798 1793
f 586 1834 1829
f 593 1852 1847
f 596 1872 1868
f 599 1942 1937
f 633 2120 2124
f 620 2030 2034
f 640 2248 2250
f 603 2263 2261
f 622 2052 2050
f 607 1955 1960
f 612 2065 2063
f 626 2086 2081
f 629 2106 2102
f 631 2122 2117
f 614 2032 2027
f 618 2245 2243
f 641 2266 2268
f 605 1940 1944
f 409 1813 1804
f 405 1792 1785
f 411 1828 1821
f 414 1846 1839
f 417 1867 1858
f 431 1936 1929
f 488 2123 2114
f 575 2033 2024
f 563 2249 2240
f 519 2260 2253
f 454 2049 2038
f 450 1959 1951
f 456 2062 2055
f 459 2080 2073
f 462 2101 2092
f 472 2116 2109
f 446 2026 2019
f 506 2242 2235
f 535 2267 2258
f 541 1943 1934
f 570 1869 1861
f 480 1815 1807
f 421 1799 1790
f 511 1835 1826
f 556 1853 1844
f 484 1889 1880
f 580 2195 2186
f 567 2319 2308
f 522 2283 2272
f 427 1905 1894
f 544 2103 2095
f 468 2046 2041
f 436 1957 1948
f 499 2069 2060
f 530 2087 2078
f 548 2141 2132
f 466 1979 1970
f 442 1993 1984
f 505 2229 2218
f 536 2296 2289
f 491 2188 2181
f 423 1882 1875
f 513 1902 1897
f 564 2280 2275
f 581 2316 2311
f 549 2172 2167
f 477 2157 2146
f 445 2011 2002
f 503 2209 2200
f 525 1923 1915
f 474 2134 2127
f 438 1972 1965
f 495 1995 1987
f 532 2226 2221
f 552 2303 2294
f 490 2175 2164
f 577 2154 2149
f 559 2013 2005
f 517 2211 2203
f 430 1921 1912
f 590 1865 1870
f 584 1811 1816
f 585 1796 1800
f 592 1832 1836
f 595 1850 1854
f 598 1888 1890
f 636 2194 2196
f 621 2322 2320
f 642 2286 2284
f 601 1908 1906
f 623 2099 2104
f 611 2045 2047
f 609 1962 1958
f 625 2068 2070
f 628 2084 2088
f 632 2140 2142
f 613 1976 1980
f 616 1998 1994
f 638 2232 2230
f 606 2299 2297
f 407 2330 2329
f 403 2324 2323
f 404 2325 2326
f 410 2332 2333
f 413 2335 2336
f 422 2344 2345
f 486 2410 2409
f 573 2497 2496
f 561 2486 2485
f 512 2434 2435
f 452 2375 2374
f 448 2369 2368
f 449 2370 2371
f 455 2377 2378
f 458 2380 2381
f 470 2393 2392
f 437 2359 2360
f 494 2415 2416
f 531 2455 2456
f 539 2461 2460
f 568 2489 2488
f 478 2399 2398
f 419 2341 2340
f 509 2431 2430
f 554 2476 2475
f 482 2405 2404
f 576 2500 2501
f 558 2481 2482
f 516 2439 2440
f 425 2348 2347
f 542 2465 2464
f 463 2383 2384
f 434 2356 2355
f 497 2420 2419
f 528 2452 2451
f 546 2471 2470
f 464 2386 2385
f 440 2363 2362
f 500 2422 2423
f 524 2445 2446
f 479 2400 2401
f 418 2338 2339
f 508 2428 2429
f 553 2473 2474
f 569 2490 2491
f 538 2458 2459
f 471 2394 2395
f 443 2366 2365
f 501 2425 2424
f 523 2444 2443
f 467 2389 2390
f 433 2353 2354
f 493 2414 2413
f 527 2449 2450
f 543 2466 2467
f 485 2407 2408
f 572 2494 2495
f 557 2480 2479
f 515 2438 2437
f 428 2351 2350
f 591 2510 2511
f 587 2504 2505
f 588 2508 2507
f 594 2514 2513
f 597 2517 2516
f 600 2520 2519
f 634 2554 2556
f 619 2539 2540
f 639 2560 2561
f 602 2523 2521
f 624 2543 2544
f 608 2527 2529
f 610 2532 2530
f 627 2547 2546
f 630 2550 2549
f 635 2552 2553
f 615 2535 2534
f 617 2538 2536
f 637 2558 2557
f 604 2524 2525
f 167 1607 647
f 164 1603 644
f 163 1604 643
f 165 1610 645
f 166 1613 646
f 169 1622 649
f 192 1686 672
f 222 1773 702
f 216 1761 696
f 199 1712 679
f 182 1652 662
f 179 1648 659
f 178 1649 658
f 180 1655 660
f 181 1658 661
f 186 1670 666
f 174 1637 654
f 193 1694 673
f 205 1731 685
f 212 1739 692
f 221 1768 701
f 189 1678 669
f 170 1619 650
f 202 1709 682
f 217 1754 697
f 191 1682 671
f 220 1776 700
f 214 1758 694
f 200 1716 680
f 171 1625 651
f 210 1742 690
f 183 1663 663
f 175 1634 655
f 196 1697 676
f 207 1728 687
f 211 1746 691
f 187 1664 667
f 176 1640 656
f 195 1700 675
f 203 1724 683
f 188 1679 668
f 168 1618 648
f 198 1708 678
f 213 1753 693
f 218 1769 698
f 208 1738 688
f 185 1671 665
f 177 1643 657
f 197 1701 677
f 206 1723 686
f 184 1667 664
f 173 1633 653
f 194 1693 674
f 204 1727 684
f 209 1743 689
f 190 1685 670
f 219 1772 699
f 215 1757 695
f 201 1715 681
f 172 1628 652
f 357 2187 837
f 255 1881 735
f 262 1899 742
f 388 2277 868
f 400 2313 880
f 352 2169 832
f 347 2156 827
f 298 2010 778
f 364 2208 844
f 269 1917 749
f 339 2133 819
f 285 1971 765
f 293 1989 773
f 370 2223 850
f 396 2300 876
f 353 2174 833
f 346 2151 826
f 299 2007 779
f 365 2205 845
f 268 1920 748
f 249 1855 729
f 231 1801 711
f 226 1784 706
f 238 1820 718
f 244 1838 724
f 257 1874 737
f 359 2180 839
f 402 2310 882
f 390 2274 870
f 264 1896 744
f 327 2089 807
f 309 2035 789
f 282 1950 762
f 317 2054 797
f 322 2072 802
f 341 2126 821
f 286 1964 766
f 294 1986 774
f 372 2220 852
f 394 2291 874
f 358 2183 838
f 256 1877 736
f 261 1891 741
f 387 2269 867
f 399 2305 879
f 351 2161 831
f 348 2148 828
f 300 2004 780
f 366 2202 846
f 267 1909 747
f 340 2129 820
f 287 1967 767
f 291 1981 771
f 369 2215 849
f 395 2288 875
f 354 2166 834
f 345 2143 825
f 297 1999 777
f 363 2197 843
f 270 1914 750
f 234 1806 714
f 227 1787 707
f 239 1823 719
f 245 1841 725
f 252 1860 732
f 275 1931 755
f 334 2108 814
f 304 2018 784
f 377 2234 857
f 382 2255 862
f 312 2040 792
f 279 1945 759
f 316 2057 796
f 323 2075 803
f 330 2094 810
f 335 2111 815
f 305 2021 785
f 376 2237 856
f 383 2252 863
f 274 1928 754
f 232 1812 712
f 225 1791 705
f 237 1827 717
f 243 1845 723
f 250 1866 730
f 273 1935 753
f 336 2118 816
f 306 2028 786
f 378 2246 858
f 381 2259 861
f 311 2048 791
f 281 1953 761
f 315 2061 795
f 321 2079 801
f 328 2100 808
f 333 2115 813
f 303 2025 783
f 375 2241 855
f 384 2264 864
f 276 1938 756
f 229 1802 709
f 223 1783 703
f 235 1819 715
f 241 1837 721
f 247 1856 727
f 271 1927 751
f 332 2112 812
f 302 2022 782
f 374 2238 854
f 379 2251 859
f 307 2036 787
f 278 1949 758
f 313 2053 793
f 319 2071 799
f 325 2090 805
f 331 2107 811
f 301 2017 781
f 373 2233 853
f 380 2256 860
f 272 1932 752
f 248 1859 728
f 230 1805 710
f 224 1788 704
f 236 1824 716
f 242 1842 722
f 254 1878 734
f 356 2184 836
f 397 2306 877
f 385 2270 865
f 259 1892 739
f 326 2093 806
f 308 2039 788
f 277 1946 757
f 314 2058 794
f 320 2076 800
f 338 2130 818
f 284 1968 764
f 289 1982 769
f 367 2216 847
f 391 2287 871
f 355 2179 835
f 253 1873 733
f 260 1895 740
f 386 2273 866
f 398 2309 878
f 350 2165 830
f 343 2144 823
f 295 2000 775
f 361 2198 841
f 266 1913 746
f 337 2125 817
f 283 1963 763
f 290 1985 770
f 368 2219 848
f 392 2292 872
f 349 2162 829
f 344 2147 824
f 296 2003 776
f 362 2201 842
f 265 1910 745
f 251 1863 731
f 233 1809 713
f 228 1794 708
f 240 1830 720
f 246 1848 726
f 258 1886 738
f 360 2192 840
f 401 2318 881
f 389 2282 869
f 263 1904 743
f 329 2097 809
f 310 2043 790
f 280 1956 760
f 318 2066 798
f 324 2082 804
f 342 2138 822
f 288 1974 768
f 292 1992 772
f 371 2228 851
f 393 2295 873
f 409 2331 1269
f 405 2327 1245
f 411 2328 1252
f 414 2334 1288
f 417 2337 1306
f 431 2346 1336
f 488 2412 1551
f 575 2499 1473
f 563 2487 1599
f 519 2436 1354
f 454 2376 1479
f 450 2372 1401
f 456 2373 1408
f 459 2379 1492
f 462 2382 1504
f 472 2396 1533
f 446 2361 1414
f 506 2418 1444
f 535 2457 1594
f 541 2463 1383
f 570 2492 1323
f 480 2402 1275
f 421 2343 1263
f 511 2433 1299
f 556 2478 1317
f 484 2406 1341
f 580 2502 1564
f 567 2484 1462
f 522 2442 1588
f 427 2349 1347
f 544 2468 1521
f 468 2387 1420
f 436 2358 1395
f 499 2421 1497
f 530 2454 1515
f 548 2472 1557
f 466 2388 1425
f 442 2364 1431
f 505 2426 1570
f 536 2448 1372
f 491 2403 1282
f 423 2342 1258
f 513 2432 1294
f 564 2477 1312
f 581 2493 1330
f 549 2462 1378
f 477 2397 1540
f 445 2367 1449
f 503 2427 1575
f 525 2447 1365
f 474 2391 1486
f 438 2357 1390
f 495 2417 1437
f 532 2453 1510
f 552 2469 1528
f 490 2411 1546
f 577 2498 1468
f 559 2483 1455
f 517 2441 1581
f 430 2352 1359
f 590 2509 1272
f 584 2503 1248
f 585 2506 1253
f 592 2512 1289
f 595 2515 1307
f 598 2518 1337
f 636 2555 1554
f 621 2541 1476
f 642 2562 1602
f 601 2522 1355
f 623 2542 1482
f 611 2528 1404
f 609 2531 1409
f 625 2545 1493
f 628 2548 1505
f 632 2551 1536
f 613 2533 1415
f 616 2537 1445
f 638 2559 1595
f 606 2526 1386
f 407 1616 909
f 403 1608 891
f 404 1606 886
f 410 1612 898
f 413 1615 904
f 422 1624 922
f 486 1692 1060
f 573 1782 1240
f 561 1765 1204
f 512 1714 1102
f 452 1661 999
f 448 1653 981
f 449 1651 976
f 455 1657 988
f 458 1660 994
f 470 1675 1024
f 437 1639 952
f 494 1696 1066
f 531 1733 1138
f 539 1751 1179
f 568 1779 1233
f 478 1683 1041
f 419 1626 927
f 509 1721 1119
f 554 1766 1209
f 482 1689 1053
f 576 1778 1228
f 558 1760 1192
f 516 1718 1108
f 425 1629 933
f 542 1747 1167
f 463 1665 1005
f 434 1641 957
f 497 1704 1083
f 528 1737 1150
f 546 1750 1174
f 464 1676 1029
f 440 1644 963
f 500 1702 1077
f 524 1726 1126
f 479 1681 1036
f 418 1620 915
f 508 1710 1095
f 553 1755 1185
f 569 1771 1216
f 538 1740 1155
f 471 1673 1018
f 443 1647 970
f 501 1707 1090
f 523 1734 1143
f 467 1669 1012
f 433 1635 945
f 493 1698 1071
f 527 1729 1131
f 543 1745 1162
f 485 1687 1047
f 572 1774 1221
f 557 1762 1197
f 515 1720 1114
f 428 1632 940
f 591 2189 1284
f 587 1883 1260
f 588 1903 1296
f 594 2281 1314
f 597 2317 1332
f 600 2173 1380
f 634 2158 1542
f 619 2012 1451
f 639 2210 1577
f 602 1924 1367
f 624 2135 1488
f 608 1973 1392
f 610 1996 1439
f 627 2227 1512
f 630 2304 1530
f 635 2176 1548
f 615 2155 1470
f 617 2014 1457
f 637 2212 1583
f 604 1922 1361
f 416 1864 1270
f 408 1810 1246
f 406 1795 1251
f 412 1831 1287
f 415 1849 1305
f 424 1887 1335
f 492 2193 1552
f 582 2321 1474
f 565 2285 1600
f 514 1907 1353
f 461 2098 1480
f 453 2044 1402
f 451 1961 1407
f 457 2067 1491
f 460 2083 1503
f 475 2139 1534
f 439 1975 1413
f 496 1997 1443
f 533 2231 1593
f 551 2298 1384
f 579 2190 1324
f 483 1884 1276
f 426 1900 1264
f 521 2278 1300
f 566 2314 1318
f 489 2170 1342
f 578 2159 1563
f 560 2015 1461
f 518 2213 1587
f 429 1918 1348
f 547 2136 1522
f 465 1977 1419
f 441 1990 1396
f 504 2224 1498
f 537 2301 1516
f 550 2177 1558
f 476 2152 1426
f 444 2008 1432
f 502 2206 1569
f 526 1925 1371
f 481 1817 1281
f 420 1797 1257
f 510 1833 1293
f 555 1851 1311
f 571 1871 1329
f 540 1941 1377
f 473 2119 1539
f 447 2029 1450
f 507 2247 1576
f 534 2262 1366
f 469 2051 1485
f 435 1954 1389
f 498 2064 1438
f 529 2085 1509
f 545 2105 1527
f 487 2121 1545
f 574 2031 1467
f 562 2244 1456
f 520 2265 1582
f 432 1939 1360
f 589 1814 1271
f 583 1793 1247
f 586 1829 1254
f 593 1847 1290
f 596 1868 1308
f 599 1937 1338
f 633 2124 1553
f 620 2034 1475
f 640 2250 1601
f 603 2261 1356
f 622 2050 1481
f 607 1960 1403
f 612 2063 1410
f 626 2081 1494
f 629 2102 1506
f 631 2117 1535
f 614 2027 1416
f 618 2243 1446
f 641 2268 1596
f 605 1944 1385
f 409 1804 894
f 405 1785 887
f 411 1821 899
f 414 1839 905
f 417 1858 912
f 431 1929 941
f 488 2114 1050
f 575 2024 1224
f 563 2240 1200
f 519 2253 1115
f 454 2038 984
f 450 1951 977
f 456 2055 989
f 459 2073 995
f 462 2092 1002
f 472 2109 1019
f 446 2019 971
f 506 2235 1091
f 535 2258 1146
f 541 1934 1158
f 570 1861 1217
f 480 1807 1037
f 421 1790 918
f 511 1826 1098
f 556 1844 1188
f 484 1880 1044
f 580 2186 1236
f 567 2308 1212
f 522 2272 1122
f 427 1894 930
f 544 2095 1163
f 468 2041 1013
f 436 1948 948
f 499 2060 1074
f 530 2078 1134
f 548 2132 1170
f 466 1970 1008
f 442 1984 960
f 505 2218 1086
f 536 2289 1151
f 491 2181 1061
f 423 1875 923
f 513 1897 1103
f 564 2275 1205
f 581 2311 1241
f 549 2167 1175
f 477 2146 1032
f 445 2002 966
f 503 2200 1080
f 525 1915 1127
f 474 2127 1025
f 438 1965 953
f 495 1987 1067
f 532 2221 1139
f 552 2294 1182
f 490 2164 1056
f 577 2149 1229
f 559 2005 1193
f 517 2203 1109
f 430 1912 936
f 590 1870 1325
f 584 1816 1277
f 585 1800 1265
f 592 1836 1301
f 595 1854 1319
f 598 1890 1343
f 636 2196 1566
f 621 2320 1464
f 642 2284 1590
f 601 1906 1349
f 623 2104 1523
f 611 2047 1422
f 609 1958 1397
f 625 2070 1499
f 628 2088 1517
f 632 2142 1559
f 613 1980 1427
f 616 1994 1433
f 638 2230 1572
f 606 2297 1374
f 407 2329 892
f 403 2323 885
f 404 2326 897
f 410 2333 903
f 413 2336 910
f 422 2345 939
f 486 2409 1048
f 573 2496 1222
f 561 2485 1198
f 512 2435 1113
f 452 2374 982
f 448 2368 975
f 449 2371 987
f 455 2378 993
f 458 2381 1000
f 470 2392 1017
f 437 2360 969
f 494 2416 1089
f 531 2456 1144
f 539 2460 1156
f 568 2488 1215
f 478 2398 1035
f 419 2340 916
f 509 2430 1096
f 554 2475 1186
f 482 2404 1042
f 576 2501 1234
f 558 2482 1210
f 516 2440 1120
f 425 2347 928
f 542 2464 1161
f 463 2384 1011
f 434 2355 946
f 497 2419 1072
f 528 2451 1132
f 546 2470 1168
f 464 2385 1006
f 440 2362 958
f 500 2423 1084
f 524 2446 1149
f 479 2401 1059
f 418 2339 921
f 508 2429 1101
f 553 2474 1203
f 569 2491 1239
f 538 2459 1173
f 471 2395 1030
f 443 2365 964
f 501 2424 1078
f 523 2443 1125
f 467 2390 1023
f 433 2354 951
f 493 2413 1065
f 527 2450 1137
f 543 2467 1180
f 485 2408 1054
f 572 2495 1227
f 557 2479 1191
f 515 2437 1107
f 428 2350 934
f 591 2511 1326
f 587 2505 1278
f 588 2507 1266
f 594 2513 1302
f 597 2516 1320
f 600 2519 1344
f 634 2556 1565
f 619 2540 1463
f 639 2561 1589
f 602 2521 1350
f 624 2544 1524
f 608 2529 1421
f 610 2530 1398
f 627 2546 1500
f 630 2549 1518
f 635 2553 1560
f 615 2534 1428
f 617 2536 1434
f 637 2557 1571
f 604 2525 1373
f 164 1609 889
f 163 1605 883
f 165 1611 895
f 166 1614 901
f 167 1617 907
f 172 1631 937
f 190 1688 1045
f 219 1775 1219
f 215 1763 1195
f 201 1719 1111
f 179 1654 979
f 178 1650 973
f 180 1656 985
f 181 1659 991
f 182 1662 997
f 185 1672 1015
f 177 1646 967
f 197 1706 1087
f 206 1735 1141
f 208 1741 1153
f 218 1770 1213
f 188 1680 1033
f 168 1621 913
f 198 1711 1093
f 213 1756 1183
f 189 1684 1039
f 221 1780 1231
f 217 1767 1207
f 202 1722 1117
f 170 1627 925
f 209 1744 1159
f 184 1668 1009
f 173 1636 943
f 194 1699 1069
f 204 1730 1129
f 210 1748 1165
f 183 1666 1003
f 175 1642 955
f 196 1705 1081
f 207 1736 1147
f 192 1691 1057
f 169 1623 919
f 199 1713 1099
f 216 1764 1201
f 222 1781 1237
f 211 1749 1171
f 187 1677 1027
f 176 1645 961
f 195 1703 1075
f 203 1725 1123
f 186 1674 1021
f 174 1638 949
f 193 1695 1063
f 205 1732 1135
f 212 1752 1177
f 191 1690 1051
f 220 1777 1225
f 214 1759 1189
f 200 1717 1105
f 171 1630 931
f 358 2191 1322
f 256 1885 1274
f 261 1901 1262
f 387 2279 1298
f 399 2315 1316
f 351 2171 1340
f 348 2160 1561
f 300 2016 1459
f 366 2214 1585
f 267 1919 1346
f 340 2137 1520
f 287 1978 1417
f 291 1991 1394
f 369 2225 1496
f 395 2302 1514
f 354 2178 1556
f 345 2153 1424
f 297 2009 1430
f 363 2207 1567
f 270 1926 1369
f 247 1857 908
f 229 1803 890
f 223 1786 884
f 235 1822 896
f 241 1840 902
f 253 1876 920
f 355 2182 1058
f 398 2312 1238
f 386 2276 1202
f 260 1898 1100
f 325 2091 998
f 307 2037 980
f 278 1952 974
f 313 2056 986
f 319 2074 992
f 337 2128 1022
f 283 1966 950
f 290 1988 1064
f 368 2222 1136
f 392 2293 1178
f 356 2185 1232
f 254 1879 1040
f 259 1893 926
f 385 2271 1118
f 397 2307 1208
f 349 2163 1052
f 344 2150 1226
f 296 2006 1190
f 362 2204 1106
f 265 1911 932
f 338 2131 1166
f 284 1969 1004
f 289 1983 956
f 367 2217 1082
f 391 2290 1148
f 350 2168 1172
f 343 2145 1028
f 295 2001 962
f 361 2199 1076
f 266 1916 1124
f 230 1808 1034
f 224 1789 914
f 236 1825 1094
f 242 1843 1184
f 248 1862 1214
f 272 1933 1154
f 331 2110 1016
f 301 2020 968
f 373 2236 1088
f 380 2257 1142
f 308 2042 1010
f 277 1947 944
f 314 2059 1070
f 320 2077 1130
f 326 2096 1160
f 332 2113 1046
f 302 2023 1220
f 374 2239 1196
f 379 2254 1112
f 271 1930 938
f 234 1818 1279
f 227 1798 1255
f 239 1834 1291
f 245 1852 1309
f 252 1872 1327
f 275 1942 1375
f 334 2120 1537
f 304 2030 1448
f 377 2248 1574
f 382 2263 1364
f 312 2052 1483
f 279 1955 1387
f 316 2065 1436
f 323 2086 1507
f 330 2106 1525
f 335 2122 1543
f 305 2032 1465
f 376 2245 1454
f 383 2266 1580
f 274 1940 1358
f 232 1813 1267
f 225 1792 1243
f 237 1828 1250
f 243 1846 1286
f 250 1867 1304
f 273 1936 1334
f 336 2123 1549
f 306 2033 1471
f 378 2249 1597
f 381 2260 1352
f 311 2049 1477
f 281 1959 1399
f 315 2062 1406
f 321 2080 1490
f 328 2101 1502
f 333 2116 1531
f 303 2026 1412
f 375 2242 1442
f 384 2267 1592
f 276 1943 1381
f 251 1869 1321
f 233 1815 1273
f 228 1799 1261
f 240 1835 1297
f 246 1853 1315
f 258 1889 1339
f 360 2195 1562
f 401 2319 1460
f 389 2283 1586
f 263 1905 1345
f 329 2103 1519
f 310 2046 1418
f 280 1957 1393
f 318 2069 1495
f 324 2087 1513
f 342 2141 1555
f 288 1979 1423
f 292 1993 1429
f 371 2229 1568
f 393 2296 1370
f 357 2188 1280
f 255 1882 1256
f 262 1902 1292
f 388 2280 1310
f 400 2316 1328
f 352 2172 1376
f 347 2157 1538
f 298 2011 1447
f 364 2209 1573
f 269 1923 1363
f 339 2134 1484
f 285 1972 1388
f 293 1995 1435
f 370 2226 1508
f 396 2303 1526
f 353 2175 1544
f 346 2154 1466
f 299 2013 1453
f 365 2211 1579
f 268 1921 1357
f 249 1865 1268
f 231 1811 1244
f 226 1796 1249
f 238 1832 1285
f 244 1850 1303
f 257 1888 1333
f 359 2194 1550
f 402 2322 1472
f 390 2286 1598
f 264 1908 1351
f 327 2099 1478
f 309 2045 1400
f 282 1962 1405
f 317 2068 1489
f 322 2084 1501
f 341 2140 1532
f 286 1976 1411
f 294 1998 1441
f 372 2232 1591
f 394 2299 1382
f 416 2330 911
f 408 2324 893
f 406 2325 888
f 412 2332 900
f 415 2335 906
f 424 2344 924
f 492 2410 1062
f 582 2497 1242
f 565 2486 1206
f 514 2434 1104
f 461 2375 1001
f 453 2369 983
f 451 2370 978
f 457 2377 990
f 460 2380 996
f 475 2393 1026
f 439 2359 954
f 496 2415 1068
f 533 2455 1140
f 551 2461 1181
f 579 2489 1235
f 483 2399 1043
f 426 2341 929
f 521 2431 1121
f 566 2476 1211
f 489 2405 1055
f 578 2500 1230
f 560 2481 1194
f 518 2439 1110
f 429 2348 935
f 547 2465 1169
f 465 2383 1007
f 441 2356 959
f 504 2420 1085
f 537 2452 1152
f 550 2471 1176
f 476 2386 1031
f 444 2363 965
f 502 2422 1079
f 526 2445 1128
f 481 2400 1038
f 420 2338 917
f 510 2428 1097
f 555 2473 1187
f 571 2490 1218
f 540 2458 1157
f 473 2394 1020
f 447 2366 972
f 507 2425 1092
f 534 2444 1145
f 469 2389 1014
f 435 2353 947
f 498 2414 1073
f 529 2449 1133
f 545 2466 1164
f 487 2407 1049
f 574 2494 1223
f 562 2480 1199
f 520 2438 1116
f 432 2351 942
f 589 2510 1283
f 583 2504 1259
f 586 2508 1295
f 593 2514 1313
f 596 2517 1331
f 599 2520 1379
f 633 2554 1541
f 620 2539 1452
f 640 2560 1578
f 603 2523 1368
f 622 2543 1487
f 607 2527 1391
f 612 2532 1440
f 626 2547 1511
f 629 2550 1529
f 631 2552 1547
f 614 2535 1469
f 618 2538 1458
f 641 2558 1584
f 605 2524 1362
f 164 1607 1609
f 163 1603 1605
f 165 1604 1611
f 166 1610 1614
f 167 1613 1617
f 172 1622 1631
f 190 1686 1688
f 219 1773 1775
f 215 1761 1763
f 201 1712 1719
f 179 1652 1654
f 178 1648 1650
f 180 1649 1656
f 181 1655 1659
f 182 1658 1662
f 185 1670 1672
f 177 1637 1646
f 197 1694 1706
f 206 1731 1735
f 208 1739 1741
f 218 1768 1770
f 188 1678 1680
f 168 1619 1621
f 198 1709 1711
f 213 1754 1756
f 189 1682 1684
f 221 1776 1780
f 217 1758 1767
f 202 1716 1722
f 170 1625 1627
f 209 1742 1744
f 184 1663 1668
f 173 1634 1636
f 194 1697 1699
f 204 1728 1730
f 210 1746 1748
f 183 1664 1666
f 175 1640 1642
f 196 1700 1705
f 207 1724 1736
f 192 1679 1691
f 169 1618 1623
f 199 1708 1713
f 216 1753 1764
f 222 1769 1781
f 211 1738 1749
f 187 1671 1677
f 176 1643 1645
f 195 1701 1703
f 203 1723 1725
f 186 1667 1674
f 174 1633 1638
f 193 1693 1695
f 205 1727 1732
f 212 1743 1752
f 191 1685 1690
f 220 1772 1777
f 214 1757 1759
f 200 1715 1717
f 171 1628 1630
f 358 2187 2191
f 256 1881 1885
f 261 1899 1901
f 387 2277 2279
f 399 2313 2315
f 351 2169 2171
f 348 2156 2160
f 300 2010 2016
f 366 2208 2214
f 267 1917 1919
f 340 2133 2137
f 287 1971 1978
f 291 1989 1991
f 369 2223 2225
f 395 2300 2302
f 354 2174 2178
f 345 2151 2153
f 297 2007 2009
f 363 2205 2207
f 270 1920 1926
f 247 1855 1857
f 229 1801 1803
f 223 1784 1786
f 235 1820 1822
f 241 1838 1840
f 253 1874 1876
f 355 2180 2182
f 398 2310 2312
f 386 2274 2276
f 260 1896 1898
f 325 2089 2091
f 307 2035 2037
f 278 1950 1952
f 313 2054 2056
f 319 2072 2074
f 337 2126 2128
f 283 1964 1966
f 290 1986 1988
f 368 2220 2222
f 392 2291 2293
f 356 2183 2185
f 254 1877 1879
f 259 1891 1893
f 385 2269 2271
f 397 2305 2307
f 349 2161 2163
f 344 2148 2150
f 296 2004 2006
f 362 2202 2204
f 265 1909 1911
f 338 2129 2131
f 284 1967 1969
f 289 1981 1983
f 367 2215 2217
f 391 2288 2290
f 350 2166 2168
f 343 2143 2145
f 295 1999 2001
f 361 2197 2199
f 266 1914 1916
f 230 1806 1808
f 224 1787 1789
f 236 1823 1825
f 242 1841 1843
f 248 1860 1862
f 272 1931 1933
f 331 2108 2110
f 301 2018 2020
f 373 2234 2236
f 380 2255 2257
f 308 2040 2042
f 277 1945 1947
f 314 2057 2059
f 320 2075 2077
f 326 2094 2096
f 332 2111 2113
f 302 2021 2023
f 374 2237 2239
f 379 2252 2254
f 271 1928 1930
f 234 1812 1818
f 227 1791 1798
f 239 1827 1834
f 245 1845 1852
f 252 1866 1872
f 275 1935 1942
f 334 2118 2120
f 304 2028 2030
f 377 2246 2248
f 382 2259 2263
f 312 2048 2052
f 279 1953 1955
f 316 2061 2065
f 323 2079 2086
f 330 2100 2106
f 335 2115 2122
f 305 2025 2032
f 376 2241 2245
f 383 2264 2266
f 274 1938 1940
f 232 1802 1813
f 225 1783 1792
f 237 1819 1828
f 243 1837 1846
f 250 1856 1867
f 273 1927 1936
f 336 2112 2123
f 306 2022 2033
f 378 2238 2249
f 381 2251 2260
f 311 2036 2049
f 281 1949 1959
f 315 2053 2062
f 321 2071 2080
f 328 2090 2101
f 333 2107 2116
f 303 2017 2026
f 375 2233 2242
f 384 2256 2267
f 276 1932 1943
f 251 1859 1869
f 233 1805 1815
f 228 1788 1799
f 240 1824 1835
f 246 1842 1853
f 258 1878 1889
f 360 2184 2195
f 401 2306 2319
f 389 2270 2283
f 263 1892 1905
f 329 2093 2103
f 310 2039 2046
f 280 1946 1957
f 318 2058 2069
f 324 2076 2087
f 342 2130 2141
f 288 1968 1979
f 292 1982 1993
f 371 2216 2229
f 393 2287 2296
f 357 2179 2188
f 255 1873 1882
f 262 1895 1902
f 388 2273 2280
f 400 2309 2316
f 352 2165 2172
f 347 2144 2157
f 298 2000 2011
f 364 2198 2209
f 269 1913 1923
f 339 2125 2134
f 285 1963 1972
f 293 1985 1995
f 370 2219 2226
f 396 2292 2303
f 353 2162 2175
f 346 2147 2154
f 299 2003 2013
f 365 2201 2211
f 268 1910 1921
f 249 1863 1865
f 231 1809 1811
f 226 1794 1796
f 238 1830 1832
f 244 1848 1850
f 257 1886 1888
f 359 2192 2194
f 402 2318 2322
f 390 2282 2286
f 264 1904 1908
f 327 2097 2099
f 309 2043 2045
f 282 1956 1962
f 317 2066 2068
f 322 2082 2084
f 341 2138 2140
f 286 1974 1976
f 294 1992 1998
f 372 2228 2232
f 394 2295 2299
f 416 2331 2330
f 408 2327 2324
f 406 2328 2325
f 412 2334 2332
f 415 2337 2335
f 424 2346 2344
f 492 2412 2410
f 582 2499 2497
f 565 2487 2486
f 514 2436 2434
f 461 2376 2375
f 453 2372 2369
f 451 2373 2370
f 457 2379 2377
f 460 2382 2380
f 475 2396 2393
f 439 2361 2359
f 496 2418 2415
f 533 2457 2455
f 551 2463 2461
f 579 2492 2489
f 483 2402 2399
f 426 2343 2341
f 521 2433 2431
f 566 2478 2476
f 489 2406 2405
f 578 2502 2500
f 560 2484 2481
f 518 2442 2439
f 429 2349 2348
f 547 2468 2465
f 465 2387 2383
f 441 2358 2356
f 504 2421 2420
f 537 2454 2452
f 550 2472 2471
f 476 2388 2386
f 444 2364 2363
f 502 2426 2422
f 526 2448 2445
f 481 2403 2400
f 420 2342 2338
f 510 2432 2428
f 555 2477 2473
f 571 2493 2490
f 540 2462 2458
f 473 2397 2394
f 447 2367 2366
f 507 2427 2425
f 534 2447 2444
f 469 2391 2389
f 435 2357 2353
f 498 2417 2414
f 529 2453 2449
f 545 2469 2466
f 487 2411 2407
f 574 2498 2494
f 562 2483 2480
f 520 2441 2438
f 432 2352 2351
f 589 2509 2510
f 583 2503 2504
f 586 2506 2508
f 593 2512 2514
f 596 2515 2517
f 599 2518 2520
f 633 2555 2554
f 620 2541 2539
f 640 2562 2560
f 603 2522 2523
f 622 2542 2543
f 607 2528 2527
f 612 2531 2532
f 626 2545 2547
f 629 2548 2550
f 631 2551 2552
f 614 2533 2535
f 618 2537 2538
f 641 2559 2558
f 605 2526 2524
f 164 644 1607
f 163 643 1603
f 165 645 1604
f 166 646 1610
f 167 647 1613
f 172 652 1622
f 190 670 1686
f 219 699 1773
f 215 695 1761
f 201 681 1712
f 179 659 1652
f 178 658 1648
f 180 660 1649
f 181 661 1655
f 182 662 1658
f 185 665 1670
f 177 657 1637
f 197 677 1694
f 206 686 1731
f 208 688 1739
f 218 698 1768
f 188 668 1678
f 168 648 1619
f 198 678 1709
f 213 693 1754
f 189 669 1682
f 221 701 1776
f 217 697 1758
f 202 682 1716
f 170 650 1625
f 209 689 1742
f 184 664 1663
f 173 653 1634
f 194 674 1697
f 204 684 1728
f 210 690 1746
f 183 663 1664
f 175 655 1640
f 196 676 1700
f 207 687 1724
f 192 672 1679
f 169 649 1618
f 199 679 1708
f 216 696 1753
f 222 702 1769
f 211 691 1738
f 187 667 1671
f 176 656 1643
f 195 675 1701
f 203 683 1723
f 186 666 1667
f 174 654 1633
f 193 673 1693
f 205 685 1727
f 212 692 1743
f 191 671 1685
f 220 700 1772
f 214 694 1757
f 200 680 1715
f 171 651 1628
f 358 838 2187
f 256 736 1881
f 261 741 1899
f 387 867 2277
f 399 879 2313
f 351 831 2169
f 348 828 2156
f 300 780 2010
f 366 846 2208
f 267 747 1917
f 340 820 2133
f 287 767 1971
f 291 771 1989
f 369 849 2223
f 395 875 2300
f 354 834 2174
f 345 825 2151
f 297 777 2007
f 363 843 2205
f 270 750 1920
f 247 727 1855
f 229 709 1801
f 223 703 1784
f 235 715 1820
f 241 721 1838
f 253 733 1874
f 355 835 2180
f 398 878 2310
f 386 866 2274
f 260 740 1896
f 325 805 2089
f 307 787 2035
f 278 758 1950
f 313 793 2054
f 319 799 2072
f 337 817 2126
f 283 763 1964
f 290 770 1986
f 368 848 2220
f 392 872 2291
f 356 836 2183
f 254 734 1877
f 259 739 1891
f 385 865 2269
f 397 877 2305
f 349 829 2161
f 344 824 2148
f 296 776 2004
f 362 842 2202
f 265 745 1909
f 338 818 2129
f 284 764 1967
f 289 769 1981
f 367 847 2215
f 391 871 2288
f 350 830 2166
f 343 823 2143
f 295 775 1999
f 361 841 2197
f 266 746 1914
f 230 710 1806
f 224 704 1787
f 236 716 1823
f 242 722 1841
f 248 728 1860
f 272 752 1931
f 331 811 2108
f 301 781 2018
f 373 853 2234
f 380 860 2255
f 308 788 2040
f 277 757 1945
f 314 794 2057
f 320 800 2075
f 326 806 2094
f 332 812 2111
f 302 782 2021
f 374 854 2237
f 379 859 2252
f 271 751 1928
f 234 714 1812
f 227 707 1791
f 239 719 1827
f 245 725 1845
f 252 732 1866
f 275 755 1935
f 334 814 2118
f 304 784 2028
f 377 857 2246
f 382 862 2259
f 312 792 2048
f 279 759 1953
f 316 796 2061
f 323 803 2079
f 330 810 2100
f 335 815 2115
f 305 785 2025
f 376 856 2241
f 383 863 2264
f 274 754 1938
f 232 712 1802
f 225 705 1783
f 237 717 1819
f 243 723 1837
f 250 730 1856
f 273 753 1927
f 336 816 2112
f 306 786 2022
f 378 858 2238
f 381 861 2251
f 311 791 2036
f 281 761 1949
f 315 795 2053
f 321 801 2071
f 328 808 2090
f 333 813 2107
f 303 783 2017
f 375 855 2233
f 384 864 2256
f 276 756 1932
f 251 731 1859
f 233 713 1805
f 228 708 1788
f 240 720 1824
f 246 726 1842
f 258 738 1878
f 360 840 2184
f 401 881 2306
f 389 869 2270
f 263 743 1892
f 329 809 2093
f 310 790 2039
f 280 760 1946
f 318 798 2058
f 324 804 2076
f 342 822 2130
f 288 768 1968
f 292 772 1982
f 371 851 2216
f 393 873 2287
f 357 837 2179
f 255 735 1873
f 262 742 1895
f 388 868 2273
f 400 880 2309
f 352 832 2165
f 347 827 2144
f 298 778 2000
f 364 844 2198
f 269 749 1913
f 339 819 2125
f 285 765 1963
f 293 773 1985
f 370 850 2219
f 396 876 2292
f 353 833 2162
f 346 826 2147
f 299 779 2003
f 365 845 2201
f 268 748 1910
f 249 729 1863
f 231 711 1809
f 226 706 1794
f 238 718 1830
f 244 724 1848
f 257 737 1886
f 359 839 2192
f 402 882 2318
f 390 870 2282
f 264 744 1904
f 327 807 2097
f 309 789 2043
f 282 762 1956
f 317 797 2066
f 322 802 2082
f 341 821 2138
f 286 766 1974
f 294 774 1992
f 372 852 2228
f 394 874 2295
f 416 1270 2331
f 408 1246 2327
f 406 1251 2328
f 412 1287 2334
f 415 1305 2337
f 424 1335 2346
f 492 1552 2412
f 582 1474 2499
f 565 1600 2487
f 514 1353 2436
f 461 1480 2376
f 453 1402 2372
f 451 1407 2373
f 457 1491 2379
f 460 1503 2382
f 475 1534 2396
f 439 1413 2361
f 496 1443 2418
f 533 1593 2457
f 551 1384 2463
f 579 1324 2492
f 483 1276 2402
f 426 1264 2343
f 521 1300 2433
f 566 1318 2478
f 489 1342 2406
f 578 1563 2502
f 560 1461 2484
f 518 1587 2442
f 429 1348 2349
f 547 1522 2468
f 465 1419 2387
f 441 1396 2358
f 504 1498 2421
f 537 1516 2454
f 550 1558 2472
f 476 1426 2388
f 444 1432 2364
f 502 1569 2426
f 526 1371 2448
f 481 1281 2403
f 420 1257 2342
f 510 1293 2432
f 555 1311 2477
f 571 1329 2493
f 540 1377 2462
f 473 1539 2397
f 447 1450 2367
f 507 1576 2427
f 534 1366 2447
f 469 1485 2391
f 435 1389 2357
f 498 1438 2417
f 529 1509 2453
f 545 1527 2469
f 487 1545 2411
f 574 1467 2498
f 562 1456 2483
f 520 1582 2441
f 432 1360 2352
f 589 1271 2509
f 583 1247 2503
f 586 1254 2506
f 593 1290 2512
f 596 1308 2515
f 599 1338 2518
f 633 1553 2555
f 620 1475 2541
f 640 1601 2562
f 603 1356 2522
f 622 1481 2542
f 607 1403 2528
f 612 1410 2531
f 626 1494 2545
f 629 1506 2548
f 631 1535 2551
f 614 1416 2533
f 618 1446 2537
f 641 1596 2559
f 605 1385 2526
f 167 907 1616
f 164 889 1608
f 163 883 1606
f 165 895 1612
f 166 901 1615
f 169 919 1624
f 192 1057 1692
f 222 1237 1782
f 216 1201 1765
f 199 1099 1714
f 182 997 1661
f 179 979 1653
f 178 973 1651
f 180 985 1657
f 181 991 1660
f 186 1021 1675
f 174 949 1639
f 193 1063 1696
f 205 1135 1733
f 212 1177 1751
f 221 1231 1779
f 189 1039 1683
f 170 925 1626
f 202 1117 1721
f 217 1207 1766
f 191 1051 1689
f 220 1225 1778
f 214 1189 1760
f 200 1105 1718
f 171 931 1629
f 210 1165 1747
f 183 1003 1665
f 175 955 1641
f 196 1081 1704
f 207 1147 1737
f 211 1171 1750
f 187 1027 1676
f 176 961 1644
f 195 1075 1702
f 203 1123 1726
f 188 1033 1681
f 168 913 1620
f 198 1093 1710
f 213 1183 1755
f 218 1213 1771
f 208 1153 1740
f 185 1015 1673
f 177 967 1647
f 197 1087 1707
f 206 1141 1734
f 184 1009 1669
f 173 943 1635
f 194 1069 1698
f 204 1129 1729
f 209 1159 1745
f 190 1045 1687
f 219 1219 1774
f 215 1195 1762
f 201 1111 1720
f 172 937 1632
f 357 1280 2189
f 255 1256 1883
f 262 1292 1903
f 388 1310 2281
f 400 1328 2317
f 352 1376 2173
f 347 1538 2158
f 298 1447 2012
f 364 1573 2210
f 269 1363 1924
f 339 1484 2135
f 285 1388 1973
f 293 1435 1996
f 370 1508 2227
f 396 1526 2304
f 353 1544 2176
f 346 1466 2155
f 299 1453 2014
f 365 1579 2212
f 268 1357 1922
f 249 1268 1864
f 231 1244 1810
f 226 1249 1795
f 238 1285 1831
f 244 1303 1849
f 257 1333 1887
f 359 1550 2193
f 402 1472 2321
f 390 1598 2285
f 264 1351 1907
f 327 1478 2098
f 309 1400 2044
f 282 1405 1961
f 317 1489 2067
f 322 1501 2083
f 341 1532 2139
f 286 1411 1975
f 294 1441 1997
f 372 1591 2231
f 394 1382 2298
f 358 1322 2190
f 256 1274 1884
f 261 1262 1900
f 387 1298 2278
f 399 1316 2314
f 351 1340 2170
f 348 1561 2159
f 300 1459 2015
f 366 1585 2213
f 267 1346 1918
f 340 1520 2136
f 287 1417 1977
f 291 1394 1990
f 369 1496 2224
f 395 1514 2301
f 354 1556 2177
f 345 1424 2152
f 297 1430 2008
f 363 1567 2206
f 270 1369 1925
f 234 1279 1817
f 227 1255 1797
f 239 1291 1833
f 245 1309 1851
f 252 1327 1871
f 275 1375 1941
f 334 1537 2119
f 304 1448 2029
f 377 1574 2247
f 382 1364 2262
f 312 1483 2051
f 279 1387 1954
f 316 1436 2064
f 323 1507 2085
f 330 1525 2105
f 335 1543 2121
f 305 1465 2031
f 376 1454 2244
f 383 1580 2265
f 274 1358 1939
f 232 1267 1814
f 225 1243 1793
f 237 1250 1829
f 243 1286 1847
f 250 1304 1868
f 273 1334 1937
f 336 1549 2124
f 306 1471 2034
f 378 1597 2250
f 381 1352 2261
f 311 1477 2050
f 281 1399 1960
f 315 1406 2063
f 321 1490 2081
f 328 1502 2102
f 333 1531 2117
f 303 1412 2027
f 375 1442 2243
f 384 1592 2268
f 276 1381 1944
f 229 890 1804
f 223 884 1785
f 235 896 1821
f 241 902 1839
f 247 908 1858
f 271 938 1929
f 332 1046 2114
f 302 1220 2024
f 374 1196 2240
f 379 1112 2253
f 307 980 2038
f 278 974 1951
f 313 986 2055
f 319 992 2073
f 325 998 2092
f 331 1016 2109
f 301 968 2019
f 373 1088 2235
f 380 1142 2258
f 272 1154 1934
f 248 1214 1861
f 230 1034 1807
f 224 914 1790
f 236 1094 1826
f 242 1184 1844
f 254 1040 1880
f 356 1232 2186
f 397 1208 2308
f 385 1118 2272
f 259 926 1894
f 326 1160 2095
f 308 1010 2041
f 277 944 1948
f 314 1070 2060
f 320 1130 2078
f 338 1166 2132
f 284 1004 1970
f 289 956 1984
f 367 1082 2218
f 391 1148 2289
f 355 1058 2181
f 253 920 1875
f 260 1100 1897
f 386 1202 2275
f 398 1238 2311
f 350 1172 2167
f 343 1028 2146
f 295 962 2002
f 361 1076 2200
f 266 1124 1915
f 337 1022 2127
f 283 950 1965
f 290 1064 1987
f 368 1136 2221
f 392 1178 2294
f 349 1052 2164
f 344 1226 2149
f 296 1190 2005
f 362 1106 2203
f 265 932 1912
f 251 1321 1870
f 233 1273 1816
f 228 1261 1800
f 240 1297 1836
f 246 1315 1854
f 258 1339 1890
f 360 1562 2196
f 401 1460 2320
f 389 1586 2284
f 263 1345 1906
f 329 1519 2104
f 310 1418 2047
f 280 1393 1958
f 318 1495 2070
f 324 1513 2088
f 342 1555 2142
f 288 1423 1980
f 292 1429 1994
f 371 1568 2230
f 393 1370 2297
f 409 894 2329
f 405 887 2323
f 411 899 2326
f 414 905 2333
f 417 912 2336
f 431 941 2345
f 488 1050 2409
f 575 1224 2496
f 563 1200 2485
f 519 1115 2435
f 454 984 2374
f 450 977 2368
f 456 989 2371
f 459 995 2378
f 462 1002 2381
f 472 1019 2392
f 446 971 2360
f 506 1091 2416
f 535 1146 2456
f 541 1158 2460
f 570 1217 2488
f 480 1037 2398
f 421 918 2340
f 511 1098 2430
f 556 1188 2475
f 484 1044 2404
f 580 1236 2501
f 567 1212 2482
f 522 1122 2440
f 427 930 2347
f 544 1163 2464
f 468 1013 2384
f 436 948 2355
f 499 1074 2419
f 530 1134 2451
f 548 1170 2470
f 466 1008 2385
f 442 960 2362
f 505 1086 2423
f 536 1151 2446
f 491 1061 2401
f 423 923 2339
f 513 1103 2429
f 564 1205 2474
f 581 1241 2491
f 549 1175 2459
f 477 1032 2395
f 445 966 2365
f 503 1080 2424
f 525 1127 2443
f 474 1025 2390
f 438 953 2354
f 495 1067 2413
f 532 1139 2450
f 552 1182 2467
f 490 1056 2408
f 577 1229 2495
f 559 1193 2479
f 517 1109 2437
f 430 936 2350
f 590 1325 2511
f 584 1277 2505
f 585 1265 2507
f 592 1301 2513
f 595 1319 2516
f 598 1343 2519
f 636 1566 2556
f 621 1464 2540
f 642 1590 2561
f 601 1349 2521
f 623 1523 2544
f 611 1422 2529
f 609 1397 2530
f 625 1499 2546
f 628 1517 2549
f 632 1559 2553
f 613 1427 2534
f 616 1433 2536
f 638 1572 2557
f 606 1374 2525
f 407 892 1609
f 403 885 1605
f 404 897 1611
f 410 903 1614
f 413 910 1617
f 422 939 1631
f 486 1048 1688
f 573 1222 1775
f 561 1198 1763
f 512 1113 1719
f 452 982 1654
f 448 975 1650
f 449 987 1656
f 455 993 1659
f 458 1000 1662
f 470 1017 1672
f 437 969 1646
f 494 1089 1706
f 531 1144 1735
f 539 1156 1741
f 568 1215 1770
f 478 1035 1680
f 419 916 1621
f 509 1096 1711
f 554 1186 1756
f 482 1042 1684
f 576 1234 1780
f 558 1210 1767
f 516 1120 1722
f 425 928 1627
f 542 1161 1744
f 463 1011 1668
f 434 946 1636
f 497 1072 1699
f 528 1132 1730
f 546 1168 1748
f 464 1006 1666
f 440 958 1642
f 500 1084 1705
f 524 1149 1736
f 479 1059 1691
f 418 921 1623
f 508 1101 1713
f 553 1203 1764
f 569 1239 1781
f 538 1173 1749
f 471 1030 1677
f 443 964 1645
f 501 1078 1703
f 523 1125 1725
f 467 1023 1674
f 433 951 1638
f 493 1065 1695
f 527 1137 1732
f 543 1180 1752
f 485 1054 1690
f 572 1227 1777
f 557 1191 1759
f 515 1107 1717
f 428 934 1630
f 591 1326 2191
f 587 1278 1885
f 588 1266 1901
f 594 1302 2279
f 597 1320 2315
f 600 1344 2171
f 634 1565 2160
f 619 1463 2016
f 639 1589 2214
f 602 1350 1919
f 624 1524 2137
f 608 1421 1978
f 610 1398 1991
f 627 1500 2225
f 630 1518 2302
f 635 1560 2178
f 615 1428 2153
f 617 1434 2009
f 637 1571 2207
f 604 1373 1926
f 416 911 1857
f 408 893 1803
f 406 888 1786
f 412 900 1822
f 415 906 1840
f 424 924 1876
f 492 1062 2182
f 582 1242 2312
f 565 1206 2276
f 514 1104 1898
f 461 1001 2091
f 453 983 2037
f 451 978 1952
f 457 990 2056
f 460 996 2074
f 475 1026 2128
f 439 954 1966
f 496 1068 1988
f 533 1140 2222
f 551 1181 2293
f 579 1235 2185
f 483 1043 1879
f 426 929 1893
f 521 1121 2271
f 566 1211 2307
f 489 1055 2163
f 578 1230 2150
f 560 1194 2006
f 518 1110 2204
f 429 935 1911
f 547 1169 2131
f 465 1007 1969
f 441 959 1983
f 504 1085 2217
f 537 1152 2290
f 550 1176 2168
f 476 1031 2145
f 444 965 2001
f 502 1079 2199
f 526 1128 1916
f 481 1038 1808
f 420 917 1789
f 510 1097 1825
f 555 1187 1843
f 571 1218 1862
f 540 1157 1933
f 473 1020 2110
f 447 972 2020
f 507 1092 2236
f 534 1145 2257
f 469 1014 2042
f 435 947 1947
f 498 1073 2059
f 529 1133 2077
f 545 1164 2096
f 487 1049 2113
f 574 1223 2023
f 562 1199 2239
f 520 1116 2254
f 432 942 1930
f 589 1283 1818
f 583 1259 1798
f 586 1295 1834
f 593 1313 1852
f 596 1331 1872
f 599 1379 1942
f 633 1541 2120
f 620 1452 2030
f 640 1578 2248
f 603 1368 2263
f 622 1487 2052
f 607 1391 1955
f 612 1440 2065
f 626 1511 2086
f 629 1529 2106
f 631 1547 2122
f 614 1469 2032
f 618 1458 2245
f 641 1584 2266
f 605 1362 1940
f 409 1269 1813
f 405 1245 1792
f 411 1252 1828
f 414 1288 1846
f 417 1306 1867
f 431 1336 1936
f 488 1551 2123
f 575 1473 2033
f 563 1599 2249
f 519 1354 2260
f 454 1479 2049
f 450 1401 1959
f 456 1408 2062
f 459 1492 2080
f 462 1504 2101
f 472 1533 2116
f 446 1414 2026
f 506 1444 2242
f 535 1594 2267
f 541 1383 1943
f 570 1323 1869
f 480 1275 1815
f 421 1263 1799
f 511 1299 1835
f 556 1317 1853
f 484 1341 1889
f 580 1564 2195
f 567 1462 2319
f 522 1588 2283
f 427 1347 1905
f 544 1521 2103
f 468 1420 2046
f 436 1395 1957
f 499 1497 2069
f 530 1515 2087
f 548 1557 2141
f 466 1425 1979
f 442 1431 1993
f 505 1570 2229
f 536 1372 2296
f 491 1282 2188
f 423 1258 1882
f 513 1294 1902
f 564 1312 2280
f 581 1330 2316
f 549 1378 2172
f 477 1540 2157
f 445 1449 2011
f 503 1575 2209
f 525 1365 1923
f 474 1486 2134
f 438 1390 1972
f 495 1437 1995
f 532 1510 2226
f 552 1528 2303
f 490 1546 2175
f 577 1468 2154
f 559 1455 2013
f 517 1581 2211
f 430 1359 1921
f 590 1272 1865
f 584 1248 1811
f 585 1253 1796
f 592 1289 1832
f 595 1307 1850
f 598 1337 1888
f 636 1554 2194
f 621 1476 2322
f 642 1602 2286
f 601 1355 1908
f 623 1482 2099
f 611 1404 2045
f 609 1409 1962
f 625 1493 2068
f 628 1505 2084
f 632 1536 2140
f 613 1415 1976
f 616 1445 1998
f 638 1595 2232
f 606 1386 2299
f 407 909 2330
f 403 891 2324
f 404 886 2325
f 410 898 2332
f 413 904 2335
f 422 922 2344
f 486 1060 2410
f 573 1240 2497
f 561 1204 2486
f 512 1102 2434
f 452 999 2375
f 448 981 2369
f 449 976 2370
f 455 988 2377
f 458 994 2380
f 470 1024 2393
f 437 952 2359
f 494 1066 2415
f 531 1138 2455
f 539 1179 2461
f 568 1233 2489
f 478 1041 2399
f 419 927 2341
f 509 1119 2431
f 554 1209 2476
f 482 1053 2405
f 576 1228 2500
f 558 1192 2481
f 516 1108 2439
f 425 933 2348
f 542 1167 2465
f 463 1005 2383
f 434 957 2356
f 497 1083 2420
f 528 1150 2452
f 546 1174 2471
f 464 1029 2386
f 440 963 2363
f 500 1077 2422
f 524 1126 2445
f 479 1036 2400
f 418 915 2338
f 508 1095 2428
f 553 1185 2473
f 569 1216 2490
f 538 1155 2458
f 471 1018 2394
f 443 970 2366
f 501 1090 2425
f 523 1143 2444
f 467 1012 2389
f 433 945 2353
f 493 1071 2414
f 527 1131 2449
f 543 1162 2466
f 485 1047 2407
f 572 1221 2494
f 557 1197 2480
f 515 1114 2438
f 428 940 2351
f 591 1284 2510
f 587 1260 2504
f 588 1296 2508
f 594 1314 2514
f 597 1332 2517
f 600 1380 2520
f 634 1542 2554
f 619 1451 2539
f 639 1577 2560
f 602 1367 2523
f 624 1488 2543
f 608 1392 2527
f 610 1439 2532
f 627 1512 2547
f 630 1530 2550
f 635 1548 2552
f 615 1470 2535
f 617 1457 2538
f 637 1583 2558
f 604 1361 2524
f 167 1616 1607
f 164 1608 1603
f 163 1606 1604
f 165 1612 1610
f 166 1615 1613
f 169 1624 1622
f 192 1692 1686
f 222 1782 1773
f 216 1765 1761
f 199 1714 1712
f 182 1661 1652
f 179 1653 1648
f 178 1651 1649
f 180 1657 1655
f 181 1660 1658
f 186 1675 1670
f 174 1639 1637
f 193 1696 1694
f 205 1733 1731
f 212 1751 1739
f 221 1779 1768
f 189 1683 1678
f 170 1626 1619
f 202 1721 1709
f 217 1766 1754
f 191 1689 1682
f 220 1778 1776
f 214 1760 1758
f 200 1718 1716
f 171 1629 1625
f 210 1747 1742
f 183 1665 1663
f 175 1641 1634
f 196 1704 1697
f 207 1737 1728
f 211 1750 1746
f 187 1676 1664
f 176 1644 1640
f 195 1702 1700
f 203 1726 1724
f 188 1681 1679
f 168 1620 1618
f 198 1710 1708
f 213 1755 1753
f 218 1771 1769
f 208 1740 1738
f 185 1673 1671
f 177 1647 1643
f 197 1707 1701
f 206 1734 1723
f 184 1669 1667
f 173 1635 1633
f 194 1698 1693
f 204 1729 1727
f 209 1745 1743
f 190 1687 1685
f 219 1774 1772
f 215 1762 1757
f 201 1720 1715
f 172 1632 1628
f 357 2189 2187
f 255 1883 1881
f 262 1903 1899
f 388 2281 2277
f 400 2317 2313
f 352 2173 2169
f 347 2158 2156
f 298 2012 2010
f 364 2210 2208
f 269 1924 1917
f 339 2135 2133
f 285 1973 1971
f 293 1996 1989
f 370 2227 2223
f 396 2304 2300
f 353 2176 2174
f 346 2155 2151
f 299 2014 2007
f 365 2212 2205
f 268 1922 1920
f 249 1864 1855
f 231 1810 1801
f 226 1795 1784
f 238 1831 1820
f 244 1849 1838
f 257 1887 1874
f 359 2193 2180
f 402 2321 2310
f 390 2285 2274
f 264 1907 1896
f 327 2098 2089
f 309 2044 2035
f 282 1961 1950
f 317 2067 2054
f 322 2083 2072
f 341 2139 2126
f 286 1975 1964
f 294 1997 1986
f 372 2231 2220
f 394 2298 2291
f 358 2190 2183
f 256 1884 1877
f 261 1900 1891
f 387 2278 2269
f 399 2314 2305
f 351 2170 2161
f 348 2159 2148
f 300 2015 2004
f 366 2213 2202
f 267 1918 1909
f 340 2136 2129
f 287 1977 1967
f 291 1990 1981
f 369 2224 2215
f 395 2301 2288
f 354 2177 2166
f 345 2152 2143
f 297 2008 1999
f 363 2206 2197
f 270 1925 1914
f 234 1817 1806
f 227 1797 1787
f 239 1833 1823
f 245 1851 1841
f 252 1871 1860
f 275 1941 1931
f 334 2119 2108
f 304 2029 2018
f 377 2247 2234
f 382 2262 2255
f 312 2051 2040
f 279 1954 1945
f 316 2064 2057
f 323 2085 2075
f 330 2105 2094
f 335 2121 2111
f 305 2031 2021
f 376 2244 2237
f 383 2265 2252
f 274 1939 1928
f 232 1814 1812
f 225 1793 1791
f 237 1829 1827
f 243 1847 1845
f 250 1868 1866
f 273 1937 1935
f 336 2124 2118
f 306 2034 2028
f 378 2250 2246
f 381 2261 2259
f 311 2050 2048
f 281 1960 1953
f 315 2063 2061
f 321 2081 2079
f 328 2102 2100
f 333 2117 2115
f 303 2027 2025
f 375 2243 2241
f 384 2268 2264
f 276 1944 1938
f 229 1804 1802
f 223 1785 1783
f 235 1821 1819
f 241 1839 1837
f 247 1858 1856
f 271 1929 1927
f 332 2114 2112
f 302 2024 2022
f 374 2240 2238
f 379 2253 2251
f 307 2038 2036
f 278 1951 1949
f 313 2055 2053
f 319 2073 2071
f 325 2092 2090
f 331 2109 2107
f 301 2019 2017
f 373 2235 2233
f 380 2258 2256
f 272 1934 1932
f 248 1861 1859
f 230 1807 1805
f 224 1790 1788
f 236 1826 1824
f 242 1844 1842
f 254 1880 1878
f 356 2186 2184
f 397 2308 2306
f 385 2272 2270
f 259 1894 1892
f 326 2095 2093
f 308 2041 2039
f 277 1948 1946
f 314 2060 2058
f 320 2078 2076
f 338 2132 2130
f 284 1970 1968
f 289 1984 1982
f 367 2218 2216
f 391 2289 2287
f 355 2181 2179
f 253 1875 1873
f 260 1897 1895
f 386 2275 2273
f 398 2311 2309
f 350 2167 2165
f 343 2146 2144
f 295 2002 2000
f 361 2200 2198
f 266 1915 1913
f 337 2127 2125
f 283 1965 1963
f 290 1987 1985
f 368 2221 2219
f 392 2294 2292
f 349 2164 2162
f 344 2149 2147
f 296 2005 2003
f 362 2203 2201
f 265 1912 1910
f 251 1870 1863
f 233 1816 1809
f 228 1800 1794
f 240 1836 1830
f 246 1854 1848
f 258 1890 1886
f 360 2196 2192
f 401 2320 2318
f 389 2284 2282
f 263 1906 1904
f 329 2104 2097
f 310 2047 2043
f 280 1958 1956
f 318 2070 2066
f 324 2088 2082
f 342 2142 2138
f 288 1980 1974
f 292 1994 1992
f 371 2230 2228
f 393 2297 2295
f 409 2329 2331
f 405 2323 2327
f 411 2326 2328
f 414 2333 2334
f 417 2336 2337
f 431 2345 2346
f 488 2409 2412
f 575 2496 2499
f 563 2485 2487
f 519 2435 2436
f 454 2374 2376
f 450 2368 2372
f 456 2371 2373
f 459 2378 2379
f 462 2381 2382
f 472 2392 2396
f 446 2360 2361
f 506 2416 2418
f 535 2456 2457
f 541 2460 2463
f 570 2488 2492
f 480 2398 2402
f 421 2340 2343
f 511 2430 2433
f 556 2475 2478
f 484 2404 2406
f 580 2501 2502
f 567 2482 2484
f 522 2440 2442
f 427 2347 2349
f 544 2464 2468
f 468 2384 2387
f 436 2355 2358
f 499 2419 2421
f 530 2451 2454
f 548 2470 2472
f 466 2385 2388
f 442 2362 2364
f 505 2423 2426
f 536 2446 2448
f 491 2401 2403
f 423 2339 2342
f 513 2429 2432
f 564 2474 2477
f 581 2491 2493
f 549 2459 2462
f 477 2395 2397
f 445 2365 2367
f 503 2424 2427
f 525 2443 2447
f 474 2390 2391
f 438 2354 2357
f 495 2413 2417
f 532 2450 2453
f 552 2467 2469
f 490 2408 2411
f 577 2495 2498
f 559 2479 2483
f 517 2437 2441
f 430 2350 2352
f 590 2511 2509
f 584 2505 2503
f 585 2507 2506
f 592 2513 2512
f 595 2516 2515
f 598 2519 2518
f 636 2556 2555
f 621 2540 2541
f 642 2561 2562
f 601 2521 2522
f 623 2544 2542
f 611 2529 2528
f 609 2530 2531
f 625 2546 2545
f 628 2549 2548
f 632 2553 2551
f 613 2534 2533
f 616 2536 2537
f 638 2557 2559
f 606 2525 2526
f 1607 644 647
f 1603 643 644
f 1604 645 643
f 1610 646 645
f 1613 647 646
f 1622 652 649
f 1686 670 672
f 1773 699 702
f 1761 695 696
f 1712 681 679
f 1652 659 662
f 1648 658 659
f 1649 660 658
f 1655 661 660
f 1658 662 661
f 1670 665 666
f 1637 657 654
f 1694 677 673
f 1731 686 685
f 1739 688 692
f 1768 698 701
f 1678 668 669
f 1619 648 650
f 1709 678 682
f 1754 693 697
f 1682 669 671
f 1776 701 700
f 1758 697 694
f 1716 682 680
f 1625 650 651
f 1742 689 690
f 1663 664 663
f 1634 653 655
f 1697 674 676
f 1728 684 687
f 1746 690 691
f 1664 663 667
f 1640 655 656
f 1700 676 675
f 1724 687 683
f 1679 672 668
f 1618 649 648
f 1708 679 678
f 1753 696 693
f 1769 702 698
f 1738 691 688
f 1671 667 665
f 1643 656 657
f 1701 675 677
f 1723 683 686
f 1667 666 664
f 1633 654 653
f 1693 673 674
f 1727 685 684
f 1743 692 689
f 1685 671 670
f 1772 700 699
f 1757 694 695
f 1715 680 681
f 1628 651 652
f 2187 838 837
f 1881 736 735
f 1899 741 742
f 2277 867 868
f 2313 879 880
f 2169 831 832
f 2156 828 827
f 2010 780 778
f 2208 846 844
f 1917 747 749
f 2133 820 819
f 1971 767 765
f 1989 771 773
f 2223 849 850
f 2300 875 876
f 2174 834 833
f 2151 825 826
f 2007 777 779
f 2205 843 845
f 1920 750 748
f 1855 727 729
f 1801 709 711
f 1784 703 706
f 1820 715 718
f 1838 721 724
f 1874 733 737
f 2180 835 839
f 2310 878 882
f 2274 866 870
f 1896 740 744
f 2089 805 807
f 2035 787 789
f 1950 758 762
f 2054 793 797
f 2072 799 802
f 2126 817 821
f 1964 763 766
f 1986 770 774
f 2220 848 852
f 2291 872 874
f 2183 836 838
f 1877 734 736
f 1891 739 741
f 2269 865 867
f 2305 877 879
f 2161 829 831
f 2148 824 828
f 2004 776 780
f 2202 842 846
f 1909 745 747
f 2129 818 820
f 1967 764 767
f 1981 769 771
f 2215 847 849
f 2288 871 875
f 2166 830 834
f 2143 823 825
f 1999 775 777
f 2197 841 843
f 1914 746 750
f 1806 710 714
f 1787 704 707
f 1823 716 719
f 1841 722 725
f 1860 728 732
f 1931 752 755
f 2108 811 814
f 2018 781 784
f 2234 853 857
f 2255 860 862
f 2040 788 792
f 1945 757 759
f 2057 794 796
f 2075 800 803
f 2094 806 810
f 2111 812 815
f 2021 782 785
f 2237 854 856
f 2252 859 863
f 1928 751 754
f 1812 714 712
f 1791 707 705
f 1827 719 717
f 1845 725 723
f 1866 732 730
f 1935 755 753
f 2118 814 816
f 2028 784 786
f 2246 857 858
f 2259 862 861
f 2048 792 791
f 1953 759 761
f 2061 796 795
f 2079 803 801
f 2100 810 808
f 2115 815 813
f 2025 785 783
f 2241 856 855
f 2264 863 864
f 1938 754 756
f 1802 712 709
f 1783 705 703
f 1819 717 715
f 1837 723 721
f 1856 730 727
f 1927 753 751
f 2112 816 812
f 2022 786 782
f 2238 858 854
f 2251 861 859
f 2036 791 787
f 1949 761 758
f 2053 795 793
f 2071 801 799
f 2090 808 805
f 2107 813 811
f 2017 783 781
f 2233 855 853
f 2256 864 860
f 1932 756 752
f 1859 731 728
f 1805 713 710
f 1788 708 704
f 1824 720 716
f 1842 726 722
f 1878 738 734
f 2184 840 836
f 2306 881 877
f 2270 869 865
f 1892 743 739
f 2093 809 806
f 2039 790 788
f 1946 760 757
f 2058 798 794
f 2076 804 800
f 2130 822 818
f 1968 768 764
f 1982 772 769
f 2216 851 847
f 2287 873 871
f 2179 837 835
f 1873 735 733
f 1895 742 740
f 2273 868 866
f 2309 880 878
f 2165 832 830
f 2144 827 823
f 2000 778 775
f 2198 844 841
f 1913 749 746
f 2125 819 817
f 1963 765 763
f 1985 773 770
f 2219 850 848
f 2292 876 872
f 2162 833 829
f 2147 826 824
f 2003 779 776
f 2201 845 842
f 1910 748 745
f 1863 729 731
f 1809 711 713
f 1794 706 708
f 1830 718 720
f 1848 724 726
f 1886 737 738
f 2192 839 840
f 2318 882 881
f 2282 870 869
f 1904 744 743
f 2097 807 809
f 2043 789 790
f 1956 762 760
f 2066 797 798
f 2082 802 804
f 2138 821 822
f 1974 766 768
f 1992 774 772
f 2228 852 851
f 2295 874 873
f 2331 1270 1269
f 2327 1246 1245
f 2328 1251 1252
f 2334 1287 1288
f 2337 1305 1306
f 2346 1335 1336
f 2412 1552 1551
f 2499 1474 1473
f 2487 1600 1599
f 2436 1353 1354
f 2376 1480 1479
f 2372 1402 1401
f 2373 1407 1408
f 2379 1491 1492
f 2382 1503 1504
f 2396 1534 1533
f 2361 1413 1414
f 2418 1443 1444
f 2457 1593 1594
f 2463 1384 1383
f 2492 1324 1323
f 2402 1276 1275
f 2343 1264 1263
f 2433 1300 1299
f 2478 1318 1317
f 2406 1342 1341
f 2502 1563 1564
f 2484 1461 1462
f 2442 1587 1588
f 2349 1348 1347
f 2468 1522 1521
f 2387 1419 1420
f 2358 1396 1395
f 2421 1498 1497
f 2454 1516 1515
f 2472 1558 1557
f 2388 1426 1425
f 2364 1432 1431
f 2426 1569 1570
f 2448 1371 1372
f 2403 1281 1282
f 2342 1257 1258
f 2432 1293 1294
f 2477 1311 1312
f 2493 1329 1330
f 2462 1377 1378
f 2397 1539 1540
f 2367 1450 1449
f 2427 1576 1575
f 2447 1366 1365
f 2391 1485 1486
f 2357 1389 1390
f 2417 1438 1437
f 2453 1509 1510
f 2469 1527 1528
f 2411 1545 1546
f 2498 1467 1468
f 2483 1456 1455
f 2441 1582 1581
f 2352 1360 1359
f 2509 1271 1272
f 2503 1247 1248
f 2506 1254 1253
f 2512 1290 1289
f 2515 1308 1307
f 2518 1338 1337
f 2555 1553 1554
f 2541 1475 1476
f 2562 1601 1602
f 2522 1356 1355
f 2542 1481 1482
f 2528 1403 1404
f 2531 1410 1409
f 2545 1494 1493
f 2548 1506 1505
f 2551 1535 1536
f 2533 1416 1415
f 2537 1446 1445
f 2559 1596 1595
f 2526 1385 1386
f 1616 907 909
f 1608 889 891
f 1606 883 886
f 1612 895 898
f 1615 901 904
f 1624 919 922
f 1692 1057 1060
f 1782 1237 1240
f 1765 1201 1204
f 1714 1099 1102
f 1661 997 999
f 1653 979 981
f 1651 973 976
f 1657 985 988
f 1660 991 994
f 1675 1021 1024
f 1639 949 952
f 1696 1063 1066
f 1733 1135 1138
f 1751 1177 1179
f 1779 1231 1233
f 1683 1039 1041
f 1626 925 927
f 1721 1117 1119
f 1766 1207 1209
f 1689 1051 1053
f 1778 1225 1228
f 1760 1189 1192
f 1718 1105 1108
f 1629 931 933
f 1747 1165 1167
f 1665 1003 1005
f 1641 955 957
f 1704 1081 1083
f 1737 1147 1150
f 1750 1171 1174
f 1676 1027 1029
f 1644 961 963
f 1702 1075 1077
f 1726 1123 1126
f 1681 1033 1036
f 1620 913 915
f 1710 1093 1095
f 1755 1183 1185
f 1771 1213 1216
f 1740 1153 1155
f 1673 1015 1018
f 1647 967 970
f 1707 1087 1090
f 1734 1141 1143
f 1669 1009 1012
f 1635 943 945
f 1698 1069 1071
f 1729 1129 1131
f 1745 1159 1162
f 1687 1045 1047
f 1774 1219 1221
f 1762 1195 1197
f 1720 1111 1114
f 1632 937 940
f 2189 1280 1284
f 1883 1256 1260
f 1903 1292 1296
f 2281 1310 1314
f 2317 1328 1332
f 2173 1376 1380
f 2158 1538 1542
f 2012 1447 1451
f 2210 1573 1577
f 1924 1363 1367
f 2135 1484 1488
f 1973 1388 1392
f 1996 1435 1439
f 2227 1508 1512
f 2304 1526 1530
f 2176 1544 1548
f 2155 1466 1470
f 2014 1453 1457
f 2212 1579 1583
f 1922 1357 1361
f 1864 1268 1270
f 1810 1244 1246
f 1795 1249 1251
f 1831 1285 1287
f 1849 1303 1305
f 1887 1333 1335
f 2193 1550 1552
f 2321 1472 1474
f 2285 1598 1600
f 1907 1351 1353
f 2098 1478 1480
f 2044 1400 1402
f 1961 1405 1407
f 2067 1489 1491
f 2083 1501 1503
f 2139 1532 1534
f 1975 1411 1413
f 1997 1441 1443
f 2231 1591 1593
f 2298 1382 1384
f 2190 1322 1324
f 1884 1274 1276
f 1900 1262 1264
f 2278 1298 1300
f 2314 1316 1318
f 2170 1340 1342
f 2159 1561 1563
f 2015 1459 1461
f 2213 1585 1587
f 1918 1346 1348
f 2136 1520 1522
f 1977 1417 1419
f 1990 1394 1396
f 2224 1496 1498
f 2301 1514 1516
f 2177 1556 1558
f 2152 1424 1426
f 2008 1430 1432
f 2206 1567 1569
f 1925 1369 1371
f 1817 1279 1281
f 1797 1255 1257
f 1833 1291 1293
f 1851 1309 1311
f 1871 1327 1329
f 1941 1375 1377
f 2119 1537 1539
f 2029 1448 1450
f 2247 1574 1576
f 2262 1364 1366
f 2051 1483 1485
f 1954 1387 1389
f 2064 1436 1438
f 2085 1507 1509
f 2105 1525 1527
f 2121 1543 1545
f 2031 1465 1467
f 2244 1454 1456
f 2265 1580 1582
f 1939 1358 1360
f 1814 1267 1271
f 1793 1243 1247
f 1829 1250 1254
f 1847 1286 1290
f 1868 1304 1308
f 1937 1334 1338
f 2124 1549 1553
f 2034 1471 1475
f 2250 1597 1601
f 2261 1352 1356
f 2050 1477 1481
f 1960 1399 1403
f 2063 1406 1410
f 2081 1490 1494
f 2102 1502 1506
f 2117 1531 1535
f 2027 1412 1416
f 2243 1442 1446
f 2268 1592 1596
f 1944 1381 1385
f 1804 890 894
f 1785 884 887
f 1821 896 899
f 1839 902 905
f 1858 908 912
f 1929 938 941
f 2114 1046 1050
f 2024 1220 1224
f 2240 1196 1200
f 2253 1112 1115
f 2038 980 984
f 1951 974 977
f 2055 986 989
f 2073 992 995
f 2092 998 1002
f 2109 1016 1019
f 2019 968 971
f 2235 1088 1091
f 2258 1142 1146
f 1934 1154 1158
f 1861 1214 1217
f 1807 1034 1037
f 1790 914 918
f 1826 1094 1098
f 1844 1184 1188
f 1880 1040 1044
f 2186 1232 1236
f 2308 1208 1212
f 2272 1118 1122
f 1894 926 930
f 2095 1160 1163
f 2041 1010 1013
f 1948 944 948
f 2060 1070 1074
f 2078 1130 1134
f 2132 1166 1170
f 1970 1004 1008
f 1984 956 960
f 2218 1082 1086
f 2289 1148 1151
f 2181 1058 1061
f 1875 920 923
f 1897 1100 1103
f 2275 1202 1205
f 2311 1238 1241
f 2167 1172 1175
f 2146 1028 1032
f 2002 962 966
f 2200 1076 1080
f 1915 1124 1127
f 2127 1022 1025
f 1965 950 953
f 1987 1064 1067
f 2221 1136 1139
f 2294 1178 1182
f 2164 1052 1056
f 2149 1226 1229
f 2005 1190 1193
f 2203 1106 1109
f 1912 932 936
f 1870 1321 1325
f 1816 1273 1277
f 1800 1261 1265
f 1836 1297 1301
f 1854 1315 1319
f 1890 1339 1343
f 2196 1562 1566
f 2320 1460 1464
f 2284 1586 1590
f 1906 1345 1349
f 2104 1519 1523
f 2047 1418 1422
f 1958 1393 1397
f 2070 1495 1499
f 2088 1513 1517
f 2142 1555 1559
f 1980 1423 1427
f 1994 1429 1433
f 2230 1568 1572
f 2297 1370 1374
f 2329 894 892
f 2323 887 885
f 2326 899 897
f 2333 905 903
f 2336 912 910
f 2345 941 939
f 2409 1050 1048
f 2496 1224 1222
f 2485 1200 1198
f 2435 1115 1113
f 2374 984 982
f 2368 977 975
f 2371 989 987
f 2378 995 993
f 2381 1002 1000
f 2392 1019 1017
f 2360 971 969
f 2416 1091 1089
f 2456 1146 1144
f 2460 1158 1156
f 2488 1217 1215
f 2398 1037 1035
f 2340 918 916
f 2430 1098 1096
f 2475 1188 1186
f 2404 1044 1042
f 2501 1236 1234
f 2482 1212 1210
f 2440 1122 1120
f 2347 930 928
f 2464 1163 1161
f 2384 1013 1011
f 2355 948 946
f 2419 1074 1072
f 2451 1134 1132
f 2470 1170 1168
f 2385 1008 1006
f 2362 960 958
f 2423 1086 1084
f 2446 1151 1149
f 2401 1061 1059
f 2339 923 921
f 2429 1103 1101
f 2474 1205 1203
f 2491 1241 1239
f 2459 1175 1173
f 2395 1032 1030
f 2365 966 964
f 2424 1080 1078
f 2443 1127 1125
f 2390 1025 1023
f 2354 953 951
f 2413 1067 1065
f 2450 1139 1137
f 2467 1182 1180
f 2408 1056 1054
f 2495 1229 1227
f 2479 1193 1191
f 2437 1109 1107
f 2350 936 934
f 2511 1325 1326
f 2505 1277 1278
f 2507 1265 1266
f 2513 1301 1302
f 2516 1319 1320
f 2519 1343 1344
f 2556 1566 1565
f 2540 1464 1463
f 2561 1590 1589
f 2521 1349 1350
f 2544 1523 1524
f 2529 1422 1421
f 2530 1397 1398
f 2546 1499 1500
f 2549 1517 1518
f 2553 1559 1560
f 2534 1427 1428
f 2536 1433 1434
f 2557 1572 1571
f 2525 1374 1373
f 1609 892 889
f 1605 885 883
f 1611 897 895
f 1614 903 901
f 1617 910 907
f 1631 939 937
f 1688 1048 1045
f 1775 1222 1219
f 1763 1198 1195
f 1719 1113 1111
f 1654 982 979
f 1650 975 973
f 1656 987 985
f 1659 993 991
f 1662 1000 997
f 1672 1017 1015
f 1646 969 967
f 1706 1089 1087
f 1735 1144 1141
f 1741 1156 1153
f 1770 1215 1213
f 1680 1035 1033
f 1621 916 913
f 1711 1096 1093
f 1756 1186 1183
f 1684 1042 1039
f 1780 1234 1231
f 1767 1210 1207
f 1722 1120 1117
f 1627 928 925
f 1744 1161 1159
f 1668 1011 1009
f 1636 946 943
f 1699 1072 1069
f 1730 1132 1129
f 1748 1168 1165
f 1666 1006 1003
f 1642 958 955
f 1705 1084 1081
f 1736 1149 1147
f 1691 1059 1057
f 1623 921 919
f 1713 1101 1099
f 1764 1203 1201
f 1781 1239 1237
f 1749 1173 1171
f 1677 1030 1027
f 1645 964 961
f 1703 1078 1075
f 1725 1125 1123
f 1674 1023 1021
f 1638 951 949
f 1695 1065 1063
f 1732 1137 1135
f 1752 1180 1177
f 1690 1054 1051
f 1777 1227 1225
f 1759 1191 1189
f 1717 1107 1105
f 1630 934 931
f 2191 1326 1322
f 1885 1278 1274
f 1901 1266 1262
f 2279 1302 1298
f 2315 1320 1316
f 2171 1344 1340
f 2160 1565 1561
f 2016 1463 1459
f 2214 1589 1585
f 1919 1350 1346
f 2137 1524 1520
f 1978 1421 1417
f 1991 1398 1394
f 2225 1500 1496
f 2302 1518 1514
f 2178 1560 1556
f 2153 1428 1424
f 2009 1434 1430
f 2207 1571 1567
f 1926 1373 1369
f 1857 911 908
f 1803 893 890
f 1786 888 884
f 1822 900 896
f 1840 906 902
f 1876 924 920
f 2182 1062 1058
f 2312 1242 1238
f 2276 1206 1202
f 1898 1104 1100
f 2091 1001 998
f 2037 983 980
f 1952 978 974
f 2056 990 986
f 2074 996 992
f 2128 1026 1022
f 1966 954 950
f 1988 1068 1064
f 2222 1140 1136
f 2293 1181 1178
f 2185 1235 1232
f 1879 1043 1040
f 1893 929 926
f 2271 1121 1118
f 2307 1211 1208
f 2163 1055 1052
f 2150 1230 1226
f 2006 1194 1190
f 2204 1110 1106
f 1911 935 932
f 2131 1169 1166
f 1969 1007 1004
f 1983 959 956
f 2217 1085 1082
f 2290 1152 1148
f 2168 1176 1172
f 2145 1031 1028
f 2001 965 962
f 2199 1079 1076
f 1916 1128 1124
f 1808 1038 1034
f 1789 917 914
f 1825 1097 1094
f 1843 1187 1184
f 1862 1218 1214
f 1933 1157 1154
f 2110 1020 1016
f 2020 972 968
f 2236 1092 1088
f 2257 1145 1142
f 2042 1014 1010
f 1947 947 944
f 2059 1073 1070
f 2077 1133 1130
f 2096 1164 1160
f 2113 1049 1046
f 2023 1223 1220
f 2239 1199 1196
f 2254 1116 1112
f 1930 942 938
f 1818 1283 1279
f 1798 1259 1255
f 1834 1295 1291
f 1852 1313 1309
f 1872 1331 1327
f 1942 1379 1375
f 2120 1541 1537
f 2030 1452 1448
f 2248 1578 1574
f 2263 1368 1364
f 2052 1487 1483
f 1955 1391 1387
f 2065 1440 1436
f 2086 1511 1507
f 2106 1529 1525
f 2122 1547 1543
f 2032 1469 1465
f 2245 1458 1454
f 2266 1584 1580
f 1940 1362 1358
f 1813 1269 1267
f 1792 1245 1243
f 1828 1252 1250
f 1846 1288 1286
f 1867 1306 1304
f 1936 1336 1334
f 2123 1551 1549
f 2033 1473 1471
f 2249 1599 1597
f 2260 1354 1352
f 2049 1479 1477
f 1959 1401 1399
f 2062 1408 1406
f 2080 1492 1490
f 2101 1504 1502
f 2116 1533 1531
f 2026 1414 1412
f 2242 1444 1442
f 2267 1594 1592
f 1943 1383 1381
f 1869 1323 1321
f 1815 1275 1273
f 1799 1263 1261
f 1835 1299 1297
f 1853 1317 1315
f 1889 1341 1339
f 2195 1564 1562
f 2319 1462 1460
f 2283 1588 1586
f 1905 1347 1345
f 2103 1521 1519
f 2046 1420 1418
f 1957 1395 1393
f 2069 1497 1495
f 2087 1515 1513
f 2141 1557 1555
f 1979 1425 1423
f 1993 1431 1429
f 2229 1570 1568
f 2296 1372 1370
f 2188 1282 1280
f 1882 1258 1256
f 1902 1294 1292
f 2280 1312 1310
f 2316 1330 1328
f 2172 1378 1376
f 2157 1540 1538
f 2011 1449 1447
f 2209 1575 1573
f 1923 1365 1363
f 2134 1486 1484
f 1972 1390 1388
f 1995 1437 1435
f 2226 1510 1508
f 2303 1528 1526
f 2175 1546 1544
f 2154 1468 1466
f 2013 1455 1453
f 2211 1581 1579
f 1921 1359 1357
f 1865 1272 1268
f 1811 1248 1244
f 1796 1253 1249
f 1832 1289 1285
f 1850 1307 1303
f 1888 1337 1333
f 2194 1554 1550
f 2322 1476 1472
f 2286 1602 1598
f 1908 1355 1351
f 2099 1482 1478
f 2045 1404 1400
f 1962 1409 1405
f 2068 1493 1489
f 2084 1505 1501
f 2140 1536 1532
f 1976 1415 1411
f 1998 1445 1441
f 2232 1595 1591
f 2299 1386 1382
f 2330 909 911
f 2324 891 893
f 2325 886 888
f 2332 898 900
f 2335 904 906
f 2344 922 924
f 2410 1060 1062
f 2497 1240 1242
f 2486 1204 1206
f 2434 1102 1104
f 2375 999 1001
f 2369 981 983
f 2370 976 978
f 2377 988 990
f 2380 994 996
f 2393 1024 1026
f 2359 952 954
f 2415 1066 1068
f 2455 1138 1140
f 2461 1179 1181
f 2489 1233 1235
f 2399 1041 1043
f 2341 927 929
f 2431 1119 1121
f 2476 1209 1211
f 2405 1053 1055
f 2500 1228 1230
f 2481 1192 1194
f 2439 1108 1110
f 2348 933 935
f 2465 1167 1169
f 2383 1005 1007
f 2356 957 959
f 2420 1083 1085
f 2452 1150 1152
f 2471 1174 1176
f 2386 1029 1031
f 2363 963 965
f 2422 1077 1079
f 2445 1126 1128
f 2400 1036 1038
f 2338 915 917
f 2428 1095 1097
f 2473 1185 1187
f 2490 1216 1218
f 2458 1155 1157
f 2394 1018 1020
f 2366 970 972
f 2425 1090 1092
f 2444 1143 1145
f 2389 1012 1014
f 2353 945 947
f 2414 1071 1073
f 2449 1131 1133
f 2466 1162 1164
f 2407 1047 1049
f 2494 1221 1223
f 2480 1197 1199
f 2438 1114 1116
f 2351 940 942
f 2510 1284 1283
f 2504 1260 1259
f 2508 1296 1295
f 2514 1314 1313
f 2517 1332 1331
f 2520 1380 1379
f 2554 1542 1541
f 2539 1451 1452
f 2560 1577 1578
f 2523 1367 1368
f 2543 1488 1487
f 2527 1392 1391
f 2532 1439 1440
f 2547 1512 1511
f 2550 1530 1529
f 2552 1548 1547
f 2535 1470 1469
f 2538 1457 1458
f 2558 1583 1584
f 2524 1361 1362
f 1607 1616 1609
f 1603 1608 1605
f 1604 1606 1611
f 1610 1612 1614
f 1613 1615 1617
f 1622 1624 1631
f 1686 1692 1688
f 1773 1782 1775
f 1761 1765 1763
f 1712 1714 1719
f 1652 1661 1654
f 1648 1653 1650
f 1649 1651 1656
f 1655 1657 1659
f 1658 1660 1662
f 1670 1675 1672
f 1637 1639 1646
f 1694 1696 1706
f 1731 1733 1735
f 1739 1751 1741
f 1768 1779 1770
f 1678 1683 1680
f 1619 1626 1621
f 1709 1721 1711
f 1754 1766 1756
f 1682 1689 1684
f 1776 1778 1780
f 1758 1760 1767
f 1716 1718 1722
f 1625 1629 1627
f 1742 1747 1744
f 1663 1665 1668
f 1634 1641 1636
f 1697 1704 1699
f 1728 1737 1730
f 1746 1750 1748
f 1664 1676 1666
f 1640 1644 1642
f 1700 1702 1705
f 1724 1726 1736
f 1679 1681 1691
f 1618 1620 1623
f 1708 1710 1713
f 1753 1755 1764
f 1769 1771 1781
f 1738 1740 1749
f 1671 1673 1677
f 1643 1647 1645
f 1701 1707 1703
f 1723 1734 1725
f 1667 1669 1674
f 1633 1635 1638
f 1693 1698 1695
f 1727 1729 1732
f 1743 1745 1752
f 1685 1687 1690
f 1772 1774 1777
f 1757 1762 1759
f 1715 1720 1717
f 1628 1632 1630
f 2187 2189 2191
f 1881 1883 1885
f 1899 1903 1901
f 2277 2281 2279
f 2313 2317 2315
f 2169 2173 2171
f 2156 2158 2160
f 2010 2012 2016
f 2208 2210 2214
f 1917 1924 1919
f 2133 2135 2137
f 1971 1973 1978
f 1989 1996 1991
f 2223 2227 2225
f 2300 2304 2302
f 2174 2176 2178
f 2151 2155 2153
f 2007 2014 2009
f 2205 2212 2207
f 1920 1922 1926
f 1855 1864 1857
f 1801 1810 1803
f 1784 1795 1786
f 1820 1831 1822
f 1838 1849 1840
f 1874 1887 1876
f 2180 2193 2182
f 2310 2321 2312
f 2274 2285 2276
f 1896 1907 1898
f 2089 2098 2091
f 2035 2044 2037
f 1950 1961 1952
f 2054 2067 2056
f 2072 2083 2074
f 2126 2139 2128
f 1964 1975 1966
f 1986 1997 1988
f 2220 2231 2222
f 2291 2298 2293
f 2183 2190 2185
f 1877 1884 1879
f 1891 1900 1893
f 2269 2278 2271
f 2305 2314 2307
f 2161 2170 2163
f 2148 2159 2150
f 2004 2015 2006
f 2202 2213 2204
f 1909 1918 1911
f 2129 2136 2131
f 1967 1977 1969
f 1981 1990 1983
f 2215 2224 2217
f 2288 2301 2290
f 2166 2177 2168
f 2143 2152 2145
f 1999 2008 2001
f 2197 2206 2199
f 1914 1925 1916
f 1806 1817 1808
f 1787 1797 1789
f 1823 1833 1825
f 1841 1851 1843
f 1860 1871 1862
f 1931 1941 1933
f 2108 2119 2110
f 2018 2029 2020
f 2234 2247 2236
f 2255 2262 2257
f 2040 2051 2042
f 1945 1954 1947
f 2057 2064 2059
f 2075 2085 2077
f 2094 2105 2096
f 2111 2121 2113
f 2021 2031 2023
f 2237 2244 2239
f 2252 2265 2254
f 1928 1939 1930
f 1812 1814 1818
f 1791 1793 1798
f 1827 1829 1834
f 1845 1847 1852
f 1866 1868 1872
f 1935 1937 1942
f 2118 2124 2120
f 2028 2034 2030
f 2246 2250 2248
f 2259 2261 2263
f 2048 2050 2052
f 1953 1960 1955
f 2061 2063 2065
f 2079 2081 2086
f 2100 2102 2106
f 2115 2117 2122
f 2025 2027 2032
f 2241 2243 2245
f 2264 2268 2266
f 1938 1944 1940
f 1802 1804 1813
f 1783 1785 1792
f 1819 1821 1828
f 1837 1839 1846
f 1856 1858 1867
f 1927 1929 1936
f 2112 2114 2123
f 2022 2024 2033
f 2238 2240 2249
f 2251 2253 2260
f 2036 2038 2049
f 1949 1951 1959
f 2053 2055 2062
f 2071 2073 2080
f 2090 2092 2101
f 2107 2109 2116
f 2017 2019 2026
f 2233 2235 2242
f 2256 2258 2267
f 1932 1934 1943
f 1859 1861 1869
f 1805 1807 1815
f 1788 1790 1799
f 1824 1826 1835
f 1842 1844 1853
f 1878 1880 1889
f 2184 2186 2195
f 2306 2308 2319
f 2270 2272 2283
f 1892 1894 1905
f 2093 2095 2103
f 2039 2041 2046
f 1946 1948 1957
f 2058 2060 2069
f 2076 2078 2087
f 2130 2132 2141
f 1968 1970 1979
f 1982 1984 1993
f 2216 2218 2229
f 2287 2289 2296
f 2179 2181 2188
f 1873 1875 1882
f 1895 1897 1902
f 2273 2275 2280
f 2309 2311 2316
f 2165 2167 2172
f 2144 2146 2157
f 2000 2002 2011
f 2198 2200 2209
f 1913 1915 1923
f 2125 2127 2134
f 1963 1965 1972
f 1985 1987 1995
f 2219 2221 2226
f 2292 2294 2303
f 2162 2164 2175
f 2147 2149 2154
f 2003 2005 2013
f 2201 2203 2211
f 1910 1912 1921
f 1863 1870 1865
f 1809 1816 1811
f 1794 1800 1796
f 1830 1836 1832
f 1848 1854 1850
f 1886 1890 1888
f 2192 2196 2194
f 2318 2320 2322
f 2282 2284 2286
f 1904 1906 1908
f 2097 2104 2099
f 2043 2047 2045
f 1956 1958 1962
f 2066 2070 2068
f 2082 2088 2084
f 2138 2142 2140
f 1974 1980 1976
f 1992 1994 1998
f 2228 2230 2232
f 2295 2297 2299
f 2331 2329 2330
f 2327 2323 2324
f 2328 2326 2325
f 2334 2333 2332
f 2337 2336 2335
f 2346 2345 2344
f 2412 2409 2410
f 2499 2496 2497
f 2487 2485 2486
f 2436 2435 2434
f 2376 2374 2375
f 2372 2368 2369
f 2373 2371 2370
f 2379 2378 2377
f 2382 2381 2380
f 2396 2392 2393
f 2361 2360 2359
f 2418 2416 2415
f 2457 2456 2455
f 2463 2460 2461
f 2492 2488 2489
f 2402 2398 2399
f 2343 2340 2341
f 2433 2430 2431
f 2478 2475 2476
f 2406 2404 2405
f 2502 2501 2500
f 2484 2482 2481
f 2442 2440 2439
f 2349 2347 2348
f 2468 2464 2465
f 2387 2384 2383
f 2358 2355 2356
f 2421 2419 2420
f 2454 2451 2452
f 2472 2470 2471
f 2388 2385 2386
f 2364 2362 2363
f 2426 2423 2422
f 2448 2446 2445
f 2403 2401 2400
f 2342 2339 2338
f 2432 2429 2428
f 2477 2474 2473
f 2493 2491 2490
f 2462 2459 2458
f 2397 2395 2394
f 2367 2365 2366
f 2427 2424 2425
f 2447 2443 2444
f 2391 2390 2389
f 2357 2354 2353
f 2417 2413 2414
f 2453 2450 2449
f 2469 2467 2466
f 2411 2408 2407
f 2498 2495 2494
f 2483 2479 2480
f 2441 2437 2438
f 2352 2350 2351
f 2509 2511 2510
f 2503 2505 2504
f 2506 2507 2508
f 2512 2513 2514
f 2515 2516 2517
f 2518 2519 2520
f 2555 2556 2554
f 2541 2540 2539
f 2562 2561 2560
f 2522 2521 2523
f 2542 2544 2543
f 2528 2529 2527
f 2531 2530 2532
f 2545 2546 2547
f 2548 2549 2550
f 2551 2553 2552
f 2533 2534 2535
f 2537 2536 2538
f 2559 2557 2558
f 2526 2525 2524