v -0.132484 0.358432 -0.190048
v 0.129398 0.358781 -0.187076
v -0.377695 -0.657806 -0.004443
v 0.376435 -0.656385 -0.003795
v 0.002533 -0.548457 0.853116
v 0.000474 0.142884 0.435389
v -0.002120 -0.200337 -0.483096
v -0.000670 0.528958 -0.853884
v 0.375891 0.080887 -0.277232
v 0.412657 -0.004480 0.268572
v -0.374165 0.077164 -0.281482
v -0.415705 -0.000226 0.267272
v -0.001573 0.590499 -0.216835
v -0.099402 0.241922 0.077006
v -0.247514 0.790811 -0.529033
v -0.292845 0.188917 -0.248873
v -0.353382 0.087825 0.115143
v 0.097487 0.242685 0.077826
v 0.247693 0.792423 -0.530339
v 0.292599 0.190550 -0.248723
v 0.351721 0.091432 0.115425
v -0.002324 -0.669702 0.015639
v -0.312480 -0.842838 0.554568
v -0.240995 -0.599426 -0.360733
v -0.417227 -0.216618 -0.147712
v -0.412669 -0.278910 0.224913
v 0.310398 -0.839655 0.553464
v 0.242419 -0.599708 -0.362542
v 0.416837 -0.217110 -0.144882
v 0.415256 -0.276814 0.226374
v -0.000458 0.022195 0.822786
v 0.381704 -0.262681 0.663527
v -0.382654 -0.260966 0.662768
v 0.260545 0.063352 0.441670
v -0.260866 0.061445 0.443808
v -0.000378 0.051541 -0.769913
v 0.225835 -0.033532 -0.393983
v -0.227112 -0.031443 -0.395997
v 0.375118 0.254795 -0.719748
v -0.376800 0.254784 -0.722231
v 0.443061 0.051806 0.021427
v -0.438082 0.050442 0.021856
v -0.084367 0.516765 -0.191868
v -0.102040 0.271293 -0.120114
v -0.200130 0.573307 -0.302345
v -0.203810 0.313103 -0.208128
v -0.209380 0.194676 -0.058944
v 0.082565 0.516945 -0.190369
v 0.098598 0.270826 -0.118881
v 0.200807 0.574490 -0.298903
v 0.203535 0.315875 -0.207393
v 0.203283 0.196640 -0.058729
v -0.227882 -0.776956 -0.005871
v -0.292569 -0.639623 0.232380
v -0.424071 -0.838039 -0.235746
v -0.441117 -0.491352 -0.092604
v -0.401678 -0.477151 0.125414
v 0.222479 -0.767697 -0.000510
v 0.289905 -0.640980 0.237563
v 0.424239 -0.837741 -0.235654
v 0.441576 -0.492839 -0.094937
v 0.399891 -0.478713 0.126400
v -0.178854 -0.793556 0.847777
v 0.181546 -0.797150 0.848996
v 0.001438 -0.281390 0.928962
v 0.246217 -0.456565 0.845922
v -0.244489 -0.455493 0.843583
v -0.060740 0.166775 0.293371
v 0.060363 0.166029 0.290040
v 0.000555 0.137912 0.597513
v 0.121275 0.126944 0.464385
v -0.120094 0.124273 0.464192
v -0.090761 -0.363369 -0.432244
v 0.089746 -0.362059 -0.430413
v -0.000329 -0.013829 -0.523769
v 0.110212 -0.129878 -0.459130
v -0.110360 -0.128816 -0.459368
v -0.160885 0.722723 -0.755590
v 0.160302 0.722117 -0.758099
v -0.001761 0.274707 -0.934907
v 0.241012 0.426115 -0.875822
v -0.240002 0.425409 -0.875824
v 0.372811 0.110950 -0.279473
v 0.355706 0.005099 -0.186395
v 0.321059 0.043373 -0.346502
v 0.360577 0.131317 -0.454090
v 0.412703 0.062695 -0.131371
v 0.421491 0.033051 0.211585
v 0.408618 -0.094876 0.259698
v 0.394814 -0.105113 0.425226
v 0.372689 0.001762 0.359950
v 0.431705 0.020622 0.150874
v -0.377479 0.114413 -0.278500
v -0.352001 0.004534 -0.192426
v -0.321534 0.045687 -0.351007
v -0.360913 0.129546 -0.457704
v -0.404799 0.069494 -0.134492
v -0.419820 0.035960 0.208951
v -0.405988 -0.095730 0.258142
v -0.394897 -0.102680 0.422150
v -0.371316 0.001309 0.360278
v -0.433973 0.027142 0.145948
v -0.022922 0.389664 -0.176105
v -0.094801 0.725888 -0.337210
v 0.022327 0.386908 -0.175457
v 0.095820 0.724982 -0.335748
v -0.230338 0.171632 0.125596
v -0.000036 0.235147 0.042138
v -0.192382 0.133656 0.292963
v -0.391418 0.575286 -0.398766
v -0.000036 0.855533 -0.565422
v -0.336321 0.548264 -0.653279
v -0.334140 0.112242 -0.048427
v -0.334050 0.289050 -0.471600
v -0.417407 0.082956 -0.080365
v -0.328793 0.071056 0.268639
v -0.437340 0.057291 0.082806
v 0.224207 0.174236 0.121272
v 0.190872 0.136292 0.293815
v 0.391871 0.576363 -0.397541
v 0.335139 0.551208 -0.654486
v 0.327623 0.115039 -0.051360
v 0.335385 0.287968 -0.471950
v 0.413508 0.078819 -0.078339
v 0.324076 0.073148 0.268459
v 0.436745 0.055847 0.081638
v -0.116473 -0.687698 0.298698
v -0.120019 -0.759316 -0.230712
v 0.113021 -0.685850 0.302589
v 0.118594 -0.768170 -0.218166
v -0.372129 -0.516600 0.397459
v -0.000195 -0.737249 0.604804
v -0.393605 -0.591941 0.687297
v -0.413733 -0.449588 -0.291399
v -0.000315 -0.550872 -0.337971
v -0.253433 -0.286758 -0.385093
v -0.440186 -0.245459 0.029661
v -0.341182 -0.144227 -0.291087
v -0.382153 -0.013421 -0.035033
v -0.407606 -0.306264 0.443852
v -0.409584 -0.061311 0.107160
v 0.373768 -0.517574 0.396779
v 0.394428 -0.591669 0.683572
v 0.413615 -0.449761 -0.291182
v 0.255159 -0.286809 -0.386143
v 0.439657 -0.248670 0.029028
v 0.343194 -0.144889 -0.288591
v 0.385407 -0.017409 -0.034329
v 0.408957 -0.305399 0.444313
v 0.407314 -0.059595 0.106828
v 0.244259 -0.120878 0.827187
v -0.242149 -0.120097 0.828100
v 0.176723 0.073552 0.651178
v -0.176265 0.075192 0.650075
v 0.327444 -0.043268 0.577057
v -0.327307 -0.042670 0.575452
v 0.144215 0.006045 -0.593743
v -0.145377 0.006588 -0.594234
v 0.261867 0.100495 -0.916759
v -0.262521 0.100289 -0.917715
v 0.312390 0.069543 -0.588366
v -0.313092 0.069756 -0.590076
v -0.112922 0.428403 -0.194645
v -0.114713 0.313246 -0.159862
v -0.154931 0.452514 -0.229969
v -0.163401 0.342373 -0.199538
v -0.151402 0.269799 -0.145967
v 0.109245 0.428223 -0.191858
v 0.110254 0.313877 -0.159377
v 0.152750 0.451908 -0.225463
v 0.159689 0.343584 -0.194768
v 0.145877 0.270738 -0.145167
v -0.330688 -0.738392 -0.007110
v -0.333124 -0.629950 0.083691
v -0.415326 -0.752086 -0.090101
v -0.418761 -0.601162 -0.048539
v -0.386594 -0.570672 0.056016
v 0.327322 -0.735325 -0.004429
v 0.331315 -0.631068 0.082477
v 0.414885 -0.754151 -0.090744
v 0.420638 -0.600784 -0.050374
v 0.385683 -0.570220 0.053917
v -0.074772 -0.633035 0.838959
v 0.076603 -0.632814 0.839845
v 0.000941 -0.432806 0.877381
v 0.116054 -0.515375 0.856639
v -0.113287 -0.513090 0.856292
v -0.028522 0.145109 0.374718
v 0.033269 0.144415 0.375501
v 0.000869 0.144649 0.504226
v 0.053554 0.138503 0.453601
v -0.051299 0.139530 0.453996
v -0.037488 -0.274551 -0.470124
v 0.035892 -0.275824 -0.469982
v -0.003543 -0.112100 -0.493159
v 0.049273 -0.172957 -0.479336
v -0.052891 -0.171533 -0.479878
v -0.070525 0.618849 -0.813348
v 0.069305 0.617758 -0.811414
v 0.000972 0.416608 -0.900701
v 0.108357 0.489001 -0.865074
v -0.110725 0.489352 -0.866604
v 0.384708 0.090830 -0.282886
v 0.363918 0.057040 -0.232921
v 0.354845 0.070203 -0.309859
v 0.372248 0.097099 -0.352858
v 0.388569 0.073505 -0.211813
v 0.422341 0.015359 0.242316
v 0.407533 -0.032902 0.264049
v 0.402334 -0.044136 0.330698
v 0.401359 -0.007805 0.310912
v 0.423574 0.008244 0.216124
v -0.388831 0.094483 -0.287114
v -0.360741 0.059930 -0.235877
v -0.349730 0.072218 -0.315271
v -0.371632 0.096369 -0.355897
v -0.387758 0.073443 -0.216671
v -0.419940 0.017474 0.240842
v -0.406679 -0.035471 0.263134
v -0.400673 -0.044417 0.330221
v -0.402116 -0.004458 0.311535
v -0.420269 0.009190 0.212025
v -0.045927 0.571712 -0.213230
v 0.044388 0.567803 -0.210456
v -0.015938 0.534211 -0.207547
v -0.032176 0.650863 -0.256589
v 0.015181 0.528602 -0.206741
v 0.032467 0.648474 -0.255432
v -0.101558 0.252404 -0.036944
v -0.086131 0.205203 0.193092
v -0.038843 0.271333 -0.092505
v -0.170015 0.227105 0.109624
v -0.042133 0.239803 0.051436
v -0.149972 0.187931 0.200466
v -0.259203 0.704710 -0.406218
v -0.223882 0.777923 -0.649222
v -0.200162 0.823865 -0.446154
v -0.498500 0.766477 -0.485462
v -0.227313 0.970091 -0.589529
v -0.335312 0.701458 -0.600637
v -0.240376 0.258973 -0.232519
v -0.341579 0.140164 -0.266143
v -0.283923 0.365640 -0.334417
v -0.308360 0.145104 -0.144149
v -0.308757 0.250745 -0.358326
v -0.360112 0.112084 -0.158757
v -0.284166 0.133398 0.035038
v -0.399800 0.055197 0.170534
v -0.290208 0.125373 0.121625
v -0.349743 0.095948 0.036759
v -0.346991 0.081167 0.190367
v -0.409801 0.060110 0.104591
v 0.097676 0.254312 -0.033665
v 0.084271 0.203381 0.190841
v 0.035879 0.267571 -0.094361
v 0.042426 0.235742 0.047980
v 0.165456 0.224857 0.118868
v 0.146629 0.190760 0.200910
v 0.261305 0.704724 -0.405275
v 0.223074 0.778102 -0.650746
v 0.199070 0.822319 -0.445082
v 0.227026 0.970192 -0.589994
v 0.496094 0.766219 -0.487471
v 0.334335 0.700513 -0.601559
v 0.238358 0.259140 -0.230671
v 0.340506 0.136862 -0.265853
v 0.284241 0.367500 -0.333151
v 0.305510 0.148773 -0.144614
v 0.311447 0.251418 -0.358635
v 0.356398 0.112250 -0.158937
v 0.278328 0.135039 0.035252
v 0.402871 0.054314 0.173523
v 0.285516 0.126793 0.120540
v 0.342579 0.100698 0.033708
v 0.346557 0.080875 0.192543
v 0.409940 0.062986 0.104167
v -0.126244 -0.707950 -0.000468
v 0.121155 -0.704160 0.010539
v -0.060748 -0.679689 0.147767
v -0.080234 -0.667725 -0.109178
v 0.054841 -0.677981 0.151867
v 0.078514 -0.666775 -0.094902
v -0.263130 -0.662229 0.435456
v -0.286905 -0.949377 0.755702
v -0.178738 -0.705552 0.469700
v -0.335838 -0.646920 0.501698
v -0.157002 -0.917504 0.598890
v -0.388947 -0.759268 0.656814
v -0.348854 -0.786056 -0.357519
v -0.157031 -0.463758 -0.385329
v -0.190924 -0.748433 -0.330506
v -0.354951 -0.556489 -0.348485
v -0.122377 -0.575843 -0.346522
v -0.257038 -0.438102 -0.375444
v -0.440438 -0.357286 -0.126559
v -0.380550 -0.092781 -0.166002
v -0.420642 -0.332049 -0.216767
v -0.440823 -0.233663 -0.059968
v -0.388617 -0.186695 -0.226123
v -0.402978 -0.111437 -0.086371
v -0.412018 -0.377633 0.185775
v -0.409213 -0.181639 0.248377
v -0.402264 -0.396700 0.306390
v -0.421561 -0.262862 0.124799
v -0.409556 -0.294996 0.332900
v -0.412767 -0.165875 0.158420
v 0.264476 -0.662310 0.438041
v 0.286480 -0.950343 0.753404
v 0.181125 -0.705583 0.472876
v 0.159285 -0.919570 0.597983
v 0.337367 -0.647348 0.500027
v 0.391537 -0.762045 0.649928
v 0.348006 -0.784282 -0.357486
v 0.157509 -0.464615 -0.386013
v 0.188321 -0.748574 -0.329605
v 0.121033 -0.575096 -0.347845
v 0.355527 -0.556741 -0.349439
v 0.255942 -0.440027 -0.374840
v 0.439985 -0.356290 -0.124184
v 0.378994 -0.093053 -0.161675
v 0.421031 -0.330934 -0.215031
v 0.442281 -0.234970 -0.060269
v 0.388004 -0.187616 -0.224538
v 0.402214 -0.112363 -0.084896
v 0.409008 -0.378065 0.184856
v 0.414230 -0.182250 0.249943
v 0.401374 -0.394989 0.305086
v 0.422497 -0.262081 0.124974
v 0.411338 -0.294402 0.332578
v 0.414084 -0.165337 0.161295
v -0.000091 -0.119627 0.930014
v 0.000428 0.101318 0.707133
v 0.123358 -0.047388 0.850299
v -0.121916 -0.046129 0.849540
v 0.105510 0.062020 0.749118
v -0.104345 0.062452 0.748773
v 0.336109 -0.364215 0.775166
v 0.397110 -0.176110 0.538529
v 0.386740 -0.422400 0.678900
v 0.401633 -0.299150 0.555240
v 0.338478 -0.196860 0.761587
v 0.363565 -0.134676 0.630635
v -0.336095 -0.365186 0.776107
v -0.394077 -0.175816 0.536942
v -0.385911 -0.421452 0.679893
v -0.401617 -0.298220 0.554475
v -0.338101 -0.197109 0.761206
v -0.364343 -0.132900 0.630857
v 0.190113 0.097446 0.461315
v 0.320545 0.026290 0.407021
v 0.228109 0.098087 0.370658
v 0.295140 0.067038 0.349984
v 0.222118 0.065432 0.543074
v 0.291920 0.019270 0.508499
v -0.190685 0.098353 0.460526
v -0.323702 0.026141 0.405867
v -0.231053 0.098592 0.371127
v -0.297126 0.066731 0.352060
v -0.221926 0.065080 0.543300
v -0.292528 0.020034 0.510810
v -0.001100 0.021495 -0.628913
v -0.002165 0.137734 -0.892599
v 0.084940 0.015563 -0.697052
v -0.086372 0.016266 -0.697095
v 0.116294 0.065433 -0.848415
v -0.117504 0.063711 -0.851685
v 0.168276 -0.079455 -0.428400
v 0.282381 0.002683 -0.372645
v 0.238396 -0.150072 -0.382730
v 0.281282 -0.091289 -0.338709
v 0.186942 -0.001165 -0.485149
v 0.260536 0.024510 -0.479519
v -0.168505 -0.078340 -0.425327
v -0.279385 0.004370 -0.376272
v -0.237561 -0.148663 -0.384541
v -0.280683 -0.090693 -0.340847
v -0.187778 0.003098 -0.485768
v -0.260239 0.024996 -0.482255
v 0.345319 0.341937 -0.838868
v 0.362289 0.182631 -0.579085
v 0.348631 0.396772 -0.695577
v 0.353403 0.289046 -0.587747
v 0.371429 0.182688 -0.869308
v 0.365703 0.137029 -0.684908
v -0.346211 0.342896 -0.839862
v -0.363220 0.184680 -0.579982
v -0.348653 0.396681 -0.694693
v -0.355097 0.289997 -0.588687
v -0.371303 0.183680 -0.870697
v -0.368277 0.137310 -0.688050
v 0.430591 0.056418 -0.051011
v 0.443069 0.036305 0.086499
v 0.443452 0.063821 -0.021741
v 0.448439 0.054214 0.051249
v 0.409778 0.034838 -0.004969
v 0.419329 0.013122 0.061448
v -0.423507 0.064272 -0.051194
v -0.438526 0.040064 0.081916
v -0.446154 0.065687 -0.022881
v -0.448326 0.053816 0.051956
v -0.403311 0.036639 -0.006452
v -0.417361 0.015754 0.059509
v -0.083965 0.385652 -0.164264
v -0.131277 0.544656 -0.248891
v -0.051918 0.463337 -0.182324
v -0.089939 0.617700 -0.256712
v -0.155700 0.234941 -0.081036
v -0.057969 0.319320 -0.149748
v -0.164817 0.222092 0.003758
v -0.211025 0.457445 -0.256756
v -0.159226 0.666893 -0.329391
v -0.298870 0.599820 -0.353361
v -0.195104 0.233032 -0.136755
v -0.258317 0.440945 -0.290980
v -0.250091 0.193240 -0.138800
v -0.223926 0.178969 0.027725
v -0.268313 0.152448 -0.051667
v 0.080600 0.385016 -0.163431
v 0.130937 0.546065 -0.246608
v 0.048279 0.461060 -0.181438
v 0.089928 0.616691 -0.254280
v 0.151798 0.237420 -0.081762
v 0.055019 0.318724 -0.150993
v 0.157276 0.224384 0.004337
v 0.212909 0.463429 -0.243489
v 0.156474 0.666808 -0.328205
v 0.302579 0.598302 -0.352899
v 0.190878 0.235331 -0.136753
v 0.259142 0.439419 -0.293250
v 0.245429 0.194741 -0.139416
v 0.216494 0.179305 0.026229
v 0.263569 0.154052 -0.048943
v -0.258143 -0.664342 0.089643
v -0.326393 -0.940628 -0.099306
v -0.170824 -0.680366 0.121048
v -0.163428 -0.856281 -0.119082
v -0.354555 -0.567079 0.179954
v -0.213895 -0.682544 0.276410
v -0.332531 -0.586049 0.337076
v -0.443276 -0.642407 -0.161766
v -0.264547 -0.954443 -0.273570
v -0.433896 -0.640763 -0.284912
v -0.423735 -0.482666 0.011471
v -0.445256 -0.490964 -0.201926
v -0.445213 -0.365550 -0.028674
v -0.381462 -0.488229 0.255641
v -0.430569 -0.370783 0.075542
v 0.251988 -0.662430 0.098909
v 0.329073 -0.938707 -0.095648
v 0.161373 -0.682912 0.131178
v 0.171957 -0.857071 -0.103863
v 0.355344 -0.566226 0.183346
v 0.211570 -0.680012 0.280842
v 0.333673 -0.586692 0.339625
v 0.444497 -0.643542 -0.162684
v 0.265630 -0.955347 -0.271466
v 0.434665 -0.640311 -0.284926
v 0.425393 -0.480766 0.011630
v 0.442669 -0.490295 -0.200428
v 0.444057 -0.364274 -0.027911
v 0.379327 -0.489246 0.257061
v 0.429305 -0.368115 0.073151
v 0.001567 -0.677818 0.790533
v -0.231475 -0.631387 0.847719
v -0.087358 -0.798564 0.738966
v -0.353608 -0.767619 0.813581
v 0.233920 -0.631776 0.848295
v 0.088247 -0.799698 0.740387
v 0.356074 -0.767595 0.811097
v 0.127010 -0.363594 0.882237
v -0.126038 -0.362820 0.882394
v 0.130414 -0.198332 0.903239
v -0.133339 -0.198928 0.907897
v 0.355203 -0.556772 0.802402
v 0.248241 -0.282498 0.848513
v -0.354848 -0.556304 0.803075
v -0.248596 -0.281928 0.848409
v 0.001373 0.167108 0.289925
v -0.089479 0.140068 0.379626
v -0.027522 0.203797 0.187255
v -0.124755 0.156821 0.297001
v 0.091776 0.140177 0.377711
v 0.029411 0.200321 0.185780
v 0.125439 0.156060 0.296256
v 0.069484 0.134119 0.538305
v -0.068023 0.134928 0.538440
v 0.087652 0.117807 0.638628
v -0.086837 0.118682 0.638324
v 0.161170 0.121910 0.382536
v 0.145440 0.105844 0.551582
v -0.160103 0.121755 0.382510
v -0.146414 0.108731 0.553051
v 0.000194 -0.369926 -0.435893
v -0.111194 -0.247774 -0.455117
v -0.052905 -0.465276 -0.388944
v -0.177843 -0.336150 -0.413466
v 0.107149 -0.249858 -0.456222
v 0.052085 -0.465054 -0.388522
v 0.177118 -0.335837 -0.413294
v 0.051180 -0.065032 -0.494074
v -0.054025 -0.067100 -0.494226
v 0.059550 0.010270 -0.555856
v -0.062058 0.010472 -0.554511
v 0.175205 -0.204501 -0.422061
v 0.112681 -0.022323 -0.483595
v -0.176290 -0.204720 -0.423157
v -0.114273 -0.021325 -0.482356
v -0.000768 0.743159 -0.764051
v -0.208096 0.578147 -0.810969
v -0.089470 0.815079 -0.670559
v -0.274433 0.649425 -0.719158
v 0.205330 0.576307 -0.812347
v 0.088755 0.816140 -0.669554
v 0.277082 0.649875 -0.722434
v 0.133253 0.350549 -0.935287
v -0.136620 0.349943 -0.935337
v 0.139196 0.194171 -0.951015
v -0.142872 0.193352 -0.951229
v 0.304519 0.498421 -0.778498
v 0.281103 0.269589 -0.969327
v -0.304342 0.496945 -0.774812
v -0.283818 0.268554 -0.967920
v 0.367759 0.126810 -0.370484
v 0.404455 0.082302 -0.197019
v 0.339630 0.166718 -0.374548
v 0.391965 0.088675 -0.174487
v 0.337951 0.021854 -0.262605
v 0.376733 0.049582 -0.154054
v 0.350825 -0.070984 -0.235440
v 0.368601 -0.006222 -0.111101
v 0.346298 0.088611 -0.407679
v 0.311192 -0.033337 -0.297868
v 0.313484 0.057747 -0.453523
v 0.352186 0.190732 -0.476006
v 0.348713 0.111115 -0.530536
v 0.441047 0.073045 -0.106152
v 0.393870 0.045944 -0.076868
v 0.398832 0.017868 0.280054
v 0.435981 0.030242 0.180702
v 0.385361 0.042275 0.243012
v 0.434434 0.045020 0.146564
v 0.407588 -0.101921 0.338130
v 0.413990 -0.017908 0.194796
v 0.412222 -0.195028 0.343639
v 0.409382 -0.079460 0.180528
v 0.385692 -0.043337 0.396205
v 0.405133 -0.195596 0.439564
v 0.372668 -0.085508 0.506332
v 0.355543 0.033384 0.317333
v 0.345075 -0.020246 0.458817
v 0.444541 0.042493 0.118109
v 0.419540 -0.004882 0.126931
v -0.369428 0.125064 -0.374732
v -0.406911 0.084452 -0.199234
v -0.340836 0.168905 -0.373916
v -0.398364 0.095734 -0.177640
v -0.333848 0.024726 -0.267536
v -0.374065 0.052074 -0.158589
v -0.347458 -0.067082 -0.236045
v -0.369053 -0.003538 -0.114243
v -0.348406 0.084530 -0.412644
v -0.308774 -0.029257 -0.300460
v -0.314763 0.059594 -0.457435
v -0.349229 0.191743 -0.476502
v -0.350321 0.114499 -0.532515
v -0.424486 0.077036 -0.106095
v -0.389077 0.046791 -0.081013
v -0.397222 0.020147 0.280646
v -0.435713 0.031823 0.178384
v -0.383319 0.045911 0.243108
v -0.434229 0.044408 0.148313
v -0.403459 -0.106940 0.339993
v -0.412007 -0.016181 0.191593
v -0.409339 -0.195357 0.342566
v -0.409409 -0.080074 0.180220
v -0.383242 -0.039721 0.396411
v -0.404742 -0.195355 0.438986
v -0.371747 -0.083963 0.503235
v -0.354855 0.035843 0.319925
v -0.346732 -0.017365 0.459212
v -0.445149 0.042860 0.117134
v -0.420579 0.002017 0.125036
v -0.000269 0.416565 -0.191028
v -0.010809 0.273900 -0.107946
v -0.001136 0.738463 -0.312305
v -0.094249 0.841720 -0.455022
v 0.013015 0.272246 -0.108762
v 0.094350 0.841361 -0.454265
v -0.216373 0.156008 0.207172
v -0.284748 0.115823 0.204545
v -0.261124 0.107956 0.287135
v -0.419422 0.600755 -0.534709
v -0.326832 0.433843 -0.450059
v -0.347365 0.431722 -0.568357
v -0.388879 0.088342 -0.056060
v -0.407016 0.071484 0.031268
v -0.442650 0.069246 0.012380
v 0.213923 0.157777 0.208205
v 0.280817 0.117917 0.205330
v 0.260706 0.107439 0.286597
v 0.420265 0.601236 -0.534303
v 0.327400 0.435233 -0.449705
v 0.345116 0.430024 -0.569699
v 0.388116 0.088541 -0.053539
v 0.402757 0.074821 0.028431
v 0.432735 0.069478 0.007369
v -0.000656 -0.689530 0.305842
v -0.068062 -0.724369 0.466335
v 0.001559 -0.609343 -0.194253
v -0.069167 -0.621765 -0.284347
v 0.066841 -0.723137 0.465038
v 0.069271 -0.622897 -0.282057
v -0.385771 -0.563640 0.542472
v -0.401775 -0.418001 0.431972
v -0.400303 -0.435777 0.559143
v -0.339260 -0.372086 -0.346617
v -0.380193 -0.281928 -0.291929
v -0.314050 -0.216250 -0.345193
v -0.418118 -0.125733 -0.006435
v -0.416716 -0.144626 0.075577
v -0.397218 -0.037238 0.034939
v 0.384128 -0.562432 0.540676
v 0.398453 -0.417177 0.431100
v 0.401302 -0.434605 0.555806
v 0.340009 -0.372630 -0.345640
v 0.381370 -0.280885 -0.291329
v 0.313345 -0.219137 -0.344275
v 0.419713 -0.125530 -0.001349
v 0.418919 -0.145533 0.076562
v 0.402112 -0.039940 0.036074
v 0.212483 0.003355 0.751669
v 0.305598 -0.069856 0.708530
v -0.212383 0.004616 0.752972
v -0.305527 -0.066956 0.709658
v 0.262320 0.013020 0.628290
v -0.258726 0.012412 0.627650
v 0.196807 0.012195 -0.756863
v 0.239053 0.027277 -0.609143
v -0.200195 0.014818 -0.755693
v -0.237530 0.029898 -0.610919
v 0.311105 0.071790 -0.755853
v -0.313417 0.070967 -0.757709
v -0.123738 0.387289 -0.193767
v -0.122616 0.337733 -0.175757
v -0.138380 0.399066 -0.206472
v -0.145126 0.351702 -0.193845
v -0.135004 0.314214 -0.173395
v 0.119970 0.387639 -0.191352
v 0.116803 0.335885 -0.174926
v 0.139234 0.398170 -0.203246
v 0.142607 0.352226 -0.191655
v 0.131513 0.316055 -0.172619
v -0.360530 -0.694248 -0.008369
v -0.357230 -0.643426 0.030043
v -0.390247 -0.695259 -0.041068
v -0.399137 -0.638305 -0.024482
v -0.381102 -0.617107 0.019358
v 0.357349 -0.693803 -0.006442
v 0.354568 -0.644200 0.031372
v 0.391088 -0.697716 -0.041268
v 0.398708 -0.636364 -0.023982
v 0.380495 -0.615616 0.022403
v -0.032852 -0.585221 0.845823
v 0.034812 -0.586021 0.846400
v 0.001236 -0.499856 0.861521
v 0.052100 -0.532245 0.855675
v -0.050724 -0.534031 0.856316
v -0.014128 0.141772 0.409080
v 0.014573 0.143715 0.408187
v -0.000016 0.144584 0.466983
v 0.022241 0.142305 0.444918
v -0.020184 0.140503 0.444939
v -0.016476 -0.233734 -0.478429
v 0.013549 -0.234167 -0.477916
v -0.002976 -0.162151 -0.488875
v 0.022100 -0.187862 -0.481895
v -0.024262 -0.188086 -0.482516
v -0.031654 0.568566 -0.835647
v 0.029973 0.569641 -0.834168
v -0.000569 0.479178 -0.875401
v 0.048865 0.513776 -0.858024
v -0.050512 0.511951 -0.858808
v 0.382436 0.085486 -0.280319
v 0.371239 0.070909 -0.256438
v 0.365647 0.078280 -0.291410
v 0.373751 0.087519 -0.309171
v 0.383377 0.078651 -0.250208
v 0.417339 0.005170 0.256455
v 0.411869 -0.016828 0.265766
v 0.407942 -0.020405 0.294115
v 0.410559 -0.007242 0.288709
v 0.419746 0.001912 0.243847
v -0.381421 0.085752 -0.285704
v -0.369778 0.069075 -0.263145
v -0.365827 0.077015 -0.298794
v -0.373694 0.085158 -0.316004
v -0.378668 0.075887 -0.253960
v -0.413952 0.008629 0.256038
v -0.408327 -0.014056 0.264282
v -0.406355 -0.018133 0.292667
v -0.409427 -0.003831 0.287229
v -0.417440 0.002706 0.242449
v -0.024809 0.585854 -0.216322
v 0.022727 0.583360 -0.216540
v -0.010494 0.562962 -0.209182
v -0.015098 0.619795 -0.231027
v 0.009223 0.561416 -0.210039
v 0.014162 0.618225 -0.229918
v -0.102321 0.250284 0.018306
v -0.094391 0.226991 0.137951
v -0.070653 0.254128 -0.002887
v -0.135181 0.239489 0.094270
v -0.069701 0.244850 0.064246
v -0.127472 0.220166 0.145179
v -0.276456 0.762953 -0.465839
v -0.241677 0.797614 -0.592600
v -0.241090 0.833066 -0.498983
v -0.338698 0.769398 -0.498641
v -0.263077 0.908314 -0.579412
v -0.296683 0.750759 -0.561882
v -0.265810 0.221880 -0.241448
v -0.316158 0.155352 -0.256716
v -0.278232 0.266702 -0.294397
v -0.298661 0.166335 -0.195518
v -0.296173 0.219986 -0.303178
v -0.325901 0.139881 -0.202641
v -0.320962 0.106725 0.078462
v -0.379937 0.071596 0.145139
v -0.323889 0.103857 0.121062
v -0.354743 0.088673 0.079353
v -0.351248 0.083350 0.155024
v -0.383581 0.073249 0.110415
v 0.099835 0.251675 0.020983
v 0.091767 0.223359 0.135722
v 0.067754 0.253143 -0.003425
v 0.067824 0.239604 0.059923
v 0.130025 0.240027 0.096195
v 0.122165 0.221287 0.145981
v 0.274599 0.764654 -0.467453
v 0.240246 0.796766 -0.591014
v 0.240921 0.836366 -0.494761
v 0.262568 0.908579 -0.580839
v 0.338692 0.769942 -0.500300
v 0.297603 0.751472 -0.562614
v 0.265027 0.223507 -0.241507
v 0.315170 0.156812 -0.257241
v 0.279223 0.266278 -0.292224
v 0.295789 0.167910 -0.196098
v 0.298652 0.220303 -0.303619
v 0.321611 0.139608 -0.201896
v 0.316752 0.112472 0.077457
v 0.382517 0.069577 0.148225
v 0.318633 0.107509 0.117866
v 0.349644 0.095543 0.075176
v 0.349736 0.086063 0.153080
v 0.386231 0.074191 0.113792
v -0.067140 -0.682282 0.009467
v 0.061384 -0.679545 0.016340
v -0.034369 -0.675373 0.079231
v -0.039192 -0.662895 -0.047426
v 0.027474 -0.675253 0.082404
v 0.034001 -0.662834 -0.042363
v -0.275588 -0.722586 0.507522
v -0.323031 -0.937811 0.644413
v -0.233358 -0.782831 0.515585
v -0.325793 -0.732816 0.538024
v -0.242733 -0.935244 0.568815
v -0.364132 -0.821583 0.613239
v -0.290948 -0.690445 -0.360901
v -0.197246 -0.525341 -0.369816
v -0.221567 -0.681816 -0.352212
v -0.302203 -0.590116 -0.360551
v -0.180568 -0.592506 -0.357254
v -0.251313 -0.518286 -0.370029
v -0.431748 -0.286566 -0.138961
v -0.400755 -0.152110 -0.156557
v -0.420373 -0.273755 -0.181030
v -0.427577 -0.227292 -0.104369
v -0.408354 -0.201780 -0.187737
v -0.412256 -0.162348 -0.116580
v -0.415179 -0.328731 0.207165
v -0.412332 -0.229431 0.238928
v -0.409431 -0.336530 0.263563
v -0.418507 -0.271759 0.174080
v -0.411487 -0.286500 0.276853
v -0.415365 -0.220490 0.190043
v 0.273842 -0.721595 0.508297
v 0.320833 -0.937861 0.641124
v 0.235419 -0.782169 0.516087
v 0.244085 -0.933923 0.568370
v 0.325019 -0.730796 0.537768
v 0.354239 -0.814088 0.607565
v 0.291090 -0.688926 -0.360636
v 0.196872 -0.526094 -0.371011
v 0.221336 -0.682951 -0.352269
v 0.179753 -0.592020 -0.354338
v 0.302189 -0.590702 -0.359114
v 0.251709 -0.519347 -0.368432
v 0.430423 -0.286367 -0.136121
v 0.400160 -0.153042 -0.152884
v 0.419993 -0.274929 -0.178816
v 0.430148 -0.228062 -0.101788
v 0.404249 -0.203886 -0.185668
v 0.412288 -0.165700 -0.114099
v 0.411796 -0.327664 0.206871
v 0.415146 -0.229034 0.239072
v 0.408989 -0.336487 0.262231
v 0.416934 -0.270307 0.174799
v 0.411846 -0.287157 0.278052
v 0.415590 -0.221806 0.190465
v -0.000670 -0.043053 0.874673
v 0.000524 0.069683 0.766928
v 0.061308 -0.009935 0.844456
v -0.061316 -0.010170 0.844109
v 0.057004 0.045310 0.789910
v -0.057089 0.045365 0.789960
v 0.364537 -0.313564 0.722924
v 0.391462 -0.217316 0.599819
v 0.382784 -0.339276 0.670494
v 0.394102 -0.285236 0.608805
v 0.365128 -0.232131 0.715866
v 0.379756 -0.193797 0.651810
v -0.362104 -0.313172 0.720460
v -0.394743 -0.216235 0.601486
v -0.382306 -0.341152 0.671099
v -0.392891 -0.284969 0.609088
v -0.365828 -0.232109 0.715647
v -0.379995 -0.191766 0.653758
v 0.227462 0.080672 0.453261
v 0.294076 0.044998 0.426507
v 0.246656 0.081336 0.406957
v 0.277079 0.064370 0.394913
v 0.240790 0.063365 0.491709
v 0.277782 0.042524 0.477880
v -0.228420 0.079580 0.455597
v -0.292453 0.042608 0.426608
v -0.246059 0.080435 0.408950
v -0.278849 0.064204 0.395842
v -0.243086 0.063084 0.491208
v -0.277148 0.041383 0.477806
v -0.001922 0.031378 -0.699329
v -0.001041 0.085929 -0.839379
v 0.044720 0.035710 -0.733920
v -0.046586 0.034876 -0.736231
v 0.053903 0.059299 -0.807960
v -0.055419 0.061426 -0.807862
v 0.197304 -0.053988 -0.408908
v 0.256017 -0.016766 -0.385701
v 0.227985 -0.087395 -0.383523
v 0.251577 -0.060995 -0.363031
v 0.204528 -0.012934 -0.436177
v 0.238842 -0.000866 -0.432873
v -0.199241 -0.054188 -0.409822
v -0.254726 -0.012933 -0.386199
v -0.227820 -0.086358 -0.382759
v -0.251257 -0.059508 -0.362300
v -0.206373 -0.011583 -0.437646
v -0.240418 -0.000414 -0.434531
v 0.376834 0.296347 -0.791877
v 0.369209 0.217012 -0.647889
v 0.363776 0.323554 -0.711457
v 0.363689 0.276310 -0.650460
v 0.388241 0.220608 -0.798531
v 0.376996 0.190683 -0.713126
v -0.376189 0.297759 -0.792447
v -0.369338 0.219306 -0.649343
v -0.365128 0.322446 -0.714286
v -0.365532 0.276939 -0.652772
v -0.387260 0.222430 -0.800816
v -0.378440 0.192779 -0.713150
v 0.437580 0.055821 -0.012333
v 0.444084 0.042359 0.054171
v 0.445106 0.056994 -0.000349
v 0.446368 0.053540 0.035488
v 0.426530 0.046227 0.007083
v 0.432669 0.036905 0.038615
v -0.434837 0.056698 -0.013528
v -0.440047 0.043998 0.052907
v -0.441634 0.056098 0.002165
v -0.444935 0.050172 0.035219
v -0.425542 0.045462 0.007728
v -0.426733 0.035752 0.040845
v -0.101684 0.473881 -0.192132
v -0.065167 0.548370 -0.203018
v -0.085568 0.458616 -0.170015
v -0.105314 0.530233 -0.219754
v -0.067233 0.494114 -0.181208
v -0.086374 0.567837 -0.223011
v -0.106807 0.290893 -0.143616
v -0.102192 0.258447 -0.081523
v -0.087482 0.319902 -0.152331
v -0.129441 0.252637 -0.099582
v -0.077824 0.291557 -0.136541
v -0.130612 0.244620 -0.058748
v -0.174430 0.508066 -0.262356
v -0.229493 0.639117 -0.349718
v -0.160433 0.560783 -0.275195
v -0.209577 0.519384 -0.282655
v -0.181509 0.623596 -0.316665
v -0.246420 0.585116 -0.328819
v -0.183996 0.330977 -0.202111
v -0.220884 0.289146 -0.218902
v -0.208053 0.389992 -0.231296
v -0.190265 0.263644 -0.174269
v -0.229924 0.373852 -0.244252
v -0.212431 0.243190 -0.179068
v -0.177176 0.230785 -0.106069
v -0.246059 0.163394 -0.011986
v -0.182510 0.215471 -0.068723
v -0.201986 0.210570 -0.098722
v -0.217476 0.184873 -0.018763
v -0.237326 0.173019 -0.053181
v 0.098388 0.473529 -0.188792
v 0.062930 0.545035 -0.201267
v 0.079652 0.454689 -0.168688
v 0.104036 0.529885 -0.217206
v 0.064473 0.489077 -0.177668
v 0.085863 0.565547 -0.223411
v 0.103130 0.289953 -0.143039
v 0.098403 0.262080 -0.081416
v 0.083766 0.319166 -0.150734
v 0.124888 0.255049 -0.097770
v 0.074090 0.293243 -0.136781
v 0.125953 0.246387 -0.059029
v 0.175137 0.511798 -0.256908
v 0.231637 0.639217 -0.348330
v 0.162505 0.561122 -0.272761
v 0.209701 0.521243 -0.276847
v 0.182167 0.624867 -0.315165
v 0.248945 0.586425 -0.327866
v 0.180475 0.331529 -0.198724
v 0.218714 0.290679 -0.219003
v 0.208331 0.391514 -0.223472
v 0.186264 0.265614 -0.175091
v 0.227702 0.374379 -0.245248
v 0.208787 0.244963 -0.178837
v 0.169866 0.229794 -0.106958
v 0.239735 0.163859 -0.011102
v 0.177244 0.216854 -0.067860
v 0.194467 0.210497 -0.099690
v 0.211435 0.185375 -0.018057
v 0.232475 0.175612 -0.054253
v -0.284809 -0.773775 -0.006509
v -0.176828 -0.745982 -0.008677
v -0.245421 -0.700632 0.029143
v -0.266011 -0.899124 -0.034046
v -0.200507 -0.698806 0.036371
v -0.187963 -0.850661 -0.048488
v -0.311080 -0.629487 0.152387
v -0.276634 -0.653264 0.330170
v -0.275827 -0.655665 0.166537
v -0.325607 -0.604906 0.207905
v -0.256355 -0.679389 0.260146
v -0.313819 -0.616926 0.292589
v -0.428442 -0.807911 -0.154031
v -0.394644 -0.831765 -0.310256
v -0.390462 -0.914856 -0.178629
v -0.445979 -0.736170 -0.198721
v -0.356584 -0.926293 -0.262272
v -0.435059 -0.741126 -0.270255
v -0.435478 -0.553245 -0.075368
v -0.443417 -0.425821 -0.110921
v -0.441785 -0.561739 -0.128108
v -0.435398 -0.486336 -0.039426
v -0.445671 -0.494460 -0.147950
v -0.443169 -0.427836 -0.061449
v -0.392368 -0.523607 0.090167
v -0.406993 -0.428768 0.157956
v -0.381038 -0.525677 0.153558
v -0.412409 -0.476474 0.067541
v -0.391189 -0.481423 0.187231
v -0.419132 -0.427596 0.100498
v 0.276878 -0.768512 -0.001535
v 0.173203 -0.736761 0.000966
v 0.236161 -0.692566 0.033241
v 0.258047 -0.888744 -0.027977
v 0.192493 -0.692165 0.045123
v 0.200971 -0.830667 -0.045449
v 0.306765 -0.630312 0.154103
v 0.277662 -0.652908 0.329067
v 0.270617 -0.656863 0.170304
v 0.324181 -0.604581 0.209529
v 0.252061 -0.682857 0.263313
v 0.311348 -0.615266 0.294091
v 0.429263 -0.808374 -0.156793
v 0.394719 -0.830969 -0.311059
v 0.391380 -0.912835 -0.177965
v 0.443966 -0.735913 -0.199486
v 0.358761 -0.924426 -0.262823
v 0.435659 -0.740910 -0.270353
v 0.434876 -0.551653 -0.074612
v 0.443582 -0.425446 -0.111009
v 0.442075 -0.564105 -0.128047
v 0.435794 -0.487504 -0.042586
v 0.444477 -0.495976 -0.147158
v 0.443296 -0.427051 -0.061678
v 0.392538 -0.525066 0.092855
v 0.405743 -0.428571 0.157994
v 0.379947 -0.524618 0.153085
v 0.411884 -0.478101 0.067175
v 0.389510 -0.483338 0.187204
v 0.415478 -0.427381 0.099071
v -0.125668 -0.695161 0.834640
v -0.231911 -0.916776 0.824732
v -0.094171 -0.718939 0.810143
v -0.210360 -0.716903 0.848510
v -0.130645 -0.820558 0.810113
v -0.275625 -0.828136 0.849562
v 0.128407 -0.696858 0.836727
v 0.232174 -0.917986 0.824056
v 0.095807 -0.722308 0.809155
v 0.213064 -0.717085 0.847386
v 0.133854 -0.823875 0.813436
v 0.279318 -0.828666 0.848111
v 0.000313 -0.359421 0.898079
v -0.001684 -0.205695 1.003938
v 0.065177 -0.321608 0.905658
v -0.064732 -0.321949 0.902418
v 0.067480 -0.240548 0.932658
v -0.066940 -0.241416 0.932310
v 0.181959 -0.487477 0.853810
v 0.298795 -0.414253 0.819619
v 0.241679 -0.543002 0.845793
v 0.185604 -0.407841 0.862130
v 0.303391 -0.507552 0.826993
v 0.247682 -0.368102 0.846775
v -0.179044 -0.488482 0.855594
v -0.298497 -0.414826 0.820115
v -0.239264 -0.543270 0.842928
v -0.185816 -0.407996 0.863992
v -0.302308 -0.507957 0.827708
v -0.247528 -0.369226 0.847309
v -0.044334 0.149954 0.337607
v -0.074144 0.185694 0.245418
v -0.029497 0.166211 0.290071
v -0.076496 0.151667 0.338147
v -0.044109 0.183425 0.244611
v -0.090440 0.163639 0.293392
v 0.045193 0.153399 0.333200
v 0.074011 0.182377 0.242010
v 0.031023 0.165295 0.290243
v 0.076408 0.152660 0.337329
v 0.045462 0.182904 0.243765
v 0.090910 0.161790 0.291757
v -0.000733 0.139790 0.547496
v 0.000181 0.124484 0.649447
v 0.038611 0.138012 0.570210
v -0.037351 0.136804 0.569238
v 0.041935 0.128810 0.620470
v -0.041411 0.128805 0.620546
v 0.084594 0.131085 0.460517
v 0.154798 0.113772 0.465178
v 0.105978 0.132302 0.421750
v 0.096713 0.129204 0.503250
v 0.142481 0.125037 0.422426
v 0.134334 0.116821 0.506682
v -0.084602 0.132721 0.460550
v -0.154171 0.114392 0.465633
v -0.107024 0.130770 0.422039
v -0.095969 0.129708 0.502719
v -0.140434 0.122250 0.423552
v -0.132543 0.117483 0.508014
v -0.063033 -0.320617 -0.459294
v -0.120874 -0.411273 -0.406477
v -0.046110 -0.370963 -0.437977
v -0.103205 -0.307790 -0.447958
v -0.074308 -0.416230 -0.410580
v -0.133309 -0.353728 -0.426162
v 0.061432 -0.318347 -0.453837
v 0.123185 -0.410728 -0.408192
v 0.043622 -0.367929 -0.434094
v 0.102517 -0.307394 -0.451527
v 0.073464 -0.414072 -0.411192
v 0.133274 -0.351977 -0.423506
v -0.001682 -0.061341 -0.503707
v -0.000501 0.013989 -0.565128
v 0.024767 -0.036693 -0.509024
v -0.027036 -0.038261 -0.510162
v 0.027403 0.004086 -0.538163
v -0.028924 0.004653 -0.537059
v 0.078872 -0.152488 -0.471179
v 0.140298 -0.105823 -0.446177
v 0.111225 -0.189430 -0.457157
v 0.078427 -0.094763 -0.475412
v 0.142369 -0.166058 -0.444112
v 0.107262 -0.072232 -0.466118
v -0.081511 -0.151293 -0.471546
v -0.141072 -0.103763 -0.444928
v -0.111884 -0.189017 -0.458613
v -0.083057 -0.095709 -0.477025
v -0.144840 -0.165414 -0.441337
v -0.111362 -0.071674 -0.465961
v -0.115103 0.670142 -0.787097
v -0.200377 0.760409 -0.712069
v -0.081965 0.733518 -0.758882
v -0.189559 0.654093 -0.784585
v -0.125561 0.774862 -0.717779
v -0.233581 0.699471 -0.750302
v 0.114572 0.669387 -0.785810
v 0.199803 0.759465 -0.712048
v 0.081190 0.733593 -0.759840
v 0.187059 0.652291 -0.786543
v 0.125724 0.776687 -0.718962
v 0.232367 0.699407 -0.749874
v -0.000713 0.346069 -0.923120
v -0.001275 0.204838 -0.928365
v 0.067856 0.311952 -0.935681
v -0.069580 0.310778 -0.935572
v 0.070480 0.236464 -0.938319
v -0.072282 0.237272 -0.942814
v 0.174098 0.459258 -0.871718
v 0.299120 0.386175 -0.867693
v 0.222525 0.501884 -0.838856
v 0.192495 0.388720 -0.914888
v 0.278270 0.464890 -0.830507
v 0.261716 0.349286 -0.923932
v -0.175163 0.462763 -0.872689
v -0.301037 0.386628 -0.867160
v -0.224027 0.501758 -0.839755
v -0.192906 0.387838 -0.916122
v -0.280350 0.464492 -0.829828
v -0.262509 0.349824 -0.922549
v 0.381514 0.102331 -0.282895
v 0.359467 0.119715 -0.272249
v 0.369922 0.119588 -0.326134
v 0.391288 0.095056 -0.238093
v 0.355293 0.132304 -0.326042
v 0.381493 0.099921 -0.229844
v 0.354551 0.039076 -0.207747
v 0.362115 -0.039586 -0.171792
v 0.348763 0.010755 -0.224884
v 0.360746 0.034930 -0.169214
v 0.353530 -0.031685 -0.210086
v 0.361004 -0.001427 -0.149409
v 0.339250 0.059047 -0.329220
v 0.304527 0.021848 -0.361299
v 0.328147 0.036619 -0.299037
v 0.334696 0.064867 -0.377603
v 0.314177 0.009498 -0.319107
v 0.319163 0.050838 -0.395764
v 0.365393 0.111156 -0.400376
v 0.360584 0.154243 -0.514442
v 0.364847 0.130735 -0.413587
v 0.355578 0.107671 -0.435103
v 0.358704 0.156739 -0.469951
v 0.355585 0.122751 -0.493116
v 0.401072 0.070451 -0.172326
v 0.426873 0.056556 -0.089754
v 0.414874 0.072506 -0.161203
v 0.394930 0.060741 -0.142958
v 0.429033 0.062195 -0.118036
v 0.404575 0.056548 -0.103458
v 0.424903 0.025395 0.226367
v 0.416838 0.041890 0.192538
v 0.412114 0.025767 0.244003
v 0.432112 0.031871 0.195167
v 0.407254 0.035018 0.227408
v 0.430191 0.039173 0.179601
v 0.403795 -0.055295 0.258859
v 0.409335 -0.137001 0.256478
v 0.406790 -0.100127 0.299502
v 0.408288 -0.052870 0.225486
v 0.411300 -0.143782 0.300165
v 0.408315 -0.087521 0.220909
v 0.398462 -0.072023 0.373230
v 0.395371 -0.139631 0.477897
v 0.400997 -0.104762 0.383429
v 0.391116 -0.068225 0.411007
v 0.402346 -0.146294 0.434287
v 0.386388 -0.097768 0.463733
v 0.391991 -0.006270 0.335157
v 0.348926 0.011223 0.383450
v 0.384015 0.010344 0.317585
v 0.377700 -0.019439 0.378982
v 0.364327 0.016470 0.340958
v 0.360884 -0.008611 0.405402
v 0.429520 0.018305 0.182414
v 0.434768 0.028067 0.118693
v 0.434456 0.026652 0.163228
v 0.423462 0.005346 0.172137
v 0.440122 0.032922 0.132618
v 0.427230 0.012377 0.137234
v -0.388150 0.105941 -0.283881
v -0.362021 0.128309 -0.272964
v -0.372624 0.119746 -0.328373
v -0.393186 0.097741 -0.241053
v -0.358894 0.134211 -0.327913
v -0.384606 0.105756 -0.229863
v -0.350920 0.039251 -0.211260
v -0.363176 -0.040628 -0.178903
v -0.339506 0.013950 -0.229074
v -0.356132 0.037918 -0.173108
v -0.348916 -0.029188 -0.213776
v -0.361968 0.001816 -0.154784
v -0.334597 0.060232 -0.334266
v -0.303089 0.025555 -0.367513
v -0.325343 0.039775 -0.306210
v -0.335778 0.066889 -0.382615
v -0.311694 0.011976 -0.323620
v -0.315648 0.053098 -0.400729
v -0.366500 0.109752 -0.404045
v -0.360942 0.156891 -0.516276
v -0.367435 0.128744 -0.419537
v -0.358257 0.105897 -0.438623
v -0.359412 0.157488 -0.473824
v -0.355944 0.125313 -0.496312
v -0.395927 0.071617 -0.176753
v -0.414451 0.066467 -0.092764
v -0.409979 0.077452 -0.163739
v -0.390321 0.064183 -0.146556
v -0.418708 0.074301 -0.121044
v -0.398264 0.058873 -0.106403
v -0.422532 0.026061 0.225343
v -0.413400 0.043478 0.191901
v -0.411346 0.028797 0.243789
v -0.430568 0.035145 0.194050
v -0.402942 0.038214 0.226527
v -0.429976 0.040369 0.177372
v -0.403809 -0.063423 0.262214
v -0.408660 -0.136939 0.254034
v -0.405227 -0.102837 0.299526
v -0.406520 -0.051302 0.222182
v -0.407999 -0.144433 0.298859
v -0.408103 -0.088364 0.219529
v -0.398081 -0.071737 0.372694
v -0.393977 -0.138303 0.478386
v -0.402244 -0.102120 0.383234
v -0.390521 -0.065528 0.408950
v -0.401316 -0.145670 0.433740
v -0.385319 -0.094803 0.463648
v -0.388705 -0.003273 0.337541
v -0.348416 0.011645 0.384791
v -0.385689 0.011786 0.320267
v -0.378091 -0.018216 0.381593
v -0.363303 0.018408 0.342287
v -0.357501 -0.010564 0.407314
v -0.427919 0.018630 0.179917
v -0.436376 0.031938 0.116045
v -0.439513 0.030652 0.162222
v -0.423923 0.011138 0.164738
v -0.443559 0.036864 0.132108
v -0.429811 0.021717 0.133688
v -0.016058 0.502320 -0.207941
v -0.025992 0.308361 -0.146018
v -0.036007 0.434867 -0.187481
v -0.039815 0.354117 -0.162129
v -0.009852 0.413120 -0.187140
v -0.012125 0.326147 -0.157256
v -0.058542 0.686584 -0.290841
v -0.142207 0.774977 -0.390193
v -0.092189 0.669646 -0.292051
v -0.130285 0.702410 -0.335115
v -0.049964 0.736987 -0.328704
v -0.097103 0.787860 -0.391578
v 0.013866 0.498037 -0.206779
v 0.025337 0.305550 -0.146055
v 0.035285 0.432498 -0.180337
v 0.037787 0.350716 -0.163025
v 0.008742 0.412764 -0.188481
v 0.011895 0.322594 -0.157620
v 0.057612 0.684378 -0.288921
v 0.141821 0.773746 -0.390083
v 0.092073 0.669049 -0.292759
v 0.130383 0.701242 -0.335783
v 0.051355 0.735214 -0.331033
v 0.099180 0.786124 -0.390294
v -0.200117 0.201109 0.118642
v -0.258910 0.147569 0.122382
v -0.198930 0.201952 0.068296
v -0.225810 0.174935 0.073840
v -0.226621 0.167586 0.167731
v -0.256713 0.141795 0.166943
v -0.018656 0.238972 0.047610
v 0.018253 0.234800 0.043163
v -0.012219 0.220292 0.116596
v 0.012568 0.219169 0.116088
v -0.007407 0.254200 -0.032930
v 0.008620 0.252511 -0.034408
v -0.173043 0.158304 0.250248
v -0.212128 0.115019 0.335988
v -0.158961 0.146198 0.297028
v -0.177862 0.127196 0.339175
v -0.207233 0.142463 0.251868
v -0.226434 0.121894 0.293271
v -0.550458 0.706756 -0.415728
v -0.292569 0.486085 -0.375829
v -0.368003 0.603006 -0.373789
v -0.294347 0.520084 -0.349258
v -0.502875 0.607991 -0.444417
v -0.340960 0.523683 -0.434031
v -0.115134 0.875596 -0.566147
v 0.115025 0.874957 -0.566289
v -0.050589 0.844348 -0.619093
v 0.049793 0.843384 -0.618549
v -0.065728 0.851072 -0.512616
v 0.065550 0.852589 -0.511037
v -0.340493 0.626606 -0.629025
v -0.338205 0.469925 -0.675074
v -0.311512 0.601185 -0.689073
v -0.319421 0.523939 -0.713643
v -0.365575 0.574236 -0.593643
v -0.347620 0.493187 -0.614467
v -0.321270 0.128360 -0.095029
v -0.342858 0.103701 -0.005469
v -0.291206 0.150782 -0.093438
v -0.301053 0.134684 -0.050679
v -0.364630 0.097136 -0.049486
v -0.374365 0.088116 -0.004353
v -0.322055 0.275234 -0.414684
v -0.343875 0.293592 -0.530750
v -0.329237 0.220326 -0.422594
v -0.339402 0.235736 -0.478175
v -0.331291 0.353057 -0.460031
v -0.340618 0.362159 -0.521155
v -0.394202 0.093273 -0.117663
v -0.435153 0.074566 -0.047695
v -0.412692 0.083891 -0.127452
v -0.424839 0.079857 -0.092557
v -0.406539 0.085091 -0.069334
v -0.430611 0.076576 -0.034418
v -0.339282 0.076607 0.230004
v -0.313630 0.068768 0.308497
v -0.358119 0.056914 0.258736
v -0.343472 0.051759 0.297017
v -0.311137 0.093274 0.241114
v -0.295864 0.090075 0.278846
v -0.429152 0.057588 0.095332
v -0.447297 0.057553 0.066938
v -0.436187 0.050726 0.116321
v -0.446179 0.051446 0.100844
v -0.429421 0.063207 0.059273
v -0.438552 0.061533 0.046056
v 0.195893 0.204071 0.121182
v 0.254305 0.147859 0.123664
v 0.192948 0.201169 0.067989
v 0.223557 0.177587 0.074694
v 0.220785 0.168937 0.166384
v 0.252320 0.145306 0.165353
v 0.169510 0.163741 0.246906
v 0.211116 0.116825 0.334038
v 0.157602 0.150297 0.294436
v 0.174482 0.129978 0.336827
v 0.202810 0.146928 0.250615
v 0.226191 0.122447 0.289708
v 0.551738 0.707502 -0.418158
v 0.294818 0.490811 -0.376112
v 0.369150 0.603083 -0.374036
v 0.295907 0.520717 -0.348964
v 0.503788 0.609044 -0.447056
v 0.343417 0.526253 -0.430276
v 0.340667 0.626176 -0.628554
v 0.337304 0.473294 -0.676362
v 0.311312 0.601419 -0.689694
v 0.317911 0.526732 -0.715984
v 0.367227 0.577079 -0.594426
v 0.346382 0.495332 -0.614626
v 0.317604 0.131278 -0.096689
v 0.336957 0.104532 -0.006930
v 0.286204 0.148498 -0.095095
v 0.295257 0.130693 -0.048316
v 0.361547 0.098869 -0.052336
v 0.370050 0.088920 -0.008636
v 0.323580 0.274091 -0.415267
v 0.346107 0.292828 -0.529000
v 0.330282 0.216048 -0.425462
v 0.340399 0.231574 -0.478535
v 0.331865 0.354876 -0.461954
v 0.340509 0.359181 -0.520318
v 0.390435 0.090762 -0.118180
v 0.434561 0.066653 -0.046362
v 0.408238 0.079167 -0.125823
v 0.416332 0.077068 -0.086510
v 0.403521 0.083189 -0.068430
v 0.425619 0.070924 -0.035299
v 0.335928 0.076370 0.230417
v 0.310188 0.069509 0.309588
v 0.356019 0.057360 0.256640
v 0.340496 0.053062 0.294218
v 0.302934 0.094007 0.238851
v 0.291135 0.090779 0.278803
v 0.426488 0.059480 0.094788
v 0.446935 0.054031 0.068923
v 0.435788 0.052210 0.114785
v 0.442910 0.049105 0.101086
v 0.427469 0.063484 0.060041
v 0.434880 0.064020 0.046495
v -0.088509 -0.680372 0.221555
v -0.147260 -0.694653 0.385004
v -0.143356 -0.681733 0.209112
v -0.166509 -0.684665 0.290893
v -0.060905 -0.689708 0.305198
v -0.092461 -0.699192 0.386715
v -0.104934 -0.710989 -0.170749
v -0.152808 -0.774404 -0.290234
v -0.121933 -0.849665 -0.189906
v -0.151692 -0.897038 -0.267760
v -0.079744 -0.647570 -0.208032
v -0.102008 -0.678827 -0.260307
v 0.082825 -0.681583 0.224809
v 0.144474 -0.693195 0.387073
v 0.136105 -0.679210 0.217444
v 0.164134 -0.683650 0.294457
v 0.056815 -0.688979 0.305140
v 0.090862 -0.699111 0.387834
v 0.108227 -0.716500 -0.150643
v 0.145663 -0.781341 -0.287208
v 0.125360 -0.872921 -0.151979
v 0.152838 -0.905091 -0.255317
v 0.084335 -0.651762 -0.197676
v 0.100505 -0.682540 -0.252173
v -0.357643 -0.580169 0.448017
v -0.388404 -0.455661 0.351186
v -0.353238 -0.557910 0.371464
v -0.374811 -0.501304 0.325646
v -0.377459 -0.538777 0.470456
v -0.388106 -0.470590 0.418337
v -0.087489 -0.798043 0.610165
v 0.086970 -0.799035 0.610393
v -0.053604 -0.738609 0.670498
v 0.053712 -0.738222 0.670956
v -0.037601 -0.750056 0.536660
v 0.039917 -0.747836 0.538103
v -0.395405 -0.678852 0.680741
v -0.391684 -0.506692 0.686504
v -0.389827 -0.683895 0.756675
v -0.387960 -0.586567 0.756353
v -0.392278 -0.582049 0.616653
v -0.397720 -0.508352 0.622818
v -0.397179 -0.507896 -0.326959
v -0.417407 -0.388961 -0.253364
v -0.424938 -0.542494 -0.290658
v -0.431055 -0.473524 -0.247567
v -0.383277 -0.415067 -0.324951
v -0.398086 -0.362131 -0.292234
v -0.060462 -0.557640 -0.340883
v 0.060786 -0.558535 -0.340451
v -0.026699 -0.510200 -0.364332
v 0.028185 -0.510044 -0.363444
v -0.031825 -0.587925 -0.312500
v 0.033587 -0.586645 -0.310097
v -0.259593 -0.362200 -0.382827
v -0.249318 -0.212845 -0.385437
v -0.218326 -0.313678 -0.401135
v -0.215219 -0.244802 -0.403467
v -0.296773 -0.328329 -0.368613
v -0.287659 -0.252467 -0.367836
v -0.449283 -0.239575 -0.013954
v -0.430909 -0.254331 0.076349
v -0.447113 -0.304159 0.003124
v -0.436327 -0.308648 0.053216
v -0.433001 -0.185593 0.010373
v -0.426306 -0.193641 0.054580
v -0.369230 -0.167512 -0.261402
v -0.310392 -0.116048 -0.315750
v -0.346206 -0.104396 -0.264391
v -0.321438 -0.083248 -0.292037
v -0.361831 -0.208723 -0.292215
v -0.329772 -0.182373 -0.317462
v -0.391929 -0.062994 -0.059501
v -0.387300 0.018733 -0.019501
v -0.376353 -0.008587 -0.073616
v -0.381177 0.022936 -0.055833
v -0.397756 -0.068007 -0.022439
v -0.387169 -0.022651 -0.000540
v -0.408543 -0.300472 0.387901
v -0.409586 -0.305258 0.498842
v -0.408469 -0.248626 0.391507
v -0.408368 -0.247630 0.442676
v -0.408116 -0.361092 0.439683
v -0.407529 -0.366884 0.500081
v -0.411986 -0.111260 0.131899
v -0.410980 -0.016380 0.081879
v -0.411076 -0.070495 0.143180
v -0.412635 -0.022501 0.115142
v -0.411820 -0.100121 0.092626
v -0.405647 -0.048614 0.070033
v 0.357736 -0.578824 0.450212
v 0.387338 -0.455377 0.350195
v 0.355307 -0.553742 0.371838
v 0.375478 -0.499609 0.324827
v 0.377751 -0.538223 0.470271
v 0.388139 -0.470006 0.416636
v 0.394853 -0.678276 0.674083
v 0.390678 -0.505956 0.684960
v 0.391010 -0.683106 0.753459
v 0.387159 -0.585312 0.755612
v 0.391155 -0.584080 0.613317
v 0.397197 -0.508354 0.618912
v 0.397647 -0.509320 -0.326093
v 0.421112 -0.389988 -0.253604
v 0.425827 -0.542671 -0.289077
v 0.431215 -0.474595 -0.247490
v 0.384274 -0.416183 -0.323103
v 0.397636 -0.361818 -0.291691
v 0.258222 -0.361590 -0.381196
v 0.245303 -0.215705 -0.386857
v 0.216857 -0.315481 -0.401660
v 0.213793 -0.244456 -0.405425
v 0.296660 -0.329773 -0.365638
v 0.288333 -0.254224 -0.368138
v 0.447817 -0.241233 -0.014744
v 0.432562 -0.255806 0.077693
v 0.444870 -0.304587 0.000827
v 0.435791 -0.310554 0.051289
v 0.432062 -0.187883 0.012188
v 0.428143 -0.195354 0.055190
v 0.368687 -0.166354 -0.258840
v 0.311874 -0.120197 -0.314706
v 0.349068 -0.107829 -0.260556
v 0.322783 -0.085235 -0.289677
v 0.363058 -0.208984 -0.290783
v 0.330346 -0.183729 -0.316049
v 0.395011 -0.063703 -0.058247
v 0.392614 0.014010 -0.017710
v 0.377815 -0.008064 -0.072516
v 0.386403 0.020805 -0.053188
v 0.401475 -0.071472 -0.019434
v 0.392603 -0.026540 0.001702
v 0.408758 -0.301807 0.388407
v 0.405452 -0.305293 0.499162
v 0.410607 -0.248520 0.391205
v 0.408260 -0.248391 0.442960
v 0.406224 -0.362612 0.439932
v 0.404995 -0.368134 0.498334
v 0.412473 -0.110638 0.130156
v 0.410855 -0.014097 0.083338
v 0.410854 -0.069774 0.143159
v 0.412388 -0.027308 0.117554
v 0.412041 -0.101685 0.092761
v 0.408186 -0.051109 0.071788
v 0.185071 -0.083658 0.844569
v 0.294726 -0.160216 0.797851
v 0.192392 -0.156751 0.873351
v 0.250308 -0.198781 0.846696
v 0.230017 -0.053820 0.793382
v 0.281121 -0.091047 0.770416
v -0.183687 -0.082545 0.844623
v -0.294715 -0.159524 0.798234
v -0.192823 -0.156873 0.871118
v -0.251496 -0.198355 0.846393
v -0.228189 -0.052639 0.795104
v -0.279225 -0.091320 0.771567
v 0.145418 0.073787 0.702638
v 0.201826 0.071615 0.598583
v 0.133225 0.098396 0.649791
v 0.161889 0.093998 0.601410
v 0.194558 0.045385 0.704180
v 0.219331 0.043561 0.643093
v -0.145944 0.074099 0.703613
v -0.201527 0.069676 0.596376
v -0.132683 0.100097 0.650874
v -0.160646 0.097020 0.602062
v -0.193070 0.046191 0.703351
v -0.220387 0.045305 0.644123
v 0.348548 -0.083716 0.606547
v 0.309785 -0.010459 0.543399
v 0.353877 -0.066176 0.542657
v 0.334834 -0.030628 0.514532
v 0.320364 -0.051985 0.643768
v 0.295142 -0.015523 0.605051
v -0.345179 -0.083921 0.605539
v -0.308611 -0.009485 0.542763
v -0.353233 -0.065893 0.540715
v -0.337753 -0.031146 0.514206
v -0.318098 -0.053424 0.642196
v -0.295515 -0.015993 0.603033
v 0.117532 0.006078 -0.645913
v 0.167022 0.007476 -0.539663
v 0.100285 0.007674 -0.576013
v 0.123784 0.004845 -0.524968
v 0.165848 0.004821 -0.669326
v 0.189867 0.015875 -0.604930
v -0.120560 0.003946 -0.648767
v -0.169025 0.007183 -0.538361
v -0.102377 0.008157 -0.576230
v -0.127496 0.004326 -0.525226
v -0.169901 0.005341 -0.668351
v -0.193736 0.013210 -0.606832
v 0.186868 0.062621 -0.903107
v 0.328734 0.139797 -0.910303
v 0.208643 0.136374 -0.963852
v 0.280384 0.181607 -0.965811
v 0.232046 0.041355 -0.841278
v 0.301497 0.072916 -0.849074
v -0.190177 0.064454 -0.902073
v -0.329187 0.140644 -0.910327
v -0.211692 0.138454 -0.965628
v -0.280708 0.180599 -0.965385
v -0.233430 0.041253 -0.842157
v -0.302948 0.073959 -0.850056
v 0.284929 0.045739 -0.534153
v 0.343937 0.097489 -0.641816
v 0.313510 0.066713 -0.516776
v 0.335050 0.091110 -0.561501
v 0.278195 0.048013 -0.604380
v 0.313013 0.072206 -0.668028
v -0.287015 0.045353 -0.534811
v -0.343071 0.098816 -0.643671
v -0.314288 0.064837 -0.520210
v -0.336682 0.092481 -0.565726
v -0.279043 0.049084 -0.605896
v -0.312659 0.072622 -0.669889
v -0.111341 0.371826 -0.178505
v -0.131826 0.442728 -0.213943
v -0.098773 0.410004 -0.176198
v -0.120929 0.487004 -0.216507
v -0.132059 0.288872 -0.152635
v -0.100452 0.346781 -0.165981
v -0.129240 0.267832 -0.128948
v -0.160192 0.399544 -0.216852
v -0.145910 0.500118 -0.239695
v -0.182033 0.456331 -0.246102
v -0.153629 0.299591 -0.172418
v -0.184359 0.396170 -0.225215
v -0.171347 0.283147 -0.172683
v -0.152897 0.247962 -0.116326
v -0.171949 0.252220 -0.140596
v 0.106895 0.370141 -0.175638
v 0.129258 0.442841 -0.211485
v 0.094963 0.410574 -0.175838
v 0.118103 0.487601 -0.214892
v 0.126675 0.288920 -0.151838
v 0.095343 0.346922 -0.163849
v 0.125012 0.268390 -0.129531
v 0.156909 0.400145 -0.211787
v 0.142864 0.500293 -0.236936
v 0.179130 0.459455 -0.238162
v 0.147823 0.301374 -0.173283
v 0.182174 0.400033 -0.216095
v 0.165992 0.284280 -0.173248
v 0.145824 0.248554 -0.117110
v 0.165781 0.251109 -0.139643
v -0.329288 -0.668878 0.026975
v -0.375875 -0.763693 -0.045053
v -0.288956 -0.689659 0.026268
v -0.345005 -0.843125 -0.037231
v -0.362518 -0.606046 0.070001
v -0.298506 -0.650774 0.086424
v -0.343253 -0.600558 0.134114
v -0.417482 -0.671308 -0.073094
v -0.396813 -0.853027 -0.097797
v -0.432252 -0.706588 -0.131020
v -0.403129 -0.582310 0.002000
v -0.435198 -0.623466 -0.103944
v -0.421523 -0.541178 -0.021761
v -0.368781 -0.565968 0.113273
v -0.408832 -0.530846 0.033541
v 0.323083 -0.665998 0.029923
v 0.375199 -0.762264 -0.044028
v 0.281589 -0.685413 0.029034
v 0.338989 -0.840318 -0.033580
v 0.360398 -0.605125 0.071249
v 0.293940 -0.651798 0.093379
v 0.341003 -0.600414 0.135842
v 0.416547 -0.669543 -0.073903
v 0.396720 -0.851098 -0.096557
v 0.433187 -0.709199 -0.132135
v 0.401057 -0.581596 0.003634
v 0.431923 -0.623765 -0.103089
v 0.423394 -0.540357 -0.019663
v 0.370480 -0.564991 0.114499
v 0.407845 -0.527965 0.036942
v 0.000574 -0.630286 0.837252
v -0.098737 -0.579111 0.848714
v -0.041601 -0.670325 0.822132
v -0.152884 -0.635924 0.845245
v 0.100391 -0.580401 0.849883
v 0.045168 -0.671272 0.821294
v 0.154972 -0.637864 0.845875
v 0.058385 -0.472063 0.866190
v -0.059200 -0.471352 0.867249
v 0.062009 -0.400187 0.883662
v -0.062428 -0.397692 0.881230
v 0.171091 -0.567521 0.850305
v 0.122271 -0.441178 0.868680
v -0.170125 -0.566201 0.849437
v -0.122068 -0.440191 0.867758
v 0.000437 0.146945 0.373913
v -0.041578 0.140859 0.413616
v -0.013612 0.152396 0.333957
v -0.058850 0.145254 0.377209
v 0.043350 0.140127 0.414169
v 0.016955 0.151567 0.332735
v 0.061038 0.145348 0.377188
v 0.028612 0.141726 0.483241
v -0.027413 0.143248 0.482605
v 0.032827 0.142416 0.524262
v -0.033394 0.140420 0.522922
v 0.073915 0.136142 0.417571
v 0.061992 0.139407 0.493086
v -0.071745 0.135816 0.418414
v -0.059975 0.135795 0.493193
v -0.001068 -0.279214 -0.471147
v -0.045881 -0.224816 -0.475735
v -0.021113 -0.323904 -0.457985
v -0.075336 -0.264527 -0.467350
v 0.045183 -0.224769 -0.475585
v 0.019327 -0.323859 -0.457386
v 0.072198 -0.265617 -0.466789
v 0.024778 -0.141276 -0.488020
v -0.026074 -0.139717 -0.487594
v 0.024683 -0.090197 -0.495023
v -0.028612 -0.089253 -0.495542
v 0.077816 -0.208226 -0.468346
v 0.051970 -0.118696 -0.483659
v -0.079116 -0.208532 -0.469693
v -0.054070 -0.118798 -0.484514
v -0.000464 0.623261 -0.813637
v -0.093616 0.554869 -0.837810
v -0.038252 0.678387 -0.788313
v -0.140503 0.603622 -0.813932
v 0.094525 0.557962 -0.837353
v 0.037816 0.679271 -0.788206
v 0.139639 0.602099 -0.813463
v 0.058260 0.450374 -0.886434
v -0.058800 0.450894 -0.886069
v 0.062074 0.383572 -0.915264
v -0.064914 0.384452 -0.916099
v 0.158943 0.531070 -0.838865
v 0.121957 0.421588 -0.899429
v -0.159230 0.531189 -0.840171
v -0.124653 0.422617 -0.900325
v 0.375928 0.098123 -0.318804
v 0.388274 0.082934 -0.245819
v 0.376711 0.104980 -0.325882
v 0.392981 0.088990 -0.241821
v 0.357345 0.064923 -0.270144
v 0.378628 0.066360 -0.220449
v 0.349180 0.043185 -0.246483
v 0.369119 0.054936 -0.193968
v 0.364398 0.086510 -0.333366
v 0.343017 0.052667 -0.284677
v 0.351278 0.079885 -0.356946
v 0.373449 0.110630 -0.364221
v 0.360072 0.094158 -0.378332
v 0.400300 0.078262 -0.204084
v 0.384586 0.062493 -0.183187
v 0.412174 0.003506 0.276097
v 0.424903 0.014250 0.227348
v 0.415276 0.014687 0.258793
v 0.428908 0.024405 0.212219
v 0.404629 -0.040147 0.297281
v 0.414868 -0.009925 0.236108
v 0.405921 -0.063923 0.298401
v 0.408444 -0.026115 0.228965
v 0.402170 -0.022635 0.322308
v 0.402690 -0.070928 0.336076
v 0.395699 -0.045200 0.364039
v 0.400500 0.005242 0.298750
v 0.393561 -0.023595 0.351021
v 0.431862 0.023996 0.194527
v 0.419382 -0.000182 0.201831
v -0.380116 0.096550 -0.323702
v -0.390247 0.082266 -0.250698
v -0.377889 0.107433 -0.329450
v -0.397386 0.088951 -0.243765
v -0.355688 0.068369 -0.273704
v -0.374434 0.064309 -0.225565
v -0.343836 0.046975 -0.250839
v -0.369350 0.054801 -0.199319
v -0.361175 0.085031 -0.338699
v -0.339009 0.053666 -0.290662
v -0.347009 0.077737 -0.358913
v -0.371988 0.110167 -0.369333
v -0.359587 0.092607 -0.386031
v -0.400393 0.079388 -0.208883
v -0.382069 0.063352 -0.187492
v -0.412567 0.006613 0.275006
v -0.423000 0.013295 0.224532
v -0.413780 0.019032 0.259346
v -0.427524 0.025676 0.210158
v -0.404146 -0.041556 0.298785
v -0.411966 -0.006291 0.232060
v -0.402791 -0.069868 0.299116
v -0.407323 -0.027133 0.227935
v -0.401089 -0.023210 0.322826
v -0.401601 -0.071926 0.337823
v -0.396913 -0.041132 0.361655
v -0.400755 0.009395 0.297089
v -0.391812 -0.020975 0.350436
v -0.432145 0.022240 0.194467
v -0.417300 -0.000549 0.200708
v -0.030248 0.550908 -0.205096
v -0.040916 0.610369 -0.232570
v -0.049659 0.528578 -0.194559
v -0.065541 0.594335 -0.229898
v 0.029520 0.549477 -0.205667
v 0.040704 0.609177 -0.229797
v 0.048299 0.521823 -0.193439
v 0.063552 0.594186 -0.224819
v 0.000315 0.542889 -0.210455
v -0.035130 0.508839 -0.196968
v -0.006191 0.506355 -0.210701
v 0.000668 0.654000 -0.254559
v -0.062934 0.638268 -0.257890
v -0.019645 0.694295 -0.283016
v 0.032363 0.500546 -0.196005
v 0.003888 0.503802 -0.210595
v 0.062884 0.636601 -0.259023
v 0.019802 0.693149 -0.285439
v -0.071063 0.262478 -0.061355
v -0.135814 0.238182 0.038913
v -0.069686 0.270785 -0.115617
v -0.135078 0.239845 -0.014053
v -0.064560 0.229312 0.133350
v -0.116522 0.199255 0.198525
v -0.056053 0.205399 0.190406
v -0.106106 0.180402 0.247115
v -0.043609 0.256500 -0.019275
v -0.046024 0.286068 -0.134223
v -0.019714 0.274571 -0.104637
v -0.160527 0.206949 0.152967
v -0.167651 0.222322 0.056461
v -0.194987 0.192921 0.163580
v -0.037501 0.224760 0.125392
v -0.023838 0.254992 -0.028224
v -0.138173 0.172518 0.248271
v -0.182299 0.174550 0.204032
v -0.225694 0.757737 -0.427960
v -0.341976 0.723233 -0.439998
v -0.203707 0.688703 -0.367598
v -0.294327 0.655950 -0.379989
v -0.211946 0.851760 -0.615844
v -0.272253 0.737186 -0.625624
v -0.166453 0.805940 -0.665136
v -0.250555 0.715654 -0.685232
v -0.258993 0.974343 -0.518786
v -0.176716 0.735783 -0.381596
v -0.163423 0.865146 -0.452981
v -0.406582 0.754809 -0.550866
v -0.391176 0.676532 -0.408653
v -0.527344 0.710387 -0.541562
v -0.146377 0.850714 -0.615383
v -0.180832 0.989504 -0.518716
v -0.297147 0.672372 -0.658170
v -0.398886 0.663000 -0.575637
v -0.261729 0.310595 -0.281236
v -0.270116 0.194115 -0.189349
v -0.246408 0.347925 -0.262275
v -0.240115 0.219964 -0.183649
v -0.315975 0.175702 -0.311712
v -0.347903 0.124535 -0.212153
v -0.339971 0.152733 -0.321015
v -0.370389 0.113901 -0.220249
v -0.298042 0.307070 -0.347937
v -0.270360 0.412885 -0.314542
v -0.310735 0.410129 -0.391051
v -0.336531 0.125497 -0.150641
v -0.279874 0.168667 -0.139533
v -0.351000 0.109318 -0.099237
v -0.320852 0.197707 -0.368010
v -0.314416 0.339063 -0.402125
v -0.380364 0.101298 -0.168769
v -0.373910 0.102114 -0.106361
v -0.288142 0.128707 0.077398
v -0.315652 0.113482 0.036809
v -0.252615 0.155257 0.032000
v -0.276275 0.141960 -0.008241
v -0.375663 0.065611 0.181238
v -0.407518 0.057725 0.137111
v -0.391934 0.049308 0.206576
v -0.423431 0.047638 0.159741
v -0.320998 0.102253 0.159111
v -0.257081 0.151244 0.076386
v -0.290498 0.121644 0.163082
v -0.384984 0.073239 0.075258
v -0.309159 0.123073 -0.007437
v -0.380693 0.080434 0.036427
v -0.368962 0.062045 0.219949
v -0.317068 0.097374 0.198611
v -0.428926 0.050946 0.128991
v -0.410226 0.065194 0.069156
v 0.069480 0.262097 -0.060978
v 0.130108 0.241137 0.042314
v 0.067248 0.272143 -0.113949
v 0.129767 0.243149 -0.013081
v 0.062936 0.221232 0.123766
v 0.114991 0.199035 0.195361
v 0.055592 0.201443 0.186303
v 0.104727 0.178755 0.245428
v 0.041601 0.251995 -0.020377
v 0.044485 0.283037 -0.131402
v 0.018775 0.270464 -0.108085
v 0.037009 0.218321 0.118292
v 0.021996 0.251290 -0.029533
v 0.155833 0.211921 0.157730
v 0.161833 0.223098 0.056974
v 0.190940 0.192237 0.165669
v 0.134338 0.173002 0.248789
v 0.180676 0.178190 0.206870
v 0.224447 0.757742 -0.427900
v 0.345071 0.725731 -0.441447
v 0.204141 0.689726 -0.366499
v 0.296439 0.656042 -0.380703
v 0.212328 0.851121 -0.616067
v 0.274096 0.735596 -0.624855
v 0.165881 0.804768 -0.663498
v 0.250047 0.716197 -0.685875
v 0.258516 0.974305 -0.519229
v 0.176267 0.735538 -0.381627
v 0.163075 0.863411 -0.453077
v 0.146971 0.851382 -0.616433
v 0.181311 0.989467 -0.518609
v 0.406510 0.754340 -0.552091
v 0.392987 0.675661 -0.408548
v 0.525829 0.712659 -0.539979
v 0.296936 0.671676 -0.657397
v 0.399348 0.662656 -0.576353
v 0.262514 0.313449 -0.278529
v 0.268136 0.197533 -0.191236
v 0.245035 0.347967 -0.262765
v 0.239046 0.223709 -0.184337
v 0.315701 0.175490 -0.312447
v 0.347649 0.124463 -0.211796
v 0.338670 0.151771 -0.321075
v 0.366482 0.110236 -0.220847
v 0.297924 0.307762 -0.347877
v 0.271642 0.414161 -0.315392
v 0.305519 0.413165 -0.389783
v 0.333980 0.126073 -0.148891
v 0.273701 0.170615 -0.142464
v 0.348465 0.112125 -0.098810
v 0.322335 0.197995 -0.368874
v 0.315341 0.338524 -0.403176
v 0.376959 0.098367 -0.168307
v 0.370387 0.100378 -0.106513
v 0.284300 0.130930 0.077943
v 0.310936 0.116163 0.036370
v 0.248108 0.156183 0.032692
v 0.271759 0.142886 -0.007496
v 0.375754 0.065896 0.182457
v 0.408077 0.059576 0.139220
v 0.397306 0.048369 0.207872
v 0.423361 0.047987 0.161042
v 0.317753 0.103860 0.158645
v 0.252771 0.153790 0.075895
v 0.286937 0.121421 0.164987
v 0.378864 0.081015 0.070819
v 0.303476 0.123423 -0.007126
v 0.374928 0.084637 0.032709
v 0.367813 0.061193 0.218637
v 0.312104 0.098172 0.199682
v 0.428006 0.052253 0.128952
v 0.405585 0.069860 0.065912
v -0.092359 -0.686215 0.070577
v -0.107297 -0.697013 -0.058773
v -0.149001 -0.694971 0.054661
v -0.149180 -0.767128 -0.060884
v 0.086537 -0.682720 0.076687
v 0.103053 -0.693283 -0.044926
v 0.140982 -0.691301 0.066298
v 0.152651 -0.759520 -0.047442
v -0.003062 -0.678144 0.152132
v -0.118624 -0.683364 0.137752
v -0.031935 -0.681642 0.225492
v -0.002032 -0.642565 -0.098659
v -0.123401 -0.756433 -0.118509
v -0.044833 -0.630960 -0.153502
v 0.111089 -0.680745 0.143154
v 0.025956 -0.679541 0.228545
v 0.127931 -0.758711 -0.099688
v 0.044624 -0.631092 -0.146494
v -0.222644 -0.686917 0.465196
v -0.301498 -0.659811 0.478059
v -0.236950 -0.679231 0.358491
v -0.303883 -0.631279 0.384046
v -0.222684 -0.988201 0.688275
v -0.366177 -0.876740 0.707650
v -0.171328 -0.938002 0.784196
v -0.331566 -0.880622 0.793767
v -0.176092 -0.806630 0.526502
v -0.194088 -0.688545 0.374919
v -0.127622 -0.716966 0.470043
v -0.360215 -0.705686 0.576170
v -0.329974 -0.610946 0.421316
v -0.366496 -0.615550 0.525464
v -0.116205 -0.921354 0.706465
v -0.110931 -0.782508 0.536385
v -0.385250 -0.782750 0.743282
v -0.382970 -0.651698 0.602463
v -0.271173 -0.805272 -0.366296
v -0.358139 -0.667973 -0.359315
v -0.318089 -0.895199 -0.332773
v -0.408510 -0.723049 -0.328170
v -0.140939 -0.524813 -0.367886
v -0.209272 -0.455254 -0.381077
v -0.104911 -0.466337 -0.388196
v -0.168922 -0.400950 -0.402077
v -0.157048 -0.648271 -0.333305
v -0.225877 -0.887462 -0.333302
v -0.127438 -0.680176 -0.302714
v -0.303135 -0.496322 -0.360536
v -0.405397 -0.611666 -0.330132
v -0.349404 -0.461612 -0.346875
v -0.085781 -0.518494 -0.365397
v -0.094610 -0.610357 -0.320813
v -0.215146 -0.385311 -0.391313
v -0.300192 -0.409606 -0.362357
v -0.432547 -0.346863 -0.172778
v -0.438175 -0.294277 -0.091288
v -0.442205 -0.420525 -0.162026
v -0.442682 -0.361946 -0.077389
v -0.385482 -0.140508 -0.195442
v -0.392540 -0.102863 -0.126890
v -0.364308 -0.081211 -0.202736
v -0.374891 -0.046804 -0.138663
v -0.407166 -0.254750 -0.221027
v -0.433323 -0.408885 -0.209989
v -0.403595 -0.308611 -0.256180
v -0.423951 -0.171183 -0.073065
v -0.447258 -0.299713 -0.044873
v -0.437971 -0.174720 -0.029461
v -0.367473 -0.124107 -0.230886
v -0.385407 -0.234506 -0.259663
v -0.384746 -0.054596 -0.099421
v -0.411640 -0.118113 -0.045748
v -0.404901 -0.386060 0.244366
v -0.420384 -0.321015 0.153653
v -0.399454 -0.434874 0.220391
v -0.420844 -0.372920 0.129450
v -0.410946 -0.237254 0.287954
v -0.413085 -0.172072 0.204275
v -0.409745 -0.190017 0.294836
v -0.408492 -0.131609 0.213270
v -0.406468 -0.345407 0.321509
v -0.396084 -0.444244 0.283474
v -0.400020 -0.407104 0.367211
v -0.417558 -0.211909 0.143941
v -0.429013 -0.314599 0.101754
v -0.420710 -0.203162 0.097835
v -0.410580 -0.244186 0.339594
v -0.405690 -0.353677 0.379939
v -0.410611 -0.120445 0.171537
v -0.416834 -0.156176 0.117706
v 0.223947 -0.688072 0.465620
v 0.301028 -0.660097 0.475301
v 0.237102 -0.677096 0.361016
v 0.303165 -0.630629 0.384387
v 0.223811 -0.988312 0.687349
v 0.367863 -0.875733 0.697056
v 0.173090 -0.937779 0.784086
v 0.334631 -0.884003 0.788713
v 0.175088 -0.805361 0.527584
v 0.193223 -0.686530 0.376016
v 0.131301 -0.717760 0.471871
v 0.116975 -0.922454 0.707586
v 0.110586 -0.784855 0.535009
v 0.358306 -0.703967 0.568767
v 0.329634 -0.610204 0.421159
v 0.364690 -0.611990 0.524279
v 0.385573 -0.783391 0.736061
v 0.380151 -0.651576 0.596818
v 0.267819 -0.803654 -0.364721
v 0.359594 -0.666262 -0.358822
v 0.315492 -0.895352 -0.333440
v 0.407487 -0.721216 -0.329172
v 0.141782 -0.523081 -0.369825
v 0.207674 -0.455453 -0.382237
v 0.105589 -0.466549 -0.387136
v 0.170028 -0.401268 -0.401153
v 0.155760 -0.647586 -0.333858
v 0.218049 -0.888734 -0.332049
v 0.127845 -0.681494 -0.299961
v 0.085065 -0.516704 -0.363943
v 0.094832 -0.610875 -0.319459
v 0.306199 -0.497143 -0.359224
v 0.406114 -0.611713 -0.329833
v 0.352106 -0.462096 -0.346606
v 0.214545 -0.384534 -0.391803
v 0.302764 -0.410780 -0.363732
v 0.431599 -0.346856 -0.171308
v 0.438902 -0.293487 -0.091236
v 0.441176 -0.421007 -0.160773
v 0.444364 -0.360487 -0.077379
v 0.386629 -0.140730 -0.191805
v 0.392050 -0.103185 -0.124090
v 0.368505 -0.082336 -0.199994
v 0.372264 -0.047449 -0.132892
v 0.405749 -0.257802 -0.219012
v 0.433159 -0.410070 -0.208576
v 0.402364 -0.309220 -0.255323
v 0.428452 -0.171163 -0.071992
v 0.446748 -0.300042 -0.045400
v 0.435485 -0.179006 -0.031672
v 0.371232 -0.124343 -0.228088
v 0.388074 -0.234905 -0.258306
v 0.384060 -0.056275 -0.096925
v 0.414023 -0.118178 -0.044501
v 0.404208 -0.387408 0.243658
v 0.418080 -0.320235 0.152906
v 0.397421 -0.434871 0.218231
v 0.418063 -0.374729 0.128783
v 0.414587 -0.237567 0.289780
v 0.412747 -0.174858 0.205332
v 0.411746 -0.189050 0.297112
v 0.409705 -0.127053 0.213577
v 0.406616 -0.346529 0.320772
v 0.392501 -0.443893 0.283553
v 0.399327 -0.405821 0.366116
v 0.417814 -0.211720 0.145420
v 0.428887 -0.315791 0.101062
v 0.422525 -0.205293 0.100316
v 0.411345 -0.243960 0.339975
v 0.406284 -0.354569 0.379424
v 0.411280 -0.120479 0.172388
v 0.416325 -0.156613 0.118343
v 0.063913 -0.081001 0.892062
v -0.064250 -0.081027 0.891380
v 0.069895 -0.155940 0.950064
v -0.069840 -0.156605 0.948650
v 0.051225 0.085095 0.732064
v -0.050211 0.085026 0.731794
v 0.046189 0.113485 0.674362
v -0.046263 0.111839 0.674916
v 0.115255 0.015018 0.803250
v 0.129999 -0.117995 0.892026
v 0.173712 -0.017980 0.803602
v -0.114408 0.015504 0.802810
v -0.129895 -0.118384 0.889940
v -0.171891 -0.017700 0.804228
v 0.096581 0.097376 0.692447
v 0.159591 0.036033 0.756252
v -0.095098 0.095608 0.693916
v -0.158832 0.036793 0.756810
v 0.366639 -0.397981 0.732756
v 0.336549 -0.278022 0.768481
v 0.346359 -0.457801 0.791376
v 0.295918 -0.326058 0.814035
v 0.400508 -0.235095 0.548673
v 0.381279 -0.158630 0.585038
v 0.402076 -0.189746 0.487175
v 0.383551 -0.127821 0.522313
v 0.394480 -0.357569 0.616588
v 0.378818 -0.490738 0.745922
v 0.395719 -0.432113 0.620525
v 0.404756 -0.245404 0.496354
v 0.402294 -0.366973 0.556935
v 0.358809 -0.162649 0.700393
v 0.297110 -0.240096 0.809997
v 0.327721 -0.126574 0.740444
v 0.368703 -0.109768 0.565245
v 0.339422 -0.103343 0.672777
v -0.367138 -0.398404 0.731851
v -0.336157 -0.278307 0.768893
v -0.346008 -0.457425 0.790146
v -0.296623 -0.325992 0.812730
v -0.399490 -0.233848 0.547970
v -0.381808 -0.157469 0.584257
v -0.401102 -0.187803 0.487683
v -0.383074 -0.125879 0.521368
v -0.394724 -0.358124 0.616297
v -0.378157 -0.489984 0.745427
v -0.397836 -0.433682 0.620908
v -0.404987 -0.244947 0.495258
v -0.403411 -0.366342 0.558782
v -0.357244 -0.161739 0.700658
v -0.297283 -0.239582 0.809316
v -0.325225 -0.126759 0.740730
v -0.367925 -0.108873 0.566436
v -0.340454 -0.101252 0.673966
v 0.210256 0.098214 0.415938
v 0.205935 0.083896 0.501485
v 0.176633 0.111537 0.420181
v 0.171617 0.102364 0.505084
v 0.309152 0.047238 0.379467
v 0.305731 0.022703 0.456608
v 0.339204 0.030278 0.360956
v 0.334089 0.004007 0.433155
v 0.261429 0.084035 0.360944
v 0.193262 0.111661 0.377057
v 0.243942 0.101546 0.327773
v 0.326118 0.049027 0.335017
v 0.277520 0.085813 0.318787
v 0.256953 0.041262 0.529755
v 0.184403 0.088375 0.550764
v 0.240823 0.041864 0.585780
v 0.320931 -0.003743 0.485199
v 0.277429 0.014809 0.567325
v -0.213440 0.097268 0.417859
v -0.206602 0.082833 0.501961
v -0.177243 0.110369 0.422551
v -0.170340 0.101126 0.507010
v -0.313410 0.046547 0.380137
v -0.308618 0.022926 0.457824
v -0.338775 0.030165 0.361692
v -0.334376 0.004225 0.433437
v -0.262980 0.082990 0.364999
v -0.195811 0.111342 0.378341
v -0.248239 0.100970 0.329815
v -0.327293 0.050199 0.338505
v -0.280046 0.085865 0.320076
v -0.259643 0.041400 0.530350
v -0.183279 0.088006 0.549906
v -0.240253 0.042843 0.587320
v -0.320928 -0.003244 0.486721
v -0.275439 0.014988 0.566515
v 0.039574 0.021639 -0.661941
v -0.040731 0.020924 -0.661312
v 0.033483 0.015455 -0.594443
v -0.035318 0.015908 -0.593678
v 0.059346 0.104938 -0.870222
v -0.062384 0.105595 -0.873611
v 0.066311 0.165370 -0.918557
v -0.069243 0.165301 -0.920171
v 0.099596 0.030581 -0.774555
v 0.071183 0.013388 -0.621062
v 0.134827 -0.003897 -0.733746
v -0.100760 0.031513 -0.774654
v -0.074431 0.013679 -0.622079
v -0.137473 -0.004075 -0.733372
v 0.131128 0.120571 -0.912850
v 0.160741 0.016070 -0.822753
v -0.129894 0.121717 -0.912777
v -0.164543 0.016319 -0.822721
v 0.200753 -0.113747 -0.404687
v 0.170612 -0.026759 -0.442477
v 0.172027 -0.139065 -0.424588
v 0.140269 -0.048666 -0.452448
v 0.274022 -0.037924 -0.346381
v 0.269640 0.014719 -0.423336
v 0.294884 -0.014853 -0.333032
v 0.297167 0.033089 -0.412269
v 0.260662 -0.120381 -0.361536
v 0.208472 -0.177543 -0.402723
v 0.274987 -0.184613 -0.364878
v 0.297004 -0.062564 -0.317308
v 0.297268 -0.153665 -0.339812
v 0.225436 0.009450 -0.484335
v 0.146491 -0.007930 -0.482504
v 0.209801 0.014135 -0.542721
v 0.291237 0.039647 -0.469551
v 0.250060 0.028390 -0.543301
v -0.202212 -0.112628 -0.403137
v -0.174042 -0.025270 -0.442987
v -0.171552 -0.139289 -0.422695
v -0.141958 -0.047704 -0.452160
v -0.271892 -0.035945 -0.348210
v -0.268562 0.015778 -0.428515
v -0.292184 -0.010945 -0.334305
v -0.297172 0.034772 -0.416518
v -0.261468 -0.119965 -0.361693
v -0.206198 -0.175558 -0.404021
v -0.273704 -0.183927 -0.365298
v -0.296442 -0.059867 -0.319354
v -0.294552 -0.152046 -0.339855
v -0.226078 0.012727 -0.487580
v -0.150118 -0.006392 -0.480445
v -0.210412 0.015678 -0.545227
v -0.292274 0.042244 -0.473933
v -0.249606 0.030865 -0.543867
v 0.351860 0.373640 -0.767169
v 0.367216 0.261345 -0.867053
v 0.320211 0.419559 -0.805484
v 0.324403 0.305283 -0.911311
v 0.360337 0.231956 -0.588216
v 0.367187 0.166452 -0.631228
v 0.358219 0.191692 -0.527113
v 0.360862 0.144047 -0.560484
v 0.354847 0.344647 -0.644716
v 0.329734 0.447220 -0.739894
v 0.346677 0.415516 -0.631323
v 0.350794 0.237475 -0.532602
v 0.347551 0.354852 -0.580763
v 0.379355 0.155237 -0.779389
v 0.338625 0.221879 -0.934981
v 0.350280 0.115087 -0.826166
v 0.356161 0.123326 -0.603220
v 0.352076 0.103782 -0.731728
v -0.351431 0.372731 -0.766210
v -0.366899 0.262482 -0.869009
v -0.321710 0.419111 -0.804578
v -0.324505 0.306099 -0.910852
v -0.360930 0.233219 -0.588908
v -0.366274 0.167761 -0.633953
v -0.356690 0.192687 -0.528326
v -0.358900 0.143345 -0.560121
v -0.355063 0.342391 -0.644999
v -0.331043 0.447190 -0.738756
v -0.346996 0.414065 -0.628797
v -0.349277 0.238263 -0.531815
v -0.348528 0.354313 -0.581184
v -0.379851 0.155112 -0.781085
v -0.337221 0.222927 -0.936427
v -0.349941 0.116273 -0.826960
v -0.358272 0.124694 -0.605802
v -0.352742 0.104042 -0.732604
v 0.441286 0.059147 -0.036524
v 0.420123 0.050171 -0.028519
v 0.440593 0.062492 -0.074103
v 0.413772 0.053504 -0.064635
v 0.447238 0.045687 0.069191
v 0.433032 0.026080 0.074397
v 0.445751 0.037970 0.098741
v 0.428233 0.016821 0.105888
v 0.445098 0.061603 0.017638
v 0.441971 0.065091 -0.058850
v 0.440472 0.065653 -0.005194
v 0.448811 0.046651 0.084295
v 0.442523 0.062981 0.031011
v 0.414352 0.023507 0.027828
v 0.401841 0.037520 -0.040743
v 0.400829 0.004712 0.015914
v 0.421005 0.006459 0.094544
v 0.407493 -0.004287 0.050794
v -0.436958 0.061941 -0.038343
v -0.417056 0.051849 -0.028145
v -0.430252 0.070265 -0.077137
v -0.409130 0.057809 -0.066153
v -0.444927 0.047530 0.069228
v -0.427700 0.030682 0.072169
v -0.445035 0.042416 0.100039
v -0.429071 0.027202 0.101068
v -0.447080 0.058211 0.016199
v -0.437189 0.071438 -0.061823
v -0.446589 0.071329 -0.002863
v -0.445118 0.049561 0.083542
v -0.446331 0.061114 0.031777
v -0.411544 0.027512 0.029093
v -0.396107 0.044529 -0.041521
v -0.396248 0.008083 0.014611
v -0.420712 0.009251 0.092279
v -0.403339 -0.006992 0.048847
v -0.068797 0.423512 -0.170502
v -0.071127 0.353961 -0.159500
v -0.111806 0.586119 -0.252671
v -0.142364 0.604497 -0.284886
v -0.052348 0.391411 -0.168143
v -0.119941 0.642968 -0.289888
v -0.161039 0.226983 -0.041284
v -0.187908 0.205947 -0.027767
v -0.193933 0.201516 0.018309
v -0.245653 0.526753 -0.301005
v -0.237921 0.459908 -0.259419
v -0.274849 0.529322 -0.323237
v -0.221324 0.214859 -0.136763
v -0.227491 0.188876 -0.095761
v -0.259331 0.170582 -0.094965
v 0.065375 0.422257 -0.169642
v 0.068023 0.352667 -0.156923
v 0.112369 0.585160 -0.251690
v 0.143836 0.604817 -0.283602
v 0.052091 0.389979 -0.168721
v 0.119406 0.640998 -0.291344
v 0.156061 0.229282 -0.042946
v 0.182406 0.207461 -0.026861
v 0.189493 0.203960 0.017842
v 0.247655 0.526892 -0.298708
v 0.237998 0.454718 -0.269923
v 0.277037 0.529137 -0.325751
v 0.216937 0.216967 -0.136196
v 0.224411 0.192768 -0.094544
v 0.255190 0.171074 -0.092767
v -0.216957 -0.674536 0.103143
v -0.236206 -0.672033 0.181607
v -0.209625 -0.952890 -0.095798
v -0.298491 -0.970463 -0.188992
v -0.192094 -0.679421 0.197333
v -0.191611 -0.959784 -0.198511
v -0.341036 -0.571495 0.255578
v -0.366923 -0.528298 0.221774
v -0.358411 -0.539242 0.294866
v -0.447532 -0.649952 -0.226002
v -0.447589 -0.568274 -0.185509
v -0.442215 -0.562006 -0.239964
v -0.438218 -0.427233 -0.010081
v -0.427141 -0.426374 0.045035
v -0.438115 -0.368726 0.022361
v 0.207853 -0.673324 0.111193
v 0.231062 -0.674837 0.187171
v 0.229582 -0.952153 -0.092303
v 0.307249 -0.967863 -0.188460
v 0.186911 -0.678800 0.201570
v 0.197646 -0.964680 -0.185457
v 0.343372 -0.572802 0.256272
v 0.368549 -0.529635 0.221159
v 0.359152 -0.539994 0.294702
v 0.445748 -0.650460 -0.225960
v 0.450105 -0.571786 -0.187896
v 0.440034 -0.562286 -0.239633
v 0.439215 -0.427684 -0.010754
v 0.428662 -0.425444 0.042592
v 0.437090 -0.368284 0.022334
v -0.049791 -0.703193 0.759345
v 0.052770 -0.706095 0.761833
v -0.296773 -0.707005 0.846154
v -0.301712 -0.602261 0.837784
v 0.000580 -0.671644 0.705539
v -0.356980 -0.659569 0.813155
v 0.297787 -0.712454 0.846781
v 0.303994 -0.605447 0.836741
v 0.358998 -0.659702 0.810716
v 0.130227 -0.281317 0.895832
v 0.190654 -0.324304 0.871929
v -0.130584 -0.282221 0.896135
v -0.191118 -0.325300 0.871913
v 0.193314 -0.240267 0.877406
v -0.193786 -0.239191 0.877684
v -0.013143 0.183085 0.242638
v 0.015431 0.183126 0.241789
v -0.108485 0.146386 0.340227
v -0.125470 0.132894 0.380984
v 0.000413 0.201188 0.182774
v -0.143867 0.133248 0.343328
v 0.107171 0.147011 0.338719
v 0.126057 0.134417 0.382017
v 0.141511 0.138874 0.340148
v 0.078795 0.128677 0.585946
v 0.109509 0.122009 0.547802
v -0.077737 0.130930 0.586521
v -0.106884 0.124445 0.549046
v 0.122334 0.115290 0.598353
v -0.118496 0.116093 0.597447
v -0.026509 -0.417444 -0.412380
v 0.024584 -0.417285 -0.411537
v -0.141550 -0.290833 -0.433466
v -0.145110 -0.228717 -0.439170
v 0.000404 -0.464625 -0.387824
v -0.179287 -0.269715 -0.420630
v 0.141622 -0.290158 -0.436432
v 0.143411 -0.228560 -0.439731
v 0.178762 -0.270759 -0.421691
v 0.054406 -0.016217 -0.512525
v 0.080706 -0.043918 -0.489239
v -0.056234 -0.015485 -0.511704
v -0.081910 -0.043573 -0.487409
v 0.085225 -0.001827 -0.516122
v -0.088269 -0.000258 -0.516019
v -0.043893 0.790277 -0.724996
v 0.044023 0.789176 -0.725597
v -0.257423 0.624407 -0.780343
v -0.269155 0.544708 -0.802209
v 0.001209 0.826546 -0.678709
v -0.293830 0.575747 -0.750020
v 0.257076 0.624269 -0.780951
v 0.268300 0.544185 -0.802453
v 0.292610 0.575655 -0.750486
v 0.142354 0.276258 -0.963690
v 0.213219 0.316038 -0.971791
v -0.143182 0.273180 -0.960726
v -0.216921 0.314405 -0.971494
v 0.220445 0.227594 -0.992462
v -0.223067 0.228270 -0.992426
v 0.356273 0.145667 -0.376443
v 0.354923 0.154963 -0.424012
v 0.401958 0.086105 -0.186122
v 0.422171 0.073655 -0.149793
v 0.344739 0.179575 -0.426421
v 0.411682 0.082517 -0.137012
v 0.341757 -0.019870 -0.246172
v 0.324683 -0.003625 -0.279204
v 0.366942 0.031519 -0.129562
v 0.386210 0.047261 -0.115647
v 0.332349 -0.051431 -0.265929
v 0.376211 0.027336 -0.091931
v 0.334588 0.074987 -0.431242
v 0.347283 0.099152 -0.465635
v 0.332728 0.083419 -0.492373
v 0.395229 0.026893 0.262219
v 0.377712 0.024198 0.300953
v 0.436956 0.036685 0.162248
v 0.440365 0.035967 0.147849
v 0.369429 0.039676 0.278446
v 0.439185 0.043528 0.130813
v 0.408928 -0.147108 0.343655
v 0.404923 -0.148167 0.389668
v 0.409554 -0.043408 0.188320
v 0.415571 -0.009982 0.162081
v 0.409871 -0.197195 0.393159
v 0.410979 -0.036704 0.152400
v 0.378486 -0.062346 0.447320
v 0.368116 -0.033204 0.429306
v 0.360885 -0.049286 0.482305
v -0.358508 0.144757 -0.377361
v -0.357469 0.153411 -0.425507
v -0.402800 0.091985 -0.187617
v -0.416178 0.081036 -0.152480
v -0.344619 0.183687 -0.427167
v -0.416842 0.084910 -0.138100
v -0.335374 -0.016775 -0.249937
v -0.323265 -0.002269 -0.286344
v -0.367637 0.032024 -0.134772
v -0.382216 0.051235 -0.119985
v -0.328377 -0.049294 -0.269529
v -0.375224 0.029422 -0.094503
v -0.333622 0.074904 -0.437782
v -0.347614 0.097803 -0.469616
v -0.333362 0.084628 -0.497113
v -0.392738 0.031473 0.263982
v -0.377414 0.024980 0.301818
v -0.438574 0.039154 0.163876
v -0.441548 0.039186 0.148270
v -0.368140 0.040810 0.280883
v -0.443033 0.046397 0.133247
v -0.406330 -0.149314 0.341903
v -0.402838 -0.150210 0.388297
v -0.408435 -0.043490 0.185614
v -0.417993 -0.005682 0.158043
v -0.406961 -0.196818 0.390513
v -0.411941 -0.034059 0.150152
v -0.375774 -0.060981 0.445730
v -0.369066 -0.032132 0.428134
v -0.360081 -0.049761 0.481749
v -0.005442 0.332441 -0.161220
v 0.004446 0.330327 -0.165104
v -0.000207 0.272063 -0.111976
v -0.034060 0.784499 -0.388744
v 0.035733 0.783416 -0.383608
v -0.001428 0.824597 -0.450070
v -0.249046 0.135282 0.207527
v -0.240380 0.129685 0.248443
v -0.275322 0.111162 0.245783
v -0.360616 0.530746 -0.492271
v -0.355392 0.514136 -0.556420
v -0.342293 0.437135 -0.508211
v -0.401304 0.078951 -0.009029
v -0.416577 0.075234 -0.020202
v -0.424740 0.070195 0.022476
v 0.246604 0.136831 0.206823
v 0.236511 0.130356 0.249241
v 0.271032 0.109237 0.245943
v 0.364278 0.532372 -0.492944
v 0.356237 0.517630 -0.556575
v 0.340773 0.438930 -0.509421
v 0.398816 0.079115 -0.010058
v 0.412455 0.076250 -0.021093
v 0.421027 0.070672 0.019297
v -0.032416 -0.700989 0.385649
v 0.029492 -0.702256 0.386786
v 0.000040 -0.720308 0.464582
v -0.041400 -0.611443 -0.241215
v 0.042059 -0.611448 -0.237809
v 0.001340 -0.601096 -0.277434
v -0.393386 -0.488506 0.486918
v -0.395439 -0.502325 0.553665
v -0.402248 -0.429254 0.495462
v -0.367546 -0.328893 -0.322974
v -0.329035 -0.291230 -0.346990
v -0.349109 -0.251018 -0.321558
v -0.419230 -0.134857 0.034961
v -0.405459 -0.078958 0.017006
v -0.410320 -0.089587 0.055959
v 0.391414 -0.487416 0.484162
v 0.395468 -0.500380 0.551547
v 0.399834 -0.428358 0.494119
v 0.368037 -0.330186 -0.321971
v 0.330151 -0.292261 -0.347472
v 0.350958 -0.251103 -0.320862
v 0.420557 -0.136753 0.035543
v 0.405959 -0.080907 0.017525
v 0.408211 -0.087552 0.055597
v 0.263068 -0.031786 0.736558
v 0.240017 0.013703 0.692404
v 0.283105 -0.023389 0.669372
v -0.262022 -0.030929 0.736090
v -0.238218 0.009987 0.689511
v -0.282190 -0.022727 0.669209
v 0.221226 0.020074 -0.682470
v 0.259432 0.035690 -0.764726
v 0.271392 0.043494 -0.681195
v -0.223476 0.022983 -0.681206
v -0.260876 0.038564 -0.766459
v -0.271745 0.047181 -0.682079
f 1 647 644
f 1 644 643
f 1 643 645
f 1 645 646
f 1 646 647
f 2 649 652
f 6 672 670
f 12 702 699
f 11 696 695
f 8 679 681
f 4 662 659
f 4 659 658
f 4 658 660
f 4 660 661
f 4 661 662
f 5 666 665
f 3 654 657
f 7 673 677
f 9 685 686
f 10 692 688
f 12 701 698
f 6 669 668
f 2 650 648
f 8 682 678
f 11 697 693
f 6 671 669
f 12 700 701
f 11 694 697
f 8 680 682
f 2 651 650
f 10 690 689
f 5 663 664
f 3 655 653
f 7 676 674
f 9 687 684
f 10 691 690
f 5 667 663
f 3 656 655
f 7 675 676
f 9 683 687
f 6 668 672
f 2 648 649
f 8 678 679
f 11 693 696
f 12 698 702
f 10 688 691
f 5 665 667
f 3 657 656
f 7 677 675
f 9 686 683
f 5 664 666
f 3 653 654
f 7 674 673
f 9 684 685
f 10 689 692
f 6 670 671
f 12 699 700
f 11 695 694
f 8 681 680
f 2 652 651
f 35 837 838
f 18 735 736
f 19 742 741
f 40 868 867
f 42 880 879
f 34 832 831
f 33 827 828
f 25 778 780
f 36 844 846
f 20 749 747
f 32 819 820
f 23 765 767
f 24 773 771
f 37 850 849
f 41 876 875
f 34 833 834
f 33 826 825
f 25 779 777
f 36 845 843
f 20 748 750
f 17 729 727
f 14 711 709
f 13 706 703
f 15 718 715
f 16 724 721
f 18 737 733
f 35 839 835
f 42 882 878
f 40 870 866
f 19 744 740
f 30 807 805
f 27 789 787
f 22 762 758
f 28 797 793
f 29 802 799
f 32 821 817
f 23 766 763
f 24 774 770
f 37 852 848
f 41 874 872
f 35 838 836
f 18 736 734
f 19 741 739
f 40 867 865
f 42 879 877
f 34 831 829
f 33 828 824
f 25 780 776
f 36 846 842
f 20 747 745
f 32 820 818
f 23 767 764
f 24 771 769
f 37 849 847
f 41 875 871
f 34 834 830
f 33 825 823
f 25 777 775
f 36 843 841
f 20 750 746
f 14 714 710
f 13 707 704
f 15 719 716
f 16 725 722
f 17 732 728
f 21 755 752
f 31 814 811
f 26 784 781
f 38 857 853
f 39 862 860
f 27 792 788
f 22 759 757
f 28 796 794
f 29 803 800
f 30 810 806
f 31 815 812
f 26 785 782
f 38 856 854
f 39 863 859
f 21 754 751
f 14 712 714
f 13 705 707
f 15 717 719
f 16 723 725
f 17 730 732
f 21 753 755
f 31 816 814
f 26 786 784
f 38 858 857
f 39 861 862
f 27 791 792
f 22 761 759
f 28 795 796
f 29 801 803
f 30 808 810
f 31 813 815
f 26 783 785
f 38 855 856
f 39 864 863
f 21 756 754
f 14 709 712
f 13 703 705
f 15 715 717
f 16 721 723
f 17 727 730
f 21 751 753
f 31 812 816
f 26 782 786
f 38 854 858
f 39 859 861
f 27 787 791
f 22 758 761
f 28 793 795
f 29 799 801
f 30 805 808
f 31 811 813
f 26 781 783
f 38 853 855
f 39 860 864
f 21 752 756
f 17 728 731
f 14 710 713
f 13 704 708
f 15 716 720
f 16 722 726
f 18 734 738
f 35 836 840
f 42 877 881
f 40 865 869
f 19 739 743
f 30 806 809
f 27 788 790
f 22 757 760
f 28 794 798
f 29 800 804
f 32 818 822
f 23 764 768
f 24 769 772
f 37 847 851
f 41 871 873
f 35 835 837
f 18 733 735
f 19 740 742
f 40 866 868
f 42 878 880
f 34 830 832
f 33 823 827
f 25 775 778
f 36 841 844
f 20 746 749
f 32 817 819
f 23 763 765
f 24 770 773
f 37 848 850
f 41 872 876
f 34 829 833
f 33 824 826
f 25 776 779
f 36 842 845
f 20 745 748
f 17 731 729
f 14 713 711
f 13 708 706
f 15 720 718
f 16 726 724
f 18 738 737
f 35 840 839
f 42 881 882
f 40 869 870
f 19 743 744
f 30 809 807
f 27 790 789
f 22 760 762
f 28 798 797
f 29 804 802
f 32 822 821
f 23 768 766
f 24 772 774
f 37 851 852
f 41 873 874
f 107 1269 1270
f 103 1245 1246
f 104 1252 1251
f 110 1288 1287
f 113 1306 1305
f 118 1336 1335
f 154 1551 1552
f 141 1473 1474
f 162 1599 1600
f 121 1354 1353
f 142 1479 1480
f 129 1401 1402
f 130 1408 1407
f 144 1492 1491
f 146 1504 1503
f 151 1533 1534
f 131 1414 1413
f 136 1444 1443
f 161 1594 1593
f 126 1383 1384
f 116 1323 1324
f 108 1275 1276
f 106 1263 1264
f 112 1299 1300
f 115 1317 1318
f 119 1341 1342
f 156 1564 1563
f 139 1462 1461
f 160 1588 1587
f 120 1347 1348
f 149 1521 1522
f 132 1420 1419
f 128 1395 1396
f 145 1497 1498
f 148 1515 1516
f 155 1557 1558
f 133 1425 1426
f 134 1431 1432
f 157 1570 1569
f 124 1372 1371
f 109 1282 1281
f 105 1258 1257
f 111 1294 1293
f 114 1312 1311
f 117 1330 1329
f 125 1378 1377
f 152 1540 1539
f 137 1449 1450
f 158 1575 1576
f 123 1365 1366
f 143 1486 1485
f 127 1390 1389
f 135 1437 1438
f 147 1510 1509
f 150 1528 1527
f 153 1546 1545
f 140 1468 1467
f 138 1455 1456
f 159 1581 1582
f 122 1359 1360
f 107 1272 1271
f 103 1248 1247
f 104 1253 1254
f 110 1289 1290
f 113 1307 1308
f 118 1337 1338
f 154 1554 1553
f 141 1476 1475
f 162 1602 1601
f 121 1355 1356
f 142 1482 1481
f 129 1404 1403
f 130 1409 1410
f 144 1493 1494
f 146 1505 1506
f 151 1536 1535
f 131 1415 1416
f 136 1445 1446
f 161 1595 1596
f 126 1386 1385
f 47 909 907
f 44 891 889
f 43 886 883
f 45 898 895
f 46 904 901
f 49 922 919
f 72 1060 1057
f 102 1240 1237
f 96 1204 1201
f 79 1102 1099
f 62 999 997
f 59 981 979
f 58 976 973
f 60 988 985
f 61 994 991
f 66 1024 1021
f 54 952 949
f 73 1066 1063
f 85 1138 1135
f 92 1179 1177
f 101 1233 1231
f 69 1041 1039
f 50 927 925
f 82 1119 1117
f 97 1209 1207
f 71 1053 1051
f 100 1228 1225
f 94 1192 1189
f 80 1108 1105
f 51 933 931
f 90 1167 1165
f 63 1005 1003
f 55 957 955
f 76 1083 1081
f 87 1150 1147
f 91 1174 1171
f 67 1029 1027
f 56 963 961
f 75 1077 1075
f 83 1126 1123
f 68 1036 1033
f 48 915 913
f 78 1095 1093
f 93 1185 1183
f 98 1216 1213
f 88 1155 1153
f 65 1018 1015
f 57 970 967
f 77 1090 1087
f 86 1143 1141
f 64 1012 1009
f 53 945 943
f 74 1071 1069
f 84 1131 1129
f 89 1162 1159
f 70 1047 1045
f 99 1221 1219
f 95 1197 1195
f 81 1114 1111
f 52 940 937
f 109 1284 1280
f 105 1260 1256
f 111 1296 1292
f 114 1314 1310
f 117 1332 1328
f 125 1380 1376
f 152 1542 1538
f 137 1451 1447
f 158 1577 1573
f 123 1367 1363
f 143 1488 1484
f 127 1392 1388
f 135 1439 1435
f 147 1512 1508
f 150 1530 1526
f 153 1548 1544
f 140 1470 1466
f 138 1457 1453
f 159 1583 1579
f 122 1361 1357
f 107 1270 1268
f 103 1246 1244
f 104 1251 1249
f 110 1287 1285
f 113 1305 1303
f 118 1335 1333
f 154 1552 1550
f 141 1474 1472
f 162 1600 1598
f 121 1353 1351
f 142 1480 1478
f 129 1402 1400
f 130 1407 1405
f 144 1491 1489
f 146 1503 1501
f 151 1534 1532
f 131 1413 1411
f 136 1443 1441
f 161 1593 1591
f 126 1384 1382
f 116 1324 1322
f 108 1276 1274
f 106 1264 1262
f 112 1300 1298
f 115 1318 1316
f 119 1342 1340
f 156 1563 1561
f 139 1461 1459
f 160 1587 1585
f 120 1348 1346
f 149 1522 1520
f 132 1419 1417
f 128 1396 1394
f 145 1498 1496
f 148 1516 1514
f 155 1558 1556
f 133 1426 1424
f 134 1432 1430
f 157 1569 1567
f 124 1371 1369
f 109 1281 1279
f 105 1257 1255
f 111 1293 1291
f 114 1311 1309
f 117 1329 1327
f 125 1377 1375
f 152 1539 1537
f 137 1450 1448
f 158 1576 1574
f 123 1366 1364
f 143 1485 1483
f 127 1389 1387
f 135 1438 1436
f 147 1509 1507
f 150 1527 1525
f 153 1545 1543
f 140 1467 1465
f 138 1456 1454
f 159 1582 1580
f 122 1360 1358
f 107 1271 1267
f 103 1247 1243
f 104 1254 1250
f 110 1290 1286
f 113 1308 1304
f 118 1338 1334
f 154 1553 1549
f 141 1475 1471
f 162 1601 1597
f 121 1356 1352
f 142 1481 1477
f 129 1403 1399
f 130 1410 1406
f 144 1494 1490
f 146 1506 1502
f 151 1535 1531
f 131 1416 1412
f 136 1446 1442
f 161 1596 1592
f 126 1385 1381
f 44 894 890
f 43 887 884
f 45 899 896
f 46 905 902
f 47 912 908
f 52 941 938
f 70 1050 1046
f 99 1224 1220
f 95 1200 1196
f 81 1115 1112
f 59 984 980
f 58 977 974
f 60 989 986
f 61 995 992
f 62 1002 998
f 65 1019 1016
f 57 971 968
f 77 1091 1088
f 86 1146 1142
f 88 1158 1154
f 98 1217 1214
f 68 1037 1034
f 48 918 914
f 78 1098 1094
f 93 1188 1184
f 69 1044 1040
f 101 1236 1232
f 97 1212 1208
f 82 1122 1118
f 50 930 926
f 89 1163 1160
f 64 1013 1010
f 53 948 944
f 74 1074 1070
f 84 1134 1130
f 90 1170 1166
f 63 1008 1004
f 55 960 956
f 76 1086 1082
f 87 1151 1148
f 72 1061 1058
f 49 923 920
f 79 1103 1100
f 96 1205 1202
f 102 1241 1238
f 91 1175 1172
f 67 1032 1028
f 56 966 962
f 75 1080 1076
f 83 1127 1124
f 66 1025 1022
f 54 953 950
f 73 1067 1064
f 85 1139 1136
f 92 1182 1178
f 71 1056 1052
f 100 1229 1226
f 94 1193 1190
f 80 1109 1106
f 51 936 932
f 116 1325 1321
f 108 1277 1273
f 106 1265 1261
f 112 1301 1297
f 115 1319 1315
f 119 1343 1339
f 156 1566 1562
f 139 1464 1460
f 160 1590 1586
f 120 1349 1345
f 149 1523 1519
f 132 1422 1418
f 128 1397 1393
f 145 1499 1495
f 148 1517 1513
f 155 1559 1555
f 133 1427 1423
f 134 1433 1429
f 157 1572 1568
f 124 1374 1370
f 44 892 894
f 43 885 887
f 45 897 899
f 46 903 905
f 47 910 912
f 52 939 941
f 70 1048 1050
f 99 1222 1224
f 95 1198 1200
f 81 1113 1115
f 59 982 984
f 58 975 977
f 60 987 989
f 61 993 995
f 62 1000 1002
f 65 1017 1019
f 57 969 971
f 77 1089 1091
f 86 1144 1146
f 88 1156 1158
f 98 1215 1217
f 68 1035 1037
f 48 916 918
f 78 1096 1098
f 93 1186 1188
f 69 1042 1044
f 101 1234 1236
f 97 1210 1212
f 82 1120 1122
f 50 928 930
f 89 1161 1163
f 64 1011 1013
f 53 946 948
f 74 1072 1074
f 84 1132 1134
f 90 1168 1170
f 63 1006 1008
f 55 958 960
f 76 1084 1086
f 87 1149 1151
f 72 1059 1061
f 49 921 923
f 79 1101 1103
f 96 1203 1205
f 102 1239 1241
f 91 1173 1175
f 67 1030 1032
f 56 964 966
f 75 1078 1080
f 83 1125 1127
f 66 1023 1025
f 54 951 953
f 73 1065 1067
f 85 1137 1139
f 92 1180 1182
f 71 1054 1056
f 100 1227 1229
f 94 1191 1193
f 80 1107 1109
f 51 934 936
f 116 1326 1325
f 108 1278 1277
f 106 1266 1265
f 112 1302 1301
f 115 1320 1319
f 119 1344 1343
f 156 1565 1566
f 139 1463 1464
f 160 1589 1590
f 120 1350 1349
f 149 1524 1523
f 132 1421 1422
f 128 1398 1397
f 145 1500 1499
f 148 1518 1517
f 155 1560 1559
f 133 1428 1427
f 134 1434 1433
f 157 1571 1572
f 124 1373 1374
f 44 889 892
f 43 883 885
f 45 895 897
f 46 901 903
f 47 907 910
f 52 937 939
f 70 1045 1048
f 99 1219 1222
f 95 1195 1198
f 81 1111 1113
f 59 979 982
f 58 973 975
f 60 985 987
f 61 991 993
f 62 997 1000
f 65 1015 1017
f 57 967 969
f 77 1087 1089
f 86 1141 1144
f 88 1153 1156
f 98 1213 1215
f 68 1033 1035
f 48 913 916
f 78 1093 1096
f 93 1183 1186
f 69 1039 1042
f 101 1231 1234
f 97 1207 1210
f 82 1117 1120
f 50 925 928
f 89 1159 1161
f 64 1009 1011
f 53 943 946
f 74 1069 1072
f 84 1129 1132
f 90 1165 1168
f 63 1003 1006
f 55 955 958
f 76 1081 1084
f 87 1147 1149
f 72 1057 1059
f 49 919 921
f 79 1099 1101
f 96 1201 1203
f 102 1237 1239
f 91 1171 1173
f 67 1027 1030
f 56 961 964
f 75 1075 1078
f 83 1123 1125
f 66 1021 1023
f 54 949 951
f 73 1063 1065
f 85 1135 1137
f 92 1177 1180
f 71 1051 1054
f 100 1225 1227
f 94 1189 1191
f 80 1105 1107
f 51 931 934
f 116 1322 1326
f 108 1274 1278
f 106 1262 1266
f 112 1298 1302
f 115 1316 1320
f 119 1340 1344
f 156 1561 1565
f 139 1459 1463
f 160 1585 1589
f 120 1346 1350
f 149 1520 1524
f 132 1417 1421
f 128 1394 1398
f 145 1496 1500
f 148 1514 1518
f 155 1556 1560
f 133 1424 1428
f 134 1430 1434
f 157 1567 1571
f 124 1369 1373
f 47 908 911
f 44 890 893
f 43 884 888
f 45 896 900
f 46 902 906
f 49 920 924
f 72 1058 1062
f 102 1238 1242
f 96 1202 1206
f 79 1100 1104
f 62 998 1001
f 59 980 983
f 58 974 978
f 60 986 990
f 61 992 996
f 66 1022 1026
f 54 950 954
f 73 1064 1068
f 85 1136 1140
f 92 1178 1181
f 101 1232 1235
f 69 1040 1043
f 50 926 929
f 82 1118 1121
f 97 1208 1211
f 71 1052 1055
f 100 1226 1230
f 94 1190 1194
f 80 1106 1110
f 51 932 935
f 90 1166 1169
f 63 1004 1007
f 55 956 959
f 76 1082 1085
f 87 1148 1152
f 91 1172 1176
f 67 1028 1031
f 56 962 965
f 75 1076 1079
f 83 1124 1128
f 68 1034 1038
f 48 914 917
f 78 1094 1097
f 93 1184 1187
f 98 1214 1218
f 88 1154 1157
f 65 1016 1020
f 57 968 972
f 77 1088 1092
f 86 1142 1145
f 64 1010 1014
f 53 944 947
f 74 1070 1073
f 84 1130 1133
f 89 1160 1164
f 70 1046 1049
f 99 1220 1223
f 95 1196 1199
f 81 1112 1116
f 52 938 942
f 109 1279 1283
f 105 1255 1259
f 111 1291 1295
f 114 1309 1313
f 117 1327 1331
f 125 1375 1379
f 152 1537 1541
f 137 1448 1452
f 158 1574 1578
f 123 1364 1368
f 143 1483 1487
f 127 1387 1391
f 135 1436 1440
f 147 1507 1511
f 150 1525 1529
f 153 1543 1547
f 140 1465 1469
f 138 1454 1458
f 159 1580 1584
f 122 1358 1362
f 107 1267 1269
f 103 1243 1245
f 104 1250 1252
f 110 1286 1288
f 113 1304 1306
f 118 1334 1336
f 154 1549 1551
f 141 1471 1473
f 162 1597 1599
f 121 1352 1354
f 142 1477 1479
f 129 1399 1401
f 130 1406 1408
f 144 1490 1492
f 146 1502 1504
f 151 1531 1533
f 131 1412 1414
f 136 1442 1444
f 161 1592 1594
f 126 1381 1383
f 116 1321 1323
f 108 1273 1275
f 106 1261 1263
f 112 1297 1299
f 115 1315 1317
f 119 1339 1341
f 156 1562 1564
f 139 1460 1462
f 160 1586 1588
f 120 1345 1347
f 149 1519 1521
f 132 1418 1420
f 128 1393 1395
f 145 1495 1497
f 148 1513 1515
f 155 1555 1557
f 133 1423 1425
f 134 1429 1431
f 157 1568 1570
f 124 1370 1372
f 109 1280 1282
f 105 1256 1258
f 111 1292 1294
f 114 1310 1312
f 117 1328 1330
f 125 1376 1378
f 152 1538 1540
f 137 1447 1449
f 158 1573 1575
f 123 1363 1365
f 143 1484 1486
f 127 1388 1390
f 135 1435 1437
f 147 1508 1510
f 150 1526 1528
f 153 1544 1546
f 140 1466 1468
f 138 1453 1455
f 159 1579 1581
f 122 1357 1359
f 107 1268 1272
f 103 1244 1248
f 104 1249 1253
f 110 1285 1289
f 113 1303 1307
f 118 1333 1337
f 154 1550 1554
f 141 1472 1476
f 162 1598 1602
f 121 1351 1355
f 142 1478 1482
f 129 1400 1404
f 130 1405 1409
f 144 1489 1493
f 146 1501 1505
f 151 1532 1536
f 131 1411 1415
f 136 1441 1445
f 161 1591 1595
f 126 1382 1386
f 47 911 909
f 44 893 891
f 43 888 886
f 45 900 898
f 46 906 904
f 49 924 922
f 72 1062 1060
f 102 1242 1240
f 96 1206 1204
f 79 1104 1102
f 62 1001 999
f 59 983 981
f 58 978 976
f 60 990 988
f 61 996 994
f 66 1026 1024
f 54 954 952
f 73 1068 1066
f 85 1140 1138
f 92 1181 1179
f 101 1235 1233
f 69 1043 1041
f 50 929 927
f 82 1121 1119
f 97 1211 1209
f 71 1055 1053
f 100 1230 1228
f 94 1194 1192
f 80 1110 1108
f 51 935 933
f 90 1169 1167
f 63 1007 1005
f 55 959 957
f 76 1085 1083
f 87 1152 1150
f 91 1176 1174
f 67 1031 1029
f 56 965 963
f 75 1079 1077
f 83 1128 1126
f 68 1038 1036
f 48 917 915
f 78 1097 1095
f 93 1187 1185
f 98 1218 1216
f 88 1157 1155
f 65 1020 1018
f 57 972 970
f 77 1092 1090
f 86 1145 1143
f 64 1014 1012
f 53 947 945
f 74 1073 1071
f 84 1133 1131
f 89 1164 1162
f 70 1049 1047
f 99 1223 1221
f 95 1199 1197
f 81 1116 1114
f 52 942 940
f 109 1283 1284
f 105 1259 1260
f 111 1295 1296
f 114 1313 1314
f 117 1331 1332
f 125 1379 1380
f 152 1541 1542
f 137 1452 1451
f 158 1578 1577
f 123 1368 1367
f 143 1487 1488
f 127 1391 1392
f 135 1440 1439
f 147 1511 1512
f 150 1529 1530
f 153 1547 1548
f 140 1469 1470
f 138 1458 1457
f 159 1584 1583
f 122 1362 1361
f 407 1609 1616
f 403 1605 1608
f 404 1611 1606
f 410 1614 1612
f 413 1617 1615
f 422 1631 1624
f 486 1688 1692
f 573 1775 1782
f 561 1763 1765
f 512 1719 1714
f 452 1654 1661
f 448 1650 1653
f 449 1656 1651
f 455 1659 1657
f 458 1662 1660
f 470 1672 1675
f 437 1646 1639
f 494 1706 1696
f 531 1735 1733
f 539 1741 1751
f 568 1770 1779
f 478 1680 1683
f 419 1621 1626
f 509 1711 1721
f 554 1756 1766
f 482 1684 1689
f 576 1780 1778
f 558 1767 1760
f 516 1722 1718
f 425 1627 1629
f 542 1744 1747
f 463 1668 1665
f 434 1636 1641
f 497 1699 1704
f 528 1730 1737
f 546 1748 1750
f 464 1666 1676
f 440 1642 1644
f 500 1705 1702
f 524 1736 1726
f 479 1691 1681
f 418 1623 1620
f 508 1713 1710
f 553 1764 1755
f 569 1781 1771
f 538 1749 1740
f 471 1677 1673
f 443 1645 1647
f 501 1703 1707
f 523 1725 1734
f 467 1674 1669
f 433 1638 1635
f 493 1695 1698
f 527 1732 1729
f 543 1752 1745
f 485 1690 1687
f 572 1777 1774
f 557 1759 1762
f 515 1717 1720
f 428 1630 1632
f 591 2191 2189
f 587 1885 1883
f 588 1901 1903
f 594 2279 2281
f 597 2315 2317
f 600 2171 2173
f 634 2160 2158
f 619 2016 2012
f 639 2214 2210
f 602 1919 1924
f 624 2137 2135
f 608 1978 1973
f 610 1991 1996
f 627 2225 2227
f 630 2302 2304
f 635 2178 2176
f 615 2153 2155
f 617 2009 2014
f 637 2207 2212
f 604 1926 1922
f 416 1857 1864
f 408 1803 1810
f 406 1786 1795
f 412 1822 1831
f 415 1840 1849
f 424 1876 1887
f 492 2182 2193
f 582 2312 2321
f 565 2276 2285
f 514 1898 1907
f 461 2091 2098
f 453 2037 2044
f 451 1952 1961
f 457 2056 2067
f 460 2074 2083
f 475 2128 2139
f 439 1966 1975
f 496 1988 1997
f 533 2222 2231
f 551 2293 2298
f 579 2185 2190
f 483 1879 1884
f 426 1893 1900
f 521 2271 2278
f 566 2307 2314
f 489 2163 2170
f 578 2150 2159
f 560 2006 2015
f 518 2204 2213
f 429 1911 1918
f 547 2131 2136
f 465 1969 1977
f 441 1983 1990
f 504 2217 2224
f 537 2290 2301
f 550 2168 2177
f 476 2145 2152
f 444 2001 2008
f 502 2199 2206
f 526 1916 1925
f 481 1808 1817
f 420 1789 1797
f 510 1825 1833
f 555 1843 1851
f 571 1862 1871
f 540 1933 1941
f 473 2110 2119
f 447 2020 2029
f 507 2236 2247
f 534 2257 2262
f 469 2042 2051
f 435 1947 1954
f 498 2059 2064
f 529 2077 2085
f 545 2096 2105
f 487 2113 2121
f 574 2023 2031
f 562 2239 2244
f 520 2254 2265
f 432 1930 1939
f 589 1818 1814
f 583 1798 1793
f 586 1834 1829
f 593 1852 1847
f 596 1872 1868
f 599 1942 1937
f 633 2120 2124
f 620 2030 2034
f 640 2248 2250
f 603 2263 2261
f 622 2052 2050
f 607 1955 1960
f 612 2065 2063
f 626 2086 2081
f 629 2106 2102
f 631 2122 2117
f 614 2032 2027
f 618 2245 2243
f 641 2266 2268
f 605 1940 1944
f 409 1813 1804
f 405 1792 1785
f 411 1828 1821
f 414 1846 1839
f 417 1867 1858
f 431 1936 1929
f 488 2123 2114
f 575 2033 2024
f 563 2249 2240
f 519 2260 2253
f 454 2049 2038
f 450 1959 1951
f 456 2062 2055
f 459 2080 2073
f 462 2101 2092
f 472 2116 2109
f 446 2026 2019
f 506 2242 2235
f 535 2267 2258
f 541 1943 1934
f 570 1869 1861
f 480 1815 1807
f 421 1799 1790
f 511 1835 1826
f 556 1853 1844
f 484 1889 1880
f 580 2195 2186
f 567 2319 2308
f 522 2283 2272
f 427 1905 1894
f 544 2103 2095
f 468 2046 2041
f 436 1957 1948
f 499 2069 2060
f 530 2087 2078
f 548 2141 2132
f 466 1979 1970
f 442 1993 1984
f 505 2229 2218
f 536 2296 2289
f 491 2188 2181
f 423 1882 1875
f 513 1902 1897
f 564 2280 2275
f 581 2316 2311
f 549 2172 2167
f 477 2157 2146
f 445 2011 2002
f 503 2209 2200
f 525 1923 1915
f 474 2134 2127
f 438 1972 1965
f 495 1995 1987
f 532 2226 2221
f 552 2303 2294
f 490 2175 2164
f 577 2154 2149
f 559 2013 2005
f 517 2211 2203
f 430 1921 1912
f 590 1865 1870
f 584 1811 1816
f 585 1796 1800
f 592 1832 1836
f 595 1850 1854
f 598 1888 1890
f 636 2194 2196
f 621 2322 2320
f 642 2286 2284
f 601 1908 1906
f 623 2099 2104
f 611 2045 2047
f 609 1962 1958
f 625 2068 2070
f 628 2084 2088
f 632 2140 2142
f 613 1976 1980
f 616 1998 1994
f 638 2232 2230
f 606 2299 2297
f 407 2330 2329
f 403 2324 2323
f 404 2325 2326
f 410 2332 2333
f 413 2335 2336
f 422 2344 2345
f 486 2410 2409
f 573 2497 2496
f 561 2486 2485
f 512 2434 2435
f 452 2375 2374
f 448 2369 2368
f 449 2370 2371
f 455 2377 2378
f 458 2380 2381
f 470 2393 2392
f 437 2359 2360
f 494 2415 2416
f 531 2455 2456
f 539 2461 2460
f 568 2489 2488
f 478 2399 2398
f 419 2341 2340
f 509 2431 2430
f 554 2476 2475
f 482 2405 2404
f 576 2500 2501
f 558 2481 2482
f 516 2439 2440
f 425 2348 2347
f 542 2465 2464
f 463 2383 2384
f 434 2356 2355
f 497 2420 2419
f 528 2452 2451
f 546 2471 2470
f 464 2386 2385
f 440 2363 2362
f 500 2422 2423
f 524 2445 2446
f 479 2400 2401
f 418 2338 2339
f 508 2428 2429
f 553 2473 2474
f 569 2490 2491
f 538 2458 2459
f 471 2394 2395
f 443 2366 2365
f 501 2425 2424
f 523 2444 2443
f 467 2389 2390
f 433 2353 2354
f 493 2414 2413
f 527 2449 2450
f 543 2466 2467
f 485 2407 2408
f 572 2494 2495
f 557 2480 2479
f 515 2438 2437
f 428 2351 2350
f 591 2510 2511
f 587 2504 2505
f 588 2508 2507
f 594 2514 2513
f 597 2517 2516
f 600 2520 2519
f 634 2554 2556
f 619 2539 2540
f 639 2560 2561
f 602 2523 2521
f 624 2543 2544
f 608 2527 2529
f 610 2532 2530
f 627 2547 2546
f 630 2550 2549
f 635 2552 2553
f 615 2535 2534
f 617 2538 2536
f 637 2558 2557
f 604 2524 2525
f 167 1607 647
f 164 1603 644
f 163 1604 643
f 165 1610 645
f 166 1613 646
f 169 1622 649
f 192 1686 672
f 222 1773 702
f 216 1761 696
f 199 1712 679
f 182 1652 662
f 179 1648 659
f 178 1649 658
f 180 1655 660
f 181 1658 661
f 186 1670 666
f 174 1637 654
f 193 1694 673
f 205 1731 685
f 212 1739 692
f 221 1768 701
f 189 1678 669
f 170 1619 650
f 202 1709 682
f 217 1754 697
f 191 1682 671
f 220 1776 700
f 214 1758 694
f 200 1716 680
f 171 1625 651
f 210 1742 690
f 183 1663 663
f 175 1634 655
f 196 1697 676
f 207 1728 687
f 211 1746 691
f 187 1664 667
f 176 1640 656
f 195 1700 675
f 203 1724 683
f 188 1679 668
f 168 1618 648
f 198 1708 678
f 213 1753 693
f 218 1769 698
f 208 1738 688
f 185 1671 665
f 177 1643 657
f 197 1701 677
f 206 1723 686
f 184 1667 664
f 173 1633 653
f 194 1693 674
f 204 1727 684
f 209 1743 689
f 190 1685 670
f 219 1772 699
f 215 1757 695
f 201 1715 681
f 172 1628 652
f 357 2187 837
f 255 1881 735
f 262 1899 742
f 388 2277 868
f 400 2313 880
f 352 2169 832
f 347 2156 827
f 298 2010 778
f 364 2208 844
f 269 1917 749
f 339 2133 819
f 285 1971 765
f 293 1989 773
f 370 2223 850
f 396 2300 876
f 353 2174 833
f 346 2151 826
f 299 2007 779
f 365 2205 845
f 268 1920 748
f 249 1855 729
f 231 1801 711
f 226 1784 706
f 238 1820 718
f 244 1838 724
f 257 1874 737
f 359 2180 839
f 402 2310 882
f 390 2274 870
f 264 1896 744
f 327 2089 807
f 309 2035 789
f 282 1950 762
f 317 2054 797
f 322 2072 802
f 341 2126 821
f 286 1964 766
f 294 1986 774
f 372 2220 852
f 394 2291 874
f 358 2183 838
f 256 1877 736
f 261 1891 741
f 387 2269 867
f 399 2305 879
f 351 2161 831
f 348 2148 828
f 300 2004 780
f 366 2202 846
f 267 1909 747
f 340 2129 820
f 287 1967 767
f 291 1981 771
f 369 2215 849
f 395 2288 875
f 354 2166 834
f 345 2143 825
f 297 1999 777
f 363 2197 843
f 270 1914 750
f 234 1806 714
f 227 1787 707
f 239 1823 719
f 245 1841 725
f 252 1860 732
f 275 1931 755
f 334 2108 814
f 304 2018 784
f 377 2234 857
f 382 2255 862
f 312 2040 792
f 279 1945 759
f 316 2057 796
f 323 2075 803
f 330 2094 810
f 335 2111 815
f 305 2021 785
f 376 2237 856
f 383 2252 863
f 274 1928 754
f 232 1812 712
f 225 1791 705
f 237 1827 717
f 243 1845 723
f 250 1866 730
f 273 1935 753
f 336 2118 816
f 306 2028 786
f 378 2246 858
f 381 2259 861
f 311 2048 791
f 281 1953 761
f 315 2061 795
f 321 2079 801
f 328 2100 808
f 333 2115 813
f 303 2025 783
f 375 2241 855
f 384 2264 864
f 276 1938 756
f 229 1802 709
f 223 1783 703
f 235 1819 715
f 241 1837 721
f 247 1856 727
f 271 1927 751
f 332 2112 812
f 302 2022 782
f 374 2238 854
f 379 2251 859
f 307 2036 787
f 278 1949 758
f 313 2053 793
f 319 2071 799
f 325 2090 805
f 331 2107 811
f 301 2017 781
f 373 2233 853
f 380 2256 860
f 272 1932 752
f 248 1859 728
f 230 1805 710
f 224 1788 704
f 236 1824 716
f 242 1842 722
f 254 1878 734
f 356 2184 836
f 397 2306 877
f 385 2270 865
f 259 1892 739
f 326 2093 806
f 308 2039 788
f 277 1946 757
f 314 2058 794
f 320 2076 800
f 338 2130 818
f 284 1968 764
f 289 1982 769
f 367 2216 847
f 391 2287 871
f 355 2179 835
f 253 1873 733
f 260 1895 740
f 386 2273 866
f 398 2309 878
f 350 2165 830
f 343 2144 823
f 295 2000 775
f 361 2198 841
f 266 1913 746
f 337 2125 817
f 283 1963 763
f 290 1985 770
f 368 2219 848
f 392 2292 872
f 349 2162 829
f 344 2147 824
f 296 2003 776
f 362 2201 842
f 265 1910 745
f 251 1863 731
f 233 1809 713
f 228 1794 708
f 240 1830 720
f 246 1848 726
f 258 1886 738
f 360 2192 840
f 401 2318 881
f 389 2282 869
f 263 1904 743
f 329 2097 809
f 310 2043 790
f 280 1956 760
f 318 2066 798
f 324 2082 804
f 342 2138 822
f 288 1974 768
f 292 1992 772
f 371 2228 851
f 393 2295 873
f 409 2331 1269
f 405 2327 1245
f 411 2328 1252
f 414 2334 1288
f 417 2337 1306
f 431 2346 1336
f 488 2412 1551
f 575 2499 1473
f 563 2487 1599
f 519 2436 1354
f 454 2376 1479
f 450 2372 1401
f 456 2373 1408
f 459 2379 1492
f 462 2382 1504
f 472 2396 1533
f 446 2361 1414
f 506 2418 1444
f 535 2457 1594
f 541 2463 1383
f 570 2492 1323
f 480 2402 1275
f 421 2343 1263
f 511 2433 1299
f 556 2478 1317
f 484 2406 1341
f 580 2502 1564
f 567 2484 1462
f 522 2442 1588
f 427 2349 1347
f 544 2468 1521
f 468 2387 1420
f 436 2358 1395
f 499 2421 1497
f 530 2454 1515
f 548 2472 1557
f 466 2388 1425
f 442 2364 1431
f 505 2426 1570
f 536 2448 1372
f 491 2403 1282
f 423 2342 1258
f 513 2432 1294
f 564 2477 1312
f 581 2493 1330
f 549 2462 1378
f 477 2397 1540
f 445 2367 1449
f 503 2427 1575
f 525 2447 1365
f 474 2391 1486
f 438 2357 1390
f 495 2417 1437
f 532 2453 1510
f 552 2469 1528
f 490 2411 1546
f 577 2498 1468
f 559 2483 1455
f 517 2441 1581
f 430 2352 1359
f 590 2509 1272
f 584 2503 1248
f 585 2506 1253
f 592 2512 1289
f 595 2515 1307
f 598 2518 1337
f 636 2555 1554
f 621 2541 1476
f 642 2562 1602
f 601 2522 1355
f 623 2542 1482
f 611 2528 1404
f 609 2531 1409
f 625 2545 1493
f 628 2548 1505
f 632 2551 1536
f 613 2533 1415
f 616 2537 1445
f 638 2559 1595
f 606 2526 1386
f 407 1616 909
f 403 1608 891
f 404 1606 886
f 410 1612 898
f 413 1615 904
f 422 1624 922
f 486 1692 1060
f 573 1782 1240
f 561 1765 1204
f 512 1714 1102
f 452 1661 999
f 448 1653 981
f 449 1651 976
f 455 1657 988
f 458 1660 994
f 470 1675 1024
f 437 1639 952
f 494 1696 1066
f 531 1733 1138
f 539 1751 1179
f 568 1779 1233
f 478 1683 1041
f 419 1626 927
f 509 1721 1119
f 554 1766 1209
f 482 1689 1053
f 576 1778 1228
f 558 1760 1192
f 516 1718 1108
f 425 1629 933
f 542 1747 1167
f 463 1665 1005
f 434 1641 957
f 497 1704 1083
f 528 1737 1150
f 546 1750 1174
f 464 1676 1029
f 440 1644 963
f 500 1702 1077
f 524 1726 1126
f 479 1681 1036
f 418 1620 915
f 508 1710 1095
f 553 1755 1185
f 569 1771 1216
f 538 1740 1155
f 471 1673 1018
f 443 1647 970
f 501 1707 1090
f 523 1734 1143
f 467 1669 1012
f 433 1635 945
f 493 1698 1071
f 527 1729 1131
f 543 1745 1162
f 485 1687 1047
f 572 1774 1221
f 557 1762 1197
f 515 1720 1114
f 428 1632 940
f 591 2189 1284
f 587 1883 1260
f 588 1903 1296
f 594 2281 1314
f 597 2317 1332
f 600 2173 1380
f 634 2158 1542
f 619 2012 1451
f 639 2210 1577
f 602 1924 1367
f 624 2135 1488
f 608 1973 1392
f 610 1996 1439
f 627 2227 1512
f 630 2304 1530
f 635 2176 1548
f 615 2155 1470
f 617 2014 1457
f 637 2212 1583
f 604 1922 1361
f 416 1864 1270
f 408 1810 1246
f 406 1795 1251
f 412 1831 1287
f 415 1849 1305
f 424 1887 1335
f 492 2193 1552
f 582 2321 1474
f 565 2285 1600
f 514 1907 1353
f 461 2098 1480
f 453 2044 1402
f 451 1961 1407
f 457 2067 1491
f 460 2083 1503
f 475 2139 1534
f 439 1975 1413
f 496 1997 1443
f 533 2231 1593
f 551 2298 1384
f 579 2190 1324
f 483 1884 1276
f 426 1900 1264
f 521 2278 1300
f 566 2314 1318
f 489 2170 1342
f 578 2159 1563
f 560 2015 1461
f 518 2213 1587
f 429 1918 1348
f 547 2136 1522
f 465 1977 1419
f 441 1990 1396
f 504 2224 1498
f 537 2301 1516
f 550 2177 1558
f 476 2152 1426
f 444 2008 1432
f 502 2206 1569
f 526 1925 1371
f 481 1817 1281
f 420 1797 1257
f 510 1833 1293
f 555 1851 1311
f 571 1871 1329
f 540 1941 1377
f 473 2119 1539
f 447 2029 1450
f 507 2247 1576
f 534 2262 1366
f 469 2051 1485
f 435 1954 1389
f 498 2064 1438
f 529 2085 1509
f 545 2105 1527
f 487 2121 1545
f 574 2031 1467
f 562 2244 1456
f 520 2265 1582
f 432 1939 1360
f 589 1814 1271
f 583 1793 1247
f 586 1829 1254
f 593 1847 1290
f 596 1868 1308
f 599 1937 1338
f 633 2124 1553
f 620 2034 1475
f 640 2250 1601
f 603 2261 1356
f 622 2050 1481
f 607 1960 1403
f 612 2063 1410
f 626 2081 1494
f 629 2102 1506
f 631 2117 1535
f 614 2027 1416
f 618 2243 1446
f 641 2268 1596
f 605 1944 1385
f 409 1804 894
f 405 1785 887
f 411 1821 899
f 414 1839 905
f 417 1858 912
f 431 1929 941
f 488 2114 1050
f 575 2024 1224
f 563 2240 1200
f 519 2253 1115
f 454 2038 984
f 450 1951 977
f 456 2055 989
f 459 2073 995
f 462 2092 1002
f 472 2109 1019
f 446 2019 971
f 506 2235 1091
f 535 2258 1146
f 541 1934 1158
f 570 1861 1217
f 480 1807 1037
f 421 1790 918
f 511 1826 1098
f 556 1844 1188
f 484 1880 1044
f 580 2186 1236
f 567 2308 1212
f 522 2272 1122
f 427 1894 930
f 544 2095 1163
f 468 2041 1013
f 436 1948 948
f 499 2060 1074
f 530 2078 1134
f 548 2132 1170
f 466 1970 1008
f 442 1984 960
f 505 2218 1086
f 536 2289 1151
f 491 2181 1061
f 423 1875 923
f 513 1897 1103
f 564 2275 1205
f 581 2311 1241
f 549 2167 1175
f 477 2146 1032
f 445 2002 966
f 503 2200 1080
f 525 1915 1127
f 474 2127 1025
f 438 1965 953
f 495 1987 1067
f 532 2221 1139
f 552 2294 1182
f 490 2164 1056
f 577 2149 1229
f 559 2005 1193
f 517 2203 1109
f 430 1912 936
f 590 1870 1325
f 584 1816 1277
f 585 1800 1265
f 592 1836 1301
f 595 1854 1319
f 598 1890 1343
f 636 2196 1566
f 621 2320 1464
f 642 2284 1590
f 601 1906 1349
f 623 2104 1523
f 611 2047 1422
f 609 1958 1397
f 625 2070 1499
f 628 2088 1517
f 632 2142 1559
f 613 1980 1427
f 616 1994 1433
f 638 2230 1572
f 606 2297 1374
f 407 2329 892
f 403 2323 885
f 404 2326 897
f 410 2333 903
f 413 2336 910
f 422 2345 939
f 486 2409 1048
f 573 2496 1222
f 561 2485 1198
f 512 2435 1113
f 452 2374 982
f 448 2368 975
f 449 2371 987
f 455 2378 993
f 458 2381 1000
f 470 2392 1017
f 437 2360 969
f 494 2416 1089
f 531 2456 1144
f 539 2460 1156
f 568 2488 1215
f 478 2398 1035
f 419 2340 916
f 509 2430 1096
f 554 2475 1186
f 482 2404 1042
f 576 2501 1234
f 558 2482 1210
f 516 2440 1120
f 425 2347 928
f 542 2464 1161
f 463 2384 1011
f 434 2355 946
f 497 2419 1072
f 528 2451 1132
f 546 2470 1168
f 464 2385 1006
f 440 2362 958
f 500 2423 1084
f 524 2446 1149
f 479 2401 1059
f 418 2339 921
f 508 2429 1101
f 553 2474 1203
f 569 2491 1239
f 538 2459 1173
f 471 2395 1030
f 443 2365 964
f 501 2424 1078
f 523 2443 1125
f 467 2390 1023
f 433 2354 951
f 493 2413 1065
f 527 2450 1137
f 543 2467 1180
f 485 2408 1054
f 572 2495 1227
f 557 2479 1191
f 515 2437 1107
f 428 2350 934
f 591 2511 1326
f 587 2505 1278
f 588 2507 1266
f 594 2513 1302
f 597 2516 1320
f 600 2519 1344
f 634 2556 1565
f 619 2540 1463
f 639 2561 1589
f 602 2521 1350
f 624 2544 1524
f 608 2529 1421
f 610 2530 1398
f 627 2546 1500
f 630 2549 1518
f 635 2553 1560
f 615 2534 1428
f 617 2536 1434
f 637 2557 1571
f 604 2525 1373
f 164 1609 889
f 163 1605 883
f 165 1611 895
f 166 1614 901
f 167 1617 907
f 172 1631 937
f 190 1688 1045
f 219 1775 1219
f 215 1763 1195
f 201 1719 1111
f 179 1654 979
f 178 1650 973
f 180 1656 985
f 181 1659 991
f 182 1662 997
f 185 1672 1015
f 177 1646 967
f 197 1706 1087
f 206 1735 1141
f 208 1741 1153
f 218 1770 1213
f 188 1680 1033
f 168 1621 913
f 198 1711 1093
f 213 1756 1183
f 189 1684 1039
f 221 1780 1231
f 217 1767 1207
f 202 1722 1117
f 170 1627 925
f 209 1744 1159
f 184 1668 1009
f 173 1636 943
f 194 1699 1069
f 204 1730 1129
f 210 1748 1165
f 183 1666 1003
f 175 1642 955
f 196 1705 1081
f 207 1736 1147
f 192 1691 1057
f 169 1623 919
f 199 1713 1099
f 216 1764 1201
f 222 1781 1237
f 211 1749 1171
f 187 1677 1027
f 176 1645 961
f 195 1703 1075
f 203 1725 1123
f 186 1674 1021
f 174 1638 949
f 193 1695 1063
f 205 1732 1135
f 212 1752 1177
f 191 1690 1051
f 220 1777 1225
f 214 1759 1189
f 200 1717 1105
f 171 1630 931
f 358 2191 1322
f 256 1885 1274
f 261 1901 1262
f 387 2279 1298
f 399 2315 1316
f 351 2171 1340
f 348 2160 1561
f 300 2016 1459
f 366 2214 1585
f 267 1919 1346
f 340 2137 1520
f 287 1978 1417
f 291 1991 1394
f 369 2225 1496
f 395 2302 1514
f 354 2178 1556
f 345 2153 1424
f 297 2009 1430
f 363 2207 1567
f 270 1926 1369
f 247 1857 908
f 229 1803 890
f 223 1786 884
f 235 1822 896
f 241 1840 902
f 253 1876 920
f 355 2182 1058
f 398 2312 1238
f 386 2276 1202
f 260 1898 1100
f 325 2091 998
f 307 2037 980
f 278 1952 974
f 313 2056 986
f 319 2074 992
f 337 2128 1022
f 283 1966 950
f 290 1988 1064
f 368 2222 1136
f 392 2293 1178
f 356 2185 1232
f 254 1879 1040
f 259 1893 926
f 385 2271 1118
f 397 2307 1208
f 349 2163 1052
f 344 2150 1226
f 296 2006 1190
f 362 2204 1106
f 265 1911 932
f 338 2131 1166
f 284 1969 1004
f 289 1983 956
f 367 2217 1082
f 391 2290 1148
f 350 2168 1172
f 343 2145 1028
f 295 2001 962
f 361 2199 1076
f 266 1916 1124
f 230 1808 1034
f 224 1789 914
f 236 1825 1094
f 242 1843 1184
f 248 1862 1214
f 272 1933 1154
f 331 2110 1016
f 301 2020 968
f 373 2236 1088
f 380 2257 1142
f 308 2042 1010
f 277 1947 944
f 314 2059 1070
f 320 2077 1130
f 326 2096 1160
f 332 2113 1046
f 302 2023 1220
f 374 2239 1196
f 379 2254 1112
f 271 1930 938
f 234 1818 1279
f 227 1798 1255
f 239 1834 1291
f 245 1852 1309
f 252 1872 1327
f 275 1942 1375
f 334 2120 1537
f 304 2030 1448
f 377 2248 1574
f 382 2263 1364
f 312 2052 1483
f 279 1955 1387
f 316 2065 1436
f 323 2086 1507
f 330 2106 1525
f 335 2122 1543
f 305 2032 1465
f 376 2245 1454
f 383 2266 1580
f 274 1940 1358
f 232 1813 1267
f 225 1792 1243
f 237 1828 1250
f 243 1846 1286
f 250 1867 1304
f 273 1936 1334
f 336 2123 1549
f 306 2033 1471
f 378 2249 1597
f 381 2260 1352
f 311 2049 1477
f 281 1959 1399
f 315 2062 1406
f 321 2080 1490
f 328 2101 1502
f 333 2116 1531
f 303 2026 1412
f 375 2242 1442
f 384 2267 1592
f 276 1943 1381
f 251 1869 1321
f 233 1815 1273
f 228 1799 1261
f 240 1835 1297
f 246 1853 1315
f 258 1889 1339
f 360 2195 1562
f 401 2319 1460
f 389 2283 1586
f 263 1905 1345
f 329 2103 1519
f 310 2046 1418
f 280 1957 1393
f 318 2069 1495
f 324 2087 1513
f 342 2141 1555
f 288 1979 1423
f 292 1993 1429
f 371 2229 1568
f 393 2296 1370
f 357 2188 1280
f 255 1882 1256
f 262 1902 1292
f 388 2280 1310
f 400 2316 1328
f 352 2172 1376
f 347 2157 1538
f 298 2011 1447
f 364 2209 1573
f 269 1923 1363
f 339 2134 1484
f 285 1972 1388
f 293 1995 1435
f 370 2226 1508
f 396 2303 1526
f 353 2175 1544
f 346 2154 1466
f 299 2013 1453
f 365 2211 1579
f 268 1921 1357
f 249 1865 1268
f 231 1811 1244
f 226 1796 1249
f 238 1832 1285
f 244 1850 1303
f 257 1888 1333
f 359 2194 1550
f 402 2322 1472
f 390 2286 1598
f 264 1908 1351
f 327 2099 1478
f 309 2045 1400
f 282 1962 1405
f 317 2068 1489
f 322 2084 1501
f 341 2140 1532
f 286 1976 1411
f 294 1998 1441
f 372 2232 1591
f 394 2299 1382
f 416 2330 911
f 408 2324 893
f 406 2325 888
f 412 2332 900
f 415 2335 906
f 424 2344 924
f 492 2410 1062
f 582 2497 1242
f 565 2486 1206
f 514 2434 1104
f 461 2375 1001
f 453 2369 983
f 451 2370 978
f 457 2377 990
f 460 2380 996
f 475 2393 1026
f 439 2359 954
f 496 2415 1068
f 533 2455 1140
f 551 2461 1181
f 579 2489 1235
f 483 2399 1043
f 426 2341 929
f 521 2431 1121
f 566 2476 1211
f 489 2405 1055
f 578 2500 1230
f 560 2481 1194
f 518 2439 1110
f 429 2348 935
f 547 2465 1169
f 465 2383 1007
f 441 2356 959
f 504 2420 1085
f 537 2452 1152
f 550 2471 1176
f 476 2386 1031
f 444 2363 965
f 502 2422 1079
f 526 2445 1128
f 481 2400 1038
f 420 2338 917
f 510 2428 1097
f 555 2473 1187
f 571 2490 1218
f 540 2458 1157
f 473 2394 1020
f 447 2366 972
f 507 2425 1092
f 534 2444 1145
f 469 2389 1014
f 435 2353 947
f 498 2414 1073
f 529 2449 1133
f 545 2466 1164
f 487 2407 1049
f 574 2494 1223
f 562 2480 1199
f 520 2438 1116
f 432 2351 942
f 589 2510 1283
f 583 2504 1259
f 586 2508 1295
f 593 2514 1313
f 596 2517 1331
f 599 2520 1379
f 633 2554 1541
f 620 2539 1452
f 640 2560 1578
f 603 2523 1368
f 622 2543 1487
f 607 2527 1391
f 612 2532 1440
f 626 2547 1511
f 629 2550 1529
f 631 2552 1547
f 614 2535 1469
f 618 2538 1458
f 641 2558 1584
f 605 2524 1362
f 164 1607 1609
f 163 1603 1605
f 165 1604 1611
f 166 1610 1614
f 167 1613 1617
f 172 1622 1631
f 190 1686 1688
f 219 1773 1775
f 215 1761 1763
f 201 1712 1719
f 179 1652 1654
f 178 1648 1650
f 180 1649 1656
f 181 1655 1659
f 182 1658 1662
f 185 1670 1672
f 177 1637 1646
f 197 1694 1706
f 206 1731 1735
f 208 1739 1741
f 218 1768 1770
f 188 1678 1680
f 168 1619 1621
f 198 1709 1711
f 213 1754 1756
f 189 1682 1684
f 221 1776 1780
f 217 1758 1767
f 202 1716 1722
f 170 1625 1627
f 209 1742 1744
f 184 1663 1668
f 173 1634 1636
f 194 1697 1699
f 204 1728 1730
f 210 1746 1748
f 183 1664 1666
f 175 1640 1642
f 196 1700 1705
f 207 1724 1736
f 192 1679 1691
f 169 1618 1623
f 199 1708 1713
f 216 1753 1764
f 222 1769 1781
f 211 1738 1749
f 187 1671 1677
f 176 1643 1645
f 195 1701 1703
f 203 1723 1725
f 186 1667 1674
f 174 1633 1638
f 193 1693 1695
f 205 1727 1732
f 212 1743 1752
f 191 1685 1690
f 220 1772 1777
f 214 1757 1759
f 200 1715 1717
f 171 1628 1630
f 358 2187 2191
f 256 1881 1885
f 261 1899 1901
f 387 2277 2279
f 399 2313 2315
f 351 2169 2171
f 348 2156 2160
f 300 2010 2016
f 366 2208 2214
f 267 1917 1919
f 340 2133 2137
f 287 1971 1978
f 291 1989 1991
f 369 2223 2225
f 395 2300 2302
f 354 2174 2178
f 345 2151 2153
f 297 2007 2009
f 363 2205 2207
f 270 1920 1926
f 247 1855 1857
f 229 1801 1803
f 223 1784 1786
f 235 1820 1822
f 241 1838 1840
f 253 1874 1876
f 355 2180 2182
f 398 2310 2312
f 386 2274 2276
f 260 1896 1898
f 325 2089 2091
f 307 2035 2037
f 278 1950 1952
f 313 2054 2056
f 319 2072 2074
f 337 2126 2128
f 283 1964 1966
f 290 1986 1988
f 368 2220 2222
f 392 2291 2293
f 356 2183 2185
f 254 1877 1879
f 259 1891 1893
f 385 2269 2271
f 397 2305 2307
f 349 2161 2163
f 344 2148 2150
f 296 2004 2006
f 362 2202 2204
f 265 1909 1911
f 338 2129 2131
f 284 1967 1969
f 289 1981 1983
f 367 2215 2217
f 391 2288 2290
f 350 2166 2168
f 343 2143 2145
f 295 1999 2001
f 361 2197 2199
f 266 1914 1916
f 230 1806 1808
f 224 1787 1789
f 236 1823 1825
f 242 1841 1843
f 248 1860 1862
f 272 1931 1933
f 331 2108 2110
f 301 2018 2020
f 373 2234 2236
f 380 2255 2257
f 308 2040 2042
f 277 1945 1947
f 314 2057 2059
f 320 2075 2077
f 326 2094 2096
f 332 2111 2113
f 302 2021 2023
f 374 2237 2239
f 379 2252 2254
f 271 1928 1930
f 234 1812 1818
f 227 1791 1798
f 239 1827 1834
f 245 1845 1852
f 252 1866 1872
f 275 1935 1942
f 334 2118 2120
f 304 2028 2030
f 377 2246 2248
f 382 2259 2263
f 312 2048 2052
f 279 1953 1955
f 316 2061 2065
f 323 2079 2086
f 330 2100 2106
f 335 2115 2122
f 305 2025 2032
f 376 2241 2245
f 383 2264 2266
f 274 1938 1940
f 232 1802 1813
f 225 1783 1792
f 237 1819 1828
f 243 1837 1846
f 250 1856 1867
f 273 1927 1936
f 336 2112 2123
f 306 2022 2033
f 378 2238 2249
f 381 2251 2260
f 311 2036 2049
f 281 1949 1959
f 315 2053 2062
f 321 2071 2080
f 328 2090 2101
f 333 2107 2116
f 303 2017 2026
f 375 2233 2242
f 384 2256 2267
f 276 1932 1943
f 251 1859 1869
f 233 1805 1815
f 228 1788 1799
f 240 1824 1835
f 246 1842 1853
f 258 1878 1889
f 360 2184 2195
f 401 2306 2319
f 389 2270 2283
f 263 1892 1905
f 329 2093 2103
f 310 2039 2046
f 280 1946 1957
f 318 2058 2069
f 324 2076 2087
f 342 2130 2141
f 288 1968 1979
f 292 1982 1993
f 371 2216 2229
f 393 2287 2296
f 357 2179 2188
f 255 1873 1882
f 262 1895 1902
f 388 2273 2280
f 400 2309 2316
f 352 2165 2172
f 347 2144 2157
f 298 2000 2011
f 364 2198 2209
f 269 1913 1923
f 339 2125 2134
f 285 1963 1972
f 293 1985 1995
f 370 2219 2226
f 396 2292 2303
f 353 2162 2175
f 346 2147 2154
f 299 2003 2013
f 365 2201 2211
f 268 1910 1921
f 249 1863 1865
f 231 1809 1811
f 226 1794 1796
f 238 1830 1832
f 244 1848 1850
f 257 1886 1888
f 359 2192 2194
f 402 2318 2322
f 390 2282 2286
f 264 1904 1908
f 327 2097 2099
f 309 2043 2045
f 282 1956 1962
f 317 2066 2068
f 322 2082 2084
f 341 2138 2140
f 286 1974 1976
f 294 1992 1998
f 372 2228 2232
f 394 2295 2299
f 416 2331 2330
f 408 2327 2324
f 406 2328 2325
f 412 2334 2332
f 415 2337 2335
f 424 2346 2344
f 492 2412 2410
f 582 2499 2497
f 565 2487 2486
f 514 2436 2434
f 461 2376 2375
f 453 2372 2369
f 451 2373 2370
f 457 2379 2377
f 460 2382 2380
f 475 2396 2393
f 439 2361 2359
f 496 2418 2415
f 533 2457 2455
f 551 2463 2461
f 579 2492 2489
f 483 2402 2399
f 426 2343 2341
f 521 2433 2431
f 566 2478 2476
f 489 2406 2405
f 578 2502 2500
f 560 2484 2481
f 518 2442 2439
f 429 2349 2348
f 547 2468 2465
f 465 2387 2383
f 441 2358 2356
f 504 2421 2420
f 537 2454 2452
f 550 2472 2471
f 476 2388 2386
f 444 2364 2363
f 502 2426 2422
f 526 2448 2445
f 481 2403 2400
f 420 2342 2338
f 510 2432 2428
f 555 2477 2473
f 571 2493 2490
f 540 2462 2458
f 473 2397 2394
f 447 2367 2366
f 507 2427 2425
f 534 2447 2444
f 469 2391 2389
f 435 2357 2353
f 498 2417 2414
f 529 2453 2449
f 545 2469 2466
f 487 2411 2407
f 574 2498 2494
f 562 2483 2480
f 520 2441 2438
f 432 2352 2351
f 589 2509 2510
f 583 2503 2504
f 586 2506 2508
f 593 2512 2514
f 596 2515 2517
f 599 2518 2520
f 633 2555 2554
f 620 2541 2539
f 640 2562 2560
f 603 2522 2523
f 622 2542 2543
f 607 2528 2527
f 612 2531 2532
f 626 2545 2547
f 629 2548 2550
f 631 2551 2552
f 614 2533 2535
f 618 2537 2538
f 641 2559 2558
f 605 2526 2524
f 164 644 1607
f 163 643 1603
f 165 645 1604
f 166 646 1610
f 167 647 1613
f 172 652 1622
f 190 670 1686
f 219 699 1773
f 215 695 1761
f 201 681 1712
f 179 659 1652
f 178 658 1648
f 180 660 1649
f 181 661 1655
f 182 662 1658
f 185 665 1670
f 177 657 1637
f 197 677 1694
f 206 686 1731
f 208 688 1739
f 218 698 1768
f 188 668 1678
f 168 648 1619
f 198 678 1709
f 213 693 1754
f 189 669 1682
f 221 701 1776
f 217 697 1758
f 202 682 1716
f 170 650 1625
f 209 689 1742
f 184 664 1663
f 173 653 1634
f 194 674 1697
f 204 684 1728
f 210 690 1746
f 183 663 1664
f 175 655 1640
f 196 676 1700
f 207 687 1724
f 192 672 1679
f 169 649 1618
f 199 679 1708
f 216 696 1753
f 222 702 1769
f 211 691 1738
f 187 667 1671
f 176 656 1643
f 195 675 1701
f 203 683 1723
f 186 666 1667
f 174 654 1633
f 193 673 1693
f 205 685 1727
f 212 692 1743
f 191 671 1685
f 220 700 1772
f 214 694 1757
f 200 680 1715
f 171 651 1628
f 358 838 2187
f 256 736 1881
f 261 741 1899
f 387 867 2277
f 399 879 2313
f 351 831 2169
f 348 828 2156
f 300 780 2010
f 366 846 2208
f 267 747 1917
f 340 820 2133
f 287 767 1971
f 291 771 1989
f 369 849 2223
f 395 875 2300
f 354 834 2174
f 345 825 2151
f 297 777 2007
f 363 843 2205
f 270 750 1920
f 247 727 1855
f 229 709 1801
f 223 703 1784
f 235 715 1820
f 241 721 1838
f 253 733 1874
f 355 835 2180
f 398 878 2310
f 386 866 2274
f 260 740 1896
f 325 805 2089
f 307 787 2035
f 278 758 1950
f 313 793 2054
f 319 799 2072
f 337 817 2126
f 283 763 1964
f 290 770 1986
f 368 848 2220
f 392 872 2291
f 356 836 2183
f 254 734 1877
f 259 739 1891
f 385 865 2269
f 397 877 2305
f 349 829 2161
f 344 824 2148
f 296 776 2004
f 362 842 2202
f 265 745 1909
f 338 818 2129
f 284 764 1967
f 289 769 1981
f 367 847 2215
f 391 871 2288
f 350 830 2166
f 343 823 2143
f 295 775 1999
f 361 841 2197
f 266 746 1914
f 230 710 1806
f 224 704 1787
f 236 716 1823
f 242 722 1841
f 248 728 1860
f 272 752 1931
f 331 811 2108
f 301 781 2018
f 373 853 2234
f 380 860 2255
f 308 788 2040
f 277 757 1945
f 314 794 2057
f 320 800 2075
f 326 806 2094
f 332 812 2111
f 302 782 2021
f 374 854 2237
f 379 859 2252
f 271 751 1928
f 234 714 1812
f 227 707 1791
f 239 719 1827
f 245 725 1845
f 252 732 1866
f 275 755 1935
f 334 814 2118
f 304 784 2028
f 377 857 2246
f 382 862 2259
f 312 792 2048
f 279 759 1953
f 316 796 2061
f 323 803 2079
f 330 810 2100
f 335 815 2115
f 305 785 2025
f 376 856 2241
f 383 863 2264
f 274 754 1938
f 232 712 1802
f 225 705 1783
f 237 717 1819
f 243 723 1837
f 250 730 1856
f 273 753 1927
f 336 816 2112
f 306 786 2022
f 378 858 2238
f 381 861 2251
f 311 791 2036
f 281 761 1949
f 315 795 2053
f 321 801 2071
f 328 808 2090
f 333 813 2107
f 303 783 2017
f 375 855 2233
f 384 864 2256
f 276 756 1932
f 251 731 1859
f 233 713 1805
f 228 708 1788
f 240 720 1824
f 246 726 1842
f 258 738 1878
f 360 840 2184
f 401 881 2306
f 389 869 2270
f 263 743 1892
f 329 809 2093
f 310 790 2039
f 280 760 1946
f 318 798 2058
f 324 804 2076
f 342 822 2130
f 288 768 1968
f 292 772 1982
f 371 851 2216
f 393 873 2287
f 357 837 2179
f 255 735 1873
f 262 742 1895
f 388 868 2273
f 400 880 2309
f 352 832 2165
f 347 827 2144
f 298 778 2000
f 364 844 2198
f 269 749 1913
f 339 819 2125
f 285 765 1963
f 293 773 1985
f 370 850 2219
f 396 876 2292
f 353 833 2162
f 346 826 2147
f 299 779 2003
f 365 845 2201
f 268 748 1910
f 249 729 1863
f 231 711 1809
f 226 706 1794
f 238 718 1830
f 244 724 1848
f 257 737 1886
f 359 839 2192
f 402 882 2318
f 390 870 2282
f 264 744 1904
f 327 807 2097
f 309 789 2043
f 282 762 1956
f 317 797 2066
f 322 802 2082
f 341 821 2138
f 286 766 1974
f 294 774 1992
f 372 852 2228
f 394 874 2295
f 416 1270 2331
f 408 1246 2327
f 406 1251 2328
f 412 1287 2334
f 415 1305 2337
f 424 1335 2346
f 492 1552 2412
f 582 1474 2499
f 565 1600 2487
f 514 1353 2436
f 461 1480 2376
f 453 1402 2372
f 451 1407 2373
f 457 1491 2379
f 460 1503 2382
f 475 1534 2396
f 439 1413 2361
f 496 1443 2418
f 533 1593 2457
f 551 1384 2463
f 579 1324 2492
f 483 1276 2402
f 426 1264 2343
f 521 1300 2433
f 566 1318 2478
f 489 1342 2406
f 578 1563 2502
f 560 1461 2484
f 518 1587 2442
f 429 1348 2349
f 547 1522 2468
f 465 1419 2387
f 441 1396 2358
f 504 1498 2421
f 537 1516 2454
f 550 1558 2472
f 476 1426 2388
f 444 1432 2364
f 502 1569 2426
f 526 1371 2448
f 481 1281 2403
f 420 1257 2342
f 510 1293 2432
f 555 1311 2477
f 571 1329 2493
f 540 1377 2462
f 473 1539 2397
f 447 1450 2367
f 507 1576 2427
f 534 1366 2447
f 469 1485 2391
f 435 1389 2357
f 498 1438 2417
f 529 1509 2453
f 545 1527 2469
f 487 1545 2411
f 574 1467 2498
f 562 1456 2483
f 520 1582 2441
f 432 1360 2352
f 589 1271 2509
f 583 1247 2503
f 586 1254 2506
f 593 1290 2512
f 596 1308 2515
f 599 1338 2518
f 633 1553 2555
f 620 1475 2541
f 640 1601 2562
f 603 1356 2522
f 622 1481 2542
f 607 1403 2528
f 612 1410 2531
f 626 1494 2545
f 629 1506 2548
f 631 1535 2551
f 614 1416 2533
f 618 1446 2537
f 641 1596 2559
f 605 1385 2526
f 167 907 1616
f 164 889 1608
f 163 883 1606
f 165 895 1612
f 166 901 1615
f 169 919 1624
f 192 1057 1692
f 222 1237 1782
f 216 1201 1765
f 199 1099 1714
f 182 997 1661
f 179 979 1653
f 178 973 1651
f 180 985 1657
f 181 991 1660
f 186 1021 1675
f 174 949 1639
f 193 1063 1696
f 205 1135 1733
f 212 1177 1751
f 221 1231 1779
f 189 1039 1683
f 170 925 1626
f 202 1117 1721
f 217 1207 1766
f 191 1051 1689
f 220 1225 1778
f 214 1189 1760
f 200 1105 1718
f 171 931 1629
f 210 1165 1747
f 183 1003 1665
f 175 955 1641
f 196 1081 1704
f 207 1147 1737
f 211 1171 1750
f 187 1027 1676
f 176 961 1644
f 195 1075 1702
f 203 1123 1726
f 188 1033 1681
f 168 913 1620
f 198 1093 1710
f 213 1183 1755
f 218 1213 1771
f 208 1153 1740
f 185 1015 1673
f 177 967 1647
f 197 1087 1707
f 206 1141 1734
f 184 1009 1669
f 173 943 1635
f 194 1069 1698
f 204 1129 1729
f 209 1159 1745
f 190 1045 1687
f 219 1219 1774
f 215 1195 1762
f 201 1111 1720
f 172 937 1632
f 357 1280 2189
f 255 1256 1883
f 262 1292 1903
f 388 1310 2281
f 400 1328 2317
f 352 1376 2173
f 347 1538 2158
f 298 1447 2012
f 364 1573 2210
f 269 1363 1924
f 339 1484 2135
f 285 1388 1973
f 293 1435 1996
f 370 1508 2227
f 396 1526 2304
f 353 1544 2176
f 346 1466 2155
f 299 1453 2014
f 365 1579 2212
f 268 1357 1922
f 249 1268 1864
f 231 1244 1810
f 226 1249 1795
f 238 1285 1831
f 244 1303 1849
f 257 1333 1887
f 359 1550 2193
f 402 1472 2321
f 390 1598 2285
f 264 1351 1907
f 327 1478 2098
f 309 1400 2044
f 282 1405 1961
f 317 1489 2067
f 322 1501 2083
f 341 1532 2139
f 286 1411 1975
f 294 1441 1997
f 372 1591 2231
f 394 1382 2298
f 358 1322 2190
f 256 1274 1884
f 261 1262 1900
f 387 1298 2278
f 399 1316 2314
f 351 1340 2170
f 348 1561 2159
f 300 1459 2015
f 366 1585 2213
f 267 1346 1918
f 340 1520 2136
f 287 1417 1977
f 291 1394 1990
f 369 1496 2224
f 395 1514 2301
f 354 1556 2177
f 345 1424 2152
f 297 1430 2008
f 363 1567 2206
f 270 1369 1925
f 234 1279 1817
f 227 1255 1797
f 239 1291 1833
f 245 1309 1851
f 252 1327 1871
f 275 1375 1941
f 334 1537 2119
f 304 1448 2029
f 377 1574 2247
f 382 1364 2262
f 312 1483 2051
f 279 1387 1954
f 316 1436 2064
f 323 1507 2085
f 330 1525 2105
f 335 1543 2121
f 305 1465 2031
f 376 1454 2244
f 383 1580 2265
f 274 1358 1939
f 232 1267 1814
f 225 1243 1793
f 237 1250 1829
f 243 1286 1847
f 250 1304 1868
f 273 1334 1937
f 336 1549 2124
f 306 1471 2034
f 378 1597 2250
f 381 1352 2261
f 311 1477 2050
f 281 1399 1960
f 315 1406 2063
f 321 1490 2081
f 328 1502 2102
f 333 1531 2117
f 303 1412 2027
f 375 1442 2243
f 384 1592 2268
f 276 1381 1944
f 229 890 1804
f 223 884 1785
f 235 896 1821
f 241 902 1839
f 247 908 1858
f 271 938 1929
f 332 1046 2114
f 302 1220 2024
f 374 1196 2240
f 379 1112 2253
f 307 980 2038
f 278 974 1951
f 313 986 2055
f 319 992 2073
f 325 998 2092
f 331 1016 2109
f 301 968 2019
f 373 1088 2235
f 380 1142 2258
f 272 1154 1934
f 248 1214 1861
f 230 1034 1807
f 224 914 1790
f 236 1094 1826
f 242 1184 1844
f 254 1040 1880
f 356 1232 2186
f 397 1208 2308
f 385 1118 2272
f 259 926 1894
f 326 1160 2095
f 308 1010 2041
f 277 944 1948
f 314 1070 2060
f 320 1130 2078
f 338 1166 2132
f 284 1004 1970
f 289 956 1984
f 367 1082 2218
f 391 1148 2289
f 355 1058 2181
f 253 920 1875
f 260 1100 1897
f 386 1202 2275
f 398 1238 2311
f 350 1172 2167
f 343 1028 2146
f 295 962 2002
f 361 1076 2200
f 266 1124 1915
f 337 1022 2127
f 283 950 1965
f 290 1064 1987
f 368 1136 2221
f 392 1178 2294
f 349 1052 2164
f 344 1226 2149
f 296 1190 2005
f 362 1106 2203
f 265 932 1912
f 251 1321 1870
f 233 1273 1816
f 228 1261 1800
f 240 1297 1836
f 246 1315 1854
f 258 1339 1890
f 360 1562 2196
f 401 1460 2320
f 389 1586 2284
f 263 1345 1906
f 329 1519 2104
f 310 1418 2047
f 280 1393 1958
f 318 1495 2070
f 324 1513 2088
f 342 1555 2142
f 288 1423 1980
f 292 1429 1994
f 371 1568 2230
f 393 1370 2297
f 409 894 2329
f 405 887 2323
f 411 899 2326
f 414 905 2333
f 417 912 2336
f 431 941 2345
f 488 1050 2409
f 575 1224 2496
f 563 1200 2485
f 519 1115 2435
f 454 984 2374
f 450 977 2368
f 456 989 2371
f 459 995 2378
f 462 1002 2381
f 472 1019 2392
f 446 971 2360
f 506 1091 2416
f 535 1146 2456
f 541 1158 2460
f 570 1217 2488
f 480 1037 2398
f 421 918 2340
f 511 1098 2430
f 556 1188 2475
f 484 1044 2404
f 580 1236 2501
f 567 1212 2482
f 522 1122 2440
f 427 930 2347
f 544 1163 2464
f 468 1013 2384
f 436 948 2355
f 499 1074 2419
f 530 1134 2451
f 548 1170 2470
f 466 1008 2385
f 442 960 2362
f 505 1086 2423
f 536 1151 2446
f 491 1061 2401
f 423 923 2339
f 513 1103 2429
f 564 1205 2474
f 581 1241 2491
f 549 1175 2459
f 477 1032 2395
f 445 966 2365
f 503 1080 2424
f 525 1127 2443
f 474 1025 2390
f 438 953 2354
f 495 1067 2413
f 532 1139 2450
f 552 1182 2467
f 490 1056 2408
f 577 1229 2495
f 559 1193 2479
f 517 1109 2437
f 430 936 2350
f 590 1325 2511
f 584 1277 2505
f 585 1265 2507
f 592 1301 2513
f 595 1319 2516
f 598 1343 2519
f 636 1566 2556
f 621 1464 2540
f 642 1590 2561
f 601 1349 2521
f 623 1523 2544
f 611 1422 2529
f 609 1397 2530
f 625 1499 2546
f 628 1517 2549
f 632 1559 2553
f 613 1427 2534
f 616 1433 2536
f 638 1572 2557
f 606 1374 2525
f 407 892 1609
f 403 885 1605
f 404 897 1611
f 410 903 1614
f 413 910 1617
f 422 939 1631
f 486 1048 1688
f 573 1222 1775
f 561 1198 1763
f 512 1113 1719
f 452 982 1654
f 448 975 1650
f 449 987 1656
f 455 993 1659
f 458 1000 1662
f 470 1017 1672
f 437 969 1646
f 494 1089 1706
f 531 1144 1735
f 539 1156 1741
f 568 1215 1770
f 478 1035 1680
f 419 916 1621
f 509 1096 1711
f 554 1186 1756
f 482 1042 1684
f 576 1234 1780
f 558 1210 1767
f 516 1120 1722
f 425 928 1627
f 542 1161 1744
f 463 1011 1668
f 434 946 1636
f 497 1072 1699
f 528 1132 1730
f 546 1168 1748
f 464 1006 1666
f 440 958 1642
f 500 1084 1705
f 524 1149 1736
f 479 1059 1691
f 418 921 1623
f 508 1101 1713
f 553 1203 1764
f 569 1239 1781
f 538 1173 1749
f 471 1030 1677
f 443 964 1645
f 501 1078 1703
f 523 1125 1725
f 467 1023 1674
f 433 951 1638
f 493 1065 1695
f 527 1137 1732
f 543 1180 1752
f 485 1054 1690
f 572 1227 1777
f 557 1191 1759
f 515 1107 1717
f 428 934 1630
f 591 1326 2191
f 587 1278 1885
f 588 1266 1901
f 594 1302 2279
f 597 1320 2315
f 600 1344 2171
f 634 1565 2160
f 619 1463 2016
f 639 1589 2214
f 602 1350 1919
f 624 1524 2137
f 608 1421 1978
f 610 1398 1991
f 627 1500 2225
f 630 1518 2302
f 635 1560 2178
f 615 1428 2153
f 617 1434 2009
f 637 1571 2207
f 604 1373 1926
f 416 911 1857
f 408 893 1803
f 406 888 1786
f 412 900 1822
f 415 906 1840
f 424 924 1876
f 492 1062 2182
f 582 1242 2312
f 565 1206 2276
f 514 1104 1898
f 461 1001 2091
f 453 983 2037
f 451 978 1952
f 457 990 2056
f 460 996 2074
f 475 1026 2128
f 439 954 1966
f 496 1068 1988
f 533 1140 2222
f 551 1181 2293
f 579 1235 2185
f 483 1043 1879
f 426 929 1893
f 521 1121 2271
f 566 1211 2307
f 489 1055 2163
f 578 1230 2150
f 560 1194 2006
f 518 1110 2204
f 429 935 1911
f 547 1169 2131
f 465 1007 1969
f 441 959 1983
f 504 1085 2217
f 537 1152 2290
f 550 1176 2168
f 476 1031 2145
f 444 965 2001
f 502 1079 2199
f 526 1128 1916
f 481 1038 1808
f 420 917 1789
f 510 1097 1825
f 555 1187 1843
f 571 1218 1862
f 540 1157 1933
f 473 1020 2110
f 447 972 2020
f 507 1092 2236
f 534 1145 2257
f 469 1014 2042
f 435 947 1947
f 498 1073 2059
f 529 1133 2077
f 545 1164 2096
f 487 1049 2113
f 574 1223 2023
f 562 1199 2239
f 520 1116 2254
f 432 942 1930
f 589 1283 1818
f 583 1259 1798
f 586 1295 1834
f 593 1313 1852
f 596 1331 1872
f 599 1379 1942
f 633 1541 2120
f 620 1452 2030
f 640 1578 2248
f 603 1368 2263
f 622 1487 2052
f 607 1391 1955
f 612 1440 2065
f 626 1511 2086
f 629 1529 2106
f 631 1547 2122
f 614 1469 2032
f 618 1458 2245
f 641 1584 2266
f 605 1362 1940
f 409 1269 1813
f 405 1245 1792
f 411 1252 1828
f 414 1288 1846
f 417 1306 1867
f 431 1336 1936
f 488 1551 2123
f 575 1473 2033
f 563 1599 2249
f 519 1354 2260
f 454 1479 2049
f 450 1401 1959
f 456 1408 2062
f 459 1492 2080
f 462 1504 2101
f 472 1533 2116
f 446 1414 2026
f 506 1444 2242
f 535 1594 2267
f 541 1383 1943
f 570 1323 1869
f 480 1275 1815
f 421 1263 1799
f 511 1299 1835
f 556 1317 1853
f 484 1341 1889
f 580 1564 2195
f 567 1462 2319
f 522 1588 2283
f 427 1347 1905
f 544 1521 2103
f 468 1420 2046
f 436 1395 1957
f 499 1497 2069
f 530 1515 2087
f 548 1557 2141
f 466 1425 1979
f 442 1431 1993
f 505 1570 2229
f 536 1372 2296
f 491 1282 2188
f 423 1258 1882
f 513 1294 1902
f 564 1312 2280
f 581 1330 2316
f 549 1378 2172
f 477 1540 2157
f 445 1449 2011
f 503 1575 2209
f 525 1365 1923
f 474 1486 2134
f 438 1390 1972
f 495 1437 1995
f 532 1510 2226
f 552 1528 2303
f 490 1546 2175
f 577 1468 2154
f 559 1455 2013
f 517 1581 2211
f 430 1359 1921
f 590 1272 1865
f 584 1248 1811
f 585 1253 1796
f 592 1289 1832
f 595 1307 1850
f 598 1337 1888
f 636 1554 2194
f 621 1476 2322
f 642 1602 2286
f 601 1355 1908
f 623 1482 2099
f 611 1404 2045
f 609 1409 1962
f 625 1493 2068
f 628 1505 2084
f 632 1536 2140
f 613 1415 1976
f 616 1445 1998
f 638 1595 2232
f 606 1386 2299
f 407 909 2330
f 403 891 2324
f 404 886 2325
f 410 898 2332
f 413 904 2335
f 422 922 2344
f 486 1060 2410
f 573 1240 2497
f 561 1204 2486
f 512 1102 2434
f 452 999 2375
f 448 981 2369
f 449 976 2370
f 455 988 2377
f 458 994 2380
f 470 1024 2393
f 437 952 2359
f 494 1066 2415
f 531 1138 2455
f 539 1179 2461
f 568 1233 2489
f 478 1041 2399
f 419 927 2341
f 509 1119 2431
f 554 1209 2476
f 482 1053 2405
f 576 1228 2500
f 558 1192 2481
f 516 1108 2439
f 425 933 2348
f 542 1167 2465
f 463 1005 2383
f 434 957 2356
f 497 1083 2420
f 528 1150 2452
f 546 1174 2471
f 464 1029 2386
f 440 963 2363
f 500 1077 2422
f 524 1126 2445
f 479 1036 2400
f 418 915 2338
f 508 1095 2428
f 553 1185 2473
f 569 1216 2490
f 538 1155 2458
f 471 1018 2394
f 443 970 2366
f 501 1090 2425
f 523 1143 2444
f 467 1012 2389
f 433 945 2353
f 493 1071 2414
f 527 1131 2449
f 543 1162 2466
f 485 1047 2407
f 572 1221 2494
f 557 1197 2480
f 515 1114 2438
f 428 940 2351
f 591 1284 2510
f 587 1260 2504
f 588 1296 2508
f 594 1314 2514
f 597 1332 2517
f 600 1380 2520
f 634 1542 2554
f 619 1451 2539
f 639 1577 2560
f 602 1367 2523
f 624 1488 2543
f 608 1392 2527
f 610 1439 2532
f 627 1512 2547
f 630 1530 2550
f 635 1548 2552
f 615 1470 2535
f 617 1457 2538
f 637 1583 2558
f 604 1361 2524
f 167 1616 1607
f 164 1608 1603
f 163 1606 1604
f 165 1612 1610
f 166 1615 1613
f 169 1624 1622
f 192 1692 1686
f 222 1782 1773
f 216 1765 1761
f 199 1714 1712
f 182 1661 1652
f 179 1653 1648
f 178 1651 1649
f 180 1657 1655
f 181 1660 1658
f 186 1675 1670
f 174 1639 1637
f 193 1696 1694
f 205 1733 1731
f 212 1751 1739
f 221 1779 1768
f 189 1683 1678
f 170 1626 1619
f 202 1721 1709
f 217 1766 1754
f 191 1689 1682
f 220 1778 1776
f 214 1760 1758
f 200 1718 1716
f 171 1629 1625
f 210 1747 1742
f 183 1665 1663
f 175 1641 1634
f 196 1704 1697
f 207 1737 1728
f 211 1750 1746
f 187 1676 1664
f 176 1644 1640
f 195 1702 1700
f 203 1726 1724
f 188 1681 1679
f 168 1620 1618
f 198 1710 1708
f 213 1755 1753
f 218 1771 1769
f 208 1740 1738
f 185 1673 1671
f 177 1647 1643
f 197 1707 1701
f 206 1734 1723
f 184 1669 1667
f 173 1635 1633
f 194 1698 1693
f 204 1729 1727
f 209 1745 1743
f 190 1687 1685
f 219 1774 1772
f 215 1762 1757
f 201 1720 1715
f 172 1632 1628
f 357 2189 2187
f 255 1883 1881
f 262 1903 1899
f 388 2281 2277
f 400 2317 2313
f 352 2173 2169
f 347 2158 2156
f 298 2012 2010
f 364 2210 2208
f 269 1924 1917
f 339 2135 2133
f 285 1973 1971
f 293 1996 1989
f 370 2227 2223
f 396 2304 2300
f 353 2176 2174
f 346 2155 2151
f 299 2014 2007
f 365 2212 2205
f 268 1922 1920
f 249 1864 1855
f 231 1810 1801
f 226 1795 1784
f 238 1831 1820
f 244 1849 1838
f 257 1887 1874
f 359 2193 2180
f 402 2321 2310
f 390 2285 2274
f 264 1907 1896
f 327 2098 2089
f 309 2044 2035
f 282 1961 1950
f 317 2067 2054
f 322 2083 2072
f 341 2139 2126
f 286 1975 1964
f 294 1997 1986
f 372 2231 2220
f 394 2298 2291
f 358 2190 2183
f 256 1884 1877
f 261 1900 1891
f 387 2278 2269
f 399 2314 2305
f 351 2170 2161
f 348 2159 2148
f 300 2015 2004
f 366 2213 2202
f 267 1918 1909
f 340 2136 2129
f 287 1977 1967
f 291 1990 1981
f 369 2224 2215
f 395 2301 2288
f 354 2177 2166
f 345 2152 2143
f 297 2008 1999
f 363 2206 2197
f 270 1925 1914
f 234 1817 1806
f 227 1797 1787
f 239 1833 1823
f 245 1851 1841
f 252 1871 1860
f 275 1941 1931
f 334 2119 2108
f 304 2029 2018
f 377 2247 2234
f 382 2262 2255
f 312 2051 2040
f 279 1954 1945
f 316 2064 2057
f 323 2085 2075
f 330 2105 2094
f 335 2121 2111
f 305 2031 2021
f 376 2244 2237
f 383 2265 2252
f 274 1939 1928
f 232 1814 1812
f 225 1793 1791
f 237 1829 1827
f 243 1847 1845
f 250 1868 1866
f 273 1937 1935
f 336 2124 2118
f 306 2034 2028
f 378 2250 2246
f 381 2261 2259
f 311 2050 2048
f 281 1960 1953
f 315 2063 2061
f 321 2081 2079
f 328 2102 2100
f 333 2117 2115
f 303 2027 2025
f 375 2243 2241
f 384 2268 2264
f 276 1944 1938
f 229 1804 1802
f 223 1785 1783
f 235 1821 1819
f 241 1839 1837
f 247 1858 1856
f 271 1929 1927
f 332 2114 2112
f 302 2024 2022
f 374 2240 2238
f 379 2253 2251
f 307 2038 2036
f 278 1951 1949
f 313 2055 2053
f 319 2073 2071
f 325 2092 2090
f 331 2109 2107
f 301 2019 2017
f 373 2235 2233
f 380 2258 2256
f 272 1934 1932
f 248 1861 1859
f 230 1807 1805
f 224 1790 1788
f 236 1826 1824
f 242 1844 1842
f 254 1880 1878
f 356 2186 2184
f 397 2308 2306
f 385 2272 2270
f 259 1894 1892
f 326 2095 2093
f 308 2041 2039
f 277 1948 1946
f 314 2060 2058
f 320 2078 2076
f 338 2132 2130
f 284 1970 1968
f 289 1984 1982
f 367 2218 2216
f 391 2289 2287
f 355 2181 2179
f 253 1875 1873
f 260 1897 1895
f 386 2275 2273
f 398 2311 2309
f 350 2167 2165
f 343 2146 2144
f 295 2002 2000
f 361 2200 2198
f 266 1915 1913
f 337 2127 2125
f 283 1965 1963
f 290 1987 1985
f 368 2221 2219
f 392 2294 2292
f 349 2164 2162
f 344 2149 2147
f 296 2005 2003
f 362 2203 2201
f 265 1912 1910
f 251 1870 1863
f 233 1816 1809
f 228 1800 1794
f 240 1836 1830
f 246 1854 1848
f 258 1890 1886
f 360 2196 2192
f 401 2320 2318
f 389 2284 2282
f 263 1906 1904
f 329 2104 2097
f 310 2047 2043
f 280 1958 1956
f 318 2070 2066
f 324 2088 2082
f 342 2142 2138
f 288 1980 1974
f 292 1994 1992
f 371 2230 2228
f 393 2297 2295
f 409 2329 2331
f 405 2323 2327
f 411 2326 2328
f 414 2333 2334
f 417 2336 2337
f 431 2345 2346
f 488 2409 2412
f 575 2496 2499
f 563 2485 2487
f 519 2435 2436
f 454 2374 2376
f 450 2368 2372
f 456 2371 2373
f 459 2378 2379
f 462 2381 2382
f 472 2392 2396
f 446 2360 2361
f 506 2416 2418
f 535 2456 2457
f 541 2460 2463
f 570 2488 2492
f 480 2398 2402
f 421 2340 2343
f 511 2430 2433
f 556 2475 2478
f 484 2404 2406
f 580 2501 2502
f 567 2482 2484
f 522 2440 2442
f 427 2347 2349
f 544 2464 2468
f 468 2384 2387
f 436 2355 2358
f 499 2419 2421
f 530 2451 2454
f 548 2470 2472
f 466 2385 2388
f 442 2362 2364
f 505 2423 2426
f 536 2446 2448
f 491 2401 2403
f 423 2339 2342
f 513 2429 2432
f 564 2474 2477
f 581 2491 2493
f 549 2459 2462
f 477 2395 2397
f 445 2365 2367
f 503 2424 2427
f 525 2443 2447
f 474 2390 2391
f 438 2354 2357
f 495 2413 2417
f 532 2450 2453
f 552 2467 2469
f 490 2408 2411
f 577 2495 2498
f 559 2479 2483
f 517 2437 2441
f 430 2350 2352
f 590 2511 2509
f 584 2505 2503
f 585 2507 2506
f 592 2513 2512
f 595 2516 2515
f 598 2519 2518
f 636 2556 2555
f 621 2540 2541
f 642 2561 2562
f 601 2521 2522
f 623 2544 2542
f 611 2529 2528
f 609 2530 2531
f 625 2546 2545
f 628 2549 2548
f 632 2553 2551
f 613 2534 2533
f 616 2536 2537
f 638 2557 2559
f 606 2525 2526
f 1607 644 647
f 1603 643 644
f 1604 645 643
f 1610 646 645
f 1613 647 646
f 1622 652 649
f 1686 670 672
f 1773 699 702
f 1761 695 696
f 1712 681 679
f 1652 659 662
f 1648 658 659
f 1649 660 658
f 1655 661 660
f 1658 662 661
f 1670 665 666
f 1637 657 654
f 1694 677 673
f 1731 686 685
f 1739 688 692
f 1768 698 701
f 1678 668 669
f 1619 648 650
f 1709 678 682
f 1754 693 697
f 1682 669 671
f 1776 701 700
f 1758 697 694
f 1716 682 680
f 1625 650 651
f 1742 689 690
f 1663 664 663
f 1634 653 655
f 1697 674 676
f 1728 684 687
f 1746 690 691
f 1664 663 667
f 1640 655 656
f 1700 676 675
f 1724 687 683
f 1679 672 668
f 1618 649 648
f 1708 679 678
f 1753 696 693
f 1769 702 698
f 1738 691 688
f 1671 667 665
f 1643 656 657
f 1701 675 677
f 1723 683 686
f 1667 666 664
f 1633 654 653
f 1693 673 674
f 1727 685 684
f 1743 692 689
f 1685 671 670
f 1772 700 699
f 1757 694 695
f 1715 680 681
f 1628 651 652
f 2187 838 837
f 1881 736 735
f 1899 741 742
f 2277 867 868
f 2313 879 880
f 2169 831 832
f 2156 828 827
f 2010 780 778
f 2208 846 844
f 1917 747 749
f 2133 820 819
f 1971 767 765
f 1989 771 773
f 2223 849 850
f 2300 875 876
f 2174 834 833
f 2151 825 826
f 2007 777 779
f 2205 843 845
f 1920 750 748
f 1855 727 729
f 1801 709 711
f 1784 703 706
f 1820 715 718
f 1838 721 724
f 1874 733 737
f 2180 835 839
f 2310 878 882
f 2274 866 870
f 1896 740 744
f 2089 805 807
f 2035 787 789
f 1950 758 762
f 2054 793 797
f 2072 799 802
f 2126 817 821
f 1964 763 766
f 1986 770 774
f 2220 848 852
f 2291 872 874
f 2183 836 838
f 1877 734 736
f 1891 739 741
f 2269 865 867
f 2305 877 879
f 2161 829 831
f 2148 824 828
f 2004 776 780
f 2202 842 846
f 1909 745 747
f 2129 818 820
f 1967 764 767
f 1981 769 771
f 2215 847 849
f 2288 871 875
f 2166 830 834
f 2143 823 825
f 1999 775 777
f 2197 841 843
f 1914 746 750
f 1806 710 714
f 1787 704 707
f 1823 716 719
f 1841 722 725
f 1860 728 732
f 1931 752 755
f 2108 811 814
f 2018 781 784
f 2234 853 857
f 2255 860 862
f 2040 788 792
f 1945 757 759
f 2057 794 796
f 2075 800 803
f 2094 806 810
f 2111 812 815
f 2021 782 785
f 2237 854 856
f 2252 859 863
f 1928 751 754
f 1812 714 712
f 1791 707 705
f 1827 719 717
f 1845 725 723
f 1866 732 730
f 1935 755 753
f 2118 814 816
f 2028 784 786
f 2246 857 858
f 2259 862 861
f 2048 792 791
f 1953 759 761
f 2061 796 795
f 2079 803 801
f 2100 810 808
f 2115 815 813
f 2025 785 783
f 2241 856 855
f 2264 863 864
f 1938 754 756
f 1802 712 709
f 1783 705 703
f 1819 717 715
f 1837 723 721
f 1856 730 727
f 1927 753 751
f 2112 816 812
f 2022 786 782
f 2238 858 854
f 2251 861 859
f 2036 791 787
f 1949 761 758
f 2053 795 793
f 2071 801 799
f 2090 808 805
f 2107 813 811
f 2017 783 781
f 2233 855 853
f 2256 864 860
f 1932 756 752
f 1859 731 728
f 1805 713 710
f 1788 708 704
f 1824 720 716
f 1842 726 722
f 1878 738 734
f 2184 840 836
f 2306 881 877
f 2270 869 865
f 1892 743 739
f 2093 809 806
f 2039 790 788
f 1946 760 757
f 2058 798 794
f 2076 804 800
f 2130 822 818
f 1968 768 764
f 1982 772 769
f 2216 851 847
f 2287 873 871
f 2179 837 835
f 1873 735 733
f 1895 742 740
f 2273 868 866
f 2309 880 878
f 2165 832 830
f 2144 827 823
f 2000 778 775
f 2198 844 841
f 1913 749 746
f 2125 819 817
f 1963 765 763
f 1985 773 770
f 2219 850 848
f 2292 876 872
f 2162 833 829
f 2147 826 824
f 2003 779 776
f 2201 845 842
f 1910 748 745
f 1863 729 731
f 1809 711 713
f 1794 706 708
f 1830 718 720
f 1848 724 726
f 1886 737 738
f 2192 839 840
f 2318 882 881
f 2282 870 869
f 1904 744 743
f 2097 807 809
f 2043 789 790
f 1956 762 760
f 2066 797 798
f 2082 802 804
f 2138 821 822
f 1974 766 768
f 1992 774 772
f 2228 852 851
f 2295 874 873
f 2331 1270 1269
f 2327 1246 1245
f 2328 1251 1252
f 2334 1287 1288
f 2337 1305 1306
f 2346 1335 1336
f 2412 1552 1551
f 2499 1474 1473
f 2487 1600 1599
f 2436 1353 1354
f 2376 1480 1479
f 2372 1402 1401
f 2373 1407 1408
f 2379 1491 1492
f 2382 1503 1504
f 2396 1534 1533
f 2361 1413 1414
f 2418 1443 1444
f 2457 1593 1594
f 2463 1384 1383
f 2492 1324 1323
f 2402 1276 1275
f 2343 1264 1263
f 2433 1300 1299
f 2478 1318 1317
f 2406 1342 1341
f 2502 1563 1564
f 2484 1461 1462
f 2442 1587 1588
f 2349 1348 1347
f 2468 1522 1521
f 2387 1419 1420
f 2358 1396 1395
f 2421 1498 1497
f 2454 1516 1515
f 2472 1558 1557
f 2388 1426 1425
f 2364 1432 1431
f 2426 1569 1570
f 2448 1371 1372
f 2403 1281 1282
f 2342 1257 1258
f 2432 1293 1294
f 2477 1311 1312
f 2493 1329 1330
f 2462 1377 1378
f 2397 1539 1540
f 2367 1450 1449
f 2427 1576 1575
f 2447 1366 1365
f 2391 1485 1486
f 2357 1389 1390
f 2417 1438 1437
f 2453 1509 1510
f 2469 1527 1528
f 2411 1545 1546
f 2498 1467 1468
f 2483 1456 1455
f 2441 1582 1581
f 2352 1360 1359
f 2509 1271 1272
f 2503 1247 1248
f 2506 1254 1253
f 2512 1290 1289
f 2515 1308 1307
f 2518 1338 1337
f 2555 1553 1554
f 2541 1475 1476
f 2562 1601 1602
f 2522 1356 1355
f 2542 1481 1482
f 2528 1403 1404
f 2531 1410 1409
f 2545 1494 1493
f 2548 1506 1505
f 2551 1535 1536
f 2533 1416 1415
f 2537 1446 1445
f 2559 1596 1595
f 2526 1385 1386
f 1616 907 909
f 1608 889 891
f 1606 883 886
f 1612 895 898
f 1615 901 904
f 1624 919 922
f 1692 1057 1060
f 1782 1237 1240
f 1765 1201 1204
f 1714 1099 1102
f 1661 997 999
f 1653 979 981
f 1651 973 976
f 1657 985 988
f 1660 991 994
f 1675 1021 1024
f 1639 949 952
f 1696 1063 1066
f 1733 1135 1138
f 1751 1177 1179
f 1779 1231 1233
f 1683 1039 1041
f 1626 925 927
f 1721 1117 1119
f 1766 1207 1209
f 1689 1051 1053
f 1778 1225 1228
f 1760 1189 1192
f 1718 1105 1108
f 1629 931 933
f 1747 1165 1167
f 1665 1003 1005
f 1641 955 957
f 1704 1081 1083
f 1737 1147 1150
f 1750 1171 1174
f 1676 1027 1029
f 1644 961 963
f 1702 1075 1077
f 1726 1123 1126
f 1681 1033 1036
f 1620 913 915
f 1710 1093 1095
f 1755 1183 1185
f 1771 1213 1216
f 1740 1153 1155
f 1673 1015 1018
f 1647 967 970
f 1707 1087 1090
f 1734 1141 1143
f 1669 1009 1012
f 1635 943 945
f 1698 1069 1071
f 1729 1129 1131
f 1745 1159 1162
f 1687 1045 1047
f 1774 1219 1221
f 1762 1195 1197
f 1720 1111 1114
f 1632 937 940
f 2189 1280 1284
f 1883 1256 1260
f 1903 1292 1296
f 2281 1310 1314
f 2317 1328 1332
f 2173 1376 1380
f 2158 1538 1542
f 2012 1447 1451
f 2210 1573 1577
f 1924 1363 1367
f 2135 1484 1488
f 1973 1388 1392
f 1996 1435 1439
f 2227 1508 1512
f 2304 1526 1530
f 2176 1544 1548
f 2155 1466 1470
f 2014 1453 1457
f 2212 1579 1583
f 1922 1357 1361
f 1864 1268 1270
f 1810 1244 1246
f 1795 1249 1251
f 1831 1285 1287
f 1849 1303 1305
f 1887 1333 1335
f 2193 1550 1552
f 2321 1472 1474
f 2285 1598 1600
f 1907 1351 1353
f 2098 1478 1480
f 2044 1400 1402
f 1961 1405 1407
f 2067 1489 1491
f 2083 1501 1503
f 2139 1532 1534
f 1975 1411 1413
f 1997 1441 1443
f 2231 1591 1593
f 2298 1382 1384
f 2190 1322 1324
f 1884 1274 1276
f 1900 1262 1264
f 2278 1298 1300
f 2314 1316 1318
f 2170 1340 1342
f 2159 1561 1563
f 2015 1459 1461
f 2213 1585 1587
f 1918 1346 1348
f 2136 1520 1522
f 1977 1417 1419
f 1990 1394 1396
f 2224 1496 1498
f 2301 1514 1516
f 2177 1556 1558
f 2152 1424 1426
f 2008 1430 1432
f 2206 1567 1569
f 1925 1369 1371
f 1817 1279 1281
f 1797 1255 1257
f 1833 1291 1293
f 1851 1309 1311
f 1871 1327 1329
f 1941 1375 1377
f 2119 1537 1539
f 2029 1448 1450
f 2247 1574 1576
f 2262 1364 1366
f 2051 1483 1485
f 1954 1387 1389
f 2064 1436 1438
f 2085 1507 1509
f 2105 1525 1527
f 2121 1543 1545
f 2031 1465 1467
f 2244 1454 1456
f 2265 1580 1582
f 1939 1358 1360
f 1814 1267 1271
f 1793 1243 1247
f 1829 1250 1254
f 1847 1286 1290
f 1868 1304 1308
f 1937 1334 1338
f 2124 1549 1553
f 2034 1471 1475
f 2250 1597 1601
f 2261 1352 1356
f 2050 1477 1481
f 1960 1399 1403
f 2063 1406 1410
f 2081 1490 1494
f 2102 1502 1506
f 2117 1531 1535
f 2027 1412 1416
f 2243 1442 1446
f 2268 1592 1596
f 1944 1381 1385
f 1804 890 894
f 1785 884 887
f 1821 896 899
f 1839 902 905
f 1858 908 912
f 1929 938 941
f 2114 1046 1050
f 2024 1220 1224
f 2240 1196 1200
f 2253 1112 1115
f 2038 980 984
f 1951 974 977
f 2055 986 989
f 2073 992 995
f 2092 998 1002
f 2109 1016 1019
f 2019 968 971
f 2235 1088 1091
f 2258 1142 1146
f 1934 1154 1158
f 1861 1214 1217
f 1807 1034 1037
f 1790 914 918
f 1826 1094 1098
f 1844 1184 1188
f 1880 1040 1044
f 2186 1232 1236
f 2308 1208 1212
f 2272 1118 1122
f 1894 926 930
f 2095 1160 1163
f 2041 1010 1013
f 1948 944 948
f 2060 1070 1074
f 2078 1130 1134
f 2132 1166 1170
f 1970 1004 1008
f 1984 956 960
f 2218 1082 1086
f 2289 1148 1151
f 2181 1058 1061
f 1875 920 923
f 1897 1100 1103
f 2275 1202 1205
f 2311 1238 1241
f 2167 1172 1175
f 2146 1028 1032
f 2002 962 966
f 2200 1076 1080
f 1915 1124 1127
f 2127 1022 1025
f 1965 950 953
f 1987 1064 1067
f 2221 1136 1139
f 2294 1178 1182
f 2164 1052 1056
f 2149 1226 1229
f 2005 1190 1193
f 2203 1106 1109
f 1912 932 936
f 1870 1321 1325
f 1816 1273 1277
f 1800 1261 1265
f 1836 1297 1301
f 1854 1315 1319
f 1890 1339 1343
f 2196 1562 1566
f 2320 1460 1464
f 2284 1586 1590
f 1906 1345 1349
f 2104 1519 1523
f 2047 1418 1422
f 1958 1393 1397
f 2070 1495 1499
f 2088 1513 1517
f 2142 1555 1559
f 1980 1423 1427
f 1994 1429 1433
f 2230 1568 1572
f 2297 1370 1374
f 2329 894 892
f 2323 887 885
f 2326 899 897
f 2333 905 903
f 2336 912 910
f 2345 941 939
f 2409 1050 1048
f 2496 1224 1222
f 2485 1200 1198
f 2435 1115 1113
f 2374 984 982
f 2368 977 975
f 2371 989 987
f 2378 995 993
f 2381 1002 1000
f 2392 1019 1017
f 2360 971 969
f 2416 1091 1089
f 2456 1146 1144
f 2460 1158 1156
f 2488 1217 1215
f 2398 1037 1035
f 2340 918 916
f 2430 1098 1096
f 2475 1188 1186
f 2404 1044 1042
f 2501 1236 1234
f 2482 1212 1210
f 2440 1122 1120
f 2347 930 928
f 2464 1163 1161
f 2384 1013 1011
f 2355 948 946
f 2419 1074 1072
f 2451 1134 1132
f 2470 1170 1168
f 2385 1008 1006
f 2362 960 958
f 2423 1086 1084
f 2446 1151 1149
f 2401 1061 1059
f 2339 923 921
f 2429 1103 1101
f 2474 1205 1203
f 2491 1241 1239
f 2459 1175 1173
f 2395 1032 1030
f 2365 966 964
f 2424 1080 1078
f 2443 1127 1125
f 2390 1025 1023
f 2354 953 951
f 2413 1067 1065
f 2450 1139 1137
f 2467 1182 1180
f 2408 1056 1054
f 2495 1229 1227
f 2479 1193 1191
f 2437 1109 1107
f 2350 936 934
f 2511 1325 1326
f 2505 1277 1278
f 2507 1265 1266
f 2513 1301 1302
f 2516 1319 1320
f 2519 1343 1344
f 2556 1566 1565
f 2540 1464 1463
f 2561 1590 1589
f 2521 1349 1350
f 2544 1523 1524
f 2529 1422 1421
f 2530 1397 1398
f 2546 1499 1500
f 2549 1517 1518
f 2553 1559 1560
f 2534 1427 1428
f 2536 1433 1434
f 2557 1572 1571
f 2525 1374 1373
f 1609 892 889
f 1605 885 883
f 1611 897 895
f 1614 903 901
f 1617 910 907
f 1631 939 937
f 1688 1048 1045
f 1775 1222 1219
f 1763 1198 1195
f 1719 1113 1111
f 1654 982 979
f 1650 975 973
f 1656 987 985
f 1659 993 991
f 1662 1000 997
f 1672 1017 1015
f 1646 969 967
f 1706 1089 1087
f 1735 1144 1141
f 1741 1156 1153
f 1770 1215 1213
f 1680 1035 1033
f 1621 916 913
f 1711 1096 1093
f 1756 1186 1183
f 1684 1042 1039
f 1780 1234 1231
f 1767 1210 1207
f 1722 1120 1117
f 1627 928 925
f 1744 1161 1159
f 1668 1011 1009
f 1636 946 943
f 1699 1072 1069
f 1730 1132 1129
f 1748 1168 1165
f 1666 1006 1003
f 1642 958 955
f 1705 1084 1081
f 1736 1149 1147
f 1691 1059 1057
f 1623 921 919
f 1713 1101 1099
f 1764 1203 1201
f 1781 1239 1237
f 1749 1173 1171
f 1677 1030 1027
f 1645 964 961
f 1703 1078 1075
f 1725 1125 1123
f 1674 1023 1021
f 1638 951 949
f 1695 1065 1063
f 1732 1137 1135
f 1752 1180 1177
f 1690 1054 1051
f 1777 1227 1225
f 1759 1191 1189
f 1717 1107 1105
f 1630 934 931
f 2191 1326 1322
f 1885 1278 1274
f 1901 1266 1262
f 2279 1302 1298
f 2315 1320 1316
f 2171 1344 1340
f 2160 1565 1561
f 2016 1463 1459
f 2214 1589 1585
f 1919 1350 1346
f 2137 1524 1520
f 1978 1421 1417
f 1991 1398 1394
f 2225 1500 1496
f 2302 1518 1514
f 2178 1560 1556
f 2153 1428 1424
f 2009 1434 1430
f 2207 1571 1567
f 1926 1373 1369
f 1857 911 908
f 1803 893 890
f 1786 888 884
f 1822 900 896
f 1840 906 902
f 1876 924 920
f 2182 1062 1058
f 2312 1242 1238
f 2276 1206 1202
f 1898 1104 1100
f 2091 1001 998
f 2037 983 980
f 1952 978 974
f 2056 990 986
f 2074 996 992
f 2128 1026 1022
f 1966 954 950
f 1988 1068 1064
f 2222 1140 1136
f 2293 1181 1178
f 2185 1235 1232
f 1879 1043 1040
f 1893 929 926
f 2271 1121 1118
f 2307 1211 1208
f 2163 1055 1052
f 2150 1230 1226
f 2006 1194 1190
f 2204 1110 1106
f 1911 935 932
f 2131 1169 1166
f 1969 1007 1004
f 1983 959 956
f 2217 1085 1082
f 2290 1152 1148
f 2168 1176 1172
f 2145 1031 1028
f 2001 965 962
f 2199 1079 1076
f 1916 1128 1124
f 1808 1038 1034
f 1789 917 914
f 1825 1097 1094
f 1843 1187 1184
f 1862 1218 1214
f 1933 1157 1154
f 2110 1020 1016
f 2020 972 968
f 2236 1092 1088
f 2257 1145 1142
f 2042 1014 1010
f 1947 947 944
f 2059 1073 1070
f 2077 1133 1130
f 2096 1164 1160
f 2113 1049 1046
f 2023 1223 1220
f 2239 1199 1196
f 2254 1116 1112
f 1930 942 938
f 1818 1283 1279
f 1798 1259 1255
f 1834 1295 1291
f 1852 1313 1309
f 1872 1331 1327
f 1942 1379 1375
f 2120 1541 1537
f 2030 1452 1448
f 2248 1578 1574
f 2263 1368 1364
f 2052 1487 1483
f 1955 1391 1387
f 2065 1440 1436
f 2086 1511 1507
f 2106 1529 1525
f 2122 1547 1543
f 2032 1469 1465
f 2245 1458 1454
f 2266 1584 1580
f 1940 1362 1358
f 1813 1269 1267
f 1792 1245 1243
f 1828 1252 1250
f 1846 1288 1286
f 1867 1306 1304
f 1936 1336 1334
f 2123 1551 1549
f 2033 1473 1471
f 2249 1599 1597
f 2260 1354 1352
f 2049 1479 1477
f 1959 1401 1399
f 2062 1408 1406
f 2080 1492 1490
f 2101 1504 1502
f 2116 1533 1531
f 2026 1414 1412
f 2242 1444 1442
f 2267 1594 1592
f 1943 1383 1381
f 1869 1323 1321
f 1815 1275 1273
f 1799 1263 1261
f 1835 1299 1297
f 1853 1317 1315
f 1889 1341 1339
f 2195 1564 1562
f 2319 1462 1460
f 2283 1588 1586
f 1905 1347 1345
f 2103 1521 1519
f 2046 1420 1418
f 1957 1395 1393
f 2069 1497 1495
f 2087 1515 1513
f 2141 1557 1555
f 1979 1425 1423
f 1993 1431 1429
f 2229 1570 1568
f 2296 1372 1370
f 2188 1282 1280
f 1882 1258 1256
f 1902 1294 1292
f 2280 1312 1310
f 2316 1330 1328
f 2172 1378 1376
f 2157 1540 1538
f 2011 1449 1447
f 2209 1575 1573
f 1923 1365 1363
f 2134 1486 1484
f 1972 1390 1388
f 1995 1437 1435
f 2226 1510 1508
f 2303 1528 1526
f 2175 1546 1544
f 2154 1468 1466
f 2013 1455 1453
f 2211 1581 1579
f 1921 1359 1357
f 1865 1272 1268
f 1811 1248 1244
f 1796 1253 1249
f 1832 1289 1285
f 1850 1307 1303
f 1888 1337 1333
f 2194 1554 1550
f 2322 1476 1472
f 2286 1602 1598
f 1908 1355 1351
f 2099 1482 1478
f 2045 1404 1400
f 1962 1409 1405
f 2068 1493 1489
f 2084 1505 1501
f 2140 1536 1532
f 1976 1415 1411
f 1998 1445 1441
f 2232 1595 1591
f 2299 1386 1382
f 2330 909 911
f 2324 891 893
f 2325 886 888
f 2332 898 900
f 2335 904 906
f 2344 922 924
f 2410 1060 1062
f 2497 1240 1242
f 2486 1204 1206
f 2434 1102 1104
f 2375 999 1001
f 2369 981 983
f 2370 976 978
f 2377 988 990
f 2380 994 996
f 2393 1024 1026
f 2359 952 954
f 2415 1066 1068
f 2455 1138 1140
f 2461 1179 1181
f 2489 1233 1235
f 2399 1041 1043
f 2341 927 929
f 2431 1119 1121
f 2476 1209 1211
f 2405 1053 1055
f 2500 1228 1230
f 2481 1192 1194
f 2439 1108 1110
f 2348 933 935
f 2465 1167 1169
f 2383 1005 1007
f 2356 957 959
f 2420 1083 1085
f 2452 1150 1152
f 2471 1174 1176
f 2386 1029 1031
f 2363 963 965
f 2422 1077 1079
f 2445 1126 1128
f 2400 1036 1038
f 2338 915 917
f 2428 1095 1097
f 2473 1185 1187
f 2490 1216 1218
f 2458 1155 1157
f 2394 1018 1020
f 2366 970 972
f 2425 1090 1092
f 2444 1143 1145
f 2389 1012 1014
f 2353 945 947
f 2414 1071 1073
f 2449 1131 1133
f 2466 1162 1164
f 2407 1047 1049
f 2494 1221 1223
f 2480 1197 1199
f 2438 1114 1116
f 2351 940 942
f 2510 1284 1283
f 2504 1260 1259
f 2508 1296 1295
f 2514 1314 1313
f 2517 1332 1331
f 2520 1380 1379
f 2554 1542 1541
f 2539 1451 1452
f 2560 1577 1578
f 2523 1367 1368
f 2543 1488 1487
f 2527 1392 1391
f 2532 1439 1440
f 2547 1512 1511
f 2550 1530 1529
f 2552 1548 1547
f 2535 1470 1469
f 2538 1457 1458
f 2558 1583 1584
f 2524 1361 1362
f 1607 1616 1609
f 1603 1608 1605
f 1604 1606 1611
f 1610 1612 1614
f 1613 1615 1617
f 1622 1624 1631
f 1686 1692 1688
f 1773 1782 1775
f 1761 1765 1763
f 1712 1714 1719
f 1652 1661 1654
f 1648 1653 1650
f 1649 1651 1656
f 1655 1657 1659
f 1658 1660 1662
f 1670 1675 1672
f 1637 1639 1646
f 1694 1696 1706
f 1731 1733 1735
f 1739 1751 1741
f 1768 1779 1770
f 1678 1683 1680
f 1619 1626 1621
f 1709 1721 1711
f 1754 1766 1756
f 1682 1689 1684
f 1776 1778 1780
f 1758 1760 1767
f 1716 1718 1722
f 1625 1629 1627
f 1742 1747 1744
f 1663 1665 1668
f 1634 1641 1636
f 1697 1704 1699
f 1728 1737 1730
f 1746 1750 1748
f 1664 1676 1666
f 1640 1644 1642
f 1700 1702 1705
f 1724 1726 1736
f 1679 1681 1691
f 1618 1620 1623
f 1708 1710 1713
f 1753 1755 1764
f 1769 1771 1781
f 1738 1740 1749
f 1671 1673 1677
f 1643 1647 1645
f 1701 1707 1703
f 1723 1734 1725
f 1667 1669 1674
f 1633 1635 1638
f 1693 1698 1695
f 1727 1729 1732
f 1743 1745 1752
f 1685 1687 1690
f 1772 1774 1777
f 1757 1762 1759
f 1715 1720 1717
f 1628 1632 1630
f 2187 2189 2191
f 1881 1883 1885
f 1899 1903 1901
f 2277 2281 2279
f 2313 2317 2315
f 2169 2173 2171
f 2156 2158 2160
f 2010 2012 2016
f 2208 2210 2214
f 1917 1924 1919
f 2133 2135 2137
f 1971 1973 1978
f 1989 1996 1991
f 2223 2227 2225
f 2300 2304 2302
f 2174 2176 2178
f 2151 2155 2153
f 2007 2014 2009
f 2205 2212 2207
f 1920 1922 1926
f 1855 1864 1857
f 1801 1810 1803
f 1784 1795 1786
f 1820 1831 1822
f 1838 1849 1840
f 1874 1887 1876
f 2180 2193 2182
f 2310 2321 2312
f 2274 2285 2276
f 1896 1907 1898
f 2089 2098 2091
f 2035 2044 2037
f 1950 1961 1952
f 2054 2067 2056
f 2072 2083 2074
f 2126 2139 2128
f 1964 1975 1966
f 1986 1997 1988
f 2220 2231 2222
f 2291 2298 2293
f 2183 2190 2185
f 1877 1884 1879
f 1891 1900 1893
f 2269 2278 2271
f 2305 2314 2307
f 2161 2170 2163
f 2148 2159 2150
f 2004 2015 2006
f 2202 2213 2204
f 1909 1918 1911
f 2129 2136 2131
f 1967 1977 1969
f 1981 1990 1983
f 2215 2224 2217
f 2288 2301 2290
f 2166 2177 2168
f 2143 2152 2145
f 1999 2008 2001
f 2197 2206 2199
f 1914 1925 1916
f 1806 1817 1808
f 1787 1797 1789
f 1823 1833 1825
f 1841 1851 1843
f 1860 1871 1862
f 1931 1941 1933
f 2108 2119 2110
f 2018 2029 2020
f 2234 2247 2236
f 2255 2262 2257
f 2040 2051 2042
f 1945 1954 1947
f 2057 2064 2059
f 2075 2085 2077
f 2094 2105 2096
f 2111 2121 2113
f 2021 2031 2023
f 2237 2244 2239
f 2252 2265 2254
f 1928 1939 1930
f 1812 1814 1818
f 1791 1793 1798
f 1827 1829 1834
f 1845 1847 1852
f 1866 1868 1872
f 1935 1937 1942
f 2118 2124 2120
f 2028 2034 2030
f 2246 2250 2248
f 2259 2261 2263
f 2048 2050 2052
f 1953 1960 1955
f 2061 2063 2065
f 2079 2081 2086
f 2100 2102 2106
f 2115 2117 2122
f 2025 2027 2032
f 2241 2243 2245
f 2264 2268 2266
f 1938 1944 1940
f 1802 1804 1813
f 1783 1785 1792
f 1819 1821 1828
f 1837 1839 1846
f 1856 1858 1867
f 1927 1929 1936
f 2112 2114 2123
f 2022 2024 2033
f 2238 2240 2249
f 2251 2253 2260
f 2036 2038 2049
f 1949 1951 1959
f 2053 2055 2062
f 2071 2073 2080
f 2090 2092 2101
f 2107 2109 2116
f 2017 2019 2026
f 2233 2235 2242
f 2256 2258 2267
f 1932 1934 1943
f 1859 1861 1869
f 1805 1807 1815
f 1788 1790 1799
f 1824 1826 1835
f 1842 1844 1853
f 1878 1880 1889
f 2184 2186 2195
f 2306 2308 2319
f 2270 2272 2283
f 1892 1894 1905
f 2093 2095 2103
f 2039 2041 2046
f 1946 1948 1957
f 2058 2060 2069
f 2076 2078 2087
f 2130 2132 2141
f 1968 1970 1979
f 1982 1984 1993
f 2216 2218 2229
f 2287 2289 2296
f 2179 2181 2188
f 1873 1875 1882
f 1895 1897 1902
f 2273 2275 2280
f 2309 2311 2316
f 2165 2167 2172
f 2144 2146 2157
f 2000 2002 2011
f 2198 2200 2209
f 1913 1915 1923
f 2125 2127 2134
f 1963 1965 1972
f 1985 1987 1995
f 2219 2221 2226
f 2292 2294 2303
f 2162 2164 2175
f 2147 2149 2154
f 2003 2005 2013
f 2201 2203 2211
f 1910 1912 1921
f 1863 1870 1865
f 1809 1816 1811
f 1794 1800 1796
f 1830 1836 1832
f 1848 1854 1850
f 1886 1890 1888
f 2192 2196 2194
f 2318 2320 2322
f 2282 2284 2286
f 1904 1906 1908
f 2097 2104 2099
f 2043 2047 2045
f 1956 1958 1962
f 2066 2070 2068
f 2082 2088 2084
f 2138 2142 2140
f 1974 1980 1976
f 1992 1994 1998
f 2228 2230 2232
f 2295 2297 2299
f 2331 2329 2330
f 2327 2323 2324
f 2328 2326 2325
f 2334 2333 2332
f 2337 2336 2335
f 2346 2345 2344
f 2412 2409 2410
f 2499 2496 2497
f 2487 2485 2486
f 2436 2435 2434
f 2376 2374 2375
f 2372 2368 2369
f 2373 2371 2370
f 2379 2378 2377
f 2382 2381 2380
f 2396 2392 2393
f 2361 2360 2359
f 2418 2416 2415
f 2457 2456 2455
f 2463 2460 2461
f 2492 2488 2489
f 2402 2398 2399
f 2343 2340 2341
f 2433 2430 2431
f 2478 2475 2476
f 2406 2404 2405
f 2502 2501 2500
f 2484 2482 2481
f 2442 2440 2439
f 2349 2347 2348
f 2468 2464 2465
f 2387 2384 2383
f 2358 2355 2356
f 2421 2419 2420
f 2454 2451 2452
f 2472 2470 2471
f 2388 2385 2386
f 2364 2362 2363
f 2426 2423 2422
f 2448 2446 2445
f 2403 2401 2400
f 2342 2339 2338
f 2432 2429 2428
f 2477 2474 2473
f 2493 2491 2490
f 2462 2459 2458
f 2397 2395 2394
f 2367 2365 2366
f 2427 2424 2425
f 2447 2443 2444
f 2391 2390 2389
f 2357 2354 2353
f 2417 2413 2414
f 2453 2450 2449
f 2469 2467 2466
f 2411 2408 2407
f 2498 2495 2494
f 2483 2479 2480
f 2441 2437 2438
f 2352 2350 2351
f 2509 2511 2510
f 2503 2505 2504
f 2506 2507 2508
f 2512 2513 2514
f 2515 2516 2517
f 2518 2519 2520
f 2555 2556 2554
f 2541 2540 2539
f 2562 2561 2560
f 2522 2521 2523
f 2542 2544 2543
f 2528 2529 2527
f 2531 2530 2532
f 2545 2546 2547
f 2548 2549 2550
f 2551 2553 2552
f 2533 2534 2535
f 2537 2536 2538
f 2559 2557 2558
f 2526 2525 2524