v -0.246511 0.507990 -0.071531
v 0.247032 0.511239 -0.068411
v -0.380682 -0.666710 -0.014550
v 0.380074 -0.668167 -0.014575
v 0.000703 -0.561908 0.848253
v -0.000347 0.224847 0.518813
v -0.002122 -0.214050 -0.516080
v 0.000223 0.538178 -0.849221
v 0.534338 0.018028 -0.340990
v 0.555065 0.006221 0.313947
v -0.535850 0.018110 -0.344432
v -0.551678 0.004563 0.314561
v 0.001444 0.663865 -0.131164
v -0.144720 0.370797 0.208673
v -0.247532 0.790378 -0.528988
v -0.461416 0.294779 -0.206135
v -0.462256 0.218145 0.162788
v 0.142228 0.371874 0.208661
v 0.247432 0.791134 -0.530031
v 0.460993 0.295190 -0.204228
v 0.461919 0.220770 0.165117
v 0.001971 -0.710764 -0.000443
v -0.355197 -0.836221 0.594973
v -0.246965 -0.609766 -0.358496
v -0.438034 -0.249160 -0.150783
v -0.468242 -0.310838 0.219725
v 0.357592 -0.838802 0.598624
v 0.246252 -0.609562 -0.358613
v 0.438149 -0.248622 -0.150858
v 0.470156 -0.311471 0.217423
v -0.000270 0.014833 0.829948
v 0.382558 -0.267856 0.666224
v -0.382320 -0.268236 0.666532
v 0.303513 0.137215 0.485064
v -0.304061 0.139323 0.484659
v -0.001857 0.045611 -0.793167
v 0.272509 -0.123946 -0.459030
v -0.271984 -0.122033 -0.462529
v 0.389397 0.261519 -0.714701
v -0.386811 0.261264 -0.713496
v 0.623733 0.008649 0.015349
v -0.625169 0.009134 0.014811
v -0.091786 0.611676 -0.113692
v -0.196437 0.460487 0.040306
v -0.245287 0.610041 -0.257815
v -0.350486 0.438364 -0.135282
v -0.344006 0.369205 0.043810
v 0.094096 0.610318 -0.114432
v 0.191796 0.464557 0.042324
v 0.246264 0.607361 -0.259464
v 0.352977 0.437613 -0.133630
v 0.340640 0.372339 0.045267
v -0.221146 -0.806312 -0.019229
v -0.291994 -0.646762 0.218962
v -0.427790 -0.831697 -0.227466
v -0.443520 -0.504301 -0.084340
v -0.421995 -0.498837 0.120864
v 0.215786 -0.799642 -0.018887
v 0.293261 -0.645716 0.217586
v 0.428378 -0.829282 -0.227223
v 0.441910 -0.505445 -0.084743
v 0.421835 -0.500630 0.120935
v -0.195292 -0.842013 0.846043
v 0.195667 -0.839788 0.846680
v 0.001049 -0.283107 0.926280
v 0.243698 -0.467654 0.844864
v -0.242638 -0.465047 0.844951
v -0.073617 0.269288 0.410382
v 0.075753 0.270382 0.409697
v -0.000065 0.153103 0.582112
v 0.130016 0.199163 0.512069
v -0.128438 0.200171 0.514119
v -0.087365 -0.355949 -0.418973
v 0.084490 -0.357839 -0.420809
v -0.002568 -0.119656 -0.561061
v 0.111355 -0.191881 -0.501561
v -0.116295 -0.195878 -0.499319
v -0.166349 0.733295 -0.748895
v 0.166831 0.732282 -0.750869
v -0.001883 0.288931 -0.963894
v 0.241549 0.435061 -0.867406
v -0.241863 0.434017 -0.868192
v 0.526514 0.116849 -0.289985
v 0.502520 -0.085151 -0.252582
v 0.435974 -0.037697 -0.414893
v 0.484766 0.099967 -0.495900
v 0.577799 0.009002 -0.174548
v 0.538578 0.090939 0.256280
v 0.540251 -0.118703 0.271099
v 0.474980 -0.089685 0.449025
v 0.463238 0.059048 0.408286
v 0.604804 0.005567 0.178191
v -0.528208 0.112833 -0.292920
v -0.503406 -0.082337 -0.255856
v -0.433891 -0.037510 -0.418516
v -0.486132 0.099383 -0.497933
v -0.575121 0.008960 -0.177513
v -0.539395 0.093761 0.254609
v -0.542521 -0.118066 0.269167
v -0.474870 -0.093382 0.448175
v -0.465236 0.062295 0.404665
v -0.605950 0.006726 0.178891
v -0.039903 0.561385 -0.035560
v -0.084066 0.705152 -0.303097
v 0.039530 0.559308 -0.032653
v 0.082558 0.703756 -0.305003
v -0.308991 0.307095 0.209160
v 0.000449 0.400393 0.187268
v -0.240084 0.239217 0.391945
v -0.425378 0.592631 -0.386197
v -0.000118 0.852821 -0.557345
v -0.336822 0.549623 -0.640439
v -0.477424 0.249708 -0.000928
v -0.413241 0.316580 -0.451938
v -0.583735 0.109020 -0.078875
v -0.406001 0.179381 0.333118
v -0.587775 0.097623 0.100563
v 0.309083 0.306897 0.211240
v 0.239160 0.242534 0.391663
v 0.425694 0.591736 -0.388055
v 0.336845 0.550238 -0.641088
v 0.476751 0.252553 -0.001860
v 0.416831 0.314622 -0.451238
v 0.581370 0.110773 -0.079465
v 0.403792 0.181965 0.331853
v 0.584329 0.101041 0.098569
v -0.090484 -0.692728 0.304260
v -0.133934 -0.820924 -0.212084
v 0.097008 -0.704166 0.303919
v 0.134697 -0.823031 -0.210862
v -0.394893 -0.534393 0.392311
v 0.001031 -0.776539 0.623857
v -0.395107 -0.626309 0.679100
v -0.412037 -0.451893 -0.298877
v -0.001318 -0.583662 -0.316908
v -0.244322 -0.311437 -0.391853
v -0.471918 -0.277676 0.042702
v -0.369268 -0.201961 -0.319827
v -0.549820 -0.088870 -0.070598
v -0.443817 -0.328658 0.437230
v -0.565953 -0.106641 0.106316
v 0.394134 -0.535085 0.392923
v 0.395134 -0.627162 0.678039
v 0.411567 -0.451350 -0.298939
v 0.243727 -0.310974 -0.390703
v 0.472206 -0.279063 0.041147
v 0.368814 -0.202331 -0.315608
v 0.550515 -0.090911 -0.069561
v 0.444448 -0.328906 0.434539
v 0.565101 -0.108048 0.107089
v 0.237487 -0.123752 0.837274
v -0.236575 -0.122609 0.837007
v 0.179371 0.082175 0.650848
v -0.178290 0.081014 0.650438
v 0.361632 -0.017037 0.597222
v -0.361858 -0.016538 0.595860
v 0.150891 -0.031212 -0.599346
v -0.153306 -0.031392 -0.601167
v 0.272031 0.130367 -0.939306
v -0.274097 0.130640 -0.940203
v 0.360863 0.042626 -0.620570
v -0.362424 0.042634 -0.621970
v -0.183333 0.555944 -0.088973
v -0.222169 0.489439 -0.019232
v -0.239245 0.550768 -0.146244
v -0.298055 0.481339 -0.096622
v -0.288647 0.446076 -0.017824
v 0.182586 0.557389 -0.088675
v 0.219772 0.494028 -0.019596
v 0.241913 0.549054 -0.144068
v 0.298863 0.480705 -0.095000
v 0.286921 0.448221 -0.016293
v -0.328474 -0.753479 -0.015288
v -0.332695 -0.636465 0.056398
v -0.411422 -0.756668 -0.088422
v -0.422194 -0.612692 -0.046882
v -0.398357 -0.584745 0.046457
v 0.324695 -0.755188 -0.014150
v 0.334038 -0.638319 0.055299
v 0.412945 -0.757381 -0.088904
v 0.422762 -0.611904 -0.046613
v 0.398964 -0.585650 0.046762
v -0.079534 -0.663332 0.830970
v 0.081442 -0.661477 0.831280
v -0.000767 -0.440058 0.875333
v 0.116133 -0.526317 0.854834
v -0.116091 -0.527954 0.855630
v -0.033532 0.237535 0.492879
v 0.033340 0.238622 0.491643
v 0.001450 0.201933 0.536834
v 0.054492 0.218132 0.516097
v -0.054211 0.217870 0.519390
v -0.034418 -0.265305 -0.473424
v 0.031230 -0.265222 -0.474722
v -0.002845 -0.188429 -0.539935
v 0.046247 -0.206652 -0.513547
v -0.051712 -0.209629 -0.510795
v -0.070649 0.628781 -0.809166
v 0.070791 0.626582 -0.807832
v 0.000020 0.425981 -0.900660
v 0.110204 0.499034 -0.862938
v -0.110510 0.496597 -0.861671
v 0.537603 0.057706 -0.326100
v 0.525258 -0.028127 -0.302106
v 0.500747 -0.002966 -0.380282
v 0.516312 0.051491 -0.407505
v 0.553488 0.010035 -0.270850
v 0.555291 0.044375 0.289884
v 0.552908 -0.043907 0.295388
v 0.523230 -0.030560 0.369758
v 0.524441 0.028661 0.362312
v 0.579060 0.003633 0.253724
v -0.537830 0.057528 -0.328384
v -0.524628 -0.025272 -0.305162
v -0.501211 -0.004751 -0.383716
v -0.518657 0.050475 -0.409488
v -0.555763 0.011867 -0.272507
v -0.555072 0.047486 0.289250
v -0.553565 -0.045615 0.295862
v -0.524353 -0.030454 0.369583
v -0.522834 0.030038 0.358269
v -0.577615 0.004959 0.251749
v -0.018525 0.658135 -0.128767
v 0.020271 0.655909 -0.129240
v -0.007773 0.655404 -0.121260
v -0.011674 0.651044 -0.184681
v 0.007643 0.647817 -0.114685
v 0.011953 0.652626 -0.187116
v -0.170615 0.421735 0.115300
v -0.112478 0.318348 0.309559
v -0.092822 0.459383 0.089589
v -0.227537 0.339559 0.218550
v -0.070012 0.392033 0.192731
v -0.194412 0.295933 0.312586
v -0.275495 0.708624 -0.390485
v -0.224291 0.778291 -0.646946
v -0.197517 0.810621 -0.439896
v -0.489123 0.769375 -0.490570
v -0.219188 0.971804 -0.588522
v -0.333370 0.702107 -0.596238
v -0.402417 0.377062 -0.168607
v -0.504231 0.205176 -0.247585
v -0.382853 0.428367 -0.290862
v -0.473268 0.269015 -0.097755
v -0.440827 0.318928 -0.326384
v -0.529213 0.190340 -0.135401
v -0.404307 0.291067 0.105027
v -0.510347 0.150818 0.216718
v -0.388914 0.268511 0.192330
v -0.473233 0.233418 0.083958
v -0.441539 0.199467 0.249682
v -0.531443 0.160529 0.136102
v 0.167556 0.424563 0.117180
v 0.111660 0.315564 0.312583
v 0.090260 0.457457 0.093765
v 0.067873 0.393667 0.195252
v 0.224194 0.340890 0.215104
v 0.194396 0.296051 0.315083
v 0.278455 0.708265 -0.391152
v 0.223554 0.778458 -0.646247
v 0.196051 0.811033 -0.439198
v 0.219587 0.971758 -0.588389
v 0.487538 0.768182 -0.491379
v 0.332369 0.701079 -0.595908
v 0.404233 0.378490 -0.168912
v 0.505821 0.204133 -0.245216
v 0.385775 0.427571 -0.288736
v 0.473446 0.269562 -0.096061
v 0.440776 0.318127 -0.325422
v 0.531703 0.189821 -0.134487
v 0.402066 0.294246 0.107480
v 0.511451 0.150230 0.215601
v 0.387111 0.268682 0.195451
v 0.472501 0.236592 0.083226
v 0.437877 0.201283 0.249768
v 0.528894 0.162516 0.136547
v -0.119647 -0.739670 -0.022891
v 0.118066 -0.739112 -0.019143
v -0.043281 -0.704754 0.122053
v -0.090139 -0.718264 -0.087201
v 0.050343 -0.708271 0.121434
v 0.092069 -0.722051 -0.086936
v -0.280081 -0.672017 0.453967
v -0.294158 -0.940295 0.759644
v -0.196088 -0.754807 0.497749
v -0.348830 -0.648650 0.514919
v -0.193043 -0.976208 0.640561
v -0.379220 -0.772006 0.656088
v -0.358131 -0.775690 -0.352653
v -0.156081 -0.469308 -0.375609
v -0.206338 -0.784721 -0.333083
v -0.349986 -0.552147 -0.349492
v -0.124329 -0.602196 -0.333083
v -0.249744 -0.441683 -0.370633
v -0.438030 -0.373263 -0.114520
v -0.467905 -0.152724 -0.203153
v -0.422633 -0.351987 -0.218577
v -0.457080 -0.262976 -0.050285
v -0.409745 -0.229146 -0.242268
v -0.490245 -0.159802 -0.108077
v -0.446352 -0.409708 0.179491
v -0.501409 -0.212041 0.245272
v -0.434625 -0.423805 0.293982
v -0.476185 -0.295272 0.125063
v -0.458867 -0.320916 0.321797
v -0.513071 -0.201730 0.158200
v 0.280045 -0.669704 0.452511
v 0.296365 -0.941437 0.757659
v 0.199053 -0.755439 0.495828
v 0.194041 -0.976914 0.641659
v 0.350285 -0.648910 0.515254
v 0.379163 -0.771897 0.656232
v 0.361486 -0.776234 -0.350815
v 0.154830 -0.468222 -0.374538
v 0.206488 -0.783866 -0.329429
v 0.124679 -0.602229 -0.334127
v 0.350567 -0.552387 -0.347649
v 0.249464 -0.440948 -0.372235
v 0.439501 -0.374468 -0.113068
v 0.466615 -0.152566 -0.199117
v 0.421819 -0.350983 -0.217907
v 0.457629 -0.263676 -0.049662
v 0.409949 -0.230413 -0.240559
v 0.489834 -0.163174 -0.106802
v 0.445894 -0.411166 0.180382
v 0.505323 -0.211782 0.244717
v 0.434703 -0.425921 0.293070
v 0.477453 -0.296127 0.126068
v 0.458702 -0.323948 0.319875
v 0.515197 -0.199870 0.156851
v 0.001216 -0.125108 0.935365
v -0.000636 0.099890 0.700654
v 0.119152 -0.053505 0.856064
v -0.118709 -0.054147 0.857296
v 0.102140 0.062827 0.752430
v -0.101700 0.060563 0.752055
v 0.333386 -0.371116 0.779287
v 0.424552 -0.175147 0.550431
v 0.391190 -0.439480 0.679418
v 0.423904 -0.312571 0.555069
v 0.325579 -0.195968 0.767697
v 0.373999 -0.126532 0.642778
v -0.334018 -0.372546 0.779679
v -0.425005 -0.175275 0.549482
v -0.390067 -0.440760 0.678021
v -0.423364 -0.313544 0.556245
v -0.324177 -0.197073 0.767516
v -0.373283 -0.127587 0.641376
v 0.216980 0.171174 0.503717
v 0.385801 0.100518 0.448932
v 0.275771 0.196997 0.439370
v 0.359280 0.161999 0.410894
v 0.245425 0.110259 0.562018
v 0.332871 0.067965 0.536478
v -0.216421 0.170173 0.505343
v -0.386463 0.099657 0.448685
v -0.274640 0.193206 0.441531
v -0.359014 0.160700 0.409966
v -0.243059 0.112715 0.563621
v -0.331472 0.070846 0.535941
v -0.003197 -0.026880 -0.638084
v -0.000699 0.149526 -0.926334
v 0.087868 0.001608 -0.707357
v -0.091411 0.001258 -0.709642
v 0.121619 0.077976 -0.876386
v -0.123461 0.076936 -0.879516
v 0.189791 -0.164189 -0.482452
v 0.356120 -0.080176 -0.438059
v 0.249710 -0.211710 -0.415687
v 0.323407 -0.164702 -0.389027
v 0.216384 -0.079830 -0.529706
v 0.309140 -0.040383 -0.524678
v -0.191668 -0.164326 -0.482693
v -0.354950 -0.078081 -0.442756
v -0.248799 -0.213155 -0.419694
v -0.321586 -0.164649 -0.391010
v -0.215486 -0.079464 -0.527652
v -0.310661 -0.036351 -0.527770
v 0.343351 0.355177 -0.830211
v 0.434111 0.171886 -0.596879
v 0.355616 0.402359 -0.682072
v 0.400488 0.292996 -0.580197
v 0.377600 0.209469 -0.863967
v 0.392759 0.138148 -0.697481
v -0.342232 0.352372 -0.827861
v -0.434123 0.168293 -0.600056
v -0.357151 0.400936 -0.680346
v -0.397063 0.292950 -0.580453
v -0.377506 0.210074 -0.863004
v -0.395843 0.140493 -0.698466
v 0.602557 0.005824 -0.076545
v 0.619017 0.005868 0.099179
v 0.614330 0.052042 -0.031279
v 0.618173 0.049128 0.058191
v 0.595489 -0.037646 -0.027471
v 0.608876 -0.040547 0.061694
v -0.602963 0.009168 -0.078600
v -0.619853 0.007043 0.099388
v -0.615096 0.052410 -0.029448
v -0.620873 0.049421 0.058460
v -0.595329 -0.038706 -0.027920
v -0.608155 -0.038663 0.058514
v -0.142215 0.542152 -0.041981
v -0.162909 0.604687 -0.176490
v -0.056711 0.602859 -0.082462
v -0.076139 0.639149 -0.191697
v -0.272468 0.415161 0.050703
v -0.114578 0.511009 0.010835
v -0.252139 0.381353 0.126289
v -0.300994 0.532473 -0.203848
v -0.165124 0.665208 -0.293012
v -0.344689 0.618721 -0.337183
v -0.351677 0.398041 -0.037537
v -0.347400 0.499152 -0.255103
v -0.411980 0.342446 -0.064156
v -0.330889 0.340072 0.122092
v -0.412434 0.315614 0.024761
v 0.138892 0.544201 -0.041239
v 0.162894 0.602379 -0.176920
v 0.058145 0.601638 -0.083410
v 0.072819 0.640214 -0.188447
v 0.268329 0.419485 0.051336
v 0.110962 0.511862 0.013286
v 0.245432 0.385718 0.130118
v 0.302772 0.530767 -0.205401
v 0.164346 0.664265 -0.291984
v 0.347088 0.617300 -0.335864
v 0.352451 0.399240 -0.037653
v 0.348691 0.496603 -0.255245
v 0.412950 0.341982 -0.062412
v 0.325738 0.342682 0.125156
v 0.410565 0.318041 0.025323
v -0.227722 -0.670206 0.053580
v -0.340988 -0.933004 -0.108147
v -0.121447 -0.677613 0.068740
v -0.188419 -0.893621 -0.114384
v -0.370609 -0.580950 0.167921
v -0.187720 -0.677590 0.270516
v -0.351302 -0.599456 0.331892
v -0.441825 -0.644442 -0.156886
v -0.277481 -0.955944 -0.268054
v -0.435020 -0.634281 -0.282496
v -0.435825 -0.500911 0.018172
v -0.441036 -0.496009 -0.193722
v -0.448864 -0.387217 -0.014763
v -0.407250 -0.509177 0.247187
v -0.450975 -0.397550 0.079353
v 0.227051 -0.671194 0.056065
v 0.339391 -0.934790 -0.107238
v 0.125261 -0.680952 0.070836
v 0.186614 -0.886136 -0.113348
v 0.370437 -0.579538 0.166902
v 0.189991 -0.681123 0.268922
v 0.353471 -0.600059 0.332181
v 0.444432 -0.645835 -0.157602
v 0.278594 -0.957163 -0.265543
v 0.435566 -0.634169 -0.282963
v 0.438301 -0.502742 0.018115
v 0.441401 -0.495397 -0.194669
v 0.447822 -0.387212 -0.013649
v 0.410434 -0.511882 0.247208
v 0.452931 -0.395314 0.080806
v -0.001593 -0.730735 0.766227
v -0.239809 -0.663839 0.846881
v -0.095670 -0.836499 0.737326
v -0.354035 -0.822936 0.795105
v 0.242789 -0.665949 0.846547
v 0.098064 -0.837715 0.734122
v 0.357391 -0.823744 0.788453
v 0.124322 -0.367015 0.883600
v -0.123059 -0.367124 0.881092
v 0.126752 -0.202302 0.911880
v -0.127324 -0.202631 0.909313
v 0.362171 -0.582909 0.801427
v 0.241585 -0.284985 0.852303
v -0.361439 -0.582128 0.801536
v -0.242695 -0.284526 0.852326
v -0.000214 0.274200 0.408392
v -0.105947 0.232780 0.478568
v -0.035757 0.328257 0.305564
v -0.155773 0.259657 0.406025
v 0.106074 0.234806 0.472520
v 0.036141 0.325874 0.305619
v 0.153752 0.261998 0.401570
v 0.066982 0.178485 0.548111
v -0.067137 0.176181 0.550771
v 0.085368 0.122619 0.628454
v -0.081727 0.123413 0.628754
v 0.188095 0.220300 0.457063
v 0.151100 0.146067 0.561791
v -0.186835 0.217992 0.461751
v -0.149920 0.146112 0.564405
v -0.001064 -0.365231 -0.424819
v -0.103959 -0.257631 -0.462980
v -0.052354 -0.475392 -0.368579
v -0.167380 -0.341518 -0.408117
v 0.101141 -0.254465 -0.461800
v 0.052637 -0.475262 -0.370258
v 0.167030 -0.337879 -0.410901
v 0.052794 -0.168075 -0.537484
v -0.059003 -0.163647 -0.536059
v 0.063502 -0.074410 -0.578242
v -0.067655 -0.072877 -0.579441
v 0.173915 -0.241013 -0.444099
v 0.124471 -0.123890 -0.530965
v -0.175194 -0.241671 -0.445500
v -0.129459 -0.121918 -0.533193
v 0.000337 0.759278 -0.752042
v -0.212497 0.583628 -0.808272
v -0.091384 0.820304 -0.659854
v -0.276205 0.650561 -0.713065
v 0.213216 0.583838 -0.808264
v 0.090647 0.822528 -0.660393
v 0.275516 0.650189 -0.712963
v 0.136810 0.360169 -0.933742
v -0.137255 0.359345 -0.936676
v 0.144569 0.212724 -0.970084
v -0.148383 0.213487 -0.974257
v 0.303609 0.501318 -0.766023
v 0.286333 0.289622 -0.958131
v -0.304758 0.500449 -0.766230
v -0.286350 0.289852 -0.958378
v 0.502561 0.110857 -0.397207
v 0.562044 0.057527 -0.228884
v 0.476755 0.204157 -0.364250
v 0.554209 0.118828 -0.182220
v 0.469895 -0.067320 -0.334289
v 0.547328 -0.036601 -0.216555
v 0.437186 -0.140097 -0.282560
v 0.528830 -0.087957 -0.164565
v 0.474385 0.032532 -0.468621
v 0.397531 -0.114383 -0.363385
v 0.400868 -0.000019 -0.506618
v 0.452630 0.190115 -0.481857
v 0.445130 0.075169 -0.576651
v 0.589610 0.058260 -0.128280
v 0.571715 -0.038421 -0.122268
v 0.504087 0.081602 0.330919
v 0.583315 0.048071 0.218011
v 0.478530 0.139743 0.295008
v 0.570242 0.097462 0.180381
v 0.511651 -0.110618 0.356884
v 0.582344 -0.047084 0.220099
v 0.489078 -0.215284 0.342004
v 0.556045 -0.117754 0.188454
v 0.483289 -0.006269 0.438292
v 0.461378 -0.205139 0.446453
v 0.428141 -0.062659 0.530873
v 0.438772 0.122259 0.371319
v 0.416892 0.023764 0.491489
v 0.607497 0.049061 0.139989
v 0.596106 -0.045720 0.141739
v -0.503336 0.112166 -0.398128
v -0.562285 0.058499 -0.231862
v -0.474819 0.204183 -0.365874
v -0.555928 0.116440 -0.181550
v -0.467173 -0.068864 -0.336123
v -0.548175 -0.034590 -0.219672
v -0.433535 -0.138570 -0.285205
v -0.527822 -0.088357 -0.165558
v -0.472756 0.032509 -0.470244
v -0.397690 -0.113225 -0.363816
v -0.399986 0.000646 -0.510154
v -0.451103 0.190051 -0.483984
v -0.443878 0.075250 -0.577671
v -0.590976 0.054922 -0.128527
v -0.570985 -0.036226 -0.124564
v -0.507354 0.083571 0.329371
v -0.581931 0.049060 0.217095
v -0.480480 0.139033 0.295065
v -0.569830 0.097466 0.179269
v -0.510744 -0.114507 0.357221
v -0.581879 -0.046842 0.218475
v -0.488055 -0.213978 0.341536
v -0.554010 -0.116311 0.188838
v -0.485990 -0.004222 0.437523
v -0.462217 -0.206312 0.446156
v -0.427152 -0.061178 0.530421
v -0.436139 0.124441 0.373078
v -0.414223 0.028627 0.493283
v -0.610957 0.048971 0.141759
v -0.597034 -0.044869 0.141399
v -0.000017 0.580344 -0.054050
v -0.026762 0.485193 0.063703
v -0.002114 0.701489 -0.307649
v -0.096715 0.822621 -0.447752
v 0.028148 0.483629 0.067085
v 0.095425 0.823853 -0.444918
v -0.281829 0.270482 0.304837
v -0.362736 0.239218 0.282432
v -0.326936 0.211910 0.370137
v -0.426323 0.607302 -0.528911
v -0.382016 0.461780 -0.418621
v -0.359953 0.438764 -0.548311
v -0.538092 0.175569 -0.036732
v -0.539470 0.166714 0.052286
v -0.594476 0.100392 0.015404
v 0.277510 0.272449 0.303551
v 0.359100 0.239953 0.281633
v 0.323608 0.215100 0.365075
v 0.425923 0.604468 -0.529433
v 0.384648 0.461090 -0.418220
v 0.361674 0.438992 -0.548939
v 0.535118 0.178379 -0.037133
v 0.536311 0.168531 0.053398
v 0.590527 0.102005 0.013491
v 0.004350 -0.726302 0.305258
v -0.067957 -0.760249 0.502173
v -0.000313 -0.661673 -0.149273
v -0.073184 -0.674530 -0.260852
v 0.072207 -0.763740 0.501086
v 0.076119 -0.675689 -0.260382
v -0.391723 -0.584634 0.537603
v -0.424000 -0.443028 0.420364
v -0.414663 -0.458737 0.551945
v -0.327818 -0.387353 -0.350084
v -0.375922 -0.312403 -0.301342
v -0.311382 -0.262787 -0.359788
v -0.507705 -0.171082 -0.012244
v -0.517377 -0.186738 0.075307
v -0.563733 -0.097824 0.022191
v 0.387991 -0.583667 0.540512
v 0.425100 -0.446376 0.421513
v 0.411376 -0.458085 0.551795
v 0.327754 -0.386068 -0.349910
v 0.377421 -0.312902 -0.300881
v 0.312182 -0.261440 -0.357615
v 0.507536 -0.170444 -0.010935
v 0.518509 -0.187046 0.075882
v 0.563911 -0.099909 0.023885
v 0.207825 -0.005088 0.750280
v 0.305335 -0.067649 0.719111
v -0.207282 -0.006139 0.751648
v -0.303771 -0.065496 0.719834
v 0.275292 0.031932 0.639505
v -0.272984 0.033110 0.639119
v 0.207276 0.019835 -0.775382
v 0.263470 0.001960 -0.631640
v -0.209657 0.022630 -0.777034
v -0.262785 0.002202 -0.634560
v 0.326934 0.084119 -0.774867
v -0.326848 0.084878 -0.775297
v -0.221245 0.530775 -0.077607
v -0.234937 0.500506 -0.047735
v -0.244468 0.526456 -0.102658
v -0.270933 0.495384 -0.082606
v -0.266302 0.481139 -0.045850
v 0.219331 0.531860 -0.076426
v 0.233858 0.504268 -0.045057
v 0.243631 0.528652 -0.097923
v 0.270876 0.499615 -0.078563
v 0.265392 0.484998 -0.044499
v -0.359841 -0.705612 -0.016550
v -0.358406 -0.655050 0.015563
v -0.393478 -0.705173 -0.044921
v -0.402085 -0.647186 -0.028278
v -0.387692 -0.628063 0.011769
v 0.359943 -0.708081 -0.017509
v 0.359745 -0.655907 0.013895
v 0.393828 -0.703958 -0.044141
v 0.403449 -0.649210 -0.028597
v 0.388588 -0.627464 0.009802
v -0.034945 -0.604347 0.838958
v 0.035278 -0.606224 0.837579
v -0.000266 -0.507314 0.861014
v 0.053640 -0.546345 0.851463
v -0.053938 -0.545807 0.852134
v -0.014492 0.230232 0.512001
v 0.013522 0.231022 0.512914
v 0.000592 0.217066 0.526645
v 0.023436 0.222390 0.519322
v -0.023945 0.223197 0.522485
v -0.015076 -0.229949 -0.498616
v 0.012715 -0.229067 -0.499467
v -0.002582 -0.201326 -0.531098
v 0.019041 -0.209387 -0.519869
v -0.023290 -0.208475 -0.518767
v -0.030667 0.578122 -0.830560
v 0.030026 0.578637 -0.830813
v 0.000238 0.487273 -0.871498
v 0.050757 0.521347 -0.856532
v -0.048500 0.523411 -0.854154
v 0.539952 0.034750 -0.337652
v 0.532580 -0.003017 -0.325019
v 0.522231 0.009319 -0.360439
v 0.529546 0.032251 -0.371927
v 0.544908 0.014803 -0.311019
v 0.558033 0.023411 0.303340
v 0.555585 -0.017299 0.305624
v 0.540092 -0.009063 0.337950
v 0.541828 0.017638 0.334907
v 0.566844 0.005547 0.286596
v -0.540546 0.035093 -0.339968
v -0.532070 0.000117 -0.325733
v -0.521288 0.008852 -0.362815
v -0.528033 0.032973 -0.372654
v -0.543718 0.014423 -0.313233
v -0.555671 0.024513 0.301700
v -0.553159 -0.017577 0.307849
v -0.539620 -0.009940 0.338839
v -0.543394 0.017869 0.334896
v -0.563013 0.003265 0.286785
v -0.007391 0.663067 -0.131820
v 0.006758 0.662380 -0.130741
v -0.003346 0.663366 -0.125943
v -0.001561 0.658591 -0.145091
v 0.003887 0.662052 -0.123989
v 0.000348 0.660078 -0.142144
v -0.155291 0.397831 0.159911
v -0.128254 0.343566 0.258460
v -0.116451 0.414017 0.149260
v -0.184793 0.355833 0.213096
v -0.103816 0.383735 0.199962
v -0.169655 0.332441 0.262595
v -0.278222 0.762545 -0.461677
v -0.240049 0.797648 -0.591487
v -0.239310 0.830161 -0.494845
v -0.338999 0.768210 -0.500315
v -0.262417 0.912821 -0.583181
v -0.295399 0.753013 -0.562219
v -0.431449 0.338431 -0.188576
v -0.489621 0.251234 -0.223209
v -0.422594 0.357603 -0.248118
v -0.467449 0.281351 -0.147057
v -0.452136 0.309100 -0.265714
v -0.496980 0.238592 -0.167641
v -0.435363 0.255715 0.136829
v -0.489156 0.182959 0.191946
v -0.426944 0.243369 0.180190
v -0.469757 0.226451 0.123343
v -0.453153 0.209077 0.206936
v -0.496913 0.189294 0.152090
v 0.154957 0.398135 0.160590
v 0.129188 0.344075 0.258363
v 0.115001 0.413828 0.151838
v 0.104231 0.382288 0.202325
v 0.180809 0.357071 0.214398
v 0.168084 0.331164 0.262866
v 0.280394 0.761775 -0.461709
v 0.240127 0.798168 -0.591859
v 0.239716 0.829589 -0.494605
v 0.261612 0.912125 -0.584165
v 0.338820 0.769300 -0.500408
v 0.296818 0.752734 -0.561249
v 0.431733 0.338475 -0.187811
v 0.490442 0.251011 -0.223903
v 0.422998 0.356981 -0.246294
v 0.467926 0.282723 -0.150374
v 0.452116 0.309138 -0.263919
v 0.499293 0.238549 -0.165779
v 0.433274 0.258520 0.137963
v 0.485951 0.185491 0.193418
v 0.424170 0.245837 0.180434
v 0.466871 0.229142 0.126839
v 0.450170 0.210213 0.208841
v 0.494434 0.191440 0.151397
v -0.060494 -0.720320 -0.005702
v 0.064580 -0.719787 -0.007108
v -0.023928 -0.710657 0.055165
v -0.038763 -0.705641 -0.046454
v 0.029471 -0.710449 0.053461
v 0.040190 -0.706628 -0.047419
v -0.300460 -0.735140 0.522486
v -0.343568 -0.921417 0.691289
v -0.269873 -0.814491 0.546080
v -0.344050 -0.732551 0.557686
v -0.300584 -0.944406 0.627270
v -0.361272 -0.809310 0.633256
v -0.305327 -0.695330 -0.365544
v -0.198701 -0.535329 -0.362325
v -0.234828 -0.701879 -0.351593
v -0.303066 -0.588814 -0.358990
v -0.186570 -0.610769 -0.348402
v -0.250995 -0.522763 -0.365578
v -0.435329 -0.309516 -0.130528
v -0.450645 -0.198552 -0.176398
v -0.425621 -0.300456 -0.180419
v -0.447615 -0.255998 -0.100093
v -0.426203 -0.241659 -0.198043
v -0.461422 -0.202613 -0.128910
v -0.457439 -0.360883 0.201277
v -0.484815 -0.260836 0.232499
v -0.450762 -0.367293 0.254031
v -0.474323 -0.303614 0.171612
v -0.463396 -0.315338 0.268062
v -0.489327 -0.254334 0.186735
v 0.302398 -0.736018 0.525333
v 0.332167 -0.911708 0.684771
v 0.271837 -0.814738 0.547018
v 0.306366 -0.945393 0.630223
v 0.346235 -0.735289 0.560027
v 0.360376 -0.808963 0.634162
v 0.308186 -0.698424 -0.366427
v 0.198262 -0.533376 -0.361864
v 0.235068 -0.701592 -0.349042
v 0.186738 -0.611479 -0.348345
v 0.303205 -0.587909 -0.360278
v 0.249420 -0.523509 -0.366800
v 0.435427 -0.308796 -0.129347
v 0.450775 -0.198893 -0.173915
v 0.426523 -0.300675 -0.179376
v 0.447374 -0.255585 -0.101132
v 0.426733 -0.239916 -0.197653
v 0.462553 -0.203876 -0.126672
v 0.456735 -0.360937 0.200207
v 0.484106 -0.261797 0.231471
v 0.452769 -0.367286 0.252488
v 0.475189 -0.303671 0.169390
v 0.463531 -0.318205 0.266390
v 0.492214 -0.255749 0.186110
v 0.000676 -0.053143 0.880398
v -0.000253 0.066733 0.772088
v 0.059123 -0.019166 0.848975
v -0.058611 -0.019063 0.849408
v 0.054300 0.041883 0.797951
v -0.053684 0.041259 0.797335
v 0.359823 -0.317845 0.726592
v 0.403646 -0.221421 0.607073
v 0.385080 -0.350272 0.673834
v 0.404874 -0.293732 0.613295
v 0.357151 -0.234432 0.719407
v 0.378404 -0.192924 0.657529
v -0.360096 -0.318940 0.725896
v -0.404535 -0.221583 0.607970
v -0.385531 -0.351460 0.671600
v -0.404410 -0.295129 0.612133
v -0.357765 -0.235234 0.720250
v -0.377553 -0.194138 0.656789
v 0.261342 0.154526 0.494749
v 0.346379 0.118816 0.469825
v 0.291812 0.170274 0.461148
v 0.332657 0.150946 0.448283
v 0.275816 0.124340 0.523452
v 0.319505 0.103908 0.510533
v -0.260948 0.156623 0.497142
v -0.346192 0.119977 0.468824
v -0.290446 0.168072 0.462191
v -0.332206 0.151998 0.446332
v -0.274893 0.126010 0.523095
v -0.318359 0.109192 0.509105
v -0.002402 0.007426 -0.714742
v -0.001307 0.093613 -0.864628
v 0.045947 0.022777 -0.752135
v -0.049956 0.022910 -0.753663
v 0.055382 0.062743 -0.831173
v -0.058505 0.063752 -0.833386
v 0.229947 -0.143449 -0.469533
v 0.312938 -0.102845 -0.449220
v 0.259697 -0.166734 -0.436976
v 0.298478 -0.143858 -0.423915
v 0.243976 -0.101557 -0.495198
v 0.288634 -0.081384 -0.483913
v -0.231781 -0.145435 -0.474237
v -0.313438 -0.100297 -0.451200
v -0.258595 -0.167456 -0.441022
v -0.296439 -0.143627 -0.427645
v -0.245784 -0.101460 -0.497884
v -0.289775 -0.079169 -0.490925
v 0.374152 0.309387 -0.779865
v 0.408531 0.215860 -0.652692
v 0.374504 0.329307 -0.702769
v 0.395527 0.280142 -0.646548
v 0.386295 0.240331 -0.787899
v 0.395559 0.198352 -0.711881
v -0.371173 0.307500 -0.775947
v -0.407597 0.215802 -0.650580
v -0.372616 0.329609 -0.699825
v -0.392519 0.278412 -0.645858
v -0.387507 0.237669 -0.787854
v -0.397461 0.198855 -0.712894
v 0.615468 0.008950 -0.028609
v 0.622110 0.007200 0.057862
v 0.621974 0.028251 -0.006921
v 0.623239 0.028903 0.036633
v 0.612319 -0.014185 -0.006009
v 0.618480 -0.014181 0.038031
v -0.615924 0.009733 -0.030578
v -0.624134 0.007951 0.057580
v -0.622784 0.031101 -0.007157
v -0.624986 0.029688 0.036714
v -0.613246 -0.014605 -0.007446
v -0.620198 -0.013710 0.036115
v -0.139139 0.584643 -0.099010
v -0.037120 0.645599 -0.124608
v -0.112621 0.580766 -0.078487
v -0.126867 0.606964 -0.139784
v -0.068825 0.611037 -0.096231
v -0.080694 0.628656 -0.150067
v -0.209715 0.476746 0.009254
v -0.182967 0.442729 0.075303
v -0.167781 0.501061 -0.001583
v -0.235572 0.437320 0.047462
v -0.157070 0.485514 0.026526
v -0.223360 0.422261 0.082073
v -0.241039 0.576689 -0.197322
v -0.259585 0.653834 -0.320116
v -0.202264 0.605527 -0.216455
v -0.274694 0.573015 -0.234245
v -0.207751 0.640350 -0.276601
v -0.292802 0.614196 -0.297189
v -0.323978 0.460856 -0.114913
v -0.377807 0.411637 -0.153614
v -0.324380 0.485874 -0.171307
v -0.351775 0.417104 -0.082920
v -0.348319 0.465081 -0.192380
v -0.379762 0.389516 -0.100832
v -0.317750 0.407980 0.014766
v -0.375099 0.330664 0.077172
v -0.309481 0.392998 0.049059
v -0.348989 0.382994 0.006485
v -0.338561 0.355536 0.082503
v -0.378851 0.343990 0.037473
v 0.139008 0.582308 -0.102822
v 0.037274 0.646388 -0.124152
v 0.115060 0.580074 -0.079727
v 0.126989 0.605144 -0.139961
v 0.073008 0.609667 -0.097862
v 0.079914 0.630352 -0.147882
v 0.205002 0.481314 0.009762
v 0.177664 0.445724 0.076957
v 0.166001 0.504959 -0.001491
v 0.230351 0.442316 0.048583
v 0.151452 0.487975 0.029748
v 0.218488 0.424486 0.084577
v 0.242436 0.574126 -0.198611
v 0.260658 0.651612 -0.323425
v 0.203505 0.602879 -0.216070
v 0.277909 0.570101 -0.235422
v 0.207234 0.638483 -0.278255
v 0.294706 0.612493 -0.299670
v 0.325769 0.459567 -0.116979
v 0.378003 0.409826 -0.152003
v 0.325579 0.484032 -0.168674
v 0.354285 0.415862 -0.081326
v 0.350930 0.463882 -0.192219
v 0.384204 0.390068 -0.098339
v 0.311801 0.411634 0.013352
v 0.370794 0.332837 0.076209
v 0.305448 0.395992 0.049187
v 0.346448 0.386128 0.004034
v 0.332935 0.358212 0.084020
v 0.375481 0.347122 0.036290
v -0.276979 -0.795655 -0.015076
v -0.169119 -0.778967 -0.026167
v -0.223620 -0.729875 0.015390
v -0.278809 -0.917203 -0.045038
v -0.170030 -0.726477 0.014107
v -0.208757 -0.894296 -0.052230
v -0.308174 -0.634817 0.125898
v -0.279770 -0.657816 0.327084
v -0.260636 -0.659410 0.140617
v -0.334075 -0.612359 0.192666
v -0.243109 -0.683015 0.244592
v -0.323069 -0.624118 0.284522
v -0.427973 -0.804519 -0.150787
v -0.403044 -0.824177 -0.303813
v -0.394468 -0.907596 -0.175094
v -0.443831 -0.733346 -0.192770
v -0.371436 -0.914806 -0.255610
v -0.438009 -0.735020 -0.262938
v -0.437146 -0.561397 -0.065793
v -0.442721 -0.442373 -0.100136
v -0.442444 -0.569450 -0.120108
v -0.440042 -0.503482 -0.032249
v -0.444541 -0.505495 -0.139191
v -0.445056 -0.444493 -0.049274
v -0.410398 -0.543481 0.085407
v -0.431835 -0.454935 0.153606
v -0.399001 -0.541184 0.142849
v -0.429888 -0.499348 0.069366
v -0.414760 -0.503466 0.179743
v -0.438257 -0.449366 0.100189
v 0.272045 -0.795206 -0.012549
v 0.166220 -0.771146 -0.027490
v 0.218909 -0.728150 0.016279
v 0.260483 -0.916849 -0.041249
v 0.167301 -0.726110 0.016350
v 0.205957 -0.856829 -0.062547
v 0.310846 -0.636778 0.122866
v 0.281448 -0.657626 0.326357
v 0.261354 -0.660276 0.139995
v 0.335651 -0.613974 0.191539
v 0.242826 -0.682337 0.243560
v 0.324780 -0.623529 0.282339
v 0.427675 -0.804704 -0.151427
v 0.404637 -0.822639 -0.302355
v 0.395539 -0.905494 -0.174916
v 0.443925 -0.732576 -0.192496
v 0.372733 -0.913769 -0.255311
v 0.438476 -0.734325 -0.263658
v 0.435966 -0.562945 -0.066791
v 0.443617 -0.441955 -0.099619
v 0.440808 -0.569421 -0.120956
v 0.441025 -0.504413 -0.034094
v 0.443281 -0.503598 -0.139023
v 0.445425 -0.444873 -0.047986
v 0.408538 -0.542282 0.085481
v 0.436323 -0.456779 0.153111
v 0.399376 -0.542320 0.145133
v 0.431097 -0.498122 0.069272
v 0.415079 -0.504362 0.181951
v 0.439496 -0.450833 0.101418
v -0.136052 -0.735887 0.828632
v -0.243790 -0.914522 0.822407
v -0.098109 -0.771820 0.796188
v -0.225974 -0.762902 0.853710
v -0.142882 -0.855963 0.806188
v -0.283527 -0.850042 0.836566
v 0.134723 -0.737032 0.830072
v 0.242798 -0.917279 0.820264
v 0.098722 -0.771697 0.796977
v 0.229024 -0.761243 0.854256
v 0.143744 -0.857004 0.805313
v 0.286788 -0.849061 0.838505
v -0.000669 -0.363539 0.895509
v -0.002626 -0.207576 1.000774
v 0.061503 -0.323510 0.904463
v -0.061076 -0.325339 0.902358
v 0.064851 -0.244646 0.933937
v -0.063987 -0.244044 0.934470
v 0.180865 -0.502372 0.852829
v 0.297158 -0.421926 0.824503
v 0.246224 -0.565329 0.844337
v 0.185037 -0.413687 0.864030
v 0.304136 -0.525129 0.828292
v 0.242170 -0.373524 0.847891
v -0.181604 -0.501260 0.855057
v -0.298210 -0.420195 0.822716
v -0.244065 -0.563818 0.845334
v -0.184270 -0.415334 0.861496
v -0.303859 -0.524896 0.828445
v -0.241536 -0.372706 0.848778
v -0.053835 0.251544 0.453351
v -0.094309 0.291337 0.359889
v -0.036984 0.269861 0.412211
v -0.090536 0.247130 0.452518
v -0.055461 0.295589 0.358653
v -0.112845 0.265422 0.407661
v 0.053729 0.251947 0.452495
v 0.094521 0.292733 0.359270
v 0.036465 0.273219 0.408257
v 0.091643 0.250557 0.448697
v 0.055188 0.295645 0.359473
v 0.113806 0.267241 0.405126
v 0.000629 0.181086 0.553269
v -0.000390 0.127644 0.634055
v 0.034740 0.167129 0.566357
v -0.034184 0.166768 0.566233
v 0.037335 0.138894 0.603933
v -0.037860 0.138890 0.606869
v 0.090367 0.210915 0.515145
v 0.172048 0.185758 0.507418
v 0.118323 0.220828 0.497361
v 0.099271 0.189966 0.531074
v 0.158668 0.209922 0.488154
v 0.140173 0.174886 0.531303
v -0.088822 0.210310 0.516893
v -0.170635 0.186569 0.509481
v -0.118424 0.217326 0.497353
v -0.097301 0.188947 0.533178
v -0.157830 0.208434 0.490378
v -0.140057 0.174263 0.534621
v -0.059143 -0.307889 -0.446054
v -0.117677 -0.409813 -0.393956
v -0.044403 -0.362768 -0.422843
v -0.096488 -0.303951 -0.439687
v -0.072134 -0.415638 -0.396345
v -0.127479 -0.349327 -0.412688
v 0.055561 -0.307679 -0.449175
v 0.117332 -0.409788 -0.394982
v 0.042352 -0.363124 -0.423757
v 0.094656 -0.302883 -0.442087
v 0.071213 -0.415656 -0.396138
v 0.127308 -0.348409 -0.418400
v -0.003429 -0.163968 -0.546598
v -0.002676 -0.071216 -0.587571
v 0.025358 -0.146239 -0.550000
v -0.033079 -0.141162 -0.551004
v 0.028163 -0.098647 -0.570821
v -0.033711 -0.095507 -0.570749
v 0.078073 -0.203199 -0.506991
v 0.150346 -0.178033 -0.492731
v 0.107138 -0.223532 -0.482136
v 0.082360 -0.178289 -0.521978
v 0.140889 -0.211754 -0.476909
v 0.119108 -0.163977 -0.516122
v -0.082199 -0.203070 -0.511318
v -0.153409 -0.181474 -0.493757
v -0.109554 -0.221852 -0.481746
v -0.086454 -0.178784 -0.518285
v -0.144879 -0.215721 -0.473128
v -0.121880 -0.162452 -0.513041
v -0.116738 0.681821 -0.782670
v -0.201122 0.761138 -0.706226
v -0.086812 0.750222 -0.751154
v -0.193237 0.660171 -0.782473
v -0.128180 0.783576 -0.708136
v -0.236393 0.702947 -0.744267
v 0.115969 0.681127 -0.782606
v 0.201110 0.760734 -0.706910
v 0.085205 0.749250 -0.750368
v 0.193516 0.660394 -0.781610
v 0.127161 0.783339 -0.709134
v 0.235340 0.702590 -0.744913
v -0.000216 0.359361 -0.935018
v -0.002445 0.216401 -0.955357
v 0.070342 0.324986 -0.950601
v -0.070932 0.322914 -0.946529
v 0.070102 0.253673 -0.961098
v -0.075489 0.251612 -0.963422
v 0.176044 0.468030 -0.868102
v 0.299871 0.396590 -0.858661
v 0.224686 0.508389 -0.836197
v 0.194464 0.396350 -0.909342
v 0.281530 0.470565 -0.824146
v 0.260723 0.362971 -0.912087
v -0.178602 0.468250 -0.866380
v -0.299860 0.396530 -0.857478
v -0.227817 0.507930 -0.835667
v -0.193094 0.398027 -0.907621
v -0.281864 0.470363 -0.823555
v -0.263694 0.362374 -0.912158
v 0.533504 0.085793 -0.309528
v 0.517469 0.157435 -0.268268
v 0.512315 0.115816 -0.344929
v 0.547144 0.086159 -0.257222
v 0.502752 0.156882 -0.325024
v 0.540355 0.119153 -0.236263
v 0.513270 -0.054818 -0.278620
v 0.485420 -0.117146 -0.225829
v 0.485176 -0.075922 -0.293672
v 0.527970 -0.059374 -0.235336
v 0.473183 -0.108711 -0.267817
v 0.515551 -0.088397 -0.209176
v 0.470503 -0.019424 -0.398877
v 0.396184 -0.057278 -0.427129
v 0.451168 -0.055023 -0.374020
v 0.456023 -0.001827 -0.443500
v 0.415640 -0.075843 -0.387592
v 0.419082 -0.019981 -0.459815
v 0.503787 0.072868 -0.451160
v 0.463548 0.131731 -0.546626
v 0.492667 0.106997 -0.446928
v 0.491424 0.066125 -0.489987
v 0.468865 0.140754 -0.491210
v 0.481117 0.087358 -0.544508
v 0.564874 0.010447 -0.222944
v 0.590674 0.007905 -0.124154
v 0.574259 0.031967 -0.201547
v 0.562969 -0.015364 -0.195879
v 0.585696 0.032987 -0.150724
v 0.577542 -0.014055 -0.148232
v 0.548391 0.068331 0.273718
v 0.526161 0.120795 0.237354
v 0.524562 0.088801 0.292569
v 0.561887 0.071181 0.234932
v 0.511646 0.116210 0.275251
v 0.554276 0.095480 0.218248
v 0.550765 -0.078604 0.283381
v 0.522724 -0.162058 0.259531
v 0.527052 -0.116349 0.314354
v 0.563336 -0.079712 0.243630
v 0.513723 -0.163903 0.303683
v 0.549412 -0.117442 0.230558
v 0.500703 -0.057972 0.407556
v 0.449183 -0.132361 0.497196
v 0.493401 -0.102458 0.405310
v 0.485064 -0.042550 0.447206
v 0.468537 -0.146870 0.447947
v 0.454680 -0.076413 0.491222
v 0.498719 0.043782 0.384486
v 0.426156 0.079409 0.430114
v 0.484718 0.072130 0.367430
v 0.475718 0.027325 0.425617
v 0.449781 0.090467 0.390006
v 0.440869 0.043542 0.448546
v 0.592171 0.005102 0.216052
v 0.613977 0.005608 0.139532
v 0.597339 0.027799 0.198521
v 0.595445 -0.019290 0.198984
v 0.609276 0.027403 0.159467
v 0.606685 -0.018825 0.160748
v -0.534664 0.083309 -0.312471
v -0.516971 0.157649 -0.270778
v -0.513961 0.114661 -0.346525
v -0.545935 0.084342 -0.260152
v -0.503280 0.157641 -0.328546
v -0.540501 0.116959 -0.237210
v -0.514950 -0.054034 -0.280937
v -0.488323 -0.114594 -0.230371
v -0.486222 -0.078020 -0.296745
v -0.529300 -0.058127 -0.238324
v -0.469599 -0.109522 -0.269074
v -0.515776 -0.086750 -0.213766
v -0.468125 -0.019038 -0.401607
v -0.397604 -0.056751 -0.431630
v -0.449801 -0.053368 -0.377438
v -0.455570 -0.001971 -0.447382
v -0.415870 -0.074009 -0.390192
v -0.417672 -0.019529 -0.461240
v -0.505119 0.073032 -0.452188
v -0.460969 0.130435 -0.545960
v -0.494234 0.104787 -0.449101
v -0.492324 0.065269 -0.490889
v -0.469904 0.140517 -0.493866
v -0.482000 0.086048 -0.545396
v -0.564735 0.011785 -0.225257
v -0.589292 0.010052 -0.127253
v -0.572810 0.033146 -0.203266
v -0.564064 -0.012675 -0.198551
v -0.584594 0.031367 -0.153548
v -0.578091 -0.013616 -0.151620
v -0.548173 0.070650 0.273146
v -0.528211 0.121916 0.236864
v -0.528196 0.090576 0.293844
v -0.562003 0.070974 0.235098
v -0.512764 0.116877 0.275072
v -0.554955 0.095562 0.217457
v -0.550976 -0.079000 0.282824
v -0.521589 -0.163883 0.259585
v -0.526726 -0.116910 0.314318
v -0.566525 -0.078633 0.241374
v -0.514266 -0.162375 0.302912
v -0.548776 -0.117180 0.230531
v -0.500050 -0.061329 0.405641
v -0.450455 -0.131057 0.494983
v -0.492679 -0.106494 0.402592
v -0.483936 -0.044534 0.445074
v -0.468357 -0.150545 0.447523
v -0.453138 -0.078711 0.489821
v -0.495410 0.045536 0.382095
v -0.424817 0.081526 0.429331
v -0.485326 0.075547 0.367881
v -0.474724 0.029298 0.422880
v -0.452023 0.093061 0.387703
v -0.438623 0.045552 0.446536
v -0.592441 0.005337 0.216679
v -0.613388 0.006156 0.139298
v -0.597338 0.029828 0.197715
v -0.596440 -0.018419 0.198709
v -0.609463 0.029233 0.159568
v -0.603926 -0.017326 0.159687
v -0.013823 0.626834 -0.100137
v -0.066209 0.507928 0.030089
v -0.045380 0.590412 -0.070483
v -0.072659 0.536597 -0.011070
v -0.014738 0.578698 -0.052967
v -0.035005 0.523973 0.012241
v -0.035651 0.657722 -0.239438
v -0.136671 0.756395 -0.371474
v -0.070306 0.650919 -0.237737
v -0.122443 0.688495 -0.302558
v -0.042215 0.707593 -0.308360
v -0.090598 0.764549 -0.374830
v 0.010031 0.628021 -0.101908
v 0.065184 0.506427 0.030512
v 0.045830 0.589263 -0.067837
v 0.073399 0.536506 -0.010066
v 0.016054 0.575324 -0.047363
v 0.035065 0.522035 0.013461
v 0.035832 0.659326 -0.237782
v 0.134924 0.753181 -0.369528
v 0.070609 0.650102 -0.236709
v 0.122136 0.685200 -0.301002
v 0.039986 0.706640 -0.305358
v 0.089665 0.763927 -0.373775
v -0.268270 0.322811 0.213460
v -0.351261 0.288287 0.200667
v -0.279886 0.344107 0.168318
v -0.319749 0.323508 0.164161
v -0.296000 0.287921 0.257265
v -0.338677 0.270388 0.250534
v -0.033333 0.398536 0.188525
v 0.034016 0.397807 0.189165
v -0.017580 0.363256 0.246268
v 0.018767 0.361427 0.246926
v -0.015005 0.441835 0.126688
v 0.015612 0.443132 0.127295
v -0.220249 0.266183 0.359278
v -0.259493 0.217231 0.417753
v -0.196524 0.250931 0.401318
v -0.215804 0.227251 0.429757
v -0.262484 0.254236 0.350646
v -0.282332 0.227229 0.379578
v -0.553618 0.711987 -0.428108
v -0.354204 0.514594 -0.339331
v -0.404584 0.618723 -0.363186
v -0.354940 0.542979 -0.324392
v -0.508530 0.614976 -0.467092
v -0.385001 0.541318 -0.407778
v -0.114904 0.879455 -0.560725
v 0.114891 0.878634 -0.561492
v -0.051620 0.844010 -0.608743
v 0.050299 0.846822 -0.610621
v -0.066382 0.845656 -0.504576
v 0.065721 0.844757 -0.505021
v -0.339298 0.629462 -0.620295
v -0.342352 0.474522 -0.659888
v -0.310922 0.600792 -0.678076
v -0.319270 0.526785 -0.702902
v -0.368052 0.577905 -0.584617
v -0.352827 0.497891 -0.597772
v -0.476273 0.257222 -0.048676
v -0.478511 0.240245 0.042263
v -0.445401 0.294092 -0.031040
v -0.444852 0.282856 0.013135
v -0.508903 0.211128 -0.017049
v -0.510007 0.205263 0.026700
v -0.427038 0.322164 -0.389970
v -0.403451 0.305856 -0.516184
v -0.444681 0.258867 -0.408340
v -0.430758 0.249930 -0.469198
v -0.397357 0.387649 -0.435061
v -0.385219 0.377040 -0.498549
v -0.564791 0.143592 -0.103929
v -0.602081 0.078322 -0.054571
v -0.571193 0.114083 -0.128321
v -0.590604 0.080913 -0.104504
v -0.567175 0.139463 -0.056848
v -0.595360 0.101409 -0.030869
v -0.429576 0.188972 0.292147
v -0.385714 0.170018 0.369818
v -0.444658 0.160424 0.314121
v -0.423392 0.152980 0.353055
v -0.387208 0.209090 0.307084
v -0.365289 0.198110 0.349845
v -0.561395 0.128364 0.118259
v -0.610109 0.069905 0.080321
v -0.579515 0.098250 0.140066
v -0.604150 0.070219 0.121179
v -0.568021 0.129012 0.078132
v -0.593471 0.097213 0.058356
v 0.264948 0.324953 0.214700
v 0.347060 0.290396 0.203713
v 0.274885 0.346239 0.170196
v 0.316923 0.326906 0.165653
v 0.293290 0.289123 0.258186
v 0.336777 0.272550 0.250411
v 0.217949 0.267005 0.359332
v 0.257781 0.219687 0.415774
v 0.195849 0.254172 0.397472
v 0.216223 0.231097 0.428505
v 0.261705 0.255144 0.352691
v 0.282712 0.230813 0.380186
v 0.553981 0.712541 -0.427066
v 0.354212 0.514871 -0.337391
v 0.405178 0.617371 -0.363813
v 0.355013 0.542681 -0.323016
v 0.508351 0.616291 -0.466457
v 0.385027 0.540905 -0.406150
v 0.340721 0.627077 -0.621142
v 0.343955 0.476442 -0.661646
v 0.309588 0.600358 -0.677985
v 0.319767 0.526602 -0.703076
v 0.368035 0.578565 -0.583254
v 0.354234 0.496989 -0.596491
v 0.475288 0.260069 -0.048280
v 0.475183 0.244616 0.043169
v 0.445292 0.295472 -0.031734
v 0.445303 0.288202 0.014285
v 0.507887 0.216056 -0.017762
v 0.508688 0.208038 0.028459
v 0.429044 0.320206 -0.388898
v 0.406593 0.306435 -0.515226
v 0.445631 0.257733 -0.407403
v 0.435104 0.251352 -0.468461
v 0.397371 0.385864 -0.434643
v 0.387497 0.376466 -0.498751
v 0.560908 0.147677 -0.105772
v 0.600133 0.079045 -0.054101
v 0.569422 0.115796 -0.130115
v 0.587581 0.083689 -0.103471
v 0.565405 0.141721 -0.058697
v 0.592347 0.103085 -0.030435
v 0.421118 0.191716 0.291621
v 0.381528 0.171411 0.371387
v 0.444225 0.162603 0.316118
v 0.422415 0.153014 0.353303
v 0.382131 0.210282 0.308636
v 0.363849 0.199066 0.349661
v 0.556555 0.132253 0.118649
v 0.607601 0.070713 0.080284
v 0.581357 0.100152 0.139469
v 0.599031 0.073168 0.119057
v 0.561633 0.131953 0.077154
v 0.587225 0.101520 0.057291
v -0.064428 -0.697160 0.205228
v -0.127723 -0.698271 0.414533
v -0.108366 -0.685700 0.187972
v -0.138346 -0.683068 0.291473
v -0.043996 -0.711739 0.306627
v -0.078097 -0.718132 0.412242
v -0.112786 -0.773249 -0.140871
v -0.158905 -0.847668 -0.303941
v -0.141667 -0.915706 -0.164977
v -0.188990 -0.937366 -0.258003
v -0.090683 -0.707296 -0.168961
v -0.110549 -0.738207 -0.239278
v 0.071490 -0.705806 0.204603
v 0.130223 -0.697445 0.413722
v 0.108221 -0.687401 0.189275
v 0.136926 -0.679587 0.291553
v 0.052353 -0.724692 0.305650
v 0.084826 -0.727916 0.408788
v 0.113681 -0.776859 -0.138459
v 0.161422 -0.853701 -0.306229
v 0.144874 -0.920625 -0.154967
v 0.188101 -0.936955 -0.253094
v 0.092492 -0.713000 -0.167490
v 0.109803 -0.742013 -0.238820
v -0.371714 -0.591175 0.448363
v -0.415363 -0.477994 0.339359
v -0.376535 -0.569224 0.369213
v -0.401636 -0.518009 0.317457
v -0.390034 -0.555180 0.465955
v -0.409441 -0.492943 0.410995
v -0.091287 -0.850362 0.634888
v 0.092811 -0.850116 0.633665
v -0.050393 -0.788039 0.673897
v 0.051709 -0.785488 0.670966
v -0.040827 -0.793069 0.569172
v 0.045336 -0.791331 0.568584
v -0.390143 -0.710513 0.669837
v -0.395043 -0.534510 0.682081
v -0.390598 -0.742481 0.745872
v -0.390393 -0.620612 0.750115
v -0.394828 -0.609806 0.608210
v -0.402130 -0.535402 0.613086
v -0.390255 -0.504359 -0.330804
v -0.417976 -0.402417 -0.258746
v -0.424417 -0.538472 -0.292609
v -0.432280 -0.479552 -0.250240
v -0.374602 -0.422248 -0.331846
v -0.392597 -0.377455 -0.301838
v -0.062676 -0.590936 -0.319350
v 0.063557 -0.590970 -0.322886
v -0.028887 -0.532810 -0.344146
v 0.027712 -0.532186 -0.343427
v -0.034345 -0.629374 -0.286992
v 0.033762 -0.629816 -0.288473
v -0.247597 -0.370580 -0.381591
v -0.242860 -0.256893 -0.401629
v -0.206798 -0.327904 -0.402431
v -0.207642 -0.274166 -0.416277
v -0.284079 -0.350599 -0.369033
v -0.279547 -0.288825 -0.377479
v -0.465659 -0.270327 -0.004382
v -0.477268 -0.286951 0.083137
v -0.458066 -0.330211 0.015980
v -0.461704 -0.337819 0.060828
v -0.488557 -0.221712 0.017020
v -0.493361 -0.229590 0.061561
v -0.389230 -0.216522 -0.282169
v -0.346377 -0.183679 -0.355270
v -0.401297 -0.168390 -0.301043
v -0.380978 -0.155859 -0.340121
v -0.366063 -0.252885 -0.305499
v -0.340029 -0.234181 -0.338430
v -0.520968 -0.122574 -0.088910
v -0.572392 -0.063162 -0.050589
v -0.539893 -0.088675 -0.117817
v -0.564079 -0.061492 -0.098521
v -0.529490 -0.126636 -0.040781
v -0.558537 -0.094209 -0.023049
v -0.452868 -0.325481 0.379280
v -0.436008 -0.325280 0.494627
v -0.464829 -0.268806 0.387003
v -0.453836 -0.267262 0.441777
v -0.435317 -0.388920 0.428874
v -0.426891 -0.390689 0.491551
v -0.539656 -0.151985 0.132512
v -0.588417 -0.071077 0.083012
v -0.558792 -0.113629 0.149311
v -0.582801 -0.074852 0.123239
v -0.540565 -0.144953 0.091976
v -0.566380 -0.102631 0.064744
v 0.371731 -0.592669 0.450127
v 0.416434 -0.479168 0.340143
v 0.375965 -0.570593 0.367582
v 0.403280 -0.522181 0.316632
v 0.388618 -0.555653 0.466180
v 0.411259 -0.493829 0.407474
v 0.390702 -0.710450 0.669166
v 0.394005 -0.533796 0.681986
v 0.391175 -0.742182 0.744288
v 0.390446 -0.623179 0.750136
v 0.394246 -0.607128 0.607386
v 0.401097 -0.535416 0.613665
v 0.389728 -0.503875 -0.331396
v 0.418301 -0.401562 -0.259462
v 0.424345 -0.538864 -0.293948
v 0.433914 -0.479509 -0.250763
v 0.377440 -0.420699 -0.332843
v 0.392749 -0.376306 -0.299241
v 0.243809 -0.368718 -0.377362
v 0.245096 -0.257164 -0.402119
v 0.205720 -0.326199 -0.401045
v 0.207685 -0.272536 -0.417088
v 0.284744 -0.347200 -0.369034
v 0.279614 -0.288192 -0.374195
v 0.465270 -0.270112 -0.000964
v 0.478475 -0.287406 0.084038
v 0.457994 -0.331882 0.014584
v 0.463058 -0.337318 0.061126
v 0.487899 -0.222282 0.016807
v 0.494575 -0.230775 0.059682
v 0.391343 -0.217553 -0.280206
v 0.347204 -0.184282 -0.351706
v 0.403133 -0.171155 -0.299154
v 0.381458 -0.156792 -0.337070
v 0.367820 -0.252873 -0.304532
v 0.338004 -0.233031 -0.334695
v 0.520391 -0.122846 -0.088480
v 0.574461 -0.063762 -0.049844
v 0.538973 -0.091586 -0.117159
v 0.565335 -0.064026 -0.096252
v 0.529712 -0.127668 -0.039526
v 0.557991 -0.094495 -0.021490
v 0.452171 -0.327796 0.377107
v 0.436351 -0.323863 0.495458
v 0.463862 -0.271505 0.386013
v 0.454808 -0.266624 0.442218
v 0.435032 -0.388316 0.427760
v 0.427962 -0.390109 0.491400
v 0.541719 -0.151329 0.131919
v 0.589334 -0.072073 0.082226
v 0.560665 -0.114680 0.147731
v 0.583519 -0.075225 0.123223
v 0.544210 -0.145511 0.091076
v 0.566627 -0.104475 0.065588
v 0.178885 -0.090111 0.852363
v 0.285155 -0.160211 0.808539
v 0.185879 -0.159720 0.878484
v 0.242479 -0.198645 0.853675
v 0.223368 -0.059199 0.798802
v 0.273598 -0.092319 0.780110
v -0.178271 -0.090249 0.851769
v -0.284292 -0.158809 0.807278
v -0.186491 -0.160950 0.879466
v -0.243616 -0.197456 0.854839
v -0.221387 -0.061006 0.798080
v -0.272519 -0.093946 0.777899
v 0.142516 0.068667 0.699927
v 0.212268 0.094830 0.604618
v 0.130125 0.104498 0.645039
v 0.165425 0.116495 0.602925
v 0.191923 0.041924 0.701579
v 0.228383 0.059851 0.648420
v -0.142100 0.069698 0.698978
v -0.211373 0.097440 0.605578
v -0.129685 0.103375 0.644140
v -0.163666 0.115938 0.603528
v -0.192734 0.042197 0.701155
v -0.226074 0.057863 0.649682
v 0.369136 -0.069142 0.622888
v 0.346780 0.027235 0.568698
v 0.398512 -0.039658 0.565629
v 0.388102 0.004553 0.543093
v 0.331118 -0.041959 0.656088
v 0.320708 0.006104 0.622344
v -0.364815 -0.070149 0.619578
v -0.346084 0.028101 0.566667
v -0.396535 -0.040509 0.564409
v -0.385951 0.006012 0.541685
v -0.332014 -0.040759 0.653811
v -0.318781 0.007456 0.620522
v 0.121192 -0.014865 -0.654576
v 0.181428 -0.054468 -0.559359
v 0.103787 -0.052131 -0.586767
v 0.135868 -0.077036 -0.556899
v 0.179421 -0.004130 -0.682485
v 0.206547 -0.016493 -0.618838
v -0.123879 -0.014616 -0.657376
v -0.186635 -0.055338 -0.563321
v -0.106588 -0.050904 -0.588352
v -0.138193 -0.075786 -0.555987
v -0.179232 -0.003076 -0.685567
v -0.207678 -0.015233 -0.622322
v 0.197038 0.090862 -0.933224
v 0.337705 0.168441 -0.920596
v 0.217493 0.172568 -0.981436
v 0.287199 0.209501 -0.969995
v 0.244390 0.060743 -0.873923
v 0.317856 0.100976 -0.881510
v -0.198517 0.091820 -0.933281
v -0.338838 0.169440 -0.919080
v -0.218622 0.170994 -0.979642
v -0.289189 0.208556 -0.969386
v -0.244764 0.061337 -0.873979
v -0.316584 0.100434 -0.878075
v 0.334722 0.001900 -0.569682
v 0.381339 0.087428 -0.665579
v 0.382362 0.021756 -0.560784
v 0.405837 0.060298 -0.604067
v 0.316117 0.023896 -0.632467
v 0.345293 0.065492 -0.693176
v -0.337127 0.003081 -0.573399
v -0.381282 0.087671 -0.667796
v -0.382529 0.020492 -0.561523
v -0.403468 0.061367 -0.601492
v -0.313802 0.022349 -0.633676
v -0.342410 0.065261 -0.691490
v -0.200228 0.523794 -0.054046
v -0.212140 0.556449 -0.114748
v -0.159037 0.552658 -0.065669
v -0.169846 0.584337 -0.128248
v -0.257209 0.466074 -0.015865
v -0.182378 0.516294 -0.027399
v -0.248535 0.451981 0.015041
v -0.270032 0.516408 -0.124968
v -0.202988 0.579957 -0.161792
v -0.269432 0.541606 -0.174459
v -0.294913 0.460986 -0.056113
v -0.298632 0.502274 -0.147387
v -0.324099 0.439747 -0.067866
v -0.282365 0.432862 0.017088
v -0.321754 0.422874 -0.025841
v 0.199336 0.527967 -0.051868
v 0.211376 0.555078 -0.115984
v 0.160092 0.553337 -0.065498
v 0.172407 0.580444 -0.128990
v 0.254416 0.472004 -0.013977
v 0.180304 0.517483 -0.028906
v 0.243281 0.457931 0.016756
v 0.271227 0.517773 -0.122578
v 0.204621 0.577724 -0.162162
v 0.272610 0.539799 -0.174070
v 0.295003 0.463614 -0.055550
v 0.299368 0.502993 -0.146293
v 0.323506 0.442081 -0.067735
v 0.278474 0.435179 0.016553
v 0.320878 0.424666 -0.027271
v -0.321506 -0.684467 0.012991
v -0.376510 -0.773910 -0.048492
v -0.277170 -0.713356 0.016871
v -0.342329 -0.848924 -0.041797
v -0.368806 -0.614079 0.055126
v -0.284863 -0.654238 0.053619
v -0.351265 -0.609869 0.113793
v -0.417067 -0.677418 -0.072786
v -0.396871 -0.850645 -0.095294
v -0.436429 -0.713078 -0.127214
v -0.410374 -0.595830 -0.000037
v -0.434471 -0.630733 -0.098365
v -0.429991 -0.555535 -0.014550
v -0.383808 -0.579071 0.101354
v -0.421269 -0.545890 0.033240
v 0.322099 -0.686241 0.012350
v 0.376976 -0.773540 -0.047499
v 0.275317 -0.714372 0.016519
v 0.338713 -0.850814 -0.040163
v 0.369573 -0.613392 0.052852
v 0.285707 -0.654874 0.051837
v 0.351753 -0.609862 0.114511
v 0.417336 -0.676667 -0.073566
v 0.397050 -0.851510 -0.095467
v 0.433385 -0.710554 -0.127643
v 0.410697 -0.597015 -0.001599
v 0.432527 -0.629929 -0.098604
v 0.429491 -0.554054 -0.016182
v 0.381641 -0.579669 0.100938
v 0.420085 -0.547292 0.033641
v 0.001538 -0.660997 0.824933
v -0.104495 -0.598891 0.842924
v -0.044794 -0.712281 0.808075
v -0.160210 -0.666920 0.841066
v 0.104938 -0.599504 0.844269
v 0.046646 -0.711284 0.808160
v 0.161807 -0.670467 0.843960
v 0.058419 -0.477789 0.863488
v -0.057781 -0.476926 0.862710
v 0.060481 -0.403244 0.881003
v -0.060561 -0.403850 0.882112
v 0.176084 -0.587970 0.849009
v 0.119827 -0.450741 0.867835
v -0.175899 -0.586949 0.847083
v -0.119428 -0.448832 0.865816
v -0.000105 0.237381 0.495211
v -0.044172 0.229318 0.507352
v -0.017463 0.252426 0.455358
v -0.066703 0.236141 0.487332
v 0.045547 0.229677 0.504532
v 0.018101 0.252221 0.455817
v 0.068094 0.237929 0.479686
v 0.028038 0.211665 0.530005
v -0.026333 0.211957 0.529732
v 0.030937 0.193755 0.542217
v -0.030581 0.190048 0.542624
v 0.080253 0.227121 0.500970
v 0.061194 0.203341 0.528470
v -0.080192 0.225218 0.502656
v -0.060700 0.200865 0.531591
v -0.001947 -0.264938 -0.476705
v -0.044688 -0.228338 -0.495269
v -0.020649 -0.313479 -0.448313
v -0.068731 -0.261911 -0.467434
v 0.041116 -0.229020 -0.495174
v 0.017332 -0.313297 -0.449309
v 0.065949 -0.260919 -0.469203
v 0.021642 -0.196093 -0.530495
v -0.027286 -0.195468 -0.529914
v 0.023849 -0.178288 -0.539597
v -0.028783 -0.177271 -0.539273
v 0.073004 -0.228725 -0.488139
v 0.050787 -0.189025 -0.525624
v -0.076864 -0.228125 -0.488540
v -0.056363 -0.188432 -0.525562
v -0.000536 0.633571 -0.806924
v -0.094508 0.564221 -0.833129
v -0.040577 0.690655 -0.781119
v -0.143468 0.609626 -0.807882
v 0.095404 0.564713 -0.834449
v 0.038152 0.691895 -0.781445
v 0.142191 0.610760 -0.808918
v 0.060232 0.460394 -0.884362
v -0.059248 0.459941 -0.884373
v 0.064868 0.392289 -0.918544
v -0.067066 0.392234 -0.916644
v 0.162051 0.539889 -0.835671
v 0.122818 0.430214 -0.895851
v -0.162694 0.541480 -0.834724
v -0.124640 0.428981 -0.895542
v 0.528696 0.055378 -0.370492
v 0.548072 0.034227 -0.297211
v 0.524254 0.081314 -0.360376
v 0.549039 0.058283 -0.278287
v 0.510881 -0.016752 -0.341335
v 0.544396 -0.008116 -0.287536
v 0.499627 -0.044827 -0.319637
v 0.536027 -0.033657 -0.259682
v 0.514119 0.027657 -0.399352
v 0.482657 -0.034224 -0.358667
v 0.486134 0.012867 -0.422122
v 0.512697 0.079561 -0.406242
v 0.502360 0.044687 -0.441737
v 0.560535 0.032672 -0.251456
v 0.552850 -0.011739 -0.243518
v 0.538974 0.038241 0.325258
v 0.569747 0.023484 0.270698
v 0.531889 0.062412 0.311249
v 0.571721 0.045682 0.253070
v 0.538206 -0.037545 0.332383
v 0.567801 -0.019743 0.273049
v 0.534065 -0.075861 0.323906
v 0.567929 -0.047653 0.258264
v 0.528134 0.003314 0.369001
v 0.518509 -0.067742 0.365381
v 0.508220 -0.017988 0.406404
v 0.516778 0.054667 0.347873
v 0.504804 0.014565 0.397407
v 0.584672 0.026940 0.235096
v 0.581881 -0.020523 0.235374
v -0.528268 0.056320 -0.370749
v -0.549166 0.034034 -0.298421
v -0.521983 0.082364 -0.360606
v -0.550853 0.056262 -0.281271
v -0.510671 -0.018405 -0.344241
v -0.542931 -0.008161 -0.289153
v -0.497703 -0.045373 -0.321661
v -0.536338 -0.031915 -0.263632
v -0.512245 0.026090 -0.400658
v -0.484485 -0.034913 -0.363938
v -0.487324 0.012663 -0.425003
v -0.513693 0.076425 -0.407909
v -0.502102 0.043382 -0.442648
v -0.558958 0.032747 -0.253475
v -0.553258 -0.010382 -0.246710
v -0.539289 0.040812 0.323188
v -0.571857 0.027264 0.270013
v -0.533388 0.063436 0.309101
v -0.567230 0.049288 0.253495
v -0.538022 -0.040754 0.333190
v -0.567429 -0.019374 0.272338
v -0.534441 -0.074784 0.323221
v -0.570027 -0.046711 0.256674
v -0.526813 0.002849 0.368075
v -0.518450 -0.068879 0.364149
v -0.508446 -0.017368 0.404269
v -0.515436 0.057650 0.345349
v -0.506394 0.013653 0.396551
v -0.583204 0.027552 0.235254
v -0.582371 -0.019856 0.235991
v -0.009251 0.663201 -0.125151
v -0.011158 0.656761 -0.149952
v -0.030108 0.642294 -0.114738
v -0.038272 0.646028 -0.152156
v 0.009157 0.660661 -0.121849
v 0.010501 0.656226 -0.143544
v 0.029860 0.641677 -0.115202
v 0.036952 0.648223 -0.148963
v 0.001775 0.660193 -0.121357
v -0.024988 0.635056 -0.107383
v -0.006072 0.625804 -0.098941
v 0.000772 0.652791 -0.186524
v -0.038542 0.649110 -0.191691
v -0.010089 0.665582 -0.244923
v 0.024398 0.632763 -0.105793
v 0.002847 0.626456 -0.100236
v 0.036394 0.647663 -0.187640
v 0.009612 0.667778 -0.245120
v -0.128790 0.442208 0.104185
v -0.199122 0.380343 0.167520
v -0.142179 0.464952 0.064327
v -0.211650 0.403881 0.122599
v -0.090111 0.352323 0.253439
v -0.153618 0.307416 0.311442
v -0.073209 0.323624 0.305619
v -0.133961 0.285945 0.360546
v -0.080787 0.426688 0.139960
v -0.102604 0.487817 0.045920
v -0.057189 0.474765 0.074988
v -0.212450 0.319002 0.263296
v -0.239878 0.362151 0.170319
v -0.255729 0.303159 0.263546
v -0.052917 0.360093 0.249160
v -0.046755 0.436337 0.131032
v -0.176200 0.276966 0.360015
v -0.240132 0.283469 0.313609
v -0.229270 0.752196 -0.416444
v -0.352700 0.730312 -0.437411
v -0.216649 0.686685 -0.344540
v -0.322734 0.666183 -0.364893
v -0.209097 0.851992 -0.614501
v -0.272462 0.735545 -0.619194
v -0.167985 0.808360 -0.657486
v -0.251124 0.716026 -0.681261
v -0.260067 0.974470 -0.523257
v -0.177628 0.724867 -0.361543
v -0.161055 0.853231 -0.444916
v -0.399655 0.754258 -0.549929
v -0.412077 0.685519 -0.404411
v -0.522327 0.716736 -0.543216
v -0.146111 0.852205 -0.611642
v -0.181963 0.988476 -0.514786
v -0.296708 0.670407 -0.652839
v -0.398114 0.664526 -0.570295
v -0.394272 0.400725 -0.230184
v -0.437025 0.320521 -0.129069
v -0.371533 0.437189 -0.210718
v -0.410147 0.357931 -0.115823
v -0.474052 0.258796 -0.284863
v -0.520558 0.196902 -0.188274
v -0.489105 0.207780 -0.307184
v -0.532814 0.156753 -0.212801
v -0.413188 0.375356 -0.309337
v -0.362226 0.470357 -0.273507
v -0.380657 0.451550 -0.355011
v -0.503646 0.229755 -0.114849
v -0.443286 0.305561 -0.079935
v -0.506280 0.220843 -0.066298
v -0.459324 0.262502 -0.346933
v -0.406764 0.386880 -0.373043
v -0.548314 0.152474 -0.156704
v -0.536253 0.181058 -0.083995
v -0.397542 0.280847 0.147232
v -0.440477 0.264549 0.094650
v -0.368071 0.316642 0.115455
v -0.409127 0.303999 0.066701
v -0.476531 0.175124 0.233448
v -0.521317 0.155618 0.176364
v -0.496925 0.146418 0.255047
v -0.539397 0.123441 0.197407
v -0.415283 0.232419 0.222226
v -0.361098 0.303836 0.157720
v -0.377276 0.252783 0.235141
v -0.502529 0.196061 0.110055
v -0.443640 0.273950 0.056583
v -0.509780 0.200529 0.069796
v -0.463111 0.168911 0.275188
v -0.403811 0.221024 0.265365
v -0.553129 0.126566 0.158383
v -0.535599 0.162416 0.095592
v 0.126967 0.441029 0.105501
v 0.195248 0.381205 0.166364
v 0.138824 0.467112 0.065390
v 0.207008 0.404202 0.125512
v 0.089133 0.352190 0.254121
v 0.153264 0.307499 0.311939
v 0.074098 0.323944 0.308549
v 0.134330 0.286974 0.359066
v 0.080522 0.426975 0.141338
v 0.100865 0.487262 0.049980
v 0.057937 0.472725 0.079803
v 0.053335 0.358074 0.250916
v 0.047708 0.435037 0.132443
v 0.210157 0.318334 0.265091
v 0.234200 0.364934 0.170537
v 0.251729 0.305003 0.263250
v 0.176541 0.278285 0.359731
v 0.235623 0.284392 0.309739
v 0.230029 0.752813 -0.416798
v 0.354068 0.726678 -0.435284
v 0.215929 0.687381 -0.344751
v 0.324321 0.664568 -0.365464
v 0.210034 0.853720 -0.613571
v 0.273242 0.735229 -0.622013
v 0.166658 0.809822 -0.658277
v 0.251005 0.717087 -0.680525
v 0.260223 0.974804 -0.523922
v 0.176159 0.724937 -0.362361
v 0.160905 0.852234 -0.443795
v 0.146334 0.852450 -0.610928
v 0.181840 0.989051 -0.515640
v 0.399426 0.754250 -0.550244
v 0.412727 0.684846 -0.403060
v 0.521694 0.717139 -0.543796
v 0.295527 0.672125 -0.652225
v 0.398427 0.666427 -0.571841
v 0.395438 0.401261 -0.227638
v 0.437613 0.321997 -0.131534
v 0.373085 0.435230 -0.210149
v 0.409815 0.358542 -0.115682
v 0.475804 0.258280 -0.284719
v 0.519077 0.198240 -0.189151
v 0.490044 0.206484 -0.305621
v 0.531735 0.158502 -0.213568
v 0.414718 0.374795 -0.308000
v 0.364610 0.470002 -0.272517
v 0.382123 0.452244 -0.353374
v 0.501727 0.228753 -0.114156
v 0.443049 0.307655 -0.079523
v 0.505276 0.222119 -0.066858
v 0.460717 0.260153 -0.344988
v 0.408736 0.385898 -0.369877
v 0.547379 0.154581 -0.158065
v 0.536631 0.181574 -0.083441
v 0.393995 0.281967 0.150726
v 0.438193 0.267329 0.097311
v 0.364419 0.320623 0.118155
v 0.408007 0.305669 0.067086
v 0.478098 0.177662 0.233891
v 0.518654 0.156883 0.175668
v 0.496273 0.146725 0.257085
v 0.539325 0.125022 0.196809
v 0.414047 0.233934 0.224044
v 0.355809 0.306120 0.159645
v 0.375794 0.254621 0.237133
v 0.501176 0.198629 0.110804
v 0.441167 0.276728 0.054864
v 0.507162 0.202711 0.070973
v 0.460473 0.170460 0.273939
v 0.399723 0.221929 0.264447
v 0.549710 0.129034 0.158136
v 0.533199 0.165305 0.094546
v -0.075464 -0.710329 0.040636
v -0.109200 -0.741852 -0.059435
v -0.121592 -0.714256 0.020984
v -0.156523 -0.808618 -0.064199
v 0.078902 -0.713037 0.042744
v 0.110289 -0.742939 -0.058635
v 0.122955 -0.714843 0.023203
v 0.155499 -0.800980 -0.065870
v 0.002482 -0.710157 0.127264
v -0.083495 -0.687369 0.092538
v -0.019201 -0.711643 0.211848
v 0.001687 -0.689797 -0.079558
v -0.134643 -0.807309 -0.106653
v -0.054418 -0.680919 -0.114339
v 0.088156 -0.696999 0.095905
v 0.028954 -0.716060 0.212738
v 0.134632 -0.808327 -0.102313
v 0.057185 -0.683155 -0.113877
v -0.236487 -0.707945 0.484209
v -0.321927 -0.660811 0.492350
v -0.230956 -0.680998 0.366870
v -0.319060 -0.637813 0.387534
v -0.251815 -0.976070 0.724517
v -0.361465 -0.876669 0.719093
v -0.199998 -0.944406 0.781832
v -0.326114 -0.891638 0.781349
v -0.235769 -0.910410 0.551863
v -0.178128 -0.690235 0.406119
v -0.137024 -0.770120 0.502934
v -0.366136 -0.711202 0.581681
v -0.348887 -0.616673 0.424891
v -0.371621 -0.624858 0.526271
v -0.127903 -0.934306 0.731830
v -0.129712 -0.842930 0.568624
v -0.382453 -0.823864 0.731883
v -0.381840 -0.669947 0.597753
v -0.290915 -0.819452 -0.365378
v -0.361988 -0.658160 -0.355942
v -0.331567 -0.893858 -0.326575
v -0.411414 -0.711979 -0.326134
v -0.142556 -0.539737 -0.357330
v -0.203964 -0.458339 -0.373955
v -0.105540 -0.473508 -0.372898
v -0.161570 -0.400463 -0.390127
v -0.165216 -0.682086 -0.328151
v -0.243723 -0.905472 -0.329415
v -0.137724 -0.731036 -0.293500
v -0.296826 -0.497286 -0.361570
v -0.403876 -0.602800 -0.330738
v -0.341036 -0.460553 -0.350202
v -0.085855 -0.534446 -0.348535
v -0.100488 -0.651620 -0.303972
v -0.205411 -0.389425 -0.387144
v -0.289879 -0.418360 -0.363464
v -0.433986 -0.365388 -0.166894
v -0.442642 -0.315996 -0.078174
v -0.440858 -0.434009 -0.152700
v -0.444606 -0.382792 -0.063645
v -0.434066 -0.190055 -0.219419
v -0.479871 -0.155869 -0.157287
v -0.452232 -0.148515 -0.244877
v -0.499123 -0.119128 -0.184644
v -0.411417 -0.287868 -0.228414
v -0.433855 -0.421888 -0.206508
v -0.402819 -0.333599 -0.265365
v -0.471020 -0.207760 -0.077064
v -0.451035 -0.324020 -0.027889
v -0.479782 -0.211286 -0.027903
v -0.418205 -0.179810 -0.259609
v -0.390873 -0.271402 -0.271519
v -0.509754 -0.122776 -0.136754
v -0.499228 -0.158970 -0.057880
v -0.442116 -0.418124 0.234019
v -0.460830 -0.352564 0.152231
v -0.427701 -0.460797 0.211692
v -0.448965 -0.401510 0.129837
v -0.478493 -0.264083 0.282701
v -0.507865 -0.206563 0.198702
v -0.497272 -0.212873 0.295366
v -0.528010 -0.161581 0.215472
v -0.446387 -0.374472 0.309523
v -0.423586 -0.468664 0.271898
v -0.429240 -0.433867 0.354869
v -0.494284 -0.249346 0.142252
v -0.462884 -0.347632 0.105536
v -0.496325 -0.238216 0.100737
v -0.471896 -0.267010 0.331652
v -0.439269 -0.381317 0.368537
v -0.533475 -0.157402 0.174613
v -0.517112 -0.193714 0.117565
v 0.236634 -0.708081 0.482394
v 0.323651 -0.661925 0.493044
v 0.233730 -0.680901 0.363324
v 0.318420 -0.637087 0.384992
v 0.252942 -0.975779 0.724874
v 0.360428 -0.874355 0.717766
v 0.201196 -0.948056 0.780131
v 0.332454 -0.893815 0.779251
v 0.238815 -0.913987 0.554584
v 0.174151 -0.682615 0.404005
v 0.141636 -0.772744 0.504196
v 0.126688 -0.932748 0.727690
v 0.133002 -0.842581 0.568636
v 0.365088 -0.709127 0.583055
v 0.349583 -0.618607 0.424816
v 0.372152 -0.626311 0.526318
v 0.379861 -0.818825 0.730460
v 0.381925 -0.669490 0.599994
v 0.294680 -0.819760 -0.364851
v 0.362608 -0.658614 -0.356213
v 0.333197 -0.895002 -0.325371
v 0.412027 -0.710821 -0.325327
v 0.142434 -0.537222 -0.355962
v 0.202200 -0.458325 -0.374994
v 0.104348 -0.474400 -0.372732
v 0.161963 -0.398174 -0.393729
v 0.165702 -0.683352 -0.328760
v 0.244746 -0.905769 -0.329156
v 0.137750 -0.731670 -0.293983
v 0.087859 -0.535414 -0.348317
v 0.101698 -0.652255 -0.302836
v 0.298563 -0.495607 -0.360216
v 0.404195 -0.601747 -0.330698
v 0.339258 -0.462464 -0.348047
v 0.204538 -0.386616 -0.389910
v 0.291626 -0.418001 -0.363426
v 0.432533 -0.363170 -0.165506
v 0.442536 -0.316700 -0.077177
v 0.439417 -0.434247 -0.152626
v 0.445354 -0.382199 -0.063233
v 0.437462 -0.190806 -0.218921
v 0.479476 -0.158420 -0.154838
v 0.454459 -0.148695 -0.243133
v 0.499574 -0.118076 -0.182696
v 0.412535 -0.287404 -0.226799
v 0.434348 -0.420727 -0.207309
v 0.403509 -0.331866 -0.261342
v 0.471014 -0.208379 -0.077414
v 0.450922 -0.323970 -0.028035
v 0.480453 -0.214944 -0.029808
v 0.422050 -0.180609 -0.259203
v 0.392186 -0.270956 -0.268804
v 0.510071 -0.123011 -0.135752
v 0.499158 -0.166240 -0.059221
v 0.441418 -0.417775 0.233530
v 0.461949 -0.352618 0.152632
v 0.430494 -0.463404 0.210562
v 0.449215 -0.403320 0.128227
v 0.479582 -0.265824 0.278805
v 0.511227 -0.205497 0.200092
v 0.498846 -0.213734 0.292350
v 0.529110 -0.161634 0.216409
v 0.446541 -0.375549 0.308802
v 0.423546 -0.470262 0.271883
v 0.430169 -0.434627 0.357036
v 0.495003 -0.247093 0.143325
v 0.464396 -0.344927 0.106505
v 0.496300 -0.237591 0.101625
v 0.474610 -0.269253 0.331429
v 0.442089 -0.381907 0.366616
v 0.536182 -0.157063 0.174543
v 0.518808 -0.192220 0.116458
v 0.061696 -0.088308 0.898162
v -0.061976 -0.089017 0.896263
v 0.067999 -0.160470 0.955562
v -0.068556 -0.161728 0.953829
v 0.049651 0.084787 0.733197
v -0.049443 0.088219 0.733572
v 0.044584 0.112218 0.664441
v -0.042749 0.111862 0.665135
v 0.111217 0.010704 0.811673
v 0.124169 -0.124725 0.896167
v 0.169091 -0.023360 0.811186
v -0.112004 0.011190 0.810301
v -0.124986 -0.125140 0.896927
v -0.169955 -0.024089 0.812252
v 0.093197 0.094683 0.687559
v 0.156159 0.029544 0.757236
v -0.090787 0.093516 0.686702
v -0.156000 0.029792 0.758573
v 0.367191 -0.411261 0.734887
v 0.328240 -0.280058 0.774012
v 0.347580 -0.469597 0.793309
v 0.291016 -0.328123 0.818930
v 0.424417 -0.242836 0.552983
v 0.401959 -0.153478 0.596912
v 0.444621 -0.192848 0.500529
v 0.427260 -0.114836 0.542996
v 0.404556 -0.373160 0.616404
v 0.382248 -0.510865 0.747049
v 0.402734 -0.454774 0.616861
v 0.440249 -0.257031 0.499413
v 0.418251 -0.386073 0.554267
v 0.346938 -0.163286 0.703548
v 0.289977 -0.239876 0.819533
v 0.315481 -0.126057 0.747537
v 0.400694 -0.093387 0.585361
v 0.340505 -0.098555 0.681930
v -0.368464 -0.411174 0.734393
v -0.327404 -0.280591 0.773787
v -0.348320 -0.469450 0.791344
v -0.292503 -0.326184 0.818209
v -0.423951 -0.242929 0.553187
v -0.402239 -0.153856 0.598116
v -0.446960 -0.193626 0.498941
v -0.427406 -0.113879 0.542136
v -0.406359 -0.374768 0.615343
v -0.382093 -0.511732 0.745609
v -0.402440 -0.456471 0.616922
v -0.441210 -0.257149 0.496563
v -0.416750 -0.387008 0.553987
v -0.351039 -0.163589 0.706014
v -0.289721 -0.237380 0.817692
v -0.315450 -0.125707 0.747264
v -0.398649 -0.095112 0.583381
v -0.340697 -0.099778 0.681725
v 0.246527 0.184631 0.472907
v 0.231731 0.143581 0.531123
v 0.203122 0.196599 0.481577
v 0.185624 0.159447 0.533454
v 0.372763 0.134878 0.430153
v 0.360346 0.084069 0.491287
v 0.412851 0.110844 0.411267
v 0.400364 0.064051 0.471779
v 0.317464 0.178711 0.425274
v 0.232217 0.208524 0.451146
v 0.300252 0.204320 0.404699
v 0.397466 0.144295 0.391365
v 0.341917 0.188980 0.388662
v 0.289909 0.090702 0.552495
v 0.197732 0.130219 0.565569
v 0.260159 0.073162 0.599415
v 0.374324 0.045879 0.517291
v 0.305145 0.049073 0.586074
v -0.245275 0.182024 0.474425
v -0.230641 0.144171 0.532492
v -0.201411 0.195853 0.483911
v -0.184207 0.158988 0.534046
v -0.372558 0.132499 0.428818
v -0.360144 0.085798 0.490832
v -0.413199 0.112232 0.408814
v -0.399117 0.064758 0.470289
v -0.318250 0.178560 0.426267
v -0.229298 0.206466 0.451419
v -0.301825 0.204699 0.405454
v -0.399206 0.143682 0.390718
v -0.344424 0.188746 0.389300
v -0.288718 0.091378 0.553390
v -0.197635 0.130520 0.566674
v -0.258252 0.073455 0.599673
v -0.374606 0.048190 0.518574
v -0.303392 0.051995 0.585501
v 0.037847 -0.010324 -0.672614
v -0.043260 -0.009458 -0.673811
v 0.030079 -0.047154 -0.603683
v -0.036152 -0.047166 -0.604331
v 0.063355 0.118593 -0.900369
v -0.066156 0.116134 -0.903024
v 0.069152 0.181834 -0.945837
v -0.073013 0.179648 -0.956738
v 0.103039 0.032040 -0.793592
v 0.072047 -0.027206 -0.628695
v 0.142722 0.002337 -0.747297
v -0.107614 0.030655 -0.797198
v -0.075916 -0.027126 -0.629240
v -0.147051 0.002151 -0.748530
v 0.137450 0.138270 -0.945665
v 0.169219 0.026621 -0.849134
v -0.138940 0.139248 -0.943465
v -0.169723 0.027557 -0.850610
v 0.220122 -0.185778 -0.451063
v 0.200859 -0.123398 -0.502450
v 0.181120 -0.200358 -0.463855
v 0.158590 -0.143162 -0.508779
v 0.338204 -0.121483 -0.411862
v 0.333011 -0.060491 -0.478804
v 0.376970 -0.098699 -0.402052
v 0.376782 -0.040921 -0.471412
v 0.286082 -0.187827 -0.402640
v 0.212209 -0.229224 -0.431220
v 0.280804 -0.236940 -0.385389
v 0.360809 -0.139428 -0.372122
v 0.313723 -0.211633 -0.369367
v 0.262709 -0.058286 -0.526501
v 0.168406 -0.101415 -0.528894
v 0.234461 -0.034497 -0.565485
v 0.356715 -0.019155 -0.518334
v 0.286907 -0.016745 -0.573933
v -0.220097 -0.187786 -0.452743
v -0.202119 -0.122897 -0.502297
v -0.181898 -0.203668 -0.463239
v -0.161750 -0.144127 -0.509566
v -0.337247 -0.121056 -0.414762
v -0.334007 -0.058682 -0.482480
v -0.377673 -0.096119 -0.403974
v -0.377600 -0.037389 -0.475076
v -0.285153 -0.189473 -0.405187
v -0.211431 -0.228395 -0.432457
v -0.277914 -0.236540 -0.385810
v -0.359933 -0.139085 -0.378173
v -0.309438 -0.210279 -0.369900
v -0.265340 -0.057032 -0.529405
v -0.171460 -0.100924 -0.528401
v -0.235886 -0.034416 -0.569089
v -0.357934 -0.016766 -0.521836
v -0.286752 -0.016183 -0.577088
v 0.351189 0.380391 -0.752304
v 0.363953 0.280988 -0.855531
v 0.321522 0.427861 -0.795165
v 0.319903 0.323399 -0.896765
v 0.415107 0.229567 -0.591312
v 0.416966 0.158995 -0.648927
v 0.441470 0.181680 -0.540372
v 0.450347 0.113377 -0.599070
v 0.378177 0.348802 -0.631934
v 0.332315 0.452583 -0.727129
v 0.361119 0.420038 -0.615379
v 0.424481 0.242136 -0.529482
v 0.379136 0.362998 -0.565587
v 0.381127 0.172642 -0.776644
v 0.341457 0.247039 -0.927402
v 0.358967 0.140533 -0.836652
v 0.414948 0.106060 -0.632748
v 0.363399 0.115428 -0.743348
v -0.350459 0.378208 -0.751138
v -0.368718 0.280580 -0.853975
v -0.320656 0.426913 -0.795113
v -0.322280 0.323362 -0.896645
v -0.414900 0.228686 -0.590370
v -0.416640 0.155687 -0.647969
v -0.441875 0.175785 -0.542328
v -0.449819 0.112503 -0.597309
v -0.375888 0.349080 -0.630763
v -0.332497 0.452096 -0.726560
v -0.358472 0.419471 -0.615514
v -0.423849 0.238888 -0.531776
v -0.379245 0.362591 -0.564159
v -0.381089 0.174280 -0.776552
v -0.342226 0.244982 -0.926875
v -0.359142 0.138705 -0.839463
v -0.416176 0.103268 -0.633073
v -0.365686 0.113646 -0.742854
v 0.614095 0.032228 -0.052578
v 0.603339 -0.013511 -0.051226
v 0.597440 0.032695 -0.102252
v 0.590705 -0.013822 -0.098687
v 0.620216 0.028012 0.078490
v 0.615939 -0.016311 0.080321
v 0.615581 0.027372 0.119121
v 0.612800 -0.017693 0.120953
v 0.618955 0.050193 0.014813
v 0.601584 0.055967 -0.078080
v 0.610829 0.073486 -0.005502
v 0.613343 0.049015 0.100093
v 0.608941 0.072151 0.036955
v 0.608289 -0.039124 0.015740
v 0.583342 -0.038245 -0.074490
v 0.583993 -0.065023 -0.002522
v 0.602670 -0.044286 0.100999
v 0.590183 -0.068456 0.041920
v -0.610395 0.031770 -0.055154
v -0.602570 -0.013178 -0.053386
v -0.601900 0.031810 -0.104236
v -0.589011 -0.014611 -0.101638
v -0.622512 0.028073 0.079517
v -0.615642 -0.016207 0.079469
v -0.618547 0.027559 0.121069
v -0.610229 -0.016716 0.120559
v -0.621141 0.050344 0.015506
v -0.606117 0.053745 -0.078706
v -0.612187 0.073318 -0.006927
v -0.616060 0.049061 0.101625
v -0.610920 0.072373 0.036735
v -0.605777 -0.037605 0.016940
v -0.583091 -0.037923 -0.076454
v -0.584758 -0.063695 -0.003251
v -0.602864 -0.043676 0.101425
v -0.587922 -0.066299 0.039410
v -0.098778 0.571108 -0.060654
v -0.125427 0.528925 -0.018063
v -0.119147 0.623791 -0.186574
v -0.161717 0.629237 -0.231715
v -0.085288 0.556754 -0.038711
v -0.114128 0.640867 -0.237436
v -0.263287 0.398588 0.086723
v -0.301311 0.378394 0.088212
v -0.291263 0.361587 0.128694
v -0.311522 0.568121 -0.268185
v -0.325875 0.516774 -0.231444
v -0.338039 0.559117 -0.303817
v -0.382102 0.371456 -0.050534
v -0.382094 0.355579 -0.005715
v -0.413391 0.327897 -0.019740
v 0.097918 0.571888 -0.058981
v 0.123382 0.531979 -0.017653
v 0.116266 0.622754 -0.181902
v 0.160603 0.627482 -0.229411
v 0.083922 0.558335 -0.038588
v 0.113336 0.640912 -0.235867
v 0.258390 0.403327 0.090531
v 0.296326 0.381466 0.088373
v 0.285750 0.364567 0.125902
v 0.313524 0.566123 -0.268726
v 0.328255 0.516112 -0.232487
v 0.339831 0.558738 -0.301731
v 0.382939 0.373214 -0.050688
v 0.381226 0.358990 -0.005580
v 0.413798 0.328468 -0.016950
v -0.170166 -0.676903 0.059108
v -0.205663 -0.672711 0.155054
v -0.260064 -0.962811 -0.112835
v -0.320985 -0.962554 -0.189681
v -0.153404 -0.678389 0.170342
v -0.222257 -0.970085 -0.187559
v -0.359186 -0.586505 0.244509
v -0.388080 -0.546982 0.209579
v -0.382841 -0.556204 0.285305
v -0.448046 -0.649407 -0.222305
v -0.444907 -0.571212 -0.177909
v -0.442557 -0.561734 -0.238769
v -0.445947 -0.447408 0.002630
v -0.443477 -0.447909 0.051102
v -0.451664 -0.391114 0.035209
v 0.167626 -0.677641 0.061443
v 0.203728 -0.676059 0.153134
v 0.259260 -0.960780 -0.112285
v 0.320655 -0.962396 -0.188914
v 0.150448 -0.676937 0.167968
v 0.220187 -0.969984 -0.185398
v 0.361045 -0.588650 0.244467
v 0.389272 -0.547396 0.212781
v 0.382708 -0.556067 0.286397
v 0.446926 -0.648203 -0.220224
v 0.444444 -0.570285 -0.179251
v 0.442060 -0.562482 -0.238142
v 0.444614 -0.445958 0.001718
v 0.442135 -0.446996 0.051216
v 0.451450 -0.390632 0.033898
v -0.052727 -0.760513 0.741327
v 0.053452 -0.760186 0.738650
v -0.315721 -0.757405 0.842255
v -0.313825 -0.639242 0.836007
v 0.001926 -0.736476 0.684228
v -0.366366 -0.702076 0.802667
v 0.317067 -0.756974 0.840540
v 0.316412 -0.639856 0.836660
v 0.367760 -0.701795 0.800277
v 0.125086 -0.285341 0.898672
v 0.184492 -0.328361 0.871331
v -0.125839 -0.285101 0.897236
v -0.184612 -0.329359 0.872089
v 0.186268 -0.242731 0.879276
v -0.185826 -0.242065 0.880023
v -0.018587 0.297666 0.358612
v 0.019027 0.298287 0.357154
v -0.130350 0.242684 0.447820
v -0.147047 0.225917 0.470585
v 0.000653 0.327957 0.302673
v -0.171917 0.236634 0.438941
v 0.131159 0.247118 0.443910
v 0.146299 0.228424 0.469337
v 0.173382 0.239860 0.434534
v 0.073707 0.151282 0.577900
v 0.108332 0.163629 0.553867
v -0.073922 0.151527 0.581161
v -0.105969 0.163783 0.556012
v 0.119261 0.134604 0.594114
v -0.117511 0.134024 0.595511
v -0.024797 -0.417831 -0.397606
v 0.023849 -0.418002 -0.396676
v -0.135142 -0.294461 -0.433916
v -0.138824 -0.246693 -0.453759
v 0.000175 -0.475724 -0.370431
v -0.170590 -0.284371 -0.424515
v 0.131696 -0.291024 -0.433986
v 0.137249 -0.249679 -0.454554
v 0.169862 -0.284570 -0.427205
v 0.056773 -0.127718 -0.551476
v 0.087673 -0.145406 -0.534178
v -0.063758 -0.123411 -0.552311
v -0.090717 -0.148944 -0.532157
v 0.094147 -0.100926 -0.555027
v -0.099613 -0.099317 -0.554806
v -0.045025 0.808892 -0.711783
v 0.044773 0.808532 -0.711486
v -0.261331 0.628557 -0.776583
v -0.272471 0.548174 -0.801175
v -0.001319 0.830007 -0.663766
v -0.291413 0.573803 -0.740130
v 0.259816 0.626888 -0.774210
v 0.272628 0.548969 -0.798612
v 0.293696 0.578795 -0.745211
v 0.144576 0.287906 -0.963790
v 0.215043 0.327138 -0.962627
v -0.145535 0.285639 -0.964563
v -0.216633 0.326096 -0.962922
v 0.225111 0.252362 -0.990545
v -0.228054 0.250163 -0.990391
v 0.490158 0.148382 -0.382891
v 0.480231 0.145279 -0.439058
v 0.559415 0.085635 -0.206021
v 0.574156 0.057154 -0.178000
v 0.463343 0.198404 -0.423216
v 0.575273 0.084858 -0.153185
v 0.453106 -0.102752 -0.308158
v 0.434053 -0.093441 -0.347132
v 0.539915 -0.061659 -0.190546
v 0.560233 -0.039344 -0.170441
v 0.418033 -0.130027 -0.324731
v 0.551032 -0.063853 -0.144804
v 0.439857 0.017133 -0.490294
v 0.463245 0.052991 -0.520457
v 0.423610 0.037219 -0.544326
v 0.492875 0.111563 0.314118
v 0.471211 0.101245 0.351084
v 0.575505 0.072127 0.197557
v 0.597514 0.049034 0.180003
v 0.458875 0.133475 0.333427
v 0.590763 0.073664 0.160321
v 0.502147 -0.161177 0.349904
v 0.486287 -0.154842 0.399702
v 0.570922 -0.080343 0.203434
v 0.591361 -0.047160 0.181674
v 0.476388 -0.213224 0.393958
v 0.577478 -0.079351 0.164822
v 0.456546 -0.031664 0.481477
v 0.451758 0.009311 0.468498
v 0.423949 -0.015277 0.513784
v -0.490354 0.152122 -0.385331
v -0.479011 0.144761 -0.440141
v -0.561321 0.084891 -0.208128
v -0.578248 0.054831 -0.179042
v -0.461542 0.198547 -0.425088
v -0.576886 0.084374 -0.153946
v -0.452620 -0.099995 -0.311329
v -0.434160 -0.091436 -0.351757
v -0.542375 -0.059641 -0.194441
v -0.560303 -0.036917 -0.172180
v -0.417448 -0.127616 -0.325929
v -0.552713 -0.060309 -0.146432
v -0.440317 0.017990 -0.493393
v -0.461334 0.052563 -0.520707
v -0.426924 0.039309 -0.543998
v -0.493220 0.110765 0.313087
v -0.472954 0.102243 0.350518
v -0.578315 0.073044 0.198696
v -0.597670 0.050059 0.179019
v -0.461338 0.132216 0.334487
v -0.594054 0.071684 0.160401
v -0.503281 -0.161146 0.348167
v -0.485765 -0.159031 0.397237
v -0.572286 -0.078372 0.204647
v -0.590343 -0.045571 0.180851
v -0.477184 -0.212912 0.393927
v -0.579470 -0.076576 0.163568
v -0.457048 -0.031219 0.482062
v -0.452863 0.009548 0.466568
v -0.425667 -0.013509 0.513938
v -0.010942 0.533911 -0.001036
v 0.011138 0.531005 0.002599
v 0.001137 0.486062 0.062462
v -0.032585 0.751379 -0.371536
v 0.032702 0.754559 -0.372921
v -0.000401 0.806145 -0.441362
v -0.321787 0.256017 0.292503
v -0.304942 0.240937 0.338263
v -0.347216 0.225459 0.323916
v -0.389658 0.541473 -0.469932
v -0.367855 0.521262 -0.533539
v -0.373326 0.456238 -0.482277
v -0.540069 0.169137 0.010327
v -0.568229 0.136110 -0.009245
v -0.567594 0.133043 0.034901
v 0.322039 0.257047 0.296514
v 0.303937 0.242747 0.340019
v 0.342881 0.227148 0.324149
v 0.387692 0.540888 -0.470266
v 0.366017 0.521580 -0.534668
v 0.372418 0.455770 -0.482588
v 0.537168 0.172854 0.009677
v 0.565130 0.137550 -0.010774
v 0.565113 0.133008 0.034814
v -0.025174 -0.736086 0.406170
v 0.031530 -0.738003 0.405371
v 0.002437 -0.763396 0.494881
v -0.046881 -0.663244 -0.198276
v 0.049791 -0.663370 -0.198589
v 0.001051 -0.649083 -0.244998
v -0.405455 -0.508571 0.476569
v -0.405604 -0.526013 0.545254
v -0.419164 -0.453013 0.485561
v -0.358761 -0.351912 -0.331216
v -0.316819 -0.321333 -0.353544
v -0.343081 -0.289542 -0.333191
v -0.514603 -0.179222 0.034300
v -0.536026 -0.132760 0.005479
v -0.540121 -0.138725 0.049087
v 0.406032 -0.511608 0.477820
v 0.403864 -0.524241 0.547871
v 0.419148 -0.456119 0.485926
v 0.357957 -0.349702 -0.330865
v 0.317611 -0.321119 -0.352834
v 0.343682 -0.288466 -0.330397
v 0.514684 -0.178848 0.034930
v 0.537145 -0.131091 0.005238
v 0.540589 -0.140064 0.049671
v 0.258221 -0.037011 0.738705
v 0.242463 0.012970 0.692534
v 0.289273 -0.015732 0.679763
v -0.258646 -0.035029 0.741901
v -0.242935 0.014777 0.694820
v -0.289038 -0.013414 0.679382
v 0.238293 0.015870 -0.699829
v 0.273804 0.054188 -0.786161
v 0.294523 0.040453 -0.702846
v -0.238352 0.015674 -0.701272
v -0.274529 0.051124 -0.789266
v -0.293481 0.040680 -0.705351
f 1 647 644
f 1 644 643
f 1 643 645
f 1 645 646
f 1 646 647
f 2 649 652
f 6 672 670
f 12 702 699
f 11 696 695
f 8 679 681
f 4 662 659
f 4 659 658
f 4 658 660
f 4 660 661
f 4 661 662
f 5 666 665
f 3 654 657
f 7 673 677
f 9 685 686
f 10 692 688
f 12 701 698
f 6 669 668
f 2 650 648
f 8 682 678
f 11 697 693
f 6 671 669
f 12 700 701
f 11 694 697
f 8 680 682
f 2 651 650
f 10 690 689
f 5 663 664
f 3 655 653
f 7 676 674
f 9 687 684
f 10 691 690
f 5 667 663
f 3 656 655
f 7 675 676
f 9 683 687
f 6 668 672
f 2 648 649
f 8 678 679
f 11 693 696
f 12 698 702
f 10 688 691
f 5 665 667
f 3 657 656
f 7 677 675
f 9 686 683
f 5 664 666
f 3 653 654
f 7 674 673
f 9 684 685
f 10 689 692
f 6 670 671
f 12 699 700
f 11 695 694
f 8 681 680
f 2 652 651
f 35 837 838
f 18 735 736
f 19 742 741
f 40 868 867
f 42 880 879
f 34 832 831
f 33 827 828
f 25 778 780
f 36 844 846
f 20 749 747
f 32 819 820
f 23 765 767
f 24 773 771
f 37 850 849
f 41 876 875
f 34 833 834
f 33 826 825
f 25 779 777
f 36 845 843
f 20 748 750
f 17 729 727
f 14 711 709
f 13 706 703
f 15 718 715
f 16 724 721
f 18 737 733
f 35 839 835
f 42 882 878
f 40 870 866
f 19 744 740
f 30 807 805
f 27 789 787
f 22 762 758
f 28 797 793
f 29 802 799
f 32 821 817
f 23 766 763
f 24 774 770
f 37 852 848
f 41 874 872
f 35 838 836
f 18 736 734
f 19 741 739
f 40 867 865
f 42 879 877
f 34 831 829
f 33 828 824
f 25 780 776
f 36 846 842
f 20 747 745
f 32 820 818
f 23 767 764
f 24 771 769
f 37 849 847
f 41 875 871
f 34 834 830
f 33 825 823
f 25 777 775
f 36 843 841
f 20 750 746
f 14 714 710
f 13 707 704
f 15 719 716
f 16 725 722
f 17 732 728
f 21 755 752
f 31 814 811
f 26 784 781
f 38 857 853
f 39 862 860
f 27 792 788
f 22 759 757
f 28 796 794
f 29 803 800
f 30 810 806
f 31 815 812
f 26 785 782
f 38 856 854
f 39 863 859
f 21 754 751
f 14 712 714
f 13 705 707
f 15 717 719
f 16 723 725
f 17 730 732
f 21 753 755
f 31 816 814
f 26 786 784
f 38 858 857
f 39 861 862
f 27 791 792
f 22 761 759
f 28 795 796
f 29 801 803
f 30 808 810
f 31 813 815
f 26 783 785
f 38 855 856
f 39 864 863
f 21 756 754
f 14 709 712
f 13 703 705
f 15 715 717
f 16 721 723
f 17 727 730
f 21 751 753
f 31 812 816
f 26 782 786
f 38 854 858
f 39 859 861
f 27 787 791
f 22 758 761
f 28 793 795
f 29 799 801
f 30 805 808
f 31 811 813
f 26 781 783
f 38 853 855
f 39 860 864
f 21 752 756
f 17 728 731
f 14 710 713
f 13 704 708
f 15 716 720
f 16 722 726
f 18 734 738
f 35 836 840
f 42 877 881
f 40 865 869
f 19 739 743
f 30 806 809
f 27 788 790
f 22 757 760
f 28 794 798
f 29 800 804
f 32 818 822
f 23 764 768
f 24 769 772
f 37 847 851
f 41 871 873
f 35 835 837
f 18 733 735
f 19 740 742
f 40 866 868
f 42 878 880
f 34 830 832
f 33 823 827
f 25 775 778
f 36 841 844
f 20 746 749
f 32 817 819
f 23 763 765
f 24 770 773
f 37 848 850
f 41 872 876
f 34 829 833
f 33 824 826
f 25 776 779
f 36 842 845
f 20 745 748
f 17 731 729
f 14 713 711
f 13 708 706
f 15 720 718
f 16 726 724
f 18 738 737
f 35 840 839
f 42 881 882
f 40 869 870
f 19 743 744
f 30 809 807
f 27 790 789
f 22 760 762
f 28 798 797
f 29 804 802
f 32 822 821
f 23 768 766
f 24 772 774
f 37 851 852
f 41 873 874
f 107 1269 1270
f 103 1245 1246
f 104 1252 1251
f 110 1288 1287
f 113 1306 1305
f 118 1336 1335
f 154 1551 1552
f 141 1473 1474
f 162 1599 1600
f 121 1354 1353
f 142 1479 1480
f 129 1401 1402
f 130 1408 1407
f 144 1492 1491
f 146 1504 1503
f 151 1533 1534
f 131 1414 1413
f 136 1444 1443
f 161 1594 1593
f 126 1383 1384
f 116 1323 1324
f 108 1275 1276
f 106 1263 1264
f 112 1299 1300
f 115 1317 1318
f 119 1341 1342
f 156 1564 1563
f 139 1462 1461
f 160 1588 1587
f 120 1347 1348
f 149 1521 1522
f 132 1420 1419
f 128 1395 1396
f 145 1497 1498
f 148 1515 1516
f 155 1557 1558
f 133 1425 1426
f 134 1431 1432
f 157 1570 1569
f 124 1372 1371
f 109 1282 1281
f 105 1258 1257
f 111 1294 1293
f 114 1312 1311
f 117 1330 1329
f 125 1378 1377
f 152 1540 1539
f 137 1449 1450
f 158 1575 1576
f 123 1365 1366
f 143 1486 1485
f 127 1390 1389
f 135 1437 1438
f 147 1510 1509
f 150 1528 1527
f 153 1546 1545
f 140 1468 1467
f 138 1455 1456
f 159 1581 1582
f 122 1359 1360
f 107 1272 1271
f 103 1248 1247
f 104 1253 1254
f 110 1289 1290
f 113 1307 1308
f 118 1337 1338
f 154 1554 1553
f 141 1476 1475
f 162 1602 1601
f 121 1355 1356
f 142 1482 1481
f 129 1404 1403
f 130 1409 1410
f 144 1493 1494
f 146 1505 1506
f 151 1536 1535
f 131 1415 1416
f 136 1445 1446
f 161 1595 1596
f 126 1386 1385
f 47 909 907
f 44 891 889
f 43 886 883
f 45 898 895
f 46 904 901
f 49 922 919
f 72 1060 1057
f 102 1240 1237
f 96 1204 1201
f 79 1102 1099
f 62 999 997
f 59 981 979
f 58 976 973
f 60 988 985
f 61 994 991
f 66 1024 1021
f 54 952 949
f 73 1066 1063
f 85 1138 1135
f 92 1179 1177
f 101 1233 1231
f 69 1041 1039
f 50 927 925
f 82 1119 1117
f 97 1209 1207
f 71 1053 1051
f 100 1228 1225
f 94 1192 1189
f 80 1108 1105
f 51 933 931
f 90 1167 1165
f 63 1005 1003
f 55 957 955
f 76 1083 1081
f 87 1150 1147
f 91 1174 1171
f 67 1029 1027
f 56 963 961
f 75 1077 1075
f 83 1126 1123
f 68 1036 1033
f 48 915 913
f 78 1095 1093
f 93 1185 1183
f 98 1216 1213
f 88 1155 1153
f 65 1018 1015
f 57 970 967
f 77 1090 1087
f 86 1143 1141
f 64 1012 1009
f 53 945 943
f 74 1071 1069
f 84 1131 1129
f 89 1162 1159
f 70 1047 1045
f 99 1221 1219
f 95 1197 1195
f 81 1114 1111
f 52 940 937
f 109 1284 1280
f 105 1260 1256
f 111 1296 1292
f 114 1314 1310
f 117 1332 1328
f 125 1380 1376
f 152 1542 1538
f 137 1451 1447
f 158 1577 1573
f 123 1367 1363
f 143 1488 1484
f 127 1392 1388
f 135 1439 1435
f 147 1512 1508
f 150 1530 1526
f 153 1548 1544
f 140 1470 1466
f 138 1457 1453
f 159 1583 1579
f 122 1361 1357
f 107 1270 1268
f 103 1246 1244
f 104 1251 1249
f 110 1287 1285
f 113 1305 1303
f 118 1335 1333
f 154 1552 1550
f 141 1474 1472
f 162 1600 1598
f 121 1353 1351
f 142 1480 1478
f 129 1402 1400
f 130 1407 1405
f 144 1491 1489
f 146 1503 1501
f 151 1534 1532
f 131 1413 1411
f 136 1443 1441
f 161 1593 1591
f 126 1384 1382
f 116 1324 1322
f 108 1276 1274
f 106 1264 1262
f 112 1300 1298
f 115 1318 1316
f 119 1342 1340
f 156 1563 1561
f 139 1461 1459
f 160 1587 1585
f 120 1348 1346
f 149 1522 1520
f 132 1419 1417
f 128 1396 1394
f 145 1498 1496
f 148 1516 1514
f 155 1558 1556
f 133 1426 1424
f 134 1432 1430
f 157 1569 1567
f 124 1371 1369
f 109 1281 1279
f 105 1257 1255
f 111 1293 1291
f 114 1311 1309
f 117 1329 1327
f 125 1377 1375
f 152 1539 1537
f 137 1450 1448
f 158 1576 1574
f 123 1366 1364
f 143 1485 1483
f 127 1389 1387
f 135 1438 1436
f 147 1509 1507
f 150 1527 1525
f 153 1545 1543
f 140 1467 1465
f 138 1456 1454
f 159 1582 1580
f 122 1360 1358
f 107 1271 1267
f 103 1247 1243
f 104 1254 1250
f 110 1290 1286
f 113 1308 1304
f 118 1338 1334
f 154 1553 1549
f 141 1475 1471
f 162 1601 1597
f 121 1356 1352
f 142 1481 1477
f 129 1403 1399
f 130 1410 1406
f 144 1494 1490
f 146 1506 1502
f 151 1535 1531
f 131 1416 1412
f 136 1446 1442
f 161 1596 1592
f 126 1385 1381
f 44 894 890
f 43 887 884
f 45 899 896
f 46 905 902
f 47 912 908
f 52 941 938
f 70 1050 1046
f 99 1224 1220
f 95 1200 1196
f 81 1115 1112
f 59 984 980
f 58 977 974
f 60 989 986
f 61 995 992
f 62 1002 998
f 65 1019 1016
f 57 971 968
f 77 1091 1088
f 86 1146 1142
f 88 1158 1154
f 98 1217 1214
f 68 1037 1034
f 48 918 914
f 78 1098 1094
f 93 1188 1184
f 69 1044 1040
f 101 1236 1232
f 97 1212 1208
f 82 1122 1118
f 50 930 926
f 89 1163 1160
f 64 1013 1010
f 53 948 944
f 74 1074 1070
f 84 1134 1130
f 90 1170 1166
f 63 1008 1004
f 55 960 956
f 76 1086 1082
f 87 1151 1148
f 72 1061 1058
f 49 923 920
f 79 1103 1100
f 96 1205 1202
f 102 1241 1238
f 91 1175 1172
f 67 1032 1028
f 56 966 962
f 75 1080 1076
f 83 1127 1124
f 66 1025 1022
f 54 953 950
f 73 1067 1064
f 85 1139 1136
f 92 1182 1178
f 71 1056 1052
f 100 1229 1226
f 94 1193 1190
f 80 1109 1106
f 51 936 932
f 116 1325 1321
f 108 1277 1273
f 106 1265 1261
f 112 1301 1297
f 115 1319 1315
f 119 1343 1339
f 156 1566 1562
f 139 1464 1460
f 160 1590 1586
f 120 1349 1345
f 149 1523 1519
f 132 1422 1418
f 128 1397 1393
f 145 1499 1495
f 148 1517 1513
f 155 1559 1555
f 133 1427 1423
f 134 1433 1429
f 157 1572 1568
f 124 1374 1370
f 44 892 894
f 43 885 887
f 45 897 899
f 46 903 905
f 47 910 912
f 52 939 941
f 70 1048 1050
f 99 1222 1224
f 95 1198 1200
f 81 1113 1115
f 59 982 984
f 58 975 977
f 60 987 989
f 61 993 995
f 62 1000 1002
f 65 1017 1019
f 57 969 971
f 77 1089 1091
f 86 1144 1146
f 88 1156 1158
f 98 1215 1217
f 68 1035 1037
f 48 916 918
f 78 1096 1098
f 93 1186 1188
f 69 1042 1044
f 101 1234 1236
f 97 1210 1212
f 82 1120 1122
f 50 928 930
f 89 1161 1163
f 64 1011 1013
f 53 946 948
f 74 1072 1074
f 84 1132 1134
f 90 1168 1170
f 63 1006 1008
f 55 958 960
f 76 1084 1086
f 87 1149 1151
f 72 1059 1061
f 49 921 923
f 79 1101 1103
f 96 1203 1205
f 102 1239 1241
f 91 1173 1175
f 67 1030 1032
f 56 964 966
f 75 1078 1080
f 83 1125 1127
f 66 1023 1025
f 54 951 953
f 73 1065 1067
f 85 1137 1139
f 92 1180 1182
f 71 1054 1056
f 100 1227 1229
f 94 1191 1193
f 80 1107 1109
f 51 934 936
f 116 1326 1325
f 108 1278 1277
f 106 1266 1265
f 112 1302 1301
f 115 1320 1319
f 119 1344 1343
f 156 1565 1566
f 139 1463 1464
f 160 1589 1590
f 120 1350 1349
f 149 1524 1523
f 132 1421 1422
f 128 1398 1397
f 145 1500 1499
f 148 1518 1517
f 155 1560 1559
f 133 1428 1427
f 134 1434 1433
f 157 1571 1572
f 124 1373 1374
f 44 889 892
f 43 883 885
f 45 895 897
f 46 901 903
f 47 907 910
f 52 937 939
f 70 1045 1048
f 99 1219 1222
f 95 1195 1198
f 81 1111 1113
f 59 979 982
f 58 973 975
f 60 985 987
f 61 991 993
f 62 997 1000
f 65 1015 1017
f 57 967 969
f 77 1087 1089
f 86 1141 1144
f 88 1153 1156
f 98 1213 1215
f 68 1033 1035
f 48 913 916
f 78 1093 1096
f 93 1183 1186
f 69 1039 1042
f 101 1231 1234
f 97 1207 1210
f 82 1117 1120
f 50 925 928
f 89 1159 1161
f 64 1009 1011
f 53 943 946
f 74 1069 1072
f 84 1129 1132
f 90 1165 1168
f 63 1003 1006
f 55 955 958
f 76 1081 1084
f 87 1147 1149
f 72 1057 1059
f 49 919 921
f 79 1099 1101
f 96 1201 1203
f 102 1237 1239
f 91 1171 1173
f 67 1027 1030
f 56 961 964
f 75 1075 1078
f 83 1123 1125
f 66 1021 1023
f 54 949 951
f 73 1063 1065
f 85 1135 1137
f 92 1177 1180
f 71 1051 1054
f 100 1225 1227
f 94 1189 1191
f 80 1105 1107
f 51 931 934
f 116 1322 1326
f 108 1274 1278
f 106 1262 1266
f 112 1298 1302
f 115 1316 1320
f 119 1340 1344
f 156 1561 1565
f 139 1459 1463
f 160 1585 1589
f 120 1346 1350
f 149 1520 1524
f 132 1417 1421
f 128 1394 1398
f 145 1496 1500
f 148 1514 1518
f 155 1556 1560
f 133 1424 1428
f 134 1430 1434
f 157 1567 1571
f 124 1369 1373
f 47 908 911
f 44 890 893
f 43 884 888
f 45 896 900
f 46 902 906
f 49 920 924
f 72 1058 1062
f 102 1238 1242
f 96 1202 1206
f 79 1100 1104
f 62 998 1001
f 59 980 983
f 58 974 978
f 60 986 990
f 61 992 996
f 66 1022 1026
f 54 950 954
f 73 1064 1068
f 85 1136 1140
f 92 1178 1181
f 101 1232 1235
f 69 1040 1043
f 50 926 929
f 82 1118 1121
f 97 1208 1211
f 71 1052 1055
f 100 1226 1230
f 94 1190 1194
f 80 1106 1110
f 51 932 935
f 90 1166 1169
f 63 1004 1007
f 55 956 959
f 76 1082 1085
f 87 1148 1152
f 91 1172 1176
f 67 1028 1031
f 56 962 965
f 75 1076 1079
f 83 1124 1128
f 68 1034 1038
f 48 914 917
f 78 1094 1097
f 93 1184 1187
f 98 1214 1218
f 88 1154 1157
f 65 1016 1020
f 57 968 972
f 77 1088 1092
f 86 1142 1145
f 64 1010 1014
f 53 944 947
f 74 1070 1073
f 84 1130 1133
f 89 1160 1164
f 70 1046 1049
f 99 1220 1223
f 95 1196 1199
f 81 1112 1116
f 52 938 942
f 109 1279 1283
f 105 1255 1259
f 111 1291 1295
f 114 1309 1313
f 117 1327 1331
f 125 1375 1379
f 152 1537 1541
f 137 1448 1452
f 158 1574 1578
f 123 1364 1368
f 143 1483 1487
f 127 1387 1391
f 135 1436 1440
f 147 1507 1511
f 150 1525 1529
f 153 1543 1547
f 140 1465 1469
f 138 1454 1458
f 159 1580 1584
f 122 1358 1362
f 107 1267 1269
f 103 1243 1245
f 104 1250 1252
f 110 1286 1288
f 113 1304 1306
f 118 1334 1336
f 154 1549 1551
f 141 1471 1473
f 162 1597 1599
f 121 1352 1354
f 142 1477 1479
f 129 1399 1401
f 130 1406 1408
f 144 1490 1492
f 146 1502 1504
f 151 1531 1533
f 131 1412 1414
f 136 1442 1444
f 161 1592 1594
f 126 1381 1383
f 116 1321 1323
f 108 1273 1275
f 106 1261 1263
f 112 1297 1299
f 115 1315 1317
f 119 1339 1341
f 156 1562 1564
f 139 1460 1462
f 160 1586 1588
f 120 1345 1347
f 149 1519 1521
f 132 1418 1420
f 128 1393 1395
f 145 1495 1497
f 148 1513 1515
f 155 1555 1557
f 133 1423 1425
f 134 1429 1431
f 157 1568 1570
f 124 1370 1372
f 109 1280 1282
f 105 1256 1258
f 111 1292 1294
f 114 1310 1312
f 117 1328 1330
f 125 1376 1378
f 152 1538 1540
f 137 1447 1449
f 158 1573 1575
f 123 1363 1365
f 143 1484 1486
f 127 1388 1390
f 135 1435 1437
f 147 1508 1510
f 150 1526 1528
f 153 1544 1546
f 140 1466 1468
f 138 1453 1455
f 159 1579 1581
f 122 1357 1359
f 107 1268 1272
f 103 1244 1248
f 104 1249 1253
f 110 1285 1289
f 113 1303 1307
f 118 1333 1337
f 154 1550 1554
f 141 1472 1476
f 162 1598 1602
f 121 1351 1355
f 142 1478 1482
f 129 1400 1404
f 130 1405 1409
f 144 1489 1493
f 146 1501 1505
f 151 1532 1536
f 131 1411 1415
f 136 1441 1445
f 161 1591 1595
f 126 1382 1386
f 47 911 909
f 44 893 891
f 43 888 886
f 45 900 898
f 46 906 904
f 49 924 922
f 72 1062 1060
f 102 1242 1240
f 96 1206 1204
f 79 1104 1102
f 62 1001 999
f 59 983 981
f 58 978 976
f 60 990 988
f 61 996 994
f 66 1026 1024
f 54 954 952
f 73 1068 1066
f 85 1140 1138
f 92 1181 1179
f 101 1235 1233
f 69 1043 1041
f 50 929 927
f 82 1121 1119
f 97 1211 1209
f 71 1055 1053
f 100 1230 1228
f 94 1194 1192
f 80 1110 1108
f 51 935 933
f 90 1169 1167
f 63 1007 1005
f 55 959 957
f 76 1085 1083
f 87 1152 1150
f 91 1176 1174
f 67 1031 1029
f 56 965 963
f 75 1079 1077
f 83 1128 1126
f 68 1038 1036
f 48 917 915
f 78 1097 1095
f 93 1187 1185
f 98 1218 1216
f 88 1157 1155
f 65 1020 1018
f 57 972 970
f 77 1092 1090
f 86 1145 1143
f 64 1014 1012
f 53 947 945
f 74 1073 1071
f 84 1133 1131
f 89 1164 1162
f 70 1049 1047
f 99 1223 1221
f 95 1199 1197
f 81 1116 1114
f 52 942 940
f 109 1283 1284
f 105 1259 1260
f 111 1295 1296
f 114 1313 1314
f 117 1331 1332
f 125 1379 1380
f 152 1541 1542
f 137 1452 1451
f 158 1578 1577
f 123 1368 1367
f 143 1487 1488
f 127 1391 1392
f 135 1440 1439
f 147 1511 1512
f 150 1529 1530
f 153 1547 1548
f 140 1469 1470
f 138 1458 1457
f 159 1584 1583
f 122 1362 1361
f 407 1609 1616
f 403 1605 1608
f 404 1611 1606
f 410 1614 1612
f 413 1617 1615
f 422 1631 1624
f 486 1688 1692
f 573 1775 1782
f 561 1763 1765
f 512 1719 1714
f 452 1654 1661
f 448 1650 1653
f 449 1656 1651
f 455 1659 1657
f 458 1662 1660
f 470 1672 1675
f 437 1646 1639
f 494 1706 1696
f 531 1735 1733
f 539 1741 1751
f 568 1770 1779
f 478 1680 1683
f 419 1621 1626
f 509 1711 1721
f 554 1756 1766
f 482 1684 1689
f 576 1780 1778
f 558 1767 1760
f 516 1722 1718
f 425 1627 1629
f 542 1744 1747
f 463 1668 1665
f 434 1636 1641
f 497 1699 1704
f 528 1730 1737
f 546 1748 1750
f 464 1666 1676
f 440 1642 1644
f 500 1705 1702
f 524 1736 1726
f 479 1691 1681
f 418 1623 1620
f 508 1713 1710
f 553 1764 1755
f 569 1781 1771
f 538 1749 1740
f 471 1677 1673
f 443 1645 1647
f 501 1703 1707
f 523 1725 1734
f 467 1674 1669
f 433 1638 1635
f 493 1695 1698
f 527 1732 1729
f 543 1752 1745
f 485 1690 1687
f 572 1777 1774
f 557 1759 1762
f 515 1717 1720
f 428 1630 1632
f 591 2191 2189
f 587 1885 1883
f 588 1901 1903
f 594 2279 2281
f 597 2315 2317
f 600 2171 2173
f 634 2160 2158
f 619 2016 2012
f 639 2214 2210
f 602 1919 1924
f 624 2137 2135
f 608 1978 1973
f 610 1991 1996
f 627 2225 2227
f 630 2302 2304
f 635 2178 2176
f 615 2153 2155
f 617 2009 2014
f 637 2207 2212
f 604 1926 1922
f 416 1857 1864
f 408 1803 1810
f 406 1786 1795
f 412 1822 1831
f 415 1840 1849
f 424 1876 1887
f 492 2182 2193
f 582 2312 2321
f 565 2276 2285
f 514 1898 1907
f 461 2091 2098
f 453 2037 2044
f 451 1952 1961
f 457 2056 2067
f 460 2074 2083
f 475 2128 2139
f 439 1966 1975
f 496 1988 1997
f 533 2222 2231
f 551 2293 2298
f 579 2185 2190
f 483 1879 1884
f 426 1893 1900
f 521 2271 2278
f 566 2307 2314
f 489 2163 2170
f 578 2150 2159
f 560 2006 2015
f 518 2204 2213
f 429 1911 1918
f 547 2131 2136
f 465 1969 1977
f 441 1983 1990
f 504 2217 2224
f 537 2290 2301
f 550 2168 2177
f 476 2145 2152
f 444 2001 2008
f 502 2199 2206
f 526 1916 1925
f 481 1808 1817
f 420 1789 1797
f 510 1825 1833
f 555 1843 1851
f 571 1862 1871
f 540 1933 1941
f 473 2110 2119
f 447 2020 2029
f 507 2236 2247
f 534 2257 2262
f 469 2042 2051
f 435 1947 1954
f 498 2059 2064
f 529 2077 2085
f 545 2096 2105
f 487 2113 2121
f 574 2023 2031
f 562 2239 2244
f 520 2254 2265
f 432 1930 1939
f 589 1818 1814
f 583 1798 1793
f 586 1834 1829
f 593 1852 1847
f 596 1872 1868
f 599 1942 1937
f 633 2120 2124
f 620 2030 2034
f 640 2248 2250
f 603 2263 2261
f 622 2052 2050
f 607 1955 1960
f 612 2065 2063
f 626 2086 2081
f 629 2106 2102
f 631 2122 2117
f 614 2032 2027
f 618 2245 2243
f 641 2266 2268
f 605 1940 1944
f 409 1813 1804
f 405 1792 1785
f 411 1828 1821
f 414 1846 1839
f 417 1867 1858
f 431 1936 1929
f 488 2123 2114
f 575 2033 2024
f 563 2249 2240
f 519 2260 2253
f 454 2049 2038
f 450 1959 1951
f 456 2062 2055
f 459 2080 2073
f 462 2101 2092
f 472 2116 2109
f 446 2026 2019
f 506 2242 2235
f 535 2267 2258
f 541 1943 1934
f 570 1869 1861
f 480 1815 1807
f 421 1799 1790
f 511 1835 1826
f 556 1853 1844
f 484 1889 1880
f 580 2195 2186
f 567 2319 2308
f 522 2283 2272
f 427 1905 1894
f 544 2103 2095
f 468 2046 2041
f 436 1957 1948
f 499 2069 2060
f 530 2087 2078
f 548 2141 2132
f 466 1979 1970
f 442 1993 1984
f 505 2229 2218
f 536 2296 2289
f 491 2188 2181
f 423 1882 1875
f 513 1902 1897
f 564 2280 2275
f 581 2316 2311
f 549 2172 2167
f 477 2157 2146
f 445 2011 2002
f 503 2209 2200
f 525 1923 1915
f 474 2134 2127
f 438 1972 1965
f 495 1995 1987
f 532 2226 2221
f 552 2303 2294
f 490 2175 2164
f 577 2154 2149
f 559 2013 2005
f 517 2211 2203
f 430 1921 1912
f 590 1865 1870
f 584 1811 1816
f 585 1796 1800
f 592 1832 1836
f 595 1850 1854
f 598 1888 1890
f 636 2194 2196
f 621 2322 2320
f 642 2286 2284
f 601 1908 1906
f 623 2099 2104
f 611 2045 2047
f 609 1962 1958
f 625 2068 2070
f 628 2084 2088
f 632 2140 2142
f 613 1976 1980
f 616 1998 1994
f 638 2232 2230
f 606 2299 2297
f 407 2330 2329
f 403 2324 2323
f 404 2325 2326
f 410 2332 2333
f 413 2335 2336
f 422 2344 2345
f 486 2410 2409
f 573 2497 2496
f 561 2486 2485
f 512 2434 2435
f 452 2375 2374
f 448 2369 2368
f 449 2370 2371
f 455 2377 2378
f 458 2380 2381
f 470 2393 2392
f 437 2359 2360
f 494 2415 2416
f 531 2455 2456
f 539 2461 2460
f 568 2489 2488
f 478 2399 2398
f 419 2341 2340
f 509 2431 2430
f 554 2476 2475
f 482 2405 2404
f 576 2500 2501
f 558 2481 2482
f 516 2439 2440
f 425 2348 2347
f 542 2465 2464
f 463 2383 2384
f 434 2356 2355
f 497 2420 2419
f 528 2452 2451
f 546 2471 2470
f 464 2386 2385
f 440 2363 2362
f 500 2422 2423
f 524 2445 2446
f 479 2400 2401
f 418 2338 2339
f 508 2428 2429
f 553 2473 2474
f 569 2490 2491
f 538 2458 2459
f 471 2394 2395
f 443 2366 2365
f 501 2425 2424
f 523 2444 2443
f 467 2389 2390
f 433 2353 2354
f 493 2414 2413
f 527 2449 2450
f 543 2466 2467
f 485 2407 2408
f 572 2494 2495
f 557 2480 2479
f 515 2438 2437
f 428 2351 2350
f 591 2510 2511
f 587 2504 2505
f 588 2508 2507
f 594 2514 2513
f 597 2517 2516
f 600 2520 2519
f 634 2554 2556
f 619 2539 2540
f 639 2560 2561
f 602 2523 2521
f 624 2543 2544
f 608 2527 2529
f 610 2532 2530
f 627 2547 2546
f 630 2550 2549
f 635 2552 2553
f 615 2535 2534
f 617 2538 2536
f 637 2558 2557
f 604 2524 2525
f 167 1607 647
f 164 1603 644
f 163 1604 643
f 165 1610 645
f 166 1613 646
f 169 1622 649
f 192 1686 672
f 222 1773 702
f 216 1761 696
f 199 1712 679
f 182 1652 662
f 179 1648 659
f 178 1649 658
f 180 1655 660
f 181 1658 661
f 186 1670 666
f 174 1637 654
f 193 1694 673
f 205 1731 685
f 212 1739 692
f 221 1768 701
f 189 1678 669
f 170 1619 650
f 202 1709 682
f 217 1754 697
f 191 1682 671
f 220 1776 700
f 214 1758 694
f 200 1716 680
f 171 1625 651
f 210 1742 690
f 183 1663 663
f 175 1634 655
f 196 1697 676
f 207 1728 687
f 211 1746 691
f 187 1664 667
f 176 1640 656
f 195 1700 675
f 203 1724 683
f 188 1679 668
f 168 1618 648
f 198 1708 678
f 213 1753 693
f 218 1769 698
f 208 1738 688
f 185 1671 665
f 177 1643 657
f 197 1701 677
f 206 1723 686
f 184 1667 664
f 173 1633 653
f 194 1693 674
f 204 1727 684
f 209 1743 689
f 190 1685 670
f 219 1772 699
f 215 1757 695
f 201 1715 681
f 172 1628 652
f 357 2187 837
f 255 1881 735
f 262 1899 742
f 388 2277 868
f 400 2313 880
f 352 2169 832
f 347 2156 827
f 298 2010 778
f 364 2208 844
f 269 1917 749
f 339 2133 819
f 285 1971 765
f 293 1989 773
f 370 2223 850
f 396 2300 876
f 353 2174 833
f 346 2151 826
f 299 2007 779
f 365 2205 845
f 268 1920 748
f 249 1855 729
f 231 1801 711
f 226 1784 706
f 238 1820 718
f 244 1838 724
f 257 1874 737
f 359 2180 839
f 402 2310 882
f 390 2274 870
f 264 1896 744
f 327 2089 807
f 309 2035 789
f 282 1950 762
f 317 2054 797
f 322 2072 802
f 341 2126 821
f 286 1964 766
f 294 1986 774
f 372 2220 852
f 394 2291 874
f 358 2183 838
f 256 1877 736
f 261 1891 741
f 387 2269 867
f 399 2305 879
f 351 2161 831
f 348 2148 828
f 300 2004 780
f 366 2202 846
f 267 1909 747
f 340 2129 820
f 287 1967 767
f 291 1981 771
f 369 2215 849
f 395 2288 875
f 354 2166 834
f 345 2143 825
f 297 1999 777
f 363 2197 843
f 270 1914 750
f 234 1806 714
f 227 1787 707
f 239 1823 719
f 245 1841 725
f 252 1860 732
f 275 1931 755
f 334 2108 814
f 304 2018 784
f 377 2234 857
f 382 2255 862
f 312 2040 792
f 279 1945 759
f 316 2057 796
f 323 2075 803
f 330 2094 810
f 335 2111 815
f 305 2021 785
f 376 2237 856
f 383 2252 863
f 274 1928 754
f 232 1812 712
f 225 1791 705
f 237 1827 717
f 243 1845 723
f 250 1866 730
f 273 1935 753
f 336 2118 816
f 306 2028 786
f 378 2246 858
f 381 2259 861
f 311 2048 791
f 281 1953 761
f 315 2061 795
f 321 2079 801
f 328 2100 808
f 333 2115 813
f 303 2025 783
f 375 2241 855
f 384 2264 864
f 276 1938 756
f 229 1802 709
f 223 1783 703
f 235 1819 715
f 241 1837 721
f 247 1856 727
f 271 1927 751
f 332 2112 812
f 302 2022 782
f 374 2238 854
f 379 2251 859
f 307 2036 787
f 278 1949 758
f 313 2053 793
f 319 2071 799
f 325 2090 805
f 331 2107 811
f 301 2017 781
f 373 2233 853
f 380 2256 860
f 272 1932 752
f 248 1859 728
f 230 1805 710
f 224 1788 704
f 236 1824 716
f 242 1842 722
f 254 1878 734
f 356 2184 836
f 397 2306 877
f 385 2270 865
f 259 1892 739
f 326 2093 806
f 308 2039 788
f 277 1946 757
f 314 2058 794
f 320 2076 800
f 338 2130 818
f 284 1968 764
f 289 1982 769
f 367 2216 847
f 391 2287 871
f 355 2179 835
f 253 1873 733
f 260 1895 740
f 386 2273 866
f 398 2309 878
f 350 2165 830
f 343 2144 823
f 295 2000 775
f 361 2198 841
f 266 1913 746
f 337 2125 817
f 283 1963 763
f 290 1985 770
f 368 2219 848
f 392 2292 872
f 349 2162 829
f 344 2147 824
f 296 2003 776
f 362 2201 842
f 265 1910 745
f 251 1863 731
f 233 1809 713
f 228 1794 708
f 240 1830 720
f 246 1848 726
f 258 1886 738
f 360 2192 840
f 401 2318 881
f 389 2282 869
f 263 1904 743
f 329 2097 809
f 310 2043 790
f 280 1956 760
f 318 2066 798
f 324 2082 804
f 342 2138 822
f 288 1974 768
f 292 1992 772
f 371 2228 851
f 393 2295 873
f 409 2331 1269
f 405 2327 1245
f 411 2328 1252
f 414 2334 1288
f 417 2337 1306
f 431 2346 1336
f 488 2412 1551
f 575 2499 1473
f 563 2487 1599
f 519 2436 1354
f 454 2376 1479
f 450 2372 1401
f 456 2373 1408
f 459 2379 1492
f 462 2382 1504
f 472 2396 1533
f 446 2361 1414
f 506 2418 1444
f 535 2457 1594
f 541 2463 1383
f 570 2492 1323
f 480 2402 1275
f 421 2343 1263
f 511 2433 1299
f 556 2478 1317
f 484 2406 1341
f 580 2502 1564
f 567 2484 1462
f 522 2442 1588
f 427 2349 1347
f 544 2468 1521
f 468 2387 1420
f 436 2358 1395
f 499 2421 1497
f 530 2454 1515
f 548 2472 1557
f 466 2388 1425
f 442 2364 1431
f 505 2426 1570
f 536 2448 1372
f 491 2403 1282
f 423 2342 1258
f 513 2432 1294
f 564 2477 1312
f 581 2493 1330
f 549 2462 1378
f 477 2397 1540
f 445 2367 1449
f 503 2427 1575
f 525 2447 1365
f 474 2391 1486
f 438 2357 1390
f 495 2417 1437
f 532 2453 1510
f 552 2469 1528
f 490 2411 1546
f 577 2498 1468
f 559 2483 1455
f 517 2441 1581
f 430 2352 1359
f 590 2509 1272
f 584 2503 1248
f 585 2506 1253
f 592 2512 1289
f 595 2515 1307
f 598 2518 1337
f 636 2555 1554
f 621 2541 1476
f 642 2562 1602
f 601 2522 1355
f 623 2542 1482
f 611 2528 1404
f 609 2531 1409
f 625 2545 1493
f 628 2548 1505
f 632 2551 1536
f 613 2533 1415
f 616 2537 1445
f 638 2559 1595
f 606 2526 1386
f 407 1616 909
f 403 1608 891
f 404 1606 886
f 410 1612 898
f 413 1615 904
f 422 1624 922
f 486 1692 1060
f 573 1782 1240
f 561 1765 1204
f 512 1714 1102
f 452 1661 999
f 448 1653 981
f 449 1651 976
f 455 1657 988
f 458 1660 994
f 470 1675 1024
f 437 1639 952
f 494 1696 1066
f 531 1733 1138
f 539 1751 1179
f 568 1779 1233
f 478 1683 1041
f 419 1626 927
f 509 1721 1119
f 554 1766 1209
f 482 1689 1053
f 576 1778 1228
f 558 1760 1192
f 516 1718 1108
f 425 1629 933
f 542 1747 1167
f 463 1665 1005
f 434 1641 957
f 497 1704 1083
f 528 1737 1150
f 546 1750 1174
f 464 1676 1029
f 440 1644 963
f 500 1702 1077
f 524 1726 1126
f 479 1681 1036
f 418 1620 915
f 508 1710 1095
f 553 1755 1185
f 569 1771 1216
f 538 1740 1155
f 471 1673 1018
f 443 1647 970
f 501 1707 1090
f 523 1734 1143
f 467 1669 1012
f 433 1635 945
f 493 1698 1071
f 527 1729 1131
f 543 1745 1162
f 485 1687 1047
f 572 1774 1221
f 557 1762 1197
f 515 1720 1114
f 428 1632 940
f 591 2189 1284
f 587 1883 1260
f 588 1903 1296
f 594 2281 1314
f 597 2317 1332
f 600 2173 1380
f 634 2158 1542
f 619 2012 1451
f 639 2210 1577
f 602 1924 1367
f 624 2135 1488
f 608 1973 1392
f 610 1996 1439
f 627 2227 1512
f 630 2304 1530
f 635 2176 1548
f 615 2155 1470
f 617 2014 1457
f 637 2212 1583
f 604 1922 1361
f 416 1864 1270
f 408 1810 1246
f 406 1795 1251
f 412 1831 1287
f 415 1849 1305
f 424 1887 1335
f 492 2193 1552
f 582 2321 1474
f 565 2285 1600
f 514 1907 1353
f 461 2098 1480
f 453 2044 1402
f 451 1961 1407
f 457 2067 1491
f 460 2083 1503
f 475 2139 1534
f 439 1975 1413
f 496 1997 1443
f 533 2231 1593
f 551 2298 1384
f 579 2190 1324
f 483 1884 1276
f 426 1900 1264
f 521 2278 1300
f 566 2314 1318
f 489 2170 1342
f 578 2159 1563
f 560 2015 1461
f 518 2213 1587
f 429 1918 1348
f 547 2136 1522
f 465 1977 1419
f 441 1990 1396
f 504 2224 1498
f 537 2301 1516
f 550 2177 1558
f 476 2152 1426
f 444 2008 1432
f 502 2206 1569
f 526 1925 1371
f 481 1817 1281
f 420 1797 1257
f 510 1833 1293
f 555 1851 1311
f 571 1871 1329
f 540 1941 1377
f 473 2119 1539
f 447 2029 1450
f 507 2247 1576
f 534 2262 1366
f 469 2051 1485
f 435 1954 1389
f 498 2064 1438
f 529 2085 1509
f 545 2105 1527
f 487 2121 1545
f 574 2031 1467
f 562 2244 1456
f 520 2265 1582
f 432 1939 1360
f 589 1814 1271
f 583 1793 1247
f 586 1829 1254
f 593 1847 1290
f 596 1868 1308
f 599 1937 1338
f 633 2124 1553
f 620 2034 1475
f 640 2250 1601
f 603 2261 1356
f 622 2050 1481
f 607 1960 1403
f 612 2063 1410
f 626 2081 1494
f 629 2102 1506
f 631 2117 1535
f 614 2027 1416
f 618 2243 1446
f 641 2268 1596
f 605 1944 1385
f 409 1804 894
f 405 1785 887
f 411 1821 899
f 414 1839 905
f 417 1858 912
f 431 1929 941
f 488 2114 1050
f 575 2024 1224
f 563 2240 1200
f 519 2253 1115
f 454 2038 984
f 450 1951 977
f 456 2055 989
f 459 2073 995
f 462 2092 1002
f 472 2109 1019
f 446 2019 971
f 506 2235 1091
f 535 2258 1146
f 541 1934 1158
f 570 1861 1217
f 480 1807 1037
f 421 1790 918
f 511 1826 1098
f 556 1844 1188
f 484 1880 1044
f 580 2186 1236
f 567 2308 1212
f 522 2272 1122
f 427 1894 930
f 544 2095 1163
f 468 2041 1013
f 436 1948 948
f 499 2060 1074
f 530 2078 1134
f 548 2132 1170
f 466 1970 1008
f 442 1984 960
f 505 2218 1086
f 536 2289 1151
f 491 2181 1061
f 423 1875 923
f 513 1897 1103
f 564 2275 1205
f 581 2311 1241
f 549 2167 1175
f 477 2146 1032
f 445 2002 966
f 503 2200 1080
f 525 1915 1127
f 474 2127 1025
f 438 1965 953
f 495 1987 1067
f 532 2221 1139
f 552 2294 1182
f 490 2164 1056
f 577 2149 1229
f 559 2005 1193
f 517 2203 1109
f 430 1912 936
f 590 1870 1325
f 584 1816 1277
f 585 1800 1265
f 592 1836 1301
f 595 1854 1319
f 598 1890 1343
f 636 2196 1566
f 621 2320 1464
f 642 2284 1590
f 601 1906 1349
f 623 2104 1523
f 611 2047 1422
f 609 1958 1397
f 625 2070 1499
f 628 2088 1517
f 632 2142 1559
f 613 1980 1427
f 616 1994 1433
f 638 2230 1572
f 606 2297 1374
f 407 2329 892
f 403 2323 885
f 404 2326 897
f 410 2333 903
f 413 2336 910
f 422 2345 939
f 486 2409 1048
f 573 2496 1222
f 561 2485 1198
f 512 2435 1113
f 452 2374 982
f 448 2368 975
f 449 2371 987
f 455 2378 993
f 458 2381 1000
f 470 2392 1017
f 437 2360 969
f 494 2416 1089
f 531 2456 1144
f 539 2460 1156
f 568 2488 1215
f 478 2398 1035
f 419 2340 916
f 509 2430 1096
f 554 2475 1186
f 482 2404 1042
f 576 2501 1234
f 558 2482 1210
f 516 2440 1120
f 425 2347 928
f 542 2464 1161
f 463 2384 1011
f 434 2355 946
f 497 2419 1072
f 528 2451 1132
f 546 2470 1168
f 464 2385 1006
f 440 2362 958
f 500 2423 1084
f 524 2446 1149
f 479 2401 1059
f 418 2339 921
f 508 2429 1101
f 553 2474 1203
f 569 2491 1239
f 538 2459 1173
f 471 2395 1030
f 443 2365 964
f 501 2424 1078
f 523 2443 1125
f 467 2390 1023
f 433 2354 951
f 493 2413 1065
f 527 2450 1137
f 543 2467 1180
f 485 2408 1054
f 572 2495 1227
f 557 2479 1191
f 515 2437 1107
f 428 2350 934
f 591 2511 1326
f 587 2505 1278
f 588 2507 1266
f 594 2513 1302
f 597 2516 1320
f 600 2519 1344
f 634 2556 1565
f 619 2540 1463
f 639 2561 1589
f 602 2521 1350
f 624 2544 1524
f 608 2529 1421
f 610 2530 1398
f 627 2546 1500
f 630 2549 1518
f 635 2553 1560
f 615 2534 1428
f 617 2536 1434
f 637 2557 1571
f 604 2525 1373
f 164 1609 889
f 163 1605 883
f 165 1611 895
f 166 1614 901
f 167 1617 907
f 172 1631 937
f 190 1688 1045
f 219 1775 1219
f 215 1763 1195
f 201 1719 1111
f 179 1654 979
f 178 1650 973
f 180 1656 985
f 181 1659 991
f 182 1662 997
f 185 1672 1015
f 177 1646 967
f 197 1706 1087
f 206 1735 1141
f 208 1741 1153
f 218 1770 1213
f 188 1680 1033
f 168 1621 913
f 198 1711 1093
f 213 1756 1183
f 189 1684 1039
f 221 1780 1231
f 217 1767 1207
f 202 1722 1117
f 170 1627 925
f 209 1744 1159
f 184 1668 1009
f 173 1636 943
f 194 1699 1069
f 204 1730 1129
f 210 1748 1165
f 183 1666 1003
f 175 1642 955
f 196 1705 1081
f 207 1736 1147
f 192 1691 1057
f 169 1623 919
f 199 1713 1099
f 216 1764 1201
f 222 1781 1237
f 211 1749 1171
f 187 1677 1027
f 176 1645 961
f 195 1703 1075
f 203 1725 1123
f 186 1674 1021
f 174 1638 949
f 193 1695 1063
f 205 1732 1135
f 212 1752 1177
f 191 1690 1051
f 220 1777 1225
f 214 1759 1189
f 200 1717 1105
f 171 1630 931
f 358 2191 1322
f 256 1885 1274
f 261 1901 1262
f 387 2279 1298
f 399 2315 1316
f 351 2171 1340
f 348 2160 1561
f 300 2016 1459
f 366 2214 1585
f 267 1919 1346
f 340 2137 1520
f 287 1978 1417
f 291 1991 1394
f 369 2225 1496
f 395 2302 1514
f 354 2178 1556
f 345 2153 1424
f 297 2009 1430
f 363 2207 1567
f 270 1926 1369
f 247 1857 908
f 229 1803 890
f 223 1786 884
f 235 1822 896
f 241 1840 902
f 253 1876 920
f 355 2182 1058
f 398 2312 1238
f 386 2276 1202
f 260 1898 1100
f 325 2091 998
f 307 2037 980
f 278 1952 974
f 313 2056 986
f 319 2074 992
f 337 2128 1022
f 283 1966 950
f 290 1988 1064
f 368 2222 1136
f 392 2293 1178
f 356 2185 1232
f 254 1879 1040
f 259 1893 926
f 385 2271 1118
f 397 2307 1208
f 349 2163 1052
f 344 2150 1226
f 296 2006 1190
f 362 2204 1106
f 265 1911 932
f 338 2131 1166
f 284 1969 1004
f 289 1983 956
f 367 2217 1082
f 391 2290 1148
f 350 2168 1172
f 343 2145 1028
f 295 2001 962
f 361 2199 1076
f 266 1916 1124
f 230 1808 1034
f 224 1789 914
f 236 1825 1094
f 242 1843 1184
f 248 1862 1214
f 272 1933 1154
f 331 2110 1016
f 301 2020 968
f 373 2236 1088
f 380 2257 1142
f 308 2042 1010
f 277 1947 944
f 314 2059 1070
f 320 2077 1130
f 326 2096 1160
f 332 2113 1046
f 302 2023 1220
f 374 2239 1196
f 379 2254 1112
f 271 1930 938
f 234 1818 1279
f 227 1798 1255
f 239 1834 1291
f 245 1852 1309
f 252 1872 1327
f 275 1942 1375
f 334 2120 1537
f 304 2030 1448
f 377 2248 1574
f 382 2263 1364
f 312 2052 1483
f 279 1955 1387
f 316 2065 1436
f 323 2086 1507
f 330 2106 1525
f 335 2122 1543
f 305 2032 1465
f 376 2245 1454
f 383 2266 1580
f 274 1940 1358
f 232 1813 1267
f 225 1792 1243
f 237 1828 1250
f 243 1846 1286
f 250 1867 1304
f 273 1936 1334
f 336 2123 1549
f 306 2033 1471
f 378 2249 1597
f 381 2260 1352
f 311 2049 1477
f 281 1959 1399
f 315 2062 1406
f 321 2080 1490
f 328 2101 1502
f 333 2116 1531
f 303 2026 1412
f 375 2242 1442
f 384 2267 1592
f 276 1943 1381
f 251 1869 1321
f 233 1815 1273
f 228 1799 1261
f 240 1835 1297
f 246 1853 1315
f 258 1889 1339
f 360 2195 1562
f 401 2319 1460
f 389 2283 1586
f 263 1905 1345
f 329 2103 1519
f 310 2046 1418
f 280 1957 1393
f 318 2069 1495
f 324 2087 1513
f 342 2141 1555
f 288 1979 1423
f 292 1993 1429
f 371 2229 1568
f 393 2296 1370
f 357 2188 1280
f 255 1882 1256
f 262 1902 1292
f 388 2280 1310
f 400 2316 1328
f 352 2172 1376
f 347 2157 1538
f 298 2011 1447
f 364 2209 1573
f 269 1923 1363
f 339 2134 1484
f 285 1972 1388
f 293 1995 1435
f 370 2226 1508
f 396 2303 1526
f 353 2175 1544
f 346 2154 1466
f 299 2013 1453
f 365 2211 1579
f 268 1921 1357
f 249 1865 1268
f 231 1811 1244
f 226 1796 1249
f 238 1832 1285
f 244 1850 1303
f 257 1888 1333
f 359 2194 1550
f 402 2322 1472
f 390 2286 1598
f 264 1908 1351
f 327 2099 1478
f 309 2045 1400
f 282 1962 1405
f 317 2068 1489
f 322 2084 1501
f 341 2140 1532
f 286 1976 1411
f 294 1998 1441
f 372 2232 1591
f 394 2299 1382
f 416 2330 911
f 408 2324 893
f 406 2325 888
f 412 2332 900
f 415 2335 906
f 424 2344 924
f 492 2410 1062
f 582 2497 1242
f 565 2486 1206
f 514 2434 1104
f 461 2375 1001
f 453 2369 983
f 451 2370 978
f 457 2377 990
f 460 2380 996
f 475 2393 1026
f 439 2359 954
f 496 2415 1068
f 533 2455 1140
f 551 2461 1181
f 579 2489 1235
f 483 2399 1043
f 426 2341 929
f 521 2431 1121
f 566 2476 1211
f 489 2405 1055
f 578 2500 1230
f 560 2481 1194
f 518 2439 1110
f 429 2348 935
f 547 2465 1169
f 465 2383 1007
f 441 2356 959
f 504 2420 1085
f 537 2452 1152
f 550 2471 1176
f 476 2386 1031
f 444 2363 965
f 502 2422 1079
f 526 2445 1128
f 481 2400 1038
f 420 2338 917
f 510 2428 1097
f 555 2473 1187
f 571 2490 1218
f 540 2458 1157
f 473 2394 1020
f 447 2366 972
f 507 2425 1092
f 534 2444 1145
f 469 2389 1014
f 435 2353 947
f 498 2414 1073
f 529 2449 1133
f 545 2466 1164
f 487 2407 1049
f 574 2494 1223
f 562 2480 1199
f 520 2438 1116
f 432 2351 942
f 589 2510 1283
f 583 2504 1259
f 586 2508 1295
f 593 2514 1313
f 596 2517 1331
f 599 2520 1379
f 633 2554 1541
f 620 2539 1452
f 640 2560 1578
f 603 2523 1368
f 622 2543 1487
f 607 2527 1391
f 612 2532 1440
f 626 2547 1511
f 629 2550 1529
f 631 2552 1547
f 614 2535 1469
f 618 2538 1458
f 641 2558 1584
f 605 2524 1362
f 164 1607 1609
f 163 1603 1605
f 165 1604 1611
f 166 1610 1614
f 167 1613 1617
f 172 1622 1631
f 190 1686 1688
f 219 1773 1775
f 215 1761 1763
f 201 1712 1719
f 179 1652 1654
f 178 1648 1650
f 180 1649 1656
f 181 1655 1659
f 182 1658 1662
f 185 1670 1672
f 177 1637 1646
f 197 1694 1706
f 206 1731 1735
f 208 1739 1741
f 218 1768 1770
f 188 1678 1680
f 168 1619 1621
f 198 1709 1711
f 213 1754 1756
f 189 1682 1684
f 221 1776 1780
f 217 1758 1767
f 202 1716 1722
f 170 1625 1627
f 209 1742 1744
f 184 1663 1668
f 173 1634 1636
f 194 1697 1699
f 204 1728 1730
f 210 1746 1748
f 183 1664 1666
f 175 1640 1642
f 196 1700 1705
f 207 1724 1736
f 192 1679 1691
f 169 1618 1623
f 199 1708 1713
f 216 1753 1764
f 222 1769 1781
f 211 1738 1749
f 187 1671 1677
f 176 1643 1645
f 195 1701 1703
f 203 1723 1725
f 186 1667 1674
f 174 1633 1638
f 193 1693 1695
f 205 1727 1732
f 212 1743 1752
f 191 1685 1690
f 220 1772 1777
f 214 1757 1759
f 200 1715 1717
f 171 1628 1630
f 358 2187 2191
f 256 1881 1885
f 261 1899 1901
f 387 2277 2279
f 399 2313 2315
f 351 2169 2171
f 348 2156 2160
f 300 2010 2016
f 366 2208 2214
f 267 1917 1919
f 340 2133 2137
f 287 1971 1978
f 291 1989 1991
f 369 2223 2225
f 395 2300 2302
f 354 2174 2178
f 345 2151 2153
f 297 2007 2009
f 363 2205 2207
f 270 1920 1926
f 247 1855 1857
f 229 1801 1803
f 223 1784 1786
f 235 1820 1822
f 241 1838 1840
f 253 1874 1876
f 355 2180 2182
f 398 2310 2312
f 386 2274 2276
f 260 1896 1898
f 325 2089 2091
f 307 2035 2037
f 278 1950 1952
f 313 2054 2056
f 319 2072 2074
f 337 2126 2128
f 283 1964 1966
f 290 1986 1988
f 368 2220 2222
f 392 2291 2293
f 356 2183 2185
f 254 1877 1879
f 259 1891 1893
f 385 2269 2271
f 397 2305 2307
f 349 2161 2163
f 344 2148 2150
f 296 2004 2006
f 362 2202 2204
f 265 1909 1911
f 338 2129 2131
f 284 1967 1969
f 289 1981 1983
f 367 2215 2217
f 391 2288 2290
f 350 2166 2168
f 343 2143 2145
f 295 1999 2001
f 361 2197 2199
f 266 1914 1916
f 230 1806 1808
f 224 1787 1789
f 236 1823 1825
f 242 1841 1843
f 248 1860 1862
f 272 1931 1933
f 331 2108 2110
f 301 2018 2020
f 373 2234 2236
f 380 2255 2257
f 308 2040 2042
f 277 1945 1947
f 314 2057 2059
f 320 2075 2077
f 326 2094 2096
f 332 2111 2113
f 302 2021 2023
f 374 2237 2239
f 379 2252 2254
f 271 1928 1930
f 234 1812 1818
f 227 1791 1798
f 239 1827 1834
f 245 1845 1852
f 252 1866 1872
f 275 1935 1942
f 334 2118 2120
f 304 2028 2030
f 377 2246 2248
f 382 2259 2263
f 312 2048 2052
f 279 1953 1955
f 316 2061 2065
f 323 2079 2086
f 330 2100 2106
f 335 2115 2122
f 305 2025 2032
f 376 2241 2245
f 383 2264 2266
f 274 1938 1940
f 232 1802 1813
f 225 1783 1792
f 237 1819 1828
f 243 1837 1846
f 250 1856 1867
f 273 1927 1936
f 336 2112 2123
f 306 2022 2033
f 378 2238 2249
f 381 2251 2260
f 311 2036 2049
f 281 1949 1959
f 315 2053 2062
f 321 2071 2080
f 328 2090 2101
f 333 2107 2116
f 303 2017 2026
f 375 2233 2242
f 384 2256 2267
f 276 1932 1943
f 251 1859 1869
f 233 1805 1815
f 228 1788 1799
f 240 1824 1835
f 246 1842 1853
f 258 1878 1889
f 360 2184 2195
f 401 2306 2319
f 389 2270 2283
f 263 1892 1905
f 329 2093 2103
f 310 2039 2046
f 280 1946 1957
f 318 2058 2069
f 324 2076 2087
f 342 2130 2141
f 288 1968 1979
f 292 1982 1993
f 371 2216 2229
f 393 2287 2296
f 357 2179 2188
f 255 1873 1882
f 262 1895 1902
f 388 2273 2280
f 400 2309 2316
f 352 2165 2172
f 347 2144 2157
f 298 2000 2011
f 364 2198 2209
f 269 1913 1923
f 339 2125 2134
f 285 1963 1972
f 293 1985 1995
f 370 2219 2226
f 396 2292 2303
f 353 2162 2175
f 346 2147 2154
f 299 2003 2013
f 365 2201 2211
f 268 1910 1921
f 249 1863 1865
f 231 1809 1811
f 226 1794 1796
f 238 1830 1832
f 244 1848 1850
f 257 1886 1888
f 359 2192 2194
f 402 2318 2322
f 390 2282 2286
f 264 1904 1908
f 327 2097 2099
f 309 2043 2045
f 282 1956 1962
f 317 2066 2068
f 322 2082 2084
f 341 2138 2140
f 286 1974 1976
f 294 1992 1998
f 372 2228 2232
f 394 2295 2299
f 416 2331 2330
f 408 2327 2324
f 406 2328 2325
f 412 2334 2332
f 415 2337 2335
f 424 2346 2344
f 492 2412 2410
f 582 2499 2497
f 565 2487 2486
f 514 2436 2434
f 461 2376 2375
f 453 2372 2369
f 451 2373 2370
f 457 2379 2377
f 460 2382 2380
f 475 2396 2393
f 439 2361 2359
f 496 2418 2415
f 533 2457 2455
f 551 2463 2461
f 579 2492 2489
f 483 2402 2399
f 426 2343 2341
f 521 2433 2431
f 566 2478 2476
f 489 2406 2405
f 578 2502 2500
f 560 2484 2481
f 518 2442 2439
f 429 2349 2348
f 547 2468 2465
f 465 2387 2383
f 441 2358 2356
f 504 2421 2420
f 537 2454 2452
f 550 2472 2471
f 476 2388 2386
f 444 2364 2363
f 502 2426 2422
f 526 2448 2445
f 481 2403 2400
f 420 2342 2338
f 510 2432 2428
f 555 2477 2473
f 571 2493 2490
f 540 2462 2458
f 473 2397 2394
f 447 2367 2366
f 507 2427 2425
f 534 2447 2444
f 469 2391 2389
f 435 2357 2353
f 498 2417 2414
f 529 2453 2449
f 545 2469 2466
f 487 2411 2407
f 574 2498 2494
f 562 2483 2480
f 520 2441 2438
f 432 2352 2351
f 589 2509 2510
f 583 2503 2504
f 586 2506 2508
f 593 2512 2514
f 596 2515 2517
f 599 2518 2520
f 633 2555 2554
f 620 2541 2539
f 640 2562 2560
f 603 2522 2523
f 622 2542 2543
f 607 2528 2527
f 612 2531 2532
f 626 2545 2547
f 629 2548 2550
f 631 2551 2552
f 614 2533 2535
f 618 2537 2538
f 641 2559 2558
f 605 2526 2524
f 164 644 1607
f 163 643 1603
f 165 645 1604
f 166 646 1610
f 167 647 1613
f 172 652 1622
f 190 670 1686
f 219 699 1773
f 215 695 1761
f 201 681 1712
f 179 659 1652
f 178 658 1648
f 180 660 1649
f 181 661 1655
f 182 662 1658
f 185 665 1670
f 177 657 1637
f 197 677 1694
f 206 686 1731
f 208 688 1739
f 218 698 1768
f 188 668 1678
f 168 648 1619
f 198 678 1709
f 213 693 1754
f 189 669 1682
f 221 701 1776
f 217 697 1758
f 202 682 1716
f 170 650 1625
f 209 689 1742
f 184 664 1663
f 173 653 1634
f 194 674 1697
f 204 684 1728
f 210 690 1746
f 183 663 1664
f 175 655 1640
f 196 676 1700
f 207 687 1724
f 192 672 1679
f 169 649 1618
f 199 679 1708
f 216 696 1753
f 222 702 1769
f 211 691 1738
f 187 667 1671
f 176 656 1643
f 195 675 1701
f 203 683 1723
f 186 666 1667
f 174 654 1633
f 193 673 1693
f 205 685 1727
f 212 692 1743
f 191 671 1685
f 220 700 1772
f 214 694 1757
f 200 680 1715
f 171 651 1628
f 358 838 2187
f 256 736 1881
f 261 741 1899
f 387 867 2277
f 399 879 2313
f 351 831 2169
f 348 828 2156
f 300 780 2010
f 366 846 2208
f 267 747 1917
f 340 820 2133
f 287 767 1971
f 291 771 1989
f 369 849 2223
f 395 875 2300
f 354 834 2174
f 345 825 2151
f 297 777 2007
f 363 843 2205
f 270 750 1920
f 247 727 1855
f 229 709 1801
f 223 703 1784
f 235 715 1820
f 241 721 1838
f 253 733 1874
f 355 835 2180
f 398 878 2310
f 386 866 2274
f 260 740 1896
f 325 805 2089
f 307 787 2035
f 278 758 1950
f 313 793 2054
f 319 799 2072
f 337 817 2126
f 283 763 1964
f 290 770 1986
f 368 848 2220
f 392 872 2291
f 356 836 2183
f 254 734 1877
f 259 739 1891
f 385 865 2269
f 397 877 2305
f 349 829 2161
f 344 824 2148
f 296 776 2004
f 362 842 2202
f 265 745 1909
f 338 818 2129
f 284 764 1967
f 289 769 1981
f 367 847 2215
f 391 871 2288
f 350 830 2166
f 343 823 2143
f 295 775 1999
f 361 841 2197
f 266 746 1914
f 230 710 1806
f 224 704 1787
f 236 716 1823
f 242 722 1841
f 248 728 1860
f 272 752 1931
f 331 811 2108
f 301 781 2018
f 373 853 2234
f 380 860 2255
f 308 788 2040
f 277 757 1945
f 314 794 2057
f 320 800 2075
f 326 806 2094
f 332 812 2111
f 302 782 2021
f 374 854 2237
f 379 859 2252
f 271 751 1928
f 234 714 1812
f 227 707 1791
f 239 719 1827
f 245 725 1845
f 252 732 1866
f 275 755 1935
f 334 814 2118
f 304 784 2028
f 377 857 2246
f 382 862 2259
f 312 792 2048
f 279 759 1953
f 316 796 2061
f 323 803 2079
f 330 810 2100
f 335 815 2115
f 305 785 2025
f 376 856 2241
f 383 863 2264
f 274 754 1938
f 232 712 1802
f 225 705 1783
f 237 717 1819
f 243 723 1837
f 250 730 1856
f 273 753 1927
f 336 816 2112
f 306 786 2022
f 378 858 2238
f 381 861 2251
f 311 791 2036
f 281 761 1949
f 315 795 2053
f 321 801 2071
f 328 808 2090
f 333 813 2107
f 303 783 2017
f 375 855 2233
f 384 864 2256
f 276 756 1932
f 251 731 1859
f 233 713 1805
f 228 708 1788
f 240 720 1824
f 246 726 1842
f 258 738 1878
f 360 840 2184
f 401 881 2306
f 389 869 2270
f 263 743 1892
f 329 809 2093
f 310 790 2039
f 280 760 1946
f 318 798 2058
f 324 804 2076
f 342 822 2130
f 288 768 1968
f 292 772 1982
f 371 851 2216
f 393 873 2287
f 357 837 2179
f 255 735 1873
f 262 742 1895
f 388 868 2273
f 400 880 2309
f 352 832 2165
f 347 827 2144
f 298 778 2000
f 364 844 2198
f 269 749 1913
f 339 819 2125
f 285 765 1963
f 293 773 1985
f 370 850 2219
f 396 876 2292
f 353 833 2162
f 346 826 2147
f 299 779 2003
f 365 845 2201
f 268 748 1910
f 249 729 1863
f 231 711 1809
f 226 706 1794
f 238 718 1830
f 244 724 1848
f 257 737 1886
f 359 839 2192
f 402 882 2318
f 390 870 2282
f 264 744 1904
f 327 807 2097
f 309 789 2043
f 282 762 1956
f 317 797 2066
f 322 802 2082
f 341 821 2138
f 286 766 1974
f 294 774 1992
f 372 852 2228
f 394 874 2295
f 416 1270 2331
f 408 1246 2327
f 406 1251 2328
f 412 1287 2334
f 415 1305 2337
f 424 1335 2346
f 492 1552 2412
f 582 1474 2499
f 565 1600 2487
f 514 1353 2436
f 461 1480 2376
f 453 1402 2372
f 451 1407 2373
f 457 1491 2379
f 460 1503 2382
f 475 1534 2396
f 439 1413 2361
f 496 1443 2418
f 533 1593 2457
f 551 1384 2463
f 579 1324 2492
f 483 1276 2402
f 426 1264 2343
f 521 1300 2433
f 566 1318 2478
f 489 1342 2406
f 578 1563 2502
f 560 1461 2484
f 518 1587 2442
f 429 1348 2349
f 547 1522 2468
f 465 1419 2387
f 441 1396 2358
f 504 1498 2421
f 537 1516 2454
f 550 1558 2472
f 476 1426 2388
f 444 1432 2364
f 502 1569 2426
f 526 1371 2448
f 481 1281 2403
f 420 1257 2342
f 510 1293 2432
f 555 1311 2477
f 571 1329 2493
f 540 1377 2462
f 473 1539 2397
f 447 1450 2367
f 507 1576 2427
f 534 1366 2447
f 469 1485 2391
f 435 1389 2357
f 498 1438 2417
f 529 1509 2453
f 545 1527 2469
f 487 1545 2411
f 574 1467 2498
f 562 1456 2483
f 520 1582 2441
f 432 1360 2352
f 589 1271 2509
f 583 1247 2503
f 586 1254 2506
f 593 1290 2512
f 596 1308 2515
f 599 1338 2518
f 633 1553 2555
f 620 1475 2541
f 640 1601 2562
f 603 1356 2522
f 622 1481 2542
f 607 1403 2528
f 612 1410 2531
f 626 1494 2545
f 629 1506 2548
f 631 1535 2551
f 614 1416 2533
f 618 1446 2537
f 641 1596 2559
f 605 1385 2526
f 167 907 1616
f 164 889 1608
f 163 883 1606
f 165 895 1612
f 166 901 1615
f 169 919 1624
f 192 1057 1692
f 222 1237 1782
f 216 1201 1765
f 199 1099 1714
f 182 997 1661
f 179 979 1653
f 178 973 1651
f 180 985 1657
f 181 991 1660
f 186 1021 1675
f 174 949 1639
f 193 1063 1696
f 205 1135 1733
f 212 1177 1751
f 221 1231 1779
f 189 1039 1683
f 170 925 1626
f 202 1117 1721
f 217 1207 1766
f 191 1051 1689
f 220 1225 1778
f 214 1189 1760
f 200 1105 1718
f 171 931 1629
f 210 1165 1747
f 183 1003 1665
f 175 955 1641
f 196 1081 1704
f 207 1147 1737
f 211 1171 1750
f 187 1027 1676
f 176 961 1644
f 195 1075 1702
f 203 1123 1726
f 188 1033 1681
f 168 913 1620
f 198 1093 1710
f 213 1183 1755
f 218 1213 1771
f 208 1153 1740
f 185 1015 1673
f 177 967 1647
f 197 1087 1707
f 206 1141 1734
f 184 1009 1669
f 173 943 1635
f 194 1069 1698
f 204 1129 1729
f 209 1159 1745
f 190 1045 1687
f 219 1219 1774
f 215 1195 1762
f 201 1111 1720
f 172 937 1632
f 357 1280 2189
f 255 1256 1883
f 262 1292 1903
f 388 1310 2281
f 400 1328 2317
f 352 1376 2173
f 347 1538 2158
f 298 1447 2012
f 364 1573 2210
f 269 1363 1924
f 339 1484 2135
f 285 1388 1973
f 293 1435 1996
f 370 1508 2227
f 396 1526 2304
f 353 1544 2176
f 346 1466 2155
f 299 1453 2014
f 365 1579 2212
f 268 1357 1922
f 249 1268 1864
f 231 1244 1810
f 226 1249 1795
f 238 1285 1831
f 244 1303 1849
f 257 1333 1887
f 359 1550 2193
f 402 1472 2321
f 390 1598 2285
f 264 1351 1907
f 327 1478 2098
f 309 1400 2044
f 282 1405 1961
f 317 1489 2067
f 322 1501 2083
f 341 1532 2139
f 286 1411 1975
f 294 1441 1997
f 372 1591 2231
f 394 1382 2298
f 358 1322 2190
f 256 1274 1884
f 261 1262 1900
f 387 1298 2278
f 399 1316 2314
f 351 1340 2170
f 348 1561 2159
f 300 1459 2015
f 366 1585 2213
f 267 1346 1918
f 340 1520 2136
f 287 1417 1977
f 291 1394 1990
f 369 1496 2224
f 395 1514 2301
f 354 1556 2177
f 345 1424 2152
f 297 1430 2008
f 363 1567 2206
f 270 1369 1925
f 234 1279 1817
f 227 1255 1797
f 239 1291 1833
f 245 1309 1851
f 252 1327 1871
f 275 1375 1941
f 334 1537 2119
f 304 1448 2029
f 377 1574 2247
f 382 1364 2262
f 312 1483 2051
f 279 1387 1954
f 316 1436 2064
f 323 1507 2085
f 330 1525 2105
f 335 1543 2121
f 305 1465 2031
f 376 1454 2244
f 383 1580 2265
f 274 1358 1939
f 232 1267 1814
f 225 1243 1793
f 237 1250 1829
f 243 1286 1847
f 250 1304 1868
f 273 1334 1937
f 336 1549 2124
f 306 1471 2034
f 378 1597 2250
f 381 1352 2261
f 311 1477 2050
f 281 1399 1960
f 315 1406 2063
f 321 1490 2081
f 328 1502 2102
f 333 1531 2117
f 303 1412 2027
f 375 1442 2243
f 384 1592 2268
f 276 1381 1944
f 229 890 1804
f 223 884 1785
f 235 896 1821
f 241 902 1839
f 247 908 1858
f 271 938 1929
f 332 1046 2114
f 302 1220 2024
f 374 1196 2240
f 379 1112 2253
f 307 980 2038
f 278 974 1951
f 313 986 2055
f 319 992 2073
f 325 998 2092
f 331 1016 2109
f 301 968 2019
f 373 1088 2235
f 380 1142 2258
f 272 1154 1934
f 248 1214 1861
f 230 1034 1807
f 224 914 1790
f 236 1094 1826
f 242 1184 1844
f 254 1040 1880
f 356 1232 2186
f 397 1208 2308
f 385 1118 2272
f 259 926 1894
f 326 1160 2095
f 308 1010 2041
f 277 944 1948
f 314 1070 2060
f 320 1130 2078
f 338 1166 2132
f 284 1004 1970
f 289 956 1984
f 367 1082 2218
f 391 1148 2289
f 355 1058 2181
f 253 920 1875
f 260 1100 1897
f 386 1202 2275
f 398 1238 2311
f 350 1172 2167
f 343 1028 2146
f 295 962 2002
f 361 1076 2200
f 266 1124 1915
f 337 1022 2127
f 283 950 1965
f 290 1064 1987
f 368 1136 2221
f 392 1178 2294
f 349 1052 2164
f 344 1226 2149
f 296 1190 2005
f 362 1106 2203
f 265 932 1912
f 251 1321 1870
f 233 1273 1816
f 228 1261 1800
f 240 1297 1836
f 246 1315 1854
f 258 1339 1890
f 360 1562 2196
f 401 1460 2320
f 389 1586 2284
f 263 1345 1906
f 329 1519 2104
f 310 1418 2047
f 280 1393 1958
f 318 1495 2070
f 324 1513 2088
f 342 1555 2142
f 288 1423 1980
f 292 1429 1994
f 371 1568 2230
f 393 1370 2297
f 409 894 2329
f 405 887 2323
f 411 899 2326
f 414 905 2333
f 417 912 2336
f 431 941 2345
f 488 1050 2409
f 575 1224 2496
f 563 1200 2485
f 519 1115 2435
f 454 984 2374
f 450 977 2368
f 456 989 2371
f 459 995 2378
f 462 1002 2381
f 472 1019 2392
f 446 971 2360
f 506 1091 2416
f 535 1146 2456
f 541 1158 2460
f 570 1217 2488
f 480 1037 2398
f 421 918 2340
f 511 1098 2430
f 556 1188 2475
f 484 1044 2404
f 580 1236 2501
f 567 1212 2482
f 522 1122 2440
f 427 930 2347
f 544 1163 2464
f 468 1013 2384
f 436 948 2355
f 499 1074 2419
f 530 1134 2451
f 548 1170 2470
f 466 1008 2385
f 442 960 2362
f 505 1086 2423
f 536 1151 2446
f 491 1061 2401
f 423 923 2339
f 513 1103 2429
f 564 1205 2474
f 581 1241 2491
f 549 1175 2459
f 477 1032 2395
f 445 966 2365
f 503 1080 2424
f 525 1127 2443
f 474 1025 2390
f 438 953 2354
f 495 1067 2413
f 532 1139 2450
f 552 1182 2467
f 490 1056 2408
f 577 1229 2495
f 559 1193 2479
f 517 1109 2437
f 430 936 2350
f 590 1325 2511
f 584 1277 2505
f 585 1265 2507
f 592 1301 2513
f 595 1319 2516
f 598 1343 2519
f 636 1566 2556
f 621 1464 2540
f 642 1590 2561
f 601 1349 2521
f 623 1523 2544
f 611 1422 2529
f 609 1397 2530
f 625 1499 2546
f 628 1517 2549
f 632 1559 2553
f 613 1427 2534
f 616 1433 2536
f 638 1572 2557
f 606 1374 2525
f 407 892 1609
f 403 885 1605
f 404 897 1611
f 410 903 1614
f 413 910 1617
f 422 939 1631
f 486 1048 1688
f 573 1222 1775
f 561 1198 1763
f 512 1113 1719
f 452 982 1654
f 448 975 1650
f 449 987 1656
f 455 993 1659
f 458 1000 1662
f 470 1017 1672
f 437 969 1646
f 494 1089 1706
f 531 1144 1735
f 539 1156 1741
f 568 1215 1770
f 478 1035 1680
f 419 916 1621
f 509 1096 1711
f 554 1186 1756
f 482 1042 1684
f 576 1234 1780
f 558 1210 1767
f 516 1120 1722
f 425 928 1627
f 542 1161 1744
f 463 1011 1668
f 434 946 1636
f 497 1072 1699
f 528 1132 1730
f 546 1168 1748
f 464 1006 1666
f 440 958 1642
f 500 1084 1705
f 524 1149 1736
f 479 1059 1691
f 418 921 1623
f 508 1101 1713
f 553 1203 1764
f 569 1239 1781
f 538 1173 1749
f 471 1030 1677
f 443 964 1645
f 501 1078 1703
f 523 1125 1725
f 467 1023 1674
f 433 951 1638
f 493 1065 1695
f 527 1137 1732
f 543 1180 1752
f 485 1054 1690
f 572 1227 1777
f 557 1191 1759
f 515 1107 1717
f 428 934 1630
f 591 1326 2191
f 587 1278 1885
f 588 1266 1901
f 594 1302 2279
f 597 1320 2315
f 600 1344 2171
f 634 1565 2160
f 619 1463 2016
f 639 1589 2214
f 602 1350 1919
f 624 1524 2137
f 608 1421 1978
f 610 1398 1991
f 627 1500 2225
f 630 1518 2302
f 635 1560 2178
f 615 1428 2153
f 617 1434 2009
f 637 1571 2207
f 604 1373 1926
f 416 911 1857
f 408 893 1803
f 406 888 1786
f 412 900 1822
f 415 906 1840
f 424 924 1876
f 492 1062 2182
f 582 1242 2312
f 565 1206 2276
f 514 1104 1898
f 461 1001 2091
f 453 983 2037
f 451 978 1952
f 457 990 2056
f 460 996 2074
f 475 1026 2128
f 439 954 1966
f 496 1068 1988
f 533 1140 2222
f 551 1181 2293
f 579 1235 2185
f 483 1043 1879
f 426 929 1893
f 521 1121 2271
f 566 1211 2307
f 489 1055 2163
f 578 1230 2150
f 560 1194 2006
f 518 1110 2204
f 429 935 1911
f 547 1169 2131
f 465 1007 1969
f 441 959 1983
f 504 1085 2217
f 537 1152 2290
f 550 1176 2168
f 476 1031 2145
f 444 965 2001
f 502 1079 2199
f 526 1128 1916
f 481 1038 1808
f 420 917 1789
f 510 1097 1825
f 555 1187 1843
f 571 1218 1862
f 540 1157 1933
f 473 1020 2110
f 447 972 2020
f 507 1092 2236
f 534 1145 2257
f 469 1014 2042
f 435 947 1947
f 498 1073 2059
f 529 1133 2077
f 545 1164 2096
f 487 1049 2113
f 574 1223 2023
f 562 1199 2239
f 520 1116 2254
f 432 942 1930
f 589 1283 1818
f 583 1259 1798
f 586 1295 1834
f 593 1313 1852
f 596 1331 1872
f 599 1379 1942
f 633 1541 2120
f 620 1452 2030
f 640 1578 2248
f 603 1368 2263
f 622 1487 2052
f 607 1391 1955
f 612 1440 2065
f 626 1511 2086
f 629 1529 2106
f 631 1547 2122
f 614 1469 2032
f 618 1458 2245
f 641 1584 2266
f 605 1362 1940
f 409 1269 1813
f 405 1245 1792
f 411 1252 1828
f 414 1288 1846
f 417 1306 1867
f 431 1336 1936
f 488 1551 2123
f 575 1473 2033
f 563 1599 2249
f 519 1354 2260
f 454 1479 2049
f 450 1401 1959
f 456 1408 2062
f 459 1492 2080
f 462 1504 2101
f 472 1533 2116
f 446 1414 2026
f 506 1444 2242
f 535 1594 2267
f 541 1383 1943
f 570 1323 1869
f 480 1275 1815
f 421 1263 1799
f 511 1299 1835
f 556 1317 1853
f 484 1341 1889
f 580 1564 2195
f 567 1462 2319
f 522 1588 2283
f 427 1347 1905
f 544 1521 2103
f 468 1420 2046
f 436 1395 1957
f 499 1497 2069
f 530 1515 2087
f 548 1557 2141
f 466 1425 1979
f 442 1431 1993
f 505 1570 2229
f 536 1372 2296
f 491 1282 2188
f 423 1258 1882
f 513 1294 1902
f 564 1312 2280
f 581 1330 2316
f 549 1378 2172
f 477 1540 2157
f 445 1449 2011
f 503 1575 2209
f 525 1365 1923
f 474 1486 2134
f 438 1390 1972
f 495 1437 1995
f 532 1510 2226
f 552 1528 2303
f 490 1546 2175
f 577 1468 2154
f 559 1455 2013
f 517 1581 2211
f 430 1359 1921
f 590 1272 1865
f 584 1248 1811
f 585 1253 1796
f 592 1289 1832
f 595 1307 1850
f 598 1337 1888
f 636 1554 2194
f 621 1476 2322
f 642 1602 2286
f 601 1355 1908
f 623 1482 2099
f 611 1404 2045
f 609 1409 1962
f 625 1493 2068
f 628 1505 2084
f 632 1536 2140
f 613 1415 1976
f 616 1445 1998
f 638 1595 2232
f 606 1386 2299
f 407 909 2330
f 403 891 2324
f 404 886 2325
f 410 898 2332
f 413 904 2335
f 422 922 2344
f 486 1060 2410
f 573 1240 2497
f 561 1204 2486
f 512 1102 2434
f 452 999 2375
f 448 981 2369
f 449 976 2370
f 455 988 2377
f 458 994 2380
f 470 1024 2393
f 437 952 2359
f 494 1066 2415
f 531 1138 2455
f 539 1179 2461
f 568 1233 2489
f 478 1041 2399
f 419 927 2341
f 509 1119 2431
f 554 1209 2476
f 482 1053 2405
f 576 1228 2500
f 558 1192 2481
f 516 1108 2439
f 425 933 2348
f 542 1167 2465
f 463 1005 2383
f 434 957 2356
f 497 1083 2420
f 528 1150 2452
f 546 1174 2471
f 464 1029 2386
f 440 963 2363
f 500 1077 2422
f 524 1126 2445
f 479 1036 2400
f 418 915 2338
f 508 1095 2428
f 553 1185 2473
f 569 1216 2490
f 538 1155 2458
f 471 1018 2394
f 443 970 2366
f 501 1090 2425
f 523 1143 2444
f 467 1012 2389
f 433 945 2353
f 493 1071 2414
f 527 1131 2449
f 543 1162 2466
f 485 1047 2407
f 572 1221 2494
f 557 1197 2480
f 515 1114 2438
f 428 940 2351
f 591 1284 2510
f 587 1260 2504
f 588 1296 2508
f 594 1314 2514
f 597 1332 2517
f 600 1380 2520
f 634 1542 2554
f 619 1451 2539
f 639 1577 2560
f 602 1367 2523
f 624 1488 2543
f 608 1392 2527
f 610 1439 2532
f 627 1512 2547
f 630 1530 2550
f 635 1548 2552
f 615 1470 2535
f 617 1457 2538
f 637 1583 2558
f 604 1361 2524
f 167 1616 1607
f 164 1608 1603
f 163 1606 1604
f 165 1612 1610
f 166 1615 1613
f 169 1624 1622
f 192 1692 1686
f 222 1782 1773
f 216 1765 1761
f 199 1714 1712
f 182 1661 1652
f 179 1653 1648
f 178 1651 1649
f 180 1657 1655
f 181 1660 1658
f 186 1675 1670
f 174 1639 1637
f 193 1696 1694
f 205 1733 1731
f 212 1751 1739
f 221 1779 1768
f 189 1683 1678
f 170 1626 1619
f 202 1721 1709
f 217 1766 1754
f 191 1689 1682
f 220 1778 1776
f 214 1760 1758
f 200 1718 1716
f 171 1629 1625
f 210 1747 1742
f 183 1665 1663
f 175 1641 1634
f 196 1704 1697
f 207 1737 1728
f 211 1750 1746
f 187 1676 1664
f 176 1644 1640
f 195 1702 1700
f 203 1726 1724
f 188 1681 1679
f 168 1620 1618
f 198 1710 1708
f 213 1755 1753
f 218 1771 1769
f 208 1740 1738
f 185 1673 1671
f 177 1647 1643
f 197 1707 1701
f 206 1734 1723
f 184 1669 1667
f 173 1635 1633
f 194 1698 1693
f 204 1729 1727
f 209 1745 1743
f 190 1687 1685
f 219 1774 1772
f 215 1762 1757
f 201 1720 1715
f 172 1632 1628
f 357 2189 2187
f 255 1883 1881
f 262 1903 1899
f 388 2281 2277
f 400 2317 2313
f 352 2173 2169
f 347 2158 2156
f 298 2012 2010
f 364 2210 2208
f 269 1924 1917
f 339 2135 2133
f 285 1973 1971
f 293 1996 1989
f 370 2227 2223
f 396 2304 2300
f 353 2176 2174
f 346 2155 2151
f 299 2014 2007
f 365 2212 2205
f 268 1922 1920
f 249 1864 1855
f 231 1810 1801
f 226 1795 1784
f 238 1831 1820
f 244 1849 1838
f 257 1887 1874
f 359 2193 2180
f 402 2321 2310
f 390 2285 2274
f 264 1907 1896
f 327 2098 2089
f 309 2044 2035
f 282 1961 1950
f 317 2067 2054
f 322 2083 2072
f 341 2139 2126
f 286 1975 1964
f 294 1997 1986
f 372 2231 2220
f 394 2298 2291
f 358 2190 2183
f 256 1884 1877
f 261 1900 1891
f 387 2278 2269
f 399 2314 2305
f 351 2170 2161
f 348 2159 2148
f 300 2015 2004
f 366 2213 2202
f 267 1918 1909
f 340 2136 2129
f 287 1977 1967
f 291 1990 1981
f 369 2224 2215
f 395 2301 2288
f 354 2177 2166
f 345 2152 2143
f 297 2008 1999
f 363 2206 2197
f 270 1925 1914
f 234 1817 1806
f 227 1797 1787
f 239 1833 1823
f 245 1851 1841
f 252 1871 1860
f 275 1941 1931
f 334 2119 2108
f 304 2029 2018
f 377 2247 2234
f 382 2262 2255
f 312 2051 2040
f 279 1954 1945
f 316 2064 2057
f 323 2085 2075
f 330 2105 2094
f 335 2121 2111
f 305 2031 2021
f 376 2244 2237
f 383 2265 2252
f 274 1939 1928
f 232 1814 1812
f 225 1793 1791
f 237 1829 1827
f 243 1847 1845
f 250 1868 1866
f 273 1937 1935
f 336 2124 2118
f 306 2034 2028
f 378 2250 2246
f 381 2261 2259
f 311 2050 2048
f 281 1960 1953
f 315 2063 2061
f 321 2081 2079
f 328 2102 2100
f 333 2117 2115
f 303 2027 2025
f 375 2243 2241
f 384 2268 2264
f 276 1944 1938
f 229 1804 1802
f 223 1785 1783
f 235 1821 1819
f 241 1839 1837
f 247 1858 1856
f 271 1929 1927
f 332 2114 2112
f 302 2024 2022
f 374 2240 2238
f 379 2253 2251
f 307 2038 2036
f 278 1951 1949
f 313 2055 2053
f 319 2073 2071
f 325 2092 2090
f 331 2109 2107
f 301 2019 2017
f 373 2235 2233
f 380 2258 2256
f 272 1934 1932
f 248 1861 1859
f 230 1807 1805
f 224 1790 1788
f 236 1826 1824
f 242 1844 1842
f 254 1880 1878
f 356 2186 2184
f 397 2308 2306
f 385 2272 2270
f 259 1894 1892
f 326 2095 2093
f 308 2041 2039
f 277 1948 1946
f 314 2060 2058
f 320 2078 2076
f 338 2132 2130
f 284 1970 1968
f 289 1984 1982
f 367 2218 2216
f 391 2289 2287
f 355 2181 2179
f 253 1875 1873
f 260 1897 1895
f 386 2275 2273
f 398 2311 2309
f 350 2167 2165
f 343 2146 2144
f 295 2002 2000
f 361 2200 2198
f 266 1915 1913
f 337 2127 2125
f 283 1965 1963
f 290 1987 1985
f 368 2221 2219
f 392 2294 2292
f 349 2164 2162
f 344 2149 2147
f 296 2005 2003
f 362 2203 2201
f 265 1912 1910
f 251 1870 1863
f 233 1816 1809
f 228 1800 1794
f 240 1836 1830
f 246 1854 1848
f 258 1890 1886
f 360 2196 2192
f 401 2320 2318
f 389 2284 2282
f 263 1906 1904
f 329 2104 2097
f 310 2047 2043
f 280 1958 1956
f 318 2070 2066
f 324 2088 2082
f 342 2142 2138
f 288 1980 1974
f 292 1994 1992
f 371 2230 2228
f 393 2297 2295
f 409 2329 2331
f 405 2323 2327
f 411 2326 2328
f 414 2333 2334
f 417 2336 2337
f 431 2345 2346
f 488 2409 2412
f 575 2496 2499
f 563 2485 2487
f 519 2435 2436
f 454 2374 2376
f 450 2368 2372
f 456 2371 2373
f 459 2378 2379
f 462 2381 2382
f 472 2392 2396
f 446 2360 2361
f 506 2416 2418
f 535 2456 2457
f 541 2460 2463
f 570 2488 2492
f 480 2398 2402
f 421 2340 2343
f 511 2430 2433
f 556 2475 2478
f 484 2404 2406
f 580 2501 2502
f 567 2482 2484
f 522 2440 2442
f 427 2347 2349
f 544 2464 2468
f 468 2384 2387
f 436 2355 2358
f 499 2419 2421
f 530 2451 2454
f 548 2470 2472
f 466 2385 2388
f 442 2362 2364
f 505 2423 2426
f 536 2446 2448
f 491 2401 2403
f 423 2339 2342
f 513 2429 2432
f 564 2474 2477
f 581 2491 2493
f 549 2459 2462
f 477 2395 2397
f 445 2365 2367
f 503 2424 2427
f 525 2443 2447
f 474 2390 2391
f 438 2354 2357
f 495 2413 2417
f 532 2450 2453
f 552 2467 2469
f 490 2408 2411
f 577 2495 2498
f 559 2479 2483
f 517 2437 2441
f 430 2350 2352
f 590 2511 2509
f 584 2505 2503
f 585 2507 2506
f 592 2513 2512
f 595 2516 2515
f 598 2519 2518
f 636 2556 2555
f 621 2540 2541
f 642 2561 2562
f 601 2521 2522
f 623 2544 2542
f 611 2529 2528
f 609 2530 2531
f 625 2546 2545
f 628 2549 2548
f 632 2553 2551
f 613 2534 2533
f 616 2536 2537
f 638 2557 2559
f 606 2525 2526
f 1607 644 647
f 1603 643 644
f 1604 645 643
f 1610 646 645
f 1613 647 646
f 1622 652 649
f 1686 670 672
f 1773 699 702
f 1761 695 696
f 1712 681 679
f 1652 659 662
f 1648 658 659
f 1649 660 658
f 1655 661 660
f 1658 662 661
f 1670 665 666
f 1637 657 654
f 1694 677 673
f 1731 686 685
f 1739 688 692
f 1768 698 701
f 1678 668 669
f 1619 648 650
f 1709 678 682
f 1754 693 697
f 1682 669 671
f 1776 701 700
f 1758 697 694
f 1716 682 680
f 1625 650 651
f 1742 689 690
f 1663 664 663
f 1634 653 655
f 1697 674 676
f 1728 684 687
f 1746 690 691
f 1664 663 667
f 1640 655 656
f 1700 676 675
f 1724 687 683
f 1679 672 668
f 1618 649 648
f 1708 679 678
f 1753 696 693
f 1769 702 698
f 1738 691 688
f 1671 667 665
f 1643 656 657
f 1701 675 677
f 1723 683 686
f 1667 666 664
f 1633 654 653
f 1693 673 674
f 1727 685 684
f 1743 692 689
f 1685 671 670
f 1772 700 699
f 1757 694 695
f 1715 680 681
f 1628 651 652
f 2187 838 837
f 1881 736 735
f 1899 741 742
f 2277 867 868
f 2313 879 880
f 2169 831 832
f 2156 828 827
f 2010 780 778
f 2208 846 844
f 1917 747 749
f 2133 820 819
f 1971 767 765
f 1989 771 773
f 2223 849 850
f 2300 875 876
f 2174 834 833
f 2151 825 826
f 2007 777 779
f 2205 843 845
f 1920 750 748
f 1855 727 729
f 1801 709 711
f 1784 703 706
f 1820 715 718
f 1838 721 724
f 1874 733 737
f 2180 835 839
f 2310 878 882
f 2274 866 870
f 1896 740 744
f 2089 805 807
f 2035 787 789
f 1950 758 762
f 2054 793 797
f 2072 799 802
f 2126 817 821
f 1964 763 766
f 1986 770 774
f 2220 848 852
f 2291 872 874
f 2183 836 838
f 1877 734 736
f 1891 739 741
f 2269 865 867
f 2305 877 879
f 2161 829 831
f 2148 824 828
f 2004 776 780
f 2202 842 846
f 1909 745 747
f 2129 818 820
f 1967 764 767
f 1981 769 771
f 2215 847 849
f 2288 871 875
f 2166 830 834
f 2143 823 825
f 1999 775 777
f 2197 841 843
f 1914 746 750
f 1806 710 714
f 1787 704 707
f 1823 716 719
f 1841 722 725
f 1860 728 732
f 1931 752 755
f 2108 811 814
f 2018 781 784
f 2234 853 857
f 2255 860 862
f 2040 788 792
f 1945 757 759
f 2057 794 796
f 2075 800 803
f 2094 806 810
f 2111 812 815
f 2021 782 785
f 2237 854 856
f 2252 859 863
f 1928 751 754
f 1812 714 712
f 1791 707 705
f 1827 719 717
f 1845 725 723
f 1866 732 730
f 1935 755 753
f 2118 814 816
f 2028 784 786
f 2246 857 858
f 2259 862 861
f 2048 792 791
f 1953 759 761
f 2061 796 795
f 2079 803 801
f 2100 810 808
f 2115 815 813
f 2025 785 783
f 2241 856 855
f 2264 863 864
f 1938 754 756
f 1802 712 709
f 1783 705 703
f 1819 717 715
f 1837 723 721
f 1856 730 727
f 1927 753 751
f 2112 816 812
f 2022 786 782
f 2238 858 854
f 2251 861 859
f 2036 791 787
f 1949 761 758
f 2053 795 793
f 2071 801 799
f 2090 808 805
f 2107 813 811
f 2017 783 781
f 2233 855 853
f 2256 864 860
f 1932 756 752
f 1859 731 728
f 1805 713 710
f 1788 708 704
f 1824 720 716
f 1842 726 722
f 1878 738 734
f 2184 840 836
f 2306 881 877
f 2270 869 865
f 1892 743 739
f 2093 809 806
f 2039 790 788
f 1946 760 757
f 2058 798 794
f 2076 804 800
f 2130 822 818
f 1968 768 764
f 1982 772 769
f 2216 851 847
f 2287 873 871
f 2179 837 835
f 1873 735 733
f 1895 742 740
f 2273 868 866
f 2309 880 878
f 2165 832 830
f 2144 827 823
f 2000 778 775
f 2198 844 841
f 1913 749 746
f 2125 819 817
f 1963 765 763
f 1985 773 770
f 2219 850 848
f 2292 876 872
f 2162 833 829
f 2147 826 824
f 2003 779 776
f 2201 845 842
f 1910 748 745
f 1863 729 731
f 1809 711 713
f 1794 706 708
f 1830 718 720
f 1848 724 726
f 1886 737 738
f 2192 839 840
f 2318 882 881
f 2282 870 869
f 1904 744 743
f 2097 807 809
f 2043 789 790
f 1956 762 760
f 2066 797 798
f 2082 802 804
f 2138 821 822
f 1974 766 768
f 1992 774 772
f 2228 852 851
f 2295 874 873
f 2331 1270 1269
f 2327 1246 1245
f 2328 1251 1252
f 2334 1287 1288
f 2337 1305 1306
f 2346 1335 1336
f 2412 1552 1551
f 2499 1474 1473
f 2487 1600 1599
f 2436 1353 1354
f 2376 1480 1479
f 2372 1402 1401
f 2373 1407 1408
f 2379 1491 1492
f 2382 1503 1504
f 2396 1534 1533
f 2361 1413 1414
f 2418 1443 1444
f 2457 1593 1594
f 2463 1384 1383
f 2492 1324 1323
f 2402 1276 1275
f 2343 1264 1263
f 2433 1300 1299
f 2478 1318 1317
f 2406 1342 1341
f 2502 1563 1564
f 2484 1461 1462
f 2442 1587 1588
f 2349 1348 1347
f 2468 1522 1521
f 2387 1419 1420
f 2358 1396 1395
f 2421 1498 1497
f 2454 1516 1515
f 2472 1558 1557
f 2388 1426 1425
f 2364 1432 1431
f 2426 1569 1570
f 2448 1371 1372
f 2403 1281 1282
f 2342 1257 1258
f 2432 1293 1294
f 2477 1311 1312
f 2493 1329 1330
f 2462 1377 1378
f 2397 1539 1540
f 2367 1450 1449
f 2427 1576 1575
f 2447 1366 1365
f 2391 1485 1486
f 2357 1389 1390
f 2417 1438 1437
f 2453 1509 1510
f 2469 1527 1528
f 2411 1545 1546
f 2498 1467 1468
f 2483 1456 1455
f 2441 1582 1581
f 2352 1360 1359
f 2509 1271 1272
f 2503 1247 1248
f 2506 1254 1253
f 2512 1290 1289
f 2515 1308 1307
f 2518 1338 1337
f 2555 1553 1554
f 2541 1475 1476
f 2562 1601 1602
f 2522 1356 1355
f 2542 1481 1482
f 2528 1403 1404
f 2531 1410 1409
f 2545 1494 1493
f 2548 1506 1505
f 2551 1535 1536
f 2533 1416 1415
f 2537 1446 1445
f 2559 1596 1595
f 2526 1385 1386
f 1616 907 909
f 1608 889 891
f 1606 883 886
f 1612 895 898
f 1615 901 904
f 1624 919 922
f 1692 1057 1060
f 1782 1237 1240
f 1765 1201 1204
f 1714 1099 1102
f 1661 997 999
f 1653 979 981
f 1651 973 976
f 1657 985 988
f 1660 991 994
f 1675 1021 1024
f 1639 949 952
f 1696 1063 1066
f 1733 1135 1138
f 1751 1177 1179
f 1779 1231 1233
f 1683 1039 1041
f 1626 925 927
f 1721 1117 1119
f 1766 1207 1209
f 1689 1051 1053
f 1778 1225 1228
f 1760 1189 1192
f 1718 1105 1108
f 1629 931 933
f 1747 1165 1167
f 1665 1003 1005
f 1641 955 957
f 1704 1081 1083
f 1737 1147 1150
f 1750 1171 1174
f 1676 1027 1029
f 1644 961 963
f 1702 1075 1077
f 1726 1123 1126
f 1681 1033 1036
f 1620 913 915
f 1710 1093 1095
f 1755 1183 1185
f 1771 1213 1216
f 1740 1153 1155
f 1673 1015 1018
f 1647 967 970
f 1707 1087 1090
f 1734 1141 1143
f 1669 1009 1012
f 1635 943 945
f 1698 1069 1071
f 1729 1129 1131
f 1745 1159 1162
f 1687 1045 1047
f 1774 1219 1221
f 1762 1195 1197
f 1720 1111 1114
f 1632 937 940
f 2189 1280 1284
f 1883 1256 1260
f 1903 1292 1296
f 2281 1310 1314
f 2317 1328 1332
f 2173 1376 1380
f 2158 1538 1542
f 2012 1447 1451
f 2210 1573 1577
f 1924 1363 1367
f 2135 1484 1488
f 1973 1388 1392
f 1996 1435 1439
f 2227 1508 1512
f 2304 1526 1530
f 2176 1544 1548
f 2155 1466 1470
f 2014 1453 1457
f 2212 1579 1583
f 1922 1357 1361
f 1864 1268 1270
f 1810 1244 1246
f 1795 1249 1251
f 1831 1285 1287
f 1849 1303 1305
f 1887 1333 1335
f 2193 1550 1552
f 2321 1472 1474
f 2285 1598 1600
f 1907 1351 1353
f 2098 1478 1480
f 2044 1400 1402
f 1961 1405 1407
f 2067 1489 1491
f 2083 1501 1503
f 2139 1532 1534
f 1975 1411 1413
f 1997 1441 1443
f 2231 1591 1593
f 2298 1382 1384
f 2190 1322 1324
f 1884 1274 1276
f 1900 1262 1264
f 2278 1298 1300
f 2314 1316 1318
f 2170 1340 1342
f 2159 1561 1563
f 2015 1459 1461
f 2213 1585 1587
f 1918 1346 1348
f 2136 1520 1522
f 1977 1417 1419
f 1990 1394 1396
f 2224 1496 1498
f 2301 1514 1516
f 2177 1556 1558
f 2152 1424 1426
f 2008 1430 1432
f 2206 1567 1569
f 1925 1369 1371
f 1817 1279 1281
f 1797 1255 1257
f 1833 1291 1293
f 1851 1309 1311
f 1871 1327 1329
f 1941 1375 1377
f 2119 1537 1539
f 2029 1448 1450
f 2247 1574 1576
f 2262 1364 1366
f 2051 1483 1485
f 1954 1387 1389
f 2064 1436 1438
f 2085 1507 1509
f 2105 1525 1527
f 2121 1543 1545
f 2031 1465 1467
f 2244 1454 1456
f 2265 1580 1582
f 1939 1358 1360
f 1814 1267 1271
f 1793 1243 1247
f 1829 1250 1254
f 1847 1286 1290
f 1868 1304 1308
f 1937 1334 1338
f 2124 1549 1553
f 2034 1471 1475
f 2250 1597 1601
f 2261 1352 1356
f 2050 1477 1481
f 1960 1399 1403
f 2063 1406 1410
f 2081 1490 1494
f 2102 1502 1506
f 2117 1531 1535
f 2027 1412 1416
f 2243 1442 1446
f 2268 1592 1596
f 1944 1381 1385
f 1804 890 894
f 1785 884 887
f 1821 896 899
f 1839 902 905
f 1858 908 912
f 1929 938 941
f 2114 1046 1050
f 2024 1220 1224
f 2240 1196 1200
f 2253 1112 1115
f 2038 980 984
f 1951 974 977
f 2055 986 989
f 2073 992 995
f 2092 998 1002
f 2109 1016 1019
f 2019 968 971
f 2235 1088 1091
f 2258 1142 1146
f 1934 1154 1158
f 1861 1214 1217
f 1807 1034 1037
f 1790 914 918
f 1826 1094 1098
f 1844 1184 1188
f 1880 1040 1044
f 2186 1232 1236
f 2308 1208 1212
f 2272 1118 1122
f 1894 926 930
f 2095 1160 1163
f 2041 1010 1013
f 1948 944 948
f 2060 1070 1074
f 2078 1130 1134
f 2132 1166 1170
f 1970 1004 1008
f 1984 956 960
f 2218 1082 1086
f 2289 1148 1151
f 2181 1058 1061
f 1875 920 923
f 1897 1100 1103
f 2275 1202 1205
f 2311 1238 1241
f 2167 1172 1175
f 2146 1028 1032
f 2002 962 966
f 2200 1076 1080
f 1915 1124 1127
f 2127 1022 1025
f 1965 950 953
f 1987 1064 1067
f 2221 1136 1139
f 2294 1178 1182
f 2164 1052 1056
f 2149 1226 1229
f 2005 1190 1193
f 2203 1106 1109
f 1912 932 936
f 1870 1321 1325
f 1816 1273 1277
f 1800 1261 1265
f 1836 1297 1301
f 1854 1315 1319
f 1890 1339 1343
f 2196 1562 1566
f 2320 1460 1464
f 2284 1586 1590
f 1906 1345 1349
f 2104 1519 1523
f 2047 1418 1422
f 1958 1393 1397
f 2070 1495 1499
f 2088 1513 1517
f 2142 1555 1559
f 1980 1423 1427
f 1994 1429 1433
f 2230 1568 1572
f 2297 1370 1374
f 2329 894 892
f 2323 887 885
f 2326 899 897
f 2333 905 903
f 2336 912 910
f 2345 941 939
f 2409 1050 1048
f 2496 1224 1222
f 2485 1200 1198
f 2435 1115 1113
f 2374 984 982
f 2368 977 975
f 2371 989 987
f 2378 995 993
f 2381 1002 1000
f 2392 1019 1017
f 2360 971 969
f 2416 1091 1089
f 2456 1146 1144
f 2460 1158 1156
f 2488 1217 1215
f 2398 1037 1035
f 2340 918 916
f 2430 1098 1096
f 2475 1188 1186
f 2404 1044 1042
f 2501 1236 1234
f 2482 1212 1210
f 2440 1122 1120
f 2347 930 928
f 2464 1163 1161
f 2384 1013 1011
f 2355 948 946
f 2419 1074 1072
f 2451 1134 1132
f 2470 1170 1168
f 2385 1008 1006
f 2362 960 958
f 2423 1086 1084
f 2446 1151 1149
f 2401 1061 1059
f 2339 923 921
f 2429 1103 1101
f 2474 1205 1203
f 2491 1241 1239
f 2459 1175 1173
f 2395 1032 1030
f 2365 966 964
f 2424 1080 1078
f 2443 1127 1125
f 2390 1025 1023
f 2354 953 951
f 2413 1067 1065
f 2450 1139 1137
f 2467 1182 1180
f 2408 1056 1054
f 2495 1229 1227
f 2479 1193 1191
f 2437 1109 1107
f 2350 936 934
f 2511 1325 1326
f 2505 1277 1278
f 2507 1265 1266
f 2513 1301 1302
f 2516 1319 1320
f 2519 1343 1344
f 2556 1566 1565
f 2540 1464 1463
f 2561 1590 1589
f 2521 1349 1350
f 2544 1523 1524
f 2529 1422 1421
f 2530 1397 1398
f 2546 1499 1500
f 2549 1517 1518
f 2553 1559 1560
f 2534 1427 1428
f 2536 1433 1434
f 2557 1572 1571
f 2525 1374 1373
f 1609 892 889
f 1605 885 883
f 1611 897 895
f 1614 903 901
f 1617 910 907
f 1631 939 937
f 1688 1048 1045
f 1775 1222 1219
f 1763 1198 1195
f 1719 1113 1111
f 1654 982 979
f 1650 975 973
f 1656 987 985
f 1659 993 991
f 1662 1000 997
f 1672 1017 1015
f 1646 969 967
f 1706 1089 1087
f 1735 1144 1141
f 1741 1156 1153
f 1770 1215 1213
f 1680 1035 1033
f 1621 916 913
f 1711 1096 1093
f 1756 1186 1183
f 1684 1042 1039
f 1780 1234 1231
f 1767 1210 1207
f 1722 1120 1117
f 1627 928 925
f 1744 1161 1159
f 1668 1011 1009
f 1636 946 943
f 1699 1072 1069
f 1730 1132 1129
f 1748 1168 1165
f 1666 1006 1003
f 1642 958 955
f 1705 1084 1081
f 1736 1149 1147
f 1691 1059 1057
f 1623 921 919
f 1713 1101 1099
f 1764 1203 1201
f 1781 1239 1237
f 1749 1173 1171
f 1677 1030 1027
f 1645 964 961
f 1703 1078 1075
f 1725 1125 1123
f 1674 1023 1021
f 1638 951 949
f 1695 1065 1063
f 1732 1137 1135
f 1752 1180 1177
f 1690 1054 1051
f 1777 1227 1225
f 1759 1191 1189
f 1717 1107 1105
f 1630 934 931
f 2191 1326 1322
f 1885 1278 1274
f 1901 1266 1262
f 2279 1302 1298
f 2315 1320 1316
f 2171 1344 1340
f 2160 1565 1561
f 2016 1463 1459
f 2214 1589 1585
f 1919 1350 1346
f 2137 1524 1520
f 1978 1421 1417
f 1991 1398 1394
f 2225 1500 1496
f 2302 1518 1514
f 2178 1560 1556
f 2153 1428 1424
f 2009 1434 1430
f 2207 1571 1567
f 1926 1373 1369
f 1857 911 908
f 1803 893 890
f 1786 888 884
f 1822 900 896
f 1840 906 902
f 1876 924 920
f 2182 1062 1058
f 2312 1242 1238
f 2276 1206 1202
f 1898 1104 1100
f 2091 1001 998
f 2037 983 980
f 1952 978 974
f 2056 990 986
f 2074 996 992
f 2128 1026 1022
f 1966 954 950
f 1988 1068 1064
f 2222 1140 1136
f 2293 1181 1178
f 2185 1235 1232
f 1879 1043 1040
f 1893 929 926
f 2271 1121 1118
f 2307 1211 1208
f 2163 1055 1052
f 2150 1230 1226
f 2006 1194 1190
f 2204 1110 1106
f 1911 935 932
f 2131 1169 1166
f 1969 1007 1004
f 1983 959 956
f 2217 1085 1082
f 2290 1152 1148
f 2168 1176 1172
f 2145 1031 1028
f 2001 965 962
f 2199 1079 1076
f 1916 1128 1124
f 1808 1038 1034
f 1789 917 914
f 1825 1097 1094
f 1843 1187 1184
f 1862 1218 1214
f 1933 1157 1154
f 2110 1020 1016
f 2020 972 968
f 2236 1092 1088
f 2257 1145 1142
f 2042 1014 1010
f 1947 947 944
f 2059 1073 1070
f 2077 1133 1130
f 2096 1164 1160
f 2113 1049 1046
f 2023 1223 1220
f 2239 1199 1196
f 2254 1116 1112
f 1930 942 938
f 1818 1283 1279
f 1798 1259 1255
f 1834 1295 1291
f 1852 1313 1309
f 1872 1331 1327
f 1942 1379 1375
f 2120 1541 1537
f 2030 1452 1448
f 2248 1578 1574
f 2263 1368 1364
f 2052 1487 1483
f 1955 1391 1387
f 2065 1440 1436
f 2086 1511 1507
f 2106 1529 1525
f 2122 1547 1543
f 2032 1469 1465
f 2245 1458 1454
f 2266 1584 1580
f 1940 1362 1358
f 1813 1269 1267
f 1792 1245 1243
f 1828 1252 1250
f 1846 1288 1286
f 1867 1306 1304
f 1936 1336 1334
f 2123 1551 1549
f 2033 1473 1471
f 2249 1599 1597
f 2260 1354 1352
f 2049 1479 1477
f 1959 1401 1399
f 2062 1408 1406
f 2080 1492 1490
f 2101 1504 1502
f 2116 1533 1531
f 2026 1414 1412
f 2242 1444 1442
f 2267 1594 1592
f 1943 1383 1381
f 1869 1323 1321
f 1815 1275 1273
f 1799 1263 1261
f 1835 1299 1297
f 1853 1317 1315
f 1889 1341 1339
f 2195 1564 1562
f 2319 1462 1460
f 2283 1588 1586
f 1905 1347 1345
f 2103 1521 1519
f 2046 1420 1418
f 1957 1395 1393
f 2069 1497 1495
f 2087 1515 1513
f 2141 1557 1555
f 1979 1425 1423
f 1993 1431 1429
f 2229 1570 1568
f 2296 1372 1370
f 2188 1282 1280
f 1882 1258 1256
f 1902 1294 1292
f 2280 1312 1310
f 2316 1330 1328
f 2172 1378 1376
f 2157 1540 1538
f 2011 1449 1447
f 2209 1575 1573
f 1923 1365 1363
f 2134 1486 1484
f 1972 1390 1388
f 1995 1437 1435
f 2226 1510 1508
f 2303 1528 1526
f 2175 1546 1544
f 2154 1468 1466
f 2013 1455 1453
f 2211 1581 1579
f 1921 1359 1357
f 1865 1272 1268
f 1811 1248 1244
f 1796 1253 1249
f 1832 1289 1285
f 1850 1307 1303
f 1888 1337 1333
f 2194 1554 1550
f 2322 1476 1472
f 2286 1602 1598
f 1908 1355 1351
f 2099 1482 1478
f 2045 1404 1400
f 1962 1409 1405
f 2068 1493 1489
f 2084 1505 1501
f 2140 1536 1532
f 1976 1415 1411
f 1998 1445 1441
f 2232 1595 1591
f 2299 1386 1382
f 2330 909 911
f 2324 891 893
f 2325 886 888
f 2332 898 900
f 2335 904 906
f 2344 922 924
f 2410 1060 1062
f 2497 1240 1242
f 2486 1204 1206
f 2434 1102 1104
f 2375 999 1001
f 2369 981 983
f 2370 976 978
f 2377 988 990
f 2380 994 996
f 2393 1024 1026
f 2359 952 954
f 2415 1066 1068
f 2455 1138 1140
f 2461 1179 1181
f 2489 1233 1235
f 2399 1041 1043
f 2341 927 929
f 2431 1119 1121
f 2476 1209 1211
f 2405 1053 1055
f 2500 1228 1230
f 2481 1192 1194
f 2439 1108 1110
f 2348 933 935
f 2465 1167 1169
f 2383 1005 1007
f 2356 957 959
f 2420 1083 1085
f 2452 1150 1152
f 2471 1174 1176
f 2386 1029 1031
f 2363 963 965
f 2422 1077 1079
f 2445 1126 1128
f 2400 1036 1038
f 2338 915 917
f 2428 1095 1097
f 2473 1185 1187
f 2490 1216 1218
f 2458 1155 1157
f 2394 1018 1020
f 2366 970 972
f 2425 1090 1092
f 2444 1143 1145
f 2389 1012 1014
f 2353 945 947
f 2414 1071 1073
f 2449 1131 1133
f 2466 1162 1164
f 2407 1047 1049
f 2494 1221 1223
f 2480 1197 1199
f 2438 1114 1116
f 2351 940 942
f 2510 1284 1283
f 2504 1260 1259
f 2508 1296 1295
f 2514 1314 1313
f 2517 1332 1331
f 2520 1380 1379
f 2554 1542 1541
f 2539 1451 1452
f 2560 1577 1578
f 2523 1367 1368
f 2543 1488 1487
f 2527 1392 1391
f 2532 1439 1440
f 2547 1512 1511
f 2550 1530 1529
f 2552 1548 1547
f 2535 1470 1469
f 2538 1457 1458
f 2558 1583 1584
f 2524 1361 1362
f 1607 1616 1609
f 1603 1608 1605
f 1604 1606 1611
f 1610 1612 1614
f 1613 1615 1617
f 1622 1624 1631
f 1686 1692 1688
f 1773 1782 1775
f 1761 1765 1763
f 1712 1714 1719
f 1652 1661 1654
f 1648 1653 1650
f 1649 1651 1656
f 1655 1657 1659
f 1658 1660 1662
f 1670 1675 1672
f 1637 1639 1646
f 1694 1696 1706
f 1731 1733 1735
f 1739 1751 1741
f 1768 1779 1770
f 1678 1683 1680
f 1619 1626 1621
f 1709 1721 1711
f 1754 1766 1756
f 1682 1689 1684
f 1776 1778 1780
f 1758 1760 1767
f 1716 1718 1722
f 1625 1629 1627
f 1742 1747 1744
f 1663 1665 1668
f 1634 1641 1636
f 1697 1704 1699
f 1728 1737 1730
f 1746 1750 1748
f 1664 1676 1666
f 1640 1644 1642
f 1700 1702 1705
f 1724 1726 1736
f 1679 1681 1691
f 1618 1620 1623
f 1708 1710 1713
f 1753 1755 1764
f 1769 1771 1781
f 1738 1740 1749
f 1671 1673 1677
f 1643 1647 1645
f 1701 1707 1703
f 1723 1734 1725
f 1667 1669 1674
f 1633 1635 1638
f 1693 1698 1695
f 1727 1729 1732
f 1743 1745 1752
f 1685 1687 1690
f 1772 1774 1777
f 1757 1762 1759
f 1715 1720 1717
f 1628 1632 1630
f 2187 2189 2191
f 1881 1883 1885
f 1899 1903 1901
f 2277 2281 2279
f 2313 2317 2315
f 2169 2173 2171
f 2156 2158 2160
f 2010 2012 2016
f 2208 2210 2214
f 1917 1924 1919
f 2133 2135 2137
f 1971 1973 1978
f 1989 1996 1991
f 2223 2227 2225
f 2300 2304 2302
f 2174 2176 2178
f 2151 2155 2153
f 2007 2014 2009
f 2205 2212 2207
f 1920 1922 1926
f 1855 1864 1857
f 1801 1810 1803
f 1784 1795 1786
f 1820 1831 1822
f 1838 1849 1840
f 1874 1887 1876
f 2180 2193 2182
f 2310 2321 2312
f 2274 2285 2276
f 1896 1907 1898
f 2089 2098 2091
f 2035 2044 2037
f 1950 1961 1952
f 2054 2067 2056
f 2072 2083 2074
f 2126 2139 2128
f 1964 1975 1966
f 1986 1997 1988
f 2220 2231 2222
f 2291 2298 2293
f 2183 2190 2185
f 1877 1884 1879
f 1891 1900 1893
f 2269 2278 2271
f 2305 2314 2307
f 2161 2170 2163
f 2148 2159 2150
f 2004 2015 2006
f 2202 2213 2204
f 1909 1918 1911
f 2129 2136 2131
f 1967 1977 1969
f 1981 1990 1983
f 2215 2224 2217
f 2288 2301 2290
f 2166 2177 2168
f 2143 2152 2145
f 1999 2008 2001
f 2197 2206 2199
f 1914 1925 1916
f 1806 1817 1808
f 1787 1797 1789
f 1823 1833 1825
f 1841 1851 1843
f 1860 1871 1862
f 1931 1941 1933
f 2108 2119 2110
f 2018 2029 2020
f 2234 2247 2236
f 2255 2262 2257
f 2040 2051 2042
f 1945 1954 1947
f 2057 2064 2059
f 2075 2085 2077
f 2094 2105 2096
f 2111 2121 2113
f 2021 2031 2023
f 2237 2244 2239
f 2252 2265 2254
f 1928 1939 1930
f 1812 1814 1818
f 1791 1793 1798
f 1827 1829 1834
f 1845 1847 1852
f 1866 1868 1872
f 1935 1937 1942
f 2118 2124 2120
f 2028 2034 2030
f 2246 2250 2248
f 2259 2261 2263
f 2048 2050 2052
f 1953 1960 1955
f 2061 2063 2065
f 2079 2081 2086
f 2100 2102 2106
f 2115 2117 2122
f 2025 2027 2032
f 2241 2243 2245
f 2264 2268 2266
f 1938 1944 1940
f 1802 1804 1813
f 1783 1785 1792
f 1819 1821 1828
f 1837 1839 1846
f 1856 1858 1867
f 1927 1929 1936
f 2112 2114 2123
f 2022 2024 2033
f 2238 2240 2249
f 2251 2253 2260
f 2036 2038 2049
f 1949 1951 1959
f 2053 2055 2062
f 2071 2073 2080
f 2090 2092 2101
f 2107 2109 2116
f 2017 2019 2026
f 2233 2235 2242
f 2256 2258 2267
f 1932 1934 1943
f 1859 1861 1869
f 1805 1807 1815
f 1788 1790 1799
f 1824 1826 1835
f 1842 1844 1853
f 1878 1880 1889
f 2184 2186 2195
f 2306 2308 2319
f 2270 2272 2283
f 1892 1894 1905
f 2093 2095 2103
f 2039 2041 2046
f 1946 1948 1957
f 2058 2060 2069
f 2076 2078 2087
f 2130 2132 2141
f 1968 1970 1979
f 1982 1984 1993
f 2216 2218 2229
f 2287 2289 2296
f 2179 2181 2188
f 1873 1875 1882
f 1895 1897 1902
f 2273 2275 2280
f 2309 2311 2316
f 2165 2167 2172
f 2144 2146 2157
f 2000 2002 2011
f 2198 2200 2209
f 1913 1915 1923
f 2125 2127 2134
f 1963 1965 1972
f 1985 1987 1995
f 2219 2221 2226
f 2292 2294 2303
f 2162 2164 2175
f 2147 2149 2154
f 2003 2005 2013
f 2201 2203 2211
f 1910 1912 1921
f 1863 1870 1865
f 1809 1816 1811
f 1794 1800 1796
f 1830 1836 1832
f 1848 1854 1850
f 1886 1890 1888
f 2192 2196 2194
f 2318 2320 2322
f 2282 2284 2286
f 1904 1906 1908
f 2097 2104 2099
f 2043 2047 2045
f 1956 1958 1962
f 2066 2070 2068
f 2082 2088 2084
f 2138 2142 2140
f 1974 1980 1976
f 1992 1994 1998
f 2228 2230 2232
f 2295 2297 2299
f 2331 2329 2330
f 2327 2323 2324
f 2328 2326 2325
f 2334 2333 2332
f 2337 2336 2335
f 2346 2345 2344
f 2412 2409 2410
f 2499 2496 2497
f 2487 2485 2486
f 2436 2435 2434
f 2376 2374 2375
f 2372 2368 2369
f 2373 2371 2370
f 2379 2378 2377
f 2382 2381 2380
f 2396 2392 2393
f 2361 2360 2359
f 2418 2416 2415
f 2457 2456 2455
f 2463 2460 2461
f 2492 2488 2489
f 2402 2398 2399
f 2343 2340 2341
f 2433 2430 2431
f 2478 2475 2476
f 2406 2404 2405
f 2502 2501 2500
f 2484 2482 2481
f 2442 2440 2439
f 2349 2347 2348
f 2468 2464 2465
f 2387 2384 2383
f 2358 2355 2356
f 2421 2419 2420
f 2454 2451 2452
f 2472 2470 2471
f 2388 2385 2386
f 2364 2362 2363
f 2426 2423 2422
f 2448 2446 2445
f 2403 2401 2400
f 2342 2339 2338
f 2432 2429 2428
f 2477 2474 2473
f 2493 2491 2490
f 2462 2459 2458
f 2397 2395 2394
f 2367 2365 2366
f 2427 2424 2425
f 2447 2443 2444
f 2391 2390 2389
f 2357 2354 2353
f 2417 2413 2414
f 2453 2450 2449
f 2469 2467 2466
f 2411 2408 2407
f 2498 2495 2494
f 2483 2479 2480
f 2441 2437 2438
f 2352 2350 2351
f 2509 2511 2510
f 2503 2505 2504
f 2506 2507 2508
f 2512 2513 2514
f 2515 2516 2517
f 2518 2519 2520
f 2555 2556 2554
f 2541 2540 2539
f 2562 2561 2560
f 2522 2521 2523
f 2542 2544 2543
f 2528 2529 2527
f 2531 2530 2532
f 2545 2546 2547
f 2548 2549 2550
f 2551 2553 2552
f 2533 2534 2535
f 2537 2536 2538
f 2559 2557 2558
f 2526 2525 2524