v -0.189448 0.434936 -0.123300
v 0.185907 0.437356 -0.117928
v -0.376910 -0.665281 -0.009052
v 0.376901 -0.665971 -0.009635
v 0.000786 -0.559335 0.851423
v 0.002598 0.125871 0.443462
v -0.002077 -0.196662 -0.480637
v 0.000526 0.534730 -0.849845
v 0.462400 0.033897 -0.309883
v 0.493665 -0.001678 0.277472
v -0.460557 0.033072 -0.312660
v -0.491095 -0.000643 0.278391
v -0.001369 0.614235 -0.177769
v -0.118178 0.273650 0.135440
v -0.249566 0.788102 -0.529571
v -0.382781 0.248496 -0.217955
v -0.395986 0.141588 0.135210
v 0.116938 0.273104 0.137517
v 0.250100 0.787721 -0.528624
v 0.384304 0.248741 -0.219215
v 0.394255 0.144332 0.135405
v -0.000751 -0.671796 0.006581
v -0.339006 -0.849279 0.580698
v -0.246098 -0.604920 -0.360662
v -0.424027 -0.233734 -0.146539
v -0.433838 -0.289427 0.222524
v 0.340877 -0.847779 0.581256
v 0.246328 -0.604110 -0.359721
v 0.422137 -0.233317 -0.145736
v 0.435041 -0.288652 0.221714
v 0.000245 0.023116 0.823428
v 0.379837 -0.268795 0.665854
v -0.379927 -0.270797 0.663956
v 0.280688 0.094367 0.452784
v -0.279711 0.093867 0.453830
v -0.002315 0.054372 -0.778459
v 0.224153 -0.053814 -0.393064
v -0.227033 -0.052581 -0.396325
v 0.386125 0.258834 -0.712852
v -0.391635 0.258296 -0.715333
v 0.539261 0.022417 0.018054
v -0.541183 0.024957 0.018185
v -0.087507 0.549725 -0.165770
v -0.154102 0.376764 -0.024306
v -0.214253 0.583909 -0.284451
v -0.275023 0.377518 -0.167101
v -0.274476 0.285768 0.000875
v 0.086601 0.550074 -0.165690
v 0.149771 0.377259 -0.021223
v 0.212281 0.583167 -0.281486
v 0.273951 0.377363 -0.166587
v 0.273195 0.285106 0.005056
v -0.225160 -0.798304 -0.016519
v -0.290887 -0.643069 0.227249
v -0.426423 -0.833345 -0.231526
v -0.440905 -0.494865 -0.091124
v -0.404357 -0.487179 0.124851
v 0.217828 -0.788097 -0.012198
v 0.291582 -0.643652 0.224881
v 0.426120 -0.833784 -0.232043
v 0.439707 -0.494837 -0.090491
v 0.405792 -0.487523 0.121709
v -0.188036 -0.823448 0.847894
v 0.189748 -0.827908 0.847494
v -0.000017 -0.281634 0.928217
v 0.245370 -0.465648 0.843990
v -0.244187 -0.467964 0.843742
v -0.058201 0.164835 0.332506
v 0.059339 0.167015 0.331042
v -0.000767 0.139448 0.582547
v 0.117005 0.126373 0.468154
v -0.115006 0.127250 0.469273
v -0.084440 -0.361291 -0.427036
v 0.084149 -0.362742 -0.432159
v -0.002438 -0.029600 -0.491509
v 0.103403 -0.152058 -0.447998
v -0.105299 -0.149957 -0.447620
v -0.161860 0.731740 -0.751668
v 0.161977 0.731719 -0.751527
v -0.001181 0.285738 -0.948108
v 0.239441 0.433048 -0.869391
v -0.239222 0.431216 -0.869388
v 0.465908 0.107629 -0.273806
v 0.420266 -0.027751 -0.208760
v 0.390430 0.010225 -0.377744
v 0.429721 0.098243 -0.470376
v 0.503574 0.030659 -0.150463
v 0.481340 0.054202 0.225694
v 0.465480 -0.097333 0.258202
v 0.434136 -0.094753 0.426519
v 0.433405 0.044011 0.381376
v 0.526809 0.009769 0.159077
v -0.465015 0.107897 -0.274783
v -0.419121 -0.028461 -0.213418
v -0.389979 0.011599 -0.382270
v -0.428446 0.098638 -0.472917
v -0.502840 0.030468 -0.154366
v -0.481653 0.054517 0.224055
v -0.465832 -0.097856 0.259126
v -0.433872 -0.095848 0.427841
v -0.433085 0.044454 0.380223
v -0.525769 0.010850 0.158033
v -0.031713 0.496715 -0.110522
v -0.086715 0.704336 -0.317432
v 0.032345 0.493627 -0.108404
v 0.087299 0.701868 -0.314006
v -0.254334 0.212368 0.154533
v -0.000857 0.300075 0.116540
v -0.197604 0.148695 0.322002
v -0.389945 0.576315 -0.394251
v -0.000423 0.854592 -0.560408
v -0.338153 0.554061 -0.645831
v -0.403958 0.181523 -0.021844
v -0.376488 0.305414 -0.457912
v -0.508456 0.074927 -0.073479
v -0.356697 0.115567 0.289134
v -0.512136 0.056072 0.087353
v 0.250100 0.217135 0.153671
v 0.195209 0.152018 0.317560
v 0.389677 0.574042 -0.396169
v 0.336592 0.552313 -0.646488
v 0.403478 0.183223 -0.017287
v 0.376993 0.305229 -0.457891
v 0.506522 0.078878 -0.074780
v 0.353577 0.116830 0.287746
v 0.510759 0.057909 0.087833
v -0.115325 -0.697580 0.308923
v -0.126260 -0.788816 -0.220071
v 0.118568 -0.698687 0.308882
v 0.125997 -0.791634 -0.213205
v -0.378894 -0.526987 0.393750
v 0.002952 -0.767679 0.608872
v -0.396002 -0.613315 0.681955
v -0.413550 -0.452123 -0.291716
v 0.002070 -0.559161 -0.322085
v -0.246074 -0.308267 -0.396407
v -0.437559 -0.261956 0.035683
v -0.343557 -0.166763 -0.296462
v -0.457734 -0.043040 -0.046754
v -0.418173 -0.314275 0.439490
v -0.477649 -0.066160 0.108433
v 0.379064 -0.528081 0.394132
v 0.393911 -0.608695 0.681103
v 0.413190 -0.450375 -0.290159
v 0.247771 -0.306776 -0.398846
v 0.436609 -0.261312 0.034031
v 0.345628 -0.167889 -0.294600
v 0.458063 -0.046241 -0.044647
v 0.420130 -0.313260 0.436966
v 0.478486 -0.067579 0.107937
v 0.237616 -0.121523 0.835203
v -0.237699 -0.121538 0.835752
v 0.177096 0.080500 0.645271
v -0.176106 0.080318 0.644838
v 0.345671 -0.025141 0.583576
v -0.345107 -0.025536 0.582582
v 0.144933 0.008530 -0.582259
v -0.149591 0.011565 -0.584885
v 0.271376 0.114982 -0.927067
v -0.272643 0.116902 -0.927123
v 0.342878 0.058908 -0.606098
v -0.344514 0.059419 -0.608360
v -0.144947 0.489503 -0.146316
v -0.169514 0.411561 -0.077920
v -0.188445 0.494123 -0.190568
v -0.229800 0.413181 -0.138264
v -0.223046 0.365819 -0.066572
v 0.143092 0.490614 -0.141795
v 0.166883 0.413318 -0.075220
v 0.187275 0.495889 -0.186848
v 0.226489 0.414534 -0.139255
v 0.217621 0.368217 -0.065837
v -0.329172 -0.749989 -0.012644
v -0.327545 -0.637855 0.069943
v -0.414851 -0.756035 -0.090381
v -0.417824 -0.605626 -0.049888
v -0.386813 -0.576573 0.048556
v 0.320858 -0.751533 -0.008951
v 0.326678 -0.640216 0.070973
v 0.412448 -0.756617 -0.088184
v 0.419292 -0.604275 -0.050068
v 0.388402 -0.577734 0.049143
v -0.079227 -0.653009 0.838327
v 0.079294 -0.654500 0.833860
v 0.000266 -0.437125 0.874536
v 0.117118 -0.523828 0.857066
v -0.116311 -0.524420 0.857471
v -0.025776 0.135433 0.403592
v 0.028102 0.136467 0.404150
v 0.000229 0.133242 0.499082
v 0.049632 0.129789 0.456874
v -0.049157 0.130361 0.458326
v -0.035290 -0.265850 -0.466180
v 0.030951 -0.265574 -0.475942
v -0.003864 -0.118415 -0.466960
v 0.043589 -0.175764 -0.469539
v -0.047343 -0.180383 -0.463615
v -0.069545 0.626020 -0.809554
v 0.069169 0.625590 -0.809234
v -0.000673 0.423746 -0.902020
v 0.109696 0.495251 -0.864164
v -0.109271 0.494594 -0.862444
v 0.468677 0.056121 -0.298241
v 0.451395 0.016723 -0.266312
v 0.445230 0.026817 -0.349805
v 0.451388 0.050343 -0.378659
v 0.478382 0.032241 -0.235804
v 0.493137 0.025159 0.256299
v 0.490391 -0.033668 0.267336
v 0.467553 -0.034723 0.337965
v 0.467743 0.016569 0.325991
v 0.512186 0.003626 0.222813
v -0.467830 0.057266 -0.300262
v -0.450831 0.017803 -0.271197
v -0.443976 0.029058 -0.355465
v -0.449993 0.050402 -0.381862
v -0.478127 0.032474 -0.242624
v -0.495077 0.026187 0.255451
v -0.489180 -0.031671 0.266873
v -0.466117 -0.033964 0.335793
v -0.471133 0.015263 0.322295
v -0.513978 0.005943 0.221186
v -0.034770 0.600131 -0.179853
v 0.033527 0.598964 -0.177121
v -0.009419 0.596190 -0.163307
v -0.020916 0.626540 -0.217284
v 0.009228 0.595426 -0.163464
v 0.021089 0.625485 -0.217196
v -0.136518 0.329162 0.044729
v -0.092152 0.217035 0.234548
v -0.074926 0.369091 0.014984
v -0.185945 0.244078 0.149608
v -0.056135 0.292834 0.121759
v -0.157894 0.197819 0.239306
v -0.265492 0.702473 -0.398309
v -0.221498 0.780049 -0.645319
v -0.197468 0.816511 -0.440967
v -0.503571 0.764221 -0.485034
v -0.225392 0.969920 -0.590145
v -0.335152 0.704063 -0.596798
v -0.324700 0.323029 -0.194879
v -0.437871 0.172132 -0.244066
v -0.309673 0.394331 -0.313176
v -0.395964 0.209488 -0.110842
v -0.371188 0.288094 -0.337823
v -0.452538 0.143207 -0.136588
v -0.336528 0.205480 0.074106
v -0.446672 0.093169 0.184726
v -0.326360 0.180148 0.150619
v -0.403912 0.158144 0.061750
v -0.379793 0.128903 0.210121
v -0.463865 0.099288 0.117669
v 0.133401 0.330139 0.046727
v 0.090808 0.214609 0.238970
v 0.075399 0.366993 0.016993
v 0.057166 0.292262 0.122331
v 0.181401 0.247018 0.149217
v 0.156340 0.202262 0.238147
v 0.263817 0.700184 -0.396133
v 0.221088 0.780355 -0.646706
v 0.196304 0.814834 -0.439897
v 0.225841 0.969058 -0.589850
v 0.505712 0.764232 -0.484734
v 0.337478 0.703190 -0.598236
v 0.325996 0.324290 -0.193093
v 0.441101 0.172373 -0.242873
v 0.313399 0.392335 -0.314002
v 0.395122 0.211434 -0.111036
v 0.374502 0.288376 -0.336481
v 0.451234 0.147386 -0.136845
v 0.330856 0.209010 0.075432
v 0.446849 0.091426 0.188014
v 0.322472 0.185328 0.149827
v 0.403533 0.161064 0.062881
v 0.376790 0.128531 0.208010
v 0.459522 0.100803 0.114946
v -0.127804 -0.715705 -0.016404
v 0.122255 -0.713264 -0.003431
v -0.056690 -0.685063 0.138194
v -0.086562 -0.678811 -0.099625
v 0.057839 -0.687119 0.141631
v 0.083719 -0.679154 -0.092704
v -0.273122 -0.666948 0.449110
v -0.284415 -0.946849 0.760480
v -0.202371 -0.736613 0.488771
v -0.341185 -0.654356 0.507699
v -0.177198 -0.953223 0.609331
v -0.377903 -0.761518 0.657660
v -0.357832 -0.779944 -0.353332
v -0.157385 -0.471295 -0.381680
v -0.200478 -0.761587 -0.328475
v -0.355907 -0.557567 -0.350652
v -0.123717 -0.584525 -0.337292
v -0.252859 -0.446896 -0.374903
v -0.440627 -0.364191 -0.120400
v -0.403094 -0.112591 -0.170498
v -0.423140 -0.340165 -0.215826
v -0.436375 -0.248868 -0.054803
v -0.393955 -0.206254 -0.229405
v -0.422445 -0.124454 -0.085518
v -0.418111 -0.391147 0.181116
v -0.445450 -0.186796 0.245884
v -0.411925 -0.409799 0.298817
v -0.437100 -0.275615 0.125119
v -0.426572 -0.304360 0.326307
v -0.449080 -0.171312 0.159046
v 0.273785 -0.667470 0.447297
v 0.286244 -0.946375 0.758978
v 0.204807 -0.736625 0.491623
v 0.180342 -0.956300 0.610613
v 0.340104 -0.655441 0.507082
v 0.387389 -0.764973 0.655677
v 0.357460 -0.778976 -0.353031
v 0.154778 -0.470528 -0.383112
v 0.200069 -0.764151 -0.326866
v 0.124384 -0.584595 -0.338173
v 0.357348 -0.555630 -0.349455
v 0.252559 -0.445190 -0.374806
v 0.442458 -0.364152 -0.120524
v 0.403418 -0.115482 -0.166779
v 0.422847 -0.340829 -0.213778
v 0.435637 -0.250210 -0.053013
v 0.395418 -0.207361 -0.228175
v 0.422195 -0.129373 -0.084113
v 0.419572 -0.391026 0.179599
v 0.445935 -0.188370 0.246996
v 0.413443 -0.408190 0.296969
v 0.436770 -0.273997 0.122650
v 0.429070 -0.303757 0.327067
v 0.449395 -0.173037 0.158123
v 0.000075 -0.121929 0.931268
v 0.000341 0.107501 0.697538
v 0.117807 -0.047820 0.853217
v -0.117961 -0.047812 0.851846
v 0.102792 0.066889 0.744899
v -0.102583 0.066924 0.746012
v 0.336690 -0.376132 0.778857
v 0.404191 -0.176970 0.539696
v 0.385805 -0.436665 0.677031
v 0.404707 -0.307662 0.552866
v 0.332098 -0.201700 0.768834
v 0.368401 -0.130821 0.634993
v -0.335552 -0.375841 0.778406
v -0.405087 -0.178483 0.539237
v -0.387689 -0.435353 0.677813
v -0.405150 -0.307756 0.551181
v -0.331956 -0.203063 0.767317
v -0.370086 -0.130780 0.635203
v 0.196547 0.113960 0.467231
v 0.362503 0.069757 0.426295
v 0.236771 0.123460 0.386398
v 0.319999 0.106931 0.368375
v 0.231681 0.084690 0.543905
v 0.317251 0.051033 0.521413
v -0.196022 0.112480 0.467608
v -0.367057 0.073614 0.428349
v -0.238188 0.120257 0.386914
v -0.321455 0.105971 0.369831
v -0.230219 0.083420 0.545524
v -0.315694 0.049833 0.521696
v -0.002938 0.022207 -0.610938
v -0.001110 0.148333 -0.912131
v 0.087048 0.017945 -0.693384
v -0.092306 0.015449 -0.694497
v 0.123661 0.075970 -0.867944
v -0.125649 0.074642 -0.867079
v 0.164483 -0.110303 -0.428730
v 0.307805 -0.014701 -0.385580
v 0.232543 -0.180376 -0.396799
v 0.283488 -0.114684 -0.346055
v 0.186340 -0.003191 -0.473003
v 0.282052 0.012142 -0.490837
v -0.166233 -0.107143 -0.430066
v -0.308638 -0.012794 -0.389002
v -0.233457 -0.177674 -0.396675
v -0.282568 -0.112852 -0.347146
v -0.189938 -0.002723 -0.476775
v -0.283217 0.014237 -0.494002
v 0.344278 0.350139 -0.832174
v 0.411355 0.171406 -0.585202
v 0.352686 0.400793 -0.685563
v 0.387034 0.292618 -0.579622
v 0.375521 0.196419 -0.870124
v 0.381591 0.137150 -0.688912
v -0.344979 0.350059 -0.832259
v -0.408937 0.172095 -0.586329
v -0.353153 0.400349 -0.685600
v -0.387008 0.291963 -0.582812
v -0.374674 0.196289 -0.870128
v -0.383958 0.134535 -0.693413
v 0.529126 0.030088 -0.062105
v 0.537825 0.016150 0.091539
v 0.537232 0.036894 -0.023363
v 0.539976 0.030870 0.052725
v 0.514293 0.008396 -0.013716
v 0.530136 0.007189 0.061523
v -0.525828 0.029281 -0.064285
v -0.537626 0.018185 0.092998
v -0.538218 0.037201 -0.024239
v -0.543002 0.028066 0.054557
v -0.512520 0.009779 -0.015248
v -0.533500 0.012894 0.061216
v -0.113593 0.468265 -0.103763
v -0.137773 0.565470 -0.216009
v -0.051979 0.539761 -0.143039
v -0.078927 0.614586 -0.227286
v -0.214319 0.328313 -0.002389
v -0.090819 0.431785 -0.062372
v -0.202323 0.287770 0.068028
v -0.236102 0.485490 -0.237843
v -0.158646 0.659912 -0.312232
v -0.309020 0.599344 -0.350808
v -0.277112 0.322870 -0.074737
v -0.271679 0.459222 -0.282868
v -0.337046 0.272389 -0.091115
v -0.269380 0.248842 0.076991
v -0.341001 0.234239 -0.003848
v 0.110412 0.471123 -0.106369
v 0.138280 0.563732 -0.213994
v 0.048031 0.539430 -0.141993
v 0.081056 0.613941 -0.225304
v 0.210004 0.329796 -0.000058
v 0.089294 0.430863 -0.057637
v 0.197976 0.288499 0.069587
v 0.236740 0.485523 -0.236072
v 0.156107 0.657462 -0.308118
v 0.310259 0.597501 -0.346304
v 0.273419 0.324255 -0.072224
v 0.273803 0.458607 -0.282568
v 0.333687 0.274432 -0.090366
v 0.265096 0.251010 0.078483
v 0.336480 0.238386 -0.003313
v -0.243753 -0.668162 0.070718
v -0.338666 -0.935844 -0.109409
v -0.160120 -0.682448 0.103561
v -0.178021 -0.882104 -0.120911
v -0.357513 -0.572960 0.172677
v -0.212593 -0.684105 0.277017
v -0.336811 -0.592812 0.333207
v -0.448097 -0.643217 -0.160009
v -0.272014 -0.954966 -0.271085
v -0.435257 -0.635618 -0.282264
v -0.423315 -0.488381 0.013121
v -0.442484 -0.489431 -0.196472
v -0.441385 -0.374369 -0.021372
v -0.385305 -0.497917 0.249403
v -0.428350 -0.380775 0.074314
v 0.238719 -0.669493 0.070855
v 0.332093 -0.938550 -0.105065
v 0.157953 -0.687443 0.110478
v 0.179813 -0.872923 -0.113759
v 0.357926 -0.574386 0.174383
v 0.213164 -0.686978 0.279949
v 0.336997 -0.594546 0.334343
v 0.444962 -0.642102 -0.161120
v 0.272223 -0.955241 -0.270159
v 0.435386 -0.635521 -0.281798
v 0.424370 -0.488250 0.012041
v 0.442097 -0.489714 -0.194996
v 0.437943 -0.373551 -0.022947
v 0.387852 -0.499195 0.249029
v 0.432126 -0.382902 0.075801
v 0.000242 -0.704143 0.781536
v -0.242955 -0.657842 0.848904
v -0.087917 -0.816094 0.735360
v -0.355862 -0.788011 0.804321
v 0.244284 -0.659358 0.849604
v 0.088871 -0.818009 0.734864
v 0.357695 -0.783917 0.803078
v 0.124710 -0.366753 0.881978
v -0.123939 -0.366052 0.882473
v 0.125220 -0.200332 0.905615
v -0.125204 -0.199579 0.905328
v 0.361392 -0.577271 0.800154
v 0.243400 -0.287294 0.850534
v -0.360683 -0.577408 0.800729
v -0.243852 -0.288098 0.851811
v 0.001584 0.165235 0.340146
v -0.087499 0.136428 0.404197
v -0.028500 0.222102 0.234826
v -0.123876 0.156966 0.328091
v 0.087117 0.135908 0.402442
v 0.030541 0.221304 0.233858
v 0.123770 0.159955 0.327821
v 0.066786 0.131093 0.529889
v -0.065917 0.131779 0.528241
v 0.084708 0.120137 0.626769
v -0.084224 0.119172 0.626940
v 0.158204 0.131967 0.398753
v 0.145015 0.112681 0.547367
v -0.158263 0.130126 0.398776
v -0.143920 0.111994 0.547360
v -0.000855 -0.362986 -0.440490
v -0.100779 -0.256083 -0.442290
v -0.052937 -0.466469 -0.381957
v -0.168317 -0.349445 -0.415032
v 0.096310 -0.258491 -0.445403
v 0.052112 -0.466849 -0.383920
v 0.166660 -0.346986 -0.411844
v 0.047937 -0.080371 -0.471589
v -0.052177 -0.081191 -0.471615
v 0.056838 0.008110 -0.525130
v -0.060569 0.008512 -0.525133
v 0.167947 -0.227918 -0.425381
v 0.105895 -0.041114 -0.469449
v -0.171188 -0.229085 -0.435338
v -0.109206 -0.038615 -0.467534
v -0.000473 0.753748 -0.756183
v -0.211955 0.582169 -0.810069
v -0.088853 0.819231 -0.663489
v -0.276183 0.655003 -0.714980
v 0.209328 0.584534 -0.809103
v 0.087797 0.819094 -0.663045
v 0.275698 0.653877 -0.714728
v 0.136332 0.358100 -0.936159
v -0.139483 0.357416 -0.934090
v 0.148092 0.207542 -0.969877
v -0.150280 0.207763 -0.970560
v 0.305555 0.502094 -0.769557
v 0.283044 0.281151 -0.963481
v -0.303457 0.501401 -0.767912
v -0.285037 0.281540 -0.962673
v 0.446169 0.106861 -0.375338
v 0.494798 0.056774 -0.204889
v 0.425876 0.191996 -0.357622
v 0.488612 0.096168 -0.170618
v 0.405817 -0.007972 -0.289552
v 0.469639 0.009375 -0.183713
v 0.369545 -0.089257 -0.239001
v 0.439697 -0.041366 -0.127654
v 0.429092 0.041004 -0.442856
v 0.335940 -0.050367 -0.305227
v 0.369723 0.029380 -0.481418
v 0.419425 0.191301 -0.471563
v 0.403489 0.079460 -0.554183
v 0.521766 0.047897 -0.113241
v 0.492830 0.008842 -0.097467
v 0.456492 0.050818 0.298849
v 0.518271 0.028384 0.190417
v 0.423567 0.086262 0.259709
v 0.504417 0.055277 0.158670
v 0.453947 -0.103500 0.342355
v 0.499689 -0.028295 0.202319
v 0.439055 -0.198649 0.341930
v 0.472453 -0.084584 0.181451
v 0.440431 -0.013230 0.408977
v 0.425963 -0.197510 0.438607
v 0.399647 -0.068598 0.514004
v 0.402106 0.081166 0.339817
v 0.390069 0.015743 0.473788
v 0.531848 0.029097 0.124144
v 0.515923 -0.010071 0.130907
v -0.446487 0.109957 -0.379191
v -0.492079 0.057061 -0.208584
v -0.425574 0.191823 -0.360589
v -0.489764 0.093758 -0.171571
v -0.402261 -0.007088 -0.295077
v -0.466563 0.009822 -0.187390
v -0.370972 -0.085711 -0.243792
v -0.439452 -0.040299 -0.132119
v -0.428517 0.042876 -0.446590
v -0.335028 -0.048929 -0.309092
v -0.370271 0.029768 -0.484553
v -0.421844 0.189081 -0.472853
v -0.404066 0.078137 -0.556050
v -0.520403 0.047888 -0.113057
v -0.492756 0.011401 -0.101338
v -0.455912 0.051080 0.297878
v -0.518944 0.028919 0.190753
v -0.425640 0.084819 0.259349
v -0.506418 0.055769 0.157525
v -0.453769 -0.104098 0.340173
v -0.501371 -0.024662 0.200365
v -0.437965 -0.197787 0.341246
v -0.472388 -0.084657 0.180764
v -0.438022 -0.013249 0.408348
v -0.427245 -0.195925 0.437793
v -0.399449 -0.067782 0.511405
v -0.400794 0.080480 0.341852
v -0.389657 0.016590 0.474258
v -0.530849 0.029494 0.124709
v -0.509725 -0.015207 0.132374
v -0.000284 0.516178 -0.121552
v -0.023310 0.393473 -0.006647
v 0.000768 0.711787 -0.291573
v -0.092817 0.838047 -0.447239
v 0.024440 0.392637 -0.005301
v 0.093886 0.837405 -0.447894
v -0.228979 0.177766 0.238949
v -0.306566 0.157926 0.229040
v -0.275174 0.136824 0.307746
v -0.418549 0.600675 -0.531209
v -0.316028 0.444123 -0.440052
v -0.347092 0.434993 -0.558870
v -0.461918 0.119889 -0.041054
v -0.466321 0.107206 0.041818
v -0.517182 0.058731 0.012332
v 0.227093 0.182007 0.233682
v 0.302653 0.160231 0.227471
v 0.274471 0.138914 0.303835
v 0.417727 0.602323 -0.532345
v 0.317716 0.443647 -0.441174
v 0.349171 0.436006 -0.557801
v 0.460160 0.125712 -0.043102
v 0.465089 0.109755 0.040715
v 0.514396 0.061359 0.012061
v 0.001884 -0.704481 0.313150
v -0.073561 -0.754769 0.482235
v 0.001746 -0.618907 -0.165334
v -0.074663 -0.635496 -0.254921
v 0.078769 -0.754761 0.483565
v 0.075714 -0.636714 -0.253658
v -0.384059 -0.574615 0.540706
v -0.406202 -0.431183 0.425242
v -0.400142 -0.449384 0.554933
v -0.335181 -0.382841 -0.351355
v -0.379688 -0.298956 -0.298255
v -0.307013 -0.242871 -0.352133
v -0.434913 -0.139700 -0.000666
v -0.443533 -0.154535 0.077632
v -0.471739 -0.051255 0.035434
v 0.385885 -0.576816 0.541029
v 0.406906 -0.430432 0.426293
v 0.402814 -0.448837 0.552549
v 0.333226 -0.383371 -0.347489
v 0.380009 -0.297865 -0.295670
v 0.308962 -0.243357 -0.352733
v 0.435885 -0.139332 -0.001466
v 0.444708 -0.154295 0.079156
v 0.472172 -0.052257 0.034921
v 0.210053 0.003290 0.751162
v 0.303316 -0.067382 0.710827
v -0.209015 0.004184 0.750808
v -0.300405 -0.068498 0.708580
v 0.268696 0.027648 0.630228
v -0.269896 0.033462 0.632840
v 0.209410 0.018439 -0.769695
v 0.251220 0.029330 -0.616146
v -0.209485 0.019734 -0.767132
v -0.252170 0.029401 -0.618150
v 0.320675 0.080224 -0.764872
v -0.317485 0.079859 -0.765296
v -0.168084 0.458547 -0.132247
v -0.179957 0.424545 -0.102247
v -0.186470 0.459376 -0.150903
v -0.206327 0.425789 -0.129464
v -0.203056 0.406465 -0.096659
v 0.166296 0.462326 -0.128873
v 0.175024 0.426408 -0.099060
v 0.184875 0.462341 -0.150250
v 0.202834 0.426683 -0.127718
v 0.198636 0.406418 -0.094142
v -0.358596 -0.704061 -0.012622
v -0.353682 -0.652059 0.022800
v -0.391887 -0.702331 -0.043943
v -0.399435 -0.643152 -0.027503
v -0.380861 -0.621672 0.014295
v 0.355655 -0.703815 -0.010458
v 0.353672 -0.654365 0.022841
v 0.388658 -0.702185 -0.042568
v 0.400898 -0.642987 -0.029625
v 0.381772 -0.622844 0.013143
v -0.033199 -0.601566 0.843753
v 0.034153 -0.602409 0.844129
v 0.000711 -0.508130 0.861060
v 0.053363 -0.544156 0.853135
v -0.052070 -0.544011 0.854355
v -0.013027 0.128635 0.426443
v 0.012412 0.129631 0.425276
v -0.000626 0.126193 0.464624
v 0.021329 0.126440 0.448988
v -0.020503 0.127841 0.449608
v -0.015291 -0.226177 -0.476709
v 0.013170 -0.223447 -0.487668
v -0.002616 -0.161113 -0.475569
v 0.019560 -0.184853 -0.482801
v -0.022897 -0.185674 -0.473127
v -0.029382 0.577192 -0.833233
v 0.029196 0.576733 -0.833494
v -0.001770 0.485548 -0.872507
v 0.049615 0.519581 -0.858104
v -0.050354 0.517532 -0.857653
v 0.468093 0.042551 -0.304440
v 0.461309 0.026869 -0.290495
v 0.456018 0.031346 -0.327657
v 0.456828 0.039903 -0.338021
v 0.468673 0.033939 -0.276702
v 0.494109 0.012245 0.267079
v 0.494408 -0.014043 0.271239
v 0.483883 -0.013833 0.302564
v 0.483493 0.005392 0.297987
v 0.501483 0.000991 0.253235
v -0.466057 0.043383 -0.309052
v -0.457956 0.027840 -0.294712
v -0.454746 0.031806 -0.332043
v -0.456170 0.041872 -0.341801
v -0.468900 0.034350 -0.281322
v -0.494278 0.012677 0.267962
v -0.492027 -0.015079 0.273512
v -0.481358 -0.013589 0.302788
v -0.482212 0.004573 0.298098
v -0.502088 0.002502 0.251652
v -0.016035 0.610400 -0.180285
v 0.013677 0.611294 -0.177019
v -0.005918 0.607297 -0.169950
v -0.009224 0.617732 -0.194767
v 0.004398 0.606674 -0.168501
v 0.008256 0.618345 -0.194894
v -0.128031 0.301375 0.087824
v -0.107574 0.243451 0.184274
v -0.096804 0.318452 0.077410
v -0.150029 0.258532 0.144990
v -0.086029 0.284107 0.127393
v -0.139108 0.233808 0.189930
v -0.276181 0.760162 -0.463053
v -0.239419 0.797668 -0.591398
v -0.240702 0.830211 -0.495271
v -0.344025 0.769456 -0.497526
v -0.261618 0.910233 -0.582075
v -0.298868 0.751902 -0.560417
v -0.353052 0.289382 -0.206221
v -0.411992 0.206912 -0.229762
v -0.346336 0.316317 -0.264064
v -0.389667 0.227371 -0.163261
v -0.375863 0.269742 -0.277348
v -0.417523 0.189203 -0.174688
v -0.366179 0.171618 0.107759
v -0.422029 0.116050 0.162687
v -0.360087 0.161889 0.143890
v -0.401508 0.150917 0.100269
v -0.386967 0.134531 0.173663
v -0.431959 0.120349 0.127324
v 0.126203 0.300167 0.092675
v 0.104846 0.244338 0.187263
v 0.095411 0.316369 0.079711
v 0.084827 0.283840 0.130896
v 0.148172 0.259949 0.143378
v 0.136277 0.233703 0.190817
v 0.276143 0.759692 -0.462320
v 0.238943 0.796931 -0.593007
v 0.238974 0.829606 -0.492635
v 0.262287 0.909796 -0.582758
v 0.343580 0.769530 -0.497638
v 0.298177 0.751882 -0.560240
v 0.354749 0.289465 -0.205061
v 0.413710 0.208629 -0.230837
v 0.348010 0.313805 -0.264219
v 0.391379 0.227112 -0.161906
v 0.377712 0.267851 -0.274600
v 0.418625 0.192807 -0.174702
v 0.362708 0.175383 0.107219
v 0.420180 0.117130 0.161776
v 0.357494 0.165042 0.144279
v 0.399261 0.152318 0.100473
v 0.386149 0.135422 0.171780
v 0.429543 0.122614 0.126693
v -0.066183 -0.685884 0.000407
v 0.065429 -0.686185 0.005830
v -0.030655 -0.677812 0.065782
v -0.039956 -0.663769 -0.049437
v 0.030415 -0.680722 0.070848
v 0.039177 -0.662217 -0.045066
v -0.293101 -0.734794 0.518311
v -0.334783 -0.931932 0.670321
v -0.262845 -0.802416 0.531413
v -0.336522 -0.740201 0.552680
v -0.278078 -0.940597 0.589046
v -0.368377 -0.820542 0.626795
v -0.302177 -0.694319 -0.364478
v -0.198715 -0.531792 -0.368672
v -0.229400 -0.691174 -0.347808
v -0.304150 -0.590389 -0.359862
v -0.185165 -0.601908 -0.350382
v -0.250809 -0.523543 -0.367265
v -0.433762 -0.297880 -0.133504
v -0.411769 -0.170858 -0.157743
v -0.424767 -0.285871 -0.181586
v -0.432164 -0.241075 -0.098935
v -0.409726 -0.221448 -0.189874
v -0.420162 -0.178404 -0.112820
v -0.426318 -0.342086 0.204113
v -0.439282 -0.238643 0.235803
v -0.424204 -0.349270 0.258809
v -0.434944 -0.282672 0.171100
v -0.431343 -0.297295 0.273060
v -0.440443 -0.230668 0.188806
v 0.294489 -0.734520 0.517905
v 0.335084 -0.927883 0.670005
v 0.263704 -0.803654 0.533592
v 0.280213 -0.940921 0.590490
v 0.333896 -0.737193 0.547777
v 0.357219 -0.811769 0.624983
v 0.302907 -0.694313 -0.363467
v 0.197693 -0.532730 -0.366041
v 0.232573 -0.690920 -0.349640
v 0.185097 -0.598420 -0.349952
v 0.304851 -0.589364 -0.360710
v 0.251599 -0.521378 -0.367369
v 0.434462 -0.297505 -0.133216
v 0.412104 -0.172116 -0.155660
v 0.424969 -0.288684 -0.178112
v 0.431374 -0.241231 -0.099635
v 0.412843 -0.223096 -0.187338
v 0.421519 -0.180013 -0.113553
v 0.427868 -0.340673 0.202876
v 0.440093 -0.237434 0.234637
v 0.425055 -0.349372 0.259369
v 0.435651 -0.280829 0.171110
v 0.431612 -0.296678 0.271970
v 0.442414 -0.228406 0.188216
v 0.000045 -0.046092 0.876195
v -0.000114 0.070686 0.759454
v 0.058765 -0.010283 0.844723
v -0.058637 -0.010878 0.845248
v 0.053719 0.047954 0.787480
v -0.053735 0.047042 0.786687
v 0.360821 -0.322824 0.724405
v 0.393242 -0.222378 0.601910
v 0.382058 -0.349694 0.669969
v 0.395372 -0.291436 0.610133
v 0.364340 -0.239009 0.720763
v 0.375751 -0.198037 0.653849
v -0.360393 -0.322349 0.724308
v -0.394224 -0.223184 0.598796
v -0.382842 -0.350383 0.670229
v -0.395220 -0.292610 0.609900
v -0.364513 -0.237981 0.720241
v -0.380990 -0.195459 0.655151
v 0.239513 0.105736 0.462439
v 0.323492 0.081949 0.442697
v 0.257023 0.109759 0.419126
v 0.300540 0.101745 0.411242
v 0.257421 0.088702 0.498812
v 0.300978 0.078277 0.487383
v -0.234790 0.103332 0.462528
v -0.321281 0.082617 0.442527
v -0.260709 0.107115 0.420693
v -0.300914 0.098481 0.411626
v -0.255468 0.087150 0.497784
v -0.299167 0.073409 0.487698
v -0.001499 0.034160 -0.694379
v -0.001891 0.094622 -0.852676
v 0.046539 0.040627 -0.737263
v -0.051261 0.039153 -0.737882
v 0.054714 0.068823 -0.820873
v -0.058843 0.066533 -0.821090
v 0.194816 -0.083321 -0.413878
v 0.264144 -0.030355 -0.385778
v 0.227092 -0.115707 -0.392209
v 0.252036 -0.085612 -0.366513
v 0.203679 -0.025807 -0.430819
v 0.249199 -0.011842 -0.432908
v -0.195216 -0.079132 -0.415213
v -0.266008 -0.029768 -0.390082
v -0.226923 -0.113782 -0.393056
v -0.252039 -0.083388 -0.369045
v -0.206504 -0.024284 -0.431372
v -0.251598 -0.010852 -0.435759
v 0.374061 0.305925 -0.780104
v 0.397716 0.215321 -0.648524
v 0.374487 0.327735 -0.704654
v 0.388100 0.279622 -0.644148
v 0.383708 0.232072 -0.788794
v 0.389163 0.194187 -0.708662
v -0.371245 0.302605 -0.778272
v -0.397675 0.214102 -0.647739
v -0.371327 0.326729 -0.702547
v -0.389834 0.278189 -0.644720
v -0.383698 0.230561 -0.790702
v -0.390742 0.192413 -0.711945
v 0.536267 0.026191 -0.021104
v 0.540546 0.019008 0.055422
v 0.540207 0.028400 -0.003545
v 0.541274 0.025327 0.035341
v 0.532050 0.018136 0.001448
v 0.537140 0.017103 0.040233
v -0.533872 0.028279 -0.022302
v -0.542776 0.019735 0.055952
v -0.540608 0.030645 -0.003187
v -0.542272 0.025602 0.036697
v -0.532262 0.020469 -0.000059
v -0.539049 0.021635 0.038218
v -0.116275 0.521814 -0.156218
v -0.057324 0.580212 -0.175640
v -0.098214 0.512059 -0.137308
v -0.110536 0.557989 -0.187364
v -0.063671 0.546671 -0.153153
v -0.078031 0.586698 -0.193169
v -0.161126 0.395464 -0.051741
v -0.145148 0.352743 0.009465
v -0.132540 0.422695 -0.065613
v -0.184432 0.351188 -0.011203
v -0.122791 0.403111 -0.040155
v -0.178000 0.330809 0.022123
v -0.196560 0.534078 -0.233143
v -0.237738 0.639339 -0.337449
v -0.174647 0.574326 -0.248420
v -0.228194 0.536125 -0.263917
v -0.186616 0.625604 -0.300649
v -0.256405 0.591340 -0.316783
v -0.251626 0.396092 -0.153922
v -0.299933 0.353376 -0.181814
v -0.251230 0.431312 -0.205992
v -0.275816 0.347464 -0.117014
v -0.273121 0.413481 -0.222605
v -0.302577 0.323363 -0.127953
v -0.247289 0.326937 -0.033404
v -0.305728 0.245118 0.037834
v -0.244623 0.306938 0.002326
v -0.276115 0.302895 -0.034198
v -0.272692 0.266018 0.040576
v -0.308226 0.261430 0.000322
v 0.116718 0.521984 -0.154370
v 0.058627 0.578750 -0.173728
v 0.096724 0.512837 -0.137384
v 0.111246 0.555409 -0.187587
v 0.063467 0.548187 -0.151824
v 0.082511 0.582545 -0.194089
v 0.157941 0.397897 -0.051785
v 0.142357 0.353748 0.010611
v 0.128839 0.424435 -0.064868
v 0.179701 0.354057 -0.009251
v 0.119296 0.403208 -0.037516
v 0.173807 0.332408 0.024727
v 0.195272 0.535978 -0.231823
v 0.237344 0.638286 -0.337336
v 0.173954 0.574114 -0.247485
v 0.225949 0.535243 -0.262817
v 0.187820 0.625044 -0.298647
v 0.257947 0.590768 -0.315507
v 0.249655 0.397407 -0.151943
v 0.300548 0.354175 -0.181189
v 0.252309 0.432223 -0.203432
v 0.275825 0.348400 -0.117298
v 0.274236 0.413413 -0.221789
v 0.301775 0.324104 -0.127118
v 0.243424 0.327605 -0.030840
v 0.301783 0.245715 0.041005
v 0.239544 0.308144 0.004571
v 0.272827 0.306110 -0.032764
v 0.268958 0.269984 0.039412
v 0.303112 0.264219 0.002528
v -0.281753 -0.791927 -0.008461
v -0.176135 -0.763808 -0.021481
v -0.236006 -0.721557 0.020873
v -0.272756 -0.914859 -0.045806
v -0.190557 -0.716471 0.022562
v -0.197295 -0.887198 -0.053683
v -0.306956 -0.635310 0.139846
v -0.279888 -0.653645 0.329582
v -0.268059 -0.657820 0.152858
v -0.326027 -0.610154 0.199809
v -0.251979 -0.680513 0.253818
v -0.315632 -0.617201 0.287880
v -0.427756 -0.805505 -0.154152
v -0.400381 -0.826030 -0.305684
v -0.394791 -0.908749 -0.180044
v -0.443753 -0.732820 -0.196223
v -0.366293 -0.918900 -0.258844
v -0.437614 -0.736781 -0.265626
v -0.432603 -0.555906 -0.070905
v -0.443951 -0.430869 -0.108410
v -0.442440 -0.563609 -0.124479
v -0.431464 -0.492830 -0.038626
v -0.445186 -0.495817 -0.143214
v -0.439074 -0.432860 -0.055059
v -0.397389 -0.530976 0.087692
v -0.412485 -0.440797 0.153254
v -0.382987 -0.530980 0.144884
v -0.412970 -0.484685 0.064602
v -0.393921 -0.490295 0.183517
v -0.419267 -0.435470 0.099444
v 0.270156 -0.788490 -0.007252
v 0.171110 -0.753315 -0.012179
v 0.225908 -0.717180 0.022954
v 0.251568 -0.912708 -0.039949
v 0.182931 -0.712349 0.028363
v 0.202262 -0.842863 -0.057655
v 0.306027 -0.635072 0.139031
v 0.282837 -0.653124 0.325663
v 0.267528 -0.658842 0.154713
v 0.327896 -0.609926 0.196552
v 0.255518 -0.677151 0.250289
v 0.315062 -0.619194 0.286966
v 0.427898 -0.807699 -0.153488
v 0.400264 -0.825397 -0.306521
v 0.393120 -0.910347 -0.178186
v 0.444928 -0.732772 -0.195846
v 0.365845 -0.919188 -0.259481
v 0.437062 -0.735416 -0.266981
v 0.431875 -0.554010 -0.070671
v 0.444024 -0.430412 -0.106911
v 0.443111 -0.565288 -0.124411
v 0.432183 -0.490651 -0.039364
v 0.445648 -0.495540 -0.142250
v 0.439167 -0.431504 -0.054769
v 0.396853 -0.532265 0.087488
v 0.413581 -0.440639 0.153725
v 0.382843 -0.533119 0.146485
v 0.418615 -0.486501 0.064063
v 0.396730 -0.491467 0.181859
v 0.419914 -0.436954 0.098390
v -0.131931 -0.722012 0.834052
v -0.232244 -0.917816 0.821768
v -0.093531 -0.747720 0.802106
v -0.224174 -0.749434 0.851981
v -0.132992 -0.834941 0.803062
v -0.283777 -0.842208 0.841958
v 0.133178 -0.724655 0.834429
v 0.232593 -0.917566 0.822292
v 0.094485 -0.749432 0.802886
v 0.227507 -0.750630 0.852385
v 0.132298 -0.836767 0.802145
v 0.285282 -0.841826 0.840619
v 0.000272 -0.362121 0.898397
v -0.000671 -0.207311 1.003337
v 0.062064 -0.322455 0.903964
v -0.062998 -0.321850 0.903849
v 0.063574 -0.242236 0.931646
v -0.064118 -0.240183 0.933483
v 0.182079 -0.501794 0.854786
v 0.299938 -0.426883 0.821657
v 0.246831 -0.561572 0.845338
v 0.186593 -0.412735 0.865475
v 0.306884 -0.526399 0.826902
v 0.243674 -0.375598 0.845909
v -0.182359 -0.499182 0.854612
v -0.299645 -0.424956 0.820683
v -0.244917 -0.562405 0.845019
v -0.186450 -0.413642 0.863185
v -0.307544 -0.525813 0.827669
v -0.244388 -0.376849 0.849271
v -0.041390 0.146956 0.375036
v -0.074725 0.189721 0.282967
v -0.026625 0.163346 0.341583
v -0.072235 0.148628 0.369903
v -0.043448 0.190163 0.287003
v -0.089594 0.163728 0.328522
v 0.042365 0.146936 0.372676
v 0.075455 0.187765 0.290053
v 0.029756 0.165997 0.336958
v 0.075108 0.148392 0.369465
v 0.045254 0.191377 0.287252
v 0.092568 0.164104 0.330294
v 0.000092 0.144374 0.535890
v -0.000380 0.128610 0.637340
v 0.036569 0.139761 0.554537
v -0.035638 0.138301 0.556296
v 0.040125 0.132108 0.606820
v -0.039948 0.133106 0.607419
v 0.083873 0.133957 0.464408
v 0.154108 0.120896 0.469137
v 0.103474 0.131031 0.433635
v 0.093361 0.126382 0.499611
v 0.138776 0.128143 0.432085
v 0.130489 0.119888 0.505502
v -0.081611 0.131055 0.463173
v -0.154175 0.120792 0.468152
v -0.102422 0.130710 0.433075
v -0.091538 0.129328 0.497667
v -0.138877 0.126482 0.433815
v -0.130486 0.121557 0.504862
v -0.057460 -0.314736 -0.452714
v -0.118154 -0.414955 -0.402656
v -0.043711 -0.363441 -0.433649
v -0.094176 -0.309749 -0.439303
v -0.071368 -0.415421 -0.407133
v -0.127120 -0.358659 -0.420229
v 0.054660 -0.313612 -0.459564
v 0.116781 -0.414977 -0.404705
v 0.041597 -0.361797 -0.441790
v 0.093401 -0.310014 -0.441874
v 0.070640 -0.414998 -0.410602
v 0.123439 -0.358786 -0.421099
v -0.002370 -0.074835 -0.471990
v -0.002889 0.009434 -0.534198
v 0.023714 -0.053114 -0.478225
v -0.026794 -0.054082 -0.483736
v 0.024806 -0.008763 -0.505669
v -0.029721 -0.008585 -0.508680
v 0.073465 -0.164979 -0.456785
v 0.134559 -0.133695 -0.439949
v 0.101184 -0.206106 -0.446584
v 0.074352 -0.114125 -0.459974
v 0.134555 -0.189948 -0.436003
v 0.104826 -0.095857 -0.457189
v -0.077356 -0.164650 -0.456623
v -0.135959 -0.128602 -0.442864
v -0.102688 -0.203208 -0.445860
v -0.078180 -0.114548 -0.461614
v -0.136606 -0.188425 -0.439965
v -0.105189 -0.092856 -0.456820
v -0.113716 0.678588 -0.783437
v -0.197307 0.765604 -0.706069
v -0.080912 0.745687 -0.753657
v -0.189598 0.659404 -0.781567
v -0.123445 0.780886 -0.710920
v -0.233355 0.705459 -0.743946
v 0.114193 0.678710 -0.783101
v 0.195961 0.764923 -0.706592
v 0.081810 0.745883 -0.753508
v 0.188793 0.660862 -0.781450
v 0.123634 0.779591 -0.710473
v 0.232524 0.705232 -0.744767
v -0.000541 0.356820 -0.930128
v -0.002153 0.214833 -0.941753
v 0.069289 0.322048 -0.942091
v -0.071205 0.319322 -0.943464
v 0.071562 0.249707 -0.951244
v -0.075893 0.248368 -0.961677
v 0.175089 0.466082 -0.868987
v 0.298432 0.394548 -0.862159
v 0.224341 0.508175 -0.835622
v 0.191475 0.394223 -0.911953
v 0.280184 0.470018 -0.826150
v 0.261379 0.357665 -0.916051
v -0.176980 0.464906 -0.867868
v -0.299538 0.394969 -0.861737
v -0.226073 0.507333 -0.835424
v -0.195994 0.394744 -0.911508
v -0.281951 0.470186 -0.823799
v -0.262488 0.358800 -0.915878
v 0.469791 0.076343 -0.286879
v 0.458866 0.140405 -0.257031
v 0.457563 0.107109 -0.324143
v 0.481553 0.077410 -0.237398
v 0.449308 0.146195 -0.311953
v 0.479280 0.102161 -0.220152
v 0.438037 -0.000004 -0.238073
v 0.404252 -0.066709 -0.183746
v 0.410964 -0.019734 -0.248551
v 0.445530 -0.006648 -0.196811
v 0.394026 -0.056648 -0.222000
v 0.429024 -0.036632 -0.169267
v 0.426928 0.022791 -0.367983
v 0.350053 -0.001687 -0.383790
v 0.398990 0.001245 -0.332204
v 0.415001 0.026472 -0.415070
v 0.361265 -0.012242 -0.337350
v 0.383152 0.018676 -0.427427
v 0.440704 0.071051 -0.422221
v 0.418396 0.132720 -0.526298
v 0.438281 0.103152 -0.425181
v 0.432220 0.061046 -0.463685
v 0.427763 0.142565 -0.476214
v 0.419413 0.087828 -0.517123
v 0.490088 0.031725 -0.195203
v 0.516544 0.029860 -0.106566
v 0.500825 0.040611 -0.177369
v 0.487422 0.021529 -0.167006
v 0.514663 0.038810 -0.131985
v 0.500932 0.020092 -0.124507
v 0.490506 0.038754 0.242449
v 0.469729 0.071463 0.208346
v 0.468962 0.052885 0.261923
v 0.504584 0.038336 0.208689
v 0.455539 0.069062 0.245071
v 0.491645 0.054880 0.192224
v 0.477105 -0.063120 0.264975
v 0.453627 -0.140317 0.253709
v 0.459993 -0.103325 0.301346
v 0.481655 -0.059192 0.227642
v 0.450293 -0.147487 0.297173
v 0.469318 -0.093335 0.219337
v 0.450953 -0.063043 0.381505
v 0.418135 -0.133027 0.481024
v 0.446185 -0.102747 0.384461
v 0.436407 -0.049707 0.418555
v 0.430087 -0.143753 0.435298
v 0.419697 -0.085691 0.471086
v 0.452416 0.027589 0.354455
v 0.401555 0.057832 0.404708
v 0.444586 0.046981 0.338749
v 0.435987 0.016335 0.397679
v 0.420726 0.063625 0.363138
v 0.411198 0.032818 0.426832
v 0.522565 0.005276 0.192245
v 0.530656 0.012321 0.125420
v 0.526685 0.018220 0.174485
v 0.515822 -0.005338 0.179365
v 0.532979 0.019902 0.142103
v 0.521847 0.002136 0.145841
v -0.468261 0.077494 -0.289364
v -0.457639 0.139322 -0.258847
v -0.454449 0.109874 -0.327477
v -0.483011 0.074719 -0.239250
v -0.447498 0.146387 -0.314875
v -0.477753 0.101138 -0.222590
v -0.435669 -0.000741 -0.242535
v -0.405827 -0.064994 -0.189024
v -0.409882 -0.017686 -0.253689
v -0.443217 -0.006590 -0.202243
v -0.391840 -0.053015 -0.226758
v -0.428557 -0.035390 -0.173306
v -0.426162 0.023014 -0.373416
v -0.350365 -0.001031 -0.388199
v -0.398851 0.004944 -0.337807
v -0.416756 0.027893 -0.419904
v -0.361559 -0.010128 -0.342222
v -0.380564 0.018039 -0.430148
v -0.441426 0.069083 -0.425349
v -0.417352 0.133077 -0.527223
v -0.437680 0.105865 -0.427025
v -0.430764 0.065161 -0.463955
v -0.425922 0.143081 -0.475562
v -0.418541 0.090108 -0.517378
v -0.488051 0.032740 -0.199218
v -0.516411 0.031441 -0.108508
v -0.501037 0.040426 -0.181693
v -0.486668 0.022207 -0.172327
v -0.512458 0.038687 -0.134361
v -0.500367 0.022227 -0.127344
v -0.490665 0.040965 0.240374
v -0.467015 0.072544 0.206142
v -0.471168 0.053306 0.259643
v -0.502818 0.040704 0.206849
v -0.458872 0.067591 0.243193
v -0.494483 0.057209 0.189471
v -0.477639 -0.061165 0.263627
v -0.453749 -0.138302 0.253406
v -0.459672 -0.102885 0.300199
v -0.482575 -0.053109 0.225122
v -0.451178 -0.145881 0.296538
v -0.469187 -0.091263 0.219458
v -0.449426 -0.061447 0.378246
v -0.419838 -0.135567 0.481168
v -0.445537 -0.102325 0.383666
v -0.434393 -0.053359 0.418887
v -0.430969 -0.144707 0.433745
v -0.417413 -0.081575 0.471250
v -0.454415 0.028458 0.351007
v -0.407118 0.061498 0.407057
v -0.444497 0.049030 0.337125
v -0.438293 0.017803 0.395578
v -0.421716 0.065463 0.363548
v -0.413956 0.034117 0.427053
v -0.521343 0.008719 0.189241
v -0.529928 0.013731 0.125695
v -0.524547 0.020692 0.174111
v -0.517503 -0.003329 0.176976
v -0.530113 0.021550 0.141517
v -0.520840 -0.000561 0.144997
v -0.011375 0.579821 -0.158044
v -0.054658 0.427065 -0.047939
v -0.040165 0.528123 -0.133483
v -0.062252 0.464288 -0.086176
v -0.012554 0.514517 -0.120516
v -0.028401 0.444321 -0.062742
v -0.043819 0.654057 -0.258013
v -0.139184 0.760532 -0.379005
v -0.077295 0.646862 -0.263470
v -0.122901 0.687432 -0.315341
v -0.043173 0.710019 -0.310271
v -0.091583 0.772017 -0.378054
v 0.011196 0.578316 -0.158046
v 0.054771 0.425109 -0.045104
v 0.038455 0.527675 -0.132105
v 0.057516 0.462052 -0.083882
v 0.012924 0.511550 -0.118469
v 0.029812 0.443157 -0.061257
v 0.045946 0.655756 -0.259919
v 0.136485 0.759670 -0.378126
v 0.078764 0.646900 -0.261584
v 0.124830 0.685970 -0.317066
v 0.044062 0.710618 -0.308330
v 0.093238 0.771986 -0.377846
v -0.219514 0.229924 0.152305
v -0.290519 0.195117 0.155160
v -0.228637 0.248167 0.112094
v -0.262181 0.231836 0.113948
v -0.243561 0.195052 0.197028
v -0.280433 0.182278 0.194041
v -0.028304 0.297729 0.117076
v 0.027949 0.298049 0.118491
v -0.014099 0.258003 0.177564
v 0.014873 0.259632 0.178005
v -0.012475 0.345324 0.054699
v 0.012603 0.345547 0.055066
v -0.179356 0.169967 0.282689
v -0.218316 0.134421 0.353276
v -0.159299 0.154853 0.325333
v -0.179152 0.139060 0.359359
v -0.214535 0.163646 0.279146
v -0.236457 0.143167 0.313459
v -0.552487 0.702896 -0.417237
v -0.286567 0.491093 -0.363624
v -0.370869 0.601143 -0.370695
v -0.292788 0.521518 -0.343637
v -0.498586 0.604686 -0.448295
v -0.337201 0.525254 -0.423741
v -0.114170 0.877045 -0.562913
v 0.115033 0.876552 -0.562678
v -0.048942 0.845606 -0.613098
v 0.050084 0.847057 -0.614250
v -0.065511 0.850524 -0.506528
v 0.065456 0.850798 -0.506743
v -0.341461 0.630890 -0.624065
v -0.339840 0.475256 -0.665233
v -0.310465 0.606359 -0.681975
v -0.319795 0.528442 -0.705657
v -0.366172 0.578228 -0.588941
v -0.345847 0.498720 -0.603979
v -0.400461 0.195288 -0.064218
v -0.403769 0.168954 0.020517
v -0.369408 0.224120 -0.053315
v -0.373850 0.207469 -0.011522
v -0.433145 0.150331 -0.029291
v -0.436660 0.141289 0.013440
v -0.372351 0.299377 -0.398460
v -0.383140 0.302094 -0.519209
v -0.399683 0.244409 -0.407219
v -0.403729 0.245884 -0.466530
v -0.346152 0.370969 -0.448439
v -0.357051 0.368535 -0.510105
v -0.482165 0.104818 -0.102528
v -0.531899 0.047560 -0.046302
v -0.500887 0.083646 -0.121712
v -0.521790 0.056736 -0.091599
v -0.492086 0.092189 -0.054647
v -0.513849 0.066101 -0.029530
v -0.369264 0.119039 0.248900
v -0.340294 0.111213 0.329837
v -0.391983 0.100302 0.275429
v -0.379252 0.097959 0.317139
v -0.331514 0.136294 0.259027
v -0.316427 0.126656 0.298646
v -0.489103 0.078937 0.102268
v -0.535436 0.035397 0.072023
v -0.509273 0.057874 0.122336
v -0.526223 0.040305 0.104945
v -0.493107 0.078764 0.065697
v -0.520763 0.051276 0.052426
v 0.215786 0.231688 0.153474
v 0.287408 0.200984 0.153078
v 0.223922 0.251923 0.112458
v 0.259653 0.233674 0.113997
v 0.239657 0.200192 0.192184
v 0.275232 0.187221 0.190184
v 0.177253 0.172084 0.281979
v 0.216511 0.135588 0.352838
v 0.158776 0.156787 0.322711
v 0.177729 0.140510 0.357552
v 0.214218 0.164089 0.277436
v 0.235684 0.143696 0.313886
v 0.553034 0.702810 -0.417627
v 0.291239 0.489581 -0.366463
v 0.371199 0.599475 -0.370683
v 0.295958 0.519341 -0.344777
v 0.498123 0.604666 -0.454687
v 0.339290 0.524957 -0.426970
v 0.340955 0.631125 -0.623858
v 0.340185 0.476859 -0.666308
v 0.311751 0.604380 -0.682746
v 0.319514 0.529069 -0.708936
v 0.365561 0.579618 -0.589621
v 0.348421 0.499646 -0.603868
v 0.400014 0.197060 -0.062460
v 0.405319 0.169808 0.024930
v 0.367615 0.226308 -0.052800
v 0.369528 0.211989 -0.010751
v 0.433791 0.153046 -0.027762
v 0.435197 0.144118 0.014247
v 0.372972 0.301411 -0.397406
v 0.381388 0.302298 -0.517665
v 0.402350 0.246120 -0.406424
v 0.402811 0.245463 -0.465680
v 0.347966 0.370640 -0.449054
v 0.359214 0.370086 -0.508627
v 0.481263 0.107663 -0.103008
v 0.529577 0.051296 -0.047056
v 0.501104 0.085964 -0.120740
v 0.522313 0.061186 -0.091591
v 0.485858 0.099830 -0.058397
v 0.510671 0.068547 -0.030618
v 0.365183 0.123581 0.248299
v 0.339537 0.111326 0.327978
v 0.393367 0.101532 0.275338
v 0.378545 0.098202 0.315029
v 0.326888 0.135770 0.257052
v 0.315612 0.129245 0.295924
v 0.488449 0.079027 0.102287
v 0.530062 0.039014 0.071389
v 0.508858 0.056261 0.123689
v 0.526226 0.039540 0.108542
v 0.489648 0.081258 0.064989
v 0.514489 0.057856 0.050678
v -0.084995 -0.692035 0.218980
v -0.151418 -0.700883 0.404686
v -0.135879 -0.689708 0.207302
v -0.166554 -0.691296 0.297934
v -0.057851 -0.702293 0.311801
v -0.093727 -0.715928 0.405499
v -0.110410 -0.736652 -0.154000
v -0.150455 -0.812084 -0.299718
v -0.130802 -0.893813 -0.176168
v -0.171283 -0.917553 -0.264481
v -0.087834 -0.665322 -0.182086
v -0.103911 -0.702025 -0.241985
v 0.087135 -0.691337 0.221482
v 0.156619 -0.703505 0.407223
v 0.136269 -0.689287 0.210327
v 0.167173 -0.690445 0.298535
v 0.062100 -0.703261 0.314623
v 0.101180 -0.714175 0.406442
v 0.110500 -0.738818 -0.145416
v 0.151869 -0.817365 -0.298830
v 0.132105 -0.898157 -0.158979
v 0.170939 -0.919453 -0.259759
v 0.088957 -0.669268 -0.177768
v 0.106435 -0.704589 -0.238780
v -0.359607 -0.591706 0.450557
v -0.394973 -0.466066 0.344633
v -0.357547 -0.563073 0.371775
v -0.381143 -0.508468 0.322993
v -0.379208 -0.549975 0.468919
v -0.393942 -0.481996 0.411928
v -0.093257 -0.828373 0.614087
v 0.093624 -0.831784 0.614052
v -0.053895 -0.766228 0.666476
v 0.054013 -0.766565 0.664709
v -0.042313 -0.782877 0.547477
v 0.042433 -0.784710 0.549271
v -0.389829 -0.691937 0.675030
v -0.395186 -0.528081 0.683299
v -0.393676 -0.708270 0.750544
v -0.389407 -0.607922 0.749764
v -0.391518 -0.597810 0.610849
v -0.398797 -0.528368 0.616300
v -0.396055 -0.506096 -0.328136
v -0.419059 -0.395961 -0.252632
v -0.426289 -0.539569 -0.288321
v -0.431688 -0.475221 -0.246282
v -0.380643 -0.421614 -0.328016
v -0.398225 -0.372635 -0.295222
v -0.062071 -0.567085 -0.324894
v 0.062898 -0.566582 -0.325842
v -0.028532 -0.516618 -0.353227
v 0.029118 -0.516399 -0.353696
v -0.033546 -0.596717 -0.286168
v 0.035878 -0.596476 -0.286146
v -0.250187 -0.374899 -0.384607
v -0.240338 -0.239085 -0.397654
v -0.208732 -0.330104 -0.408573
v -0.207005 -0.269402 -0.424139
v -0.290389 -0.345057 -0.373576
v -0.280203 -0.275896 -0.376405
v -0.436832 -0.254094 -0.011619
v -0.436425 -0.267993 0.076830
v -0.438338 -0.317620 0.007312
v -0.434582 -0.320251 0.054271
v -0.435292 -0.198624 0.015295
v -0.438840 -0.207331 0.058671
v -0.370328 -0.188325 -0.265713
v -0.314825 -0.141040 -0.322309
v -0.355224 -0.127281 -0.267178
v -0.331771 -0.105913 -0.298067
v -0.361043 -0.231014 -0.297075
v -0.327521 -0.204711 -0.325690
v -0.434009 -0.080182 -0.062704
v -0.484634 -0.010785 -0.031104
v -0.448035 -0.040484 -0.088640
v -0.474600 -0.009628 -0.073500
v -0.442019 -0.085340 -0.020357
v -0.465107 -0.046726 -0.004689
v -0.422128 -0.311512 0.382964
v -0.412275 -0.313634 0.494412
v -0.427430 -0.253431 0.386760
v -0.424109 -0.255058 0.440723
v -0.413219 -0.374829 0.432611
v -0.410052 -0.379940 0.493087
v -0.459348 -0.116381 0.132901
v -0.505736 -0.017708 0.084474
v -0.475254 -0.077055 0.144523
v -0.496570 -0.035491 0.119628
v -0.458882 -0.105192 0.094725
v -0.476912 -0.055912 0.072281
v 0.359768 -0.589879 0.449269
v 0.397270 -0.467513 0.344125
v 0.360274 -0.564980 0.369409
v 0.381826 -0.510406 0.321671
v 0.379775 -0.551474 0.466779
v 0.395886 -0.484917 0.413179
v 0.397188 -0.693099 0.674772
v 0.392877 -0.524968 0.683319
v 0.390382 -0.701232 0.746848
v 0.389783 -0.606083 0.750174
v 0.392121 -0.596602 0.609143
v 0.396646 -0.525471 0.615147
v 0.396649 -0.506078 -0.327376
v 0.419419 -0.395992 -0.253668
v 0.426799 -0.539510 -0.287089
v 0.432524 -0.475320 -0.246038
v 0.381492 -0.419181 -0.326609
v 0.397887 -0.370951 -0.294736
v 0.250333 -0.374555 -0.386133
v 0.240817 -0.244097 -0.401625
v 0.207674 -0.331002 -0.405529
v 0.206496 -0.268763 -0.416088
v 0.289598 -0.344114 -0.372537
v 0.280909 -0.276242 -0.379618
v 0.437031 -0.255166 -0.010730
v 0.438528 -0.268544 0.080765
v 0.437370 -0.317456 0.006509
v 0.437107 -0.322700 0.052748
v 0.437478 -0.201314 0.014623
v 0.438872 -0.207447 0.057679
v 0.373737 -0.187401 -0.263615
v 0.315222 -0.142253 -0.320842
v 0.358057 -0.128224 -0.264732
v 0.334208 -0.106362 -0.295454
v 0.361396 -0.231242 -0.297523
v 0.328739 -0.207011 -0.325685
v 0.433734 -0.082853 -0.060933
v 0.485657 -0.012607 -0.029372
v 0.450046 -0.043391 -0.085826
v 0.477007 -0.009908 -0.070777
v 0.441456 -0.086364 -0.019466
v 0.465356 -0.049001 -0.004210
v 0.423012 -0.309227 0.381259
v 0.413877 -0.315032 0.495159
v 0.428187 -0.254005 0.387942
v 0.423968 -0.254385 0.441565
v 0.414465 -0.374646 0.433706
v 0.410190 -0.378933 0.493701
v 0.460790 -0.117304 0.133359
v 0.506194 -0.017490 0.083675
v 0.476185 -0.079466 0.144828
v 0.498055 -0.035362 0.119381
v 0.458768 -0.106138 0.096044
v 0.477181 -0.055387 0.073215
v 0.178681 -0.083565 0.848089
v 0.288432 -0.162285 0.807914
v 0.185324 -0.159242 0.874629
v 0.243509 -0.200354 0.851024
v 0.225348 -0.053490 0.799509
v 0.275076 -0.092079 0.777989
v -0.178029 -0.084492 0.848493
v -0.287934 -0.162002 0.806172
v -0.184022 -0.160412 0.872599
v -0.243821 -0.200128 0.852888
v -0.224233 -0.052556 0.798690
v -0.275278 -0.090755 0.775861
v 0.144892 0.077060 0.697650
v 0.206142 0.081911 0.593280
v 0.131041 0.102841 0.640737
v 0.161362 0.100449 0.593329
v 0.194122 0.048269 0.699454
v 0.223306 0.054176 0.641101
v -0.142320 0.076604 0.697812
v -0.204137 0.081632 0.593618
v -0.130060 0.099171 0.639439
v -0.159869 0.099685 0.593413
v -0.192833 0.047511 0.700139
v -0.221502 0.054734 0.642477
v 0.357111 -0.073065 0.611946
v 0.333590 0.016445 0.553932
v 0.375788 -0.048462 0.549486
v 0.368833 -0.004146 0.527233
v 0.324258 -0.045273 0.645730
v 0.308366 0.000216 0.610463
v -0.356706 -0.074603 0.609410
v -0.331188 0.017696 0.552852
v -0.376762 -0.046390 0.549185
v -0.366442 -0.003825 0.524803
v -0.324061 -0.045121 0.644228
v -0.308322 0.002582 0.610855
v 0.119602 0.005076 -0.641292
v 0.166172 0.006011 -0.527029
v 0.097567 0.008560 -0.555590
v 0.118043 0.003862 -0.500981
v 0.175643 0.008783 -0.671142
v 0.200210 0.014947 -0.604740
v -0.124940 0.005918 -0.644602
v -0.171532 0.008164 -0.529626
v -0.102179 0.009613 -0.557769
v -0.121345 0.006062 -0.505279
v -0.178937 0.008566 -0.673279
v -0.200832 0.017312 -0.607473
v 0.199503 0.082283 -0.923913
v 0.333305 0.154012 -0.915061
v 0.219207 0.157779 -0.974644
v 0.286523 0.197103 -0.968222
v 0.246502 0.051290 -0.859860
v 0.307603 0.083769 -0.857694
v -0.201509 0.082667 -0.924593
v -0.334152 0.154919 -0.914120
v -0.220246 0.158560 -0.974885
v -0.287224 0.196974 -0.967355
v -0.247363 0.051594 -0.859951
v -0.309342 0.084269 -0.858944
v 0.313851 0.033491 -0.551277
v 0.365551 0.091837 -0.653737
v 0.356380 0.043500 -0.541164
v 0.379927 0.069711 -0.584901
v 0.301295 0.043573 -0.618427
v 0.330565 0.070644 -0.681374
v -0.314728 0.035786 -0.551964
v -0.366387 0.091230 -0.658880
v -0.358372 0.043374 -0.543088
v -0.379550 0.070004 -0.587256
v -0.299526 0.044619 -0.618385
v -0.329389 0.071181 -0.679996
v -0.155600 0.452526 -0.111615
v -0.163744 0.493183 -0.165771
v -0.126997 0.480522 -0.124765
v -0.138756 0.526391 -0.177367
v -0.196587 0.387217 -0.070114
v -0.142708 0.439392 -0.088748
v -0.190572 0.369527 -0.039752
v -0.207628 0.453502 -0.167497
v -0.164612 0.531933 -0.203167
v -0.212010 0.490713 -0.212868
v -0.224628 0.389328 -0.100497
v -0.228470 0.443219 -0.186089
v -0.250758 0.369700 -0.107830
v -0.217697 0.347653 -0.033734
v -0.248328 0.345462 -0.067494
v 0.151333 0.454566 -0.108343
v 0.163591 0.495185 -0.164508
v 0.124712 0.482446 -0.122697
v 0.137611 0.527566 -0.176390
v 0.192821 0.388714 -0.066517
v 0.137181 0.441563 -0.088284
v 0.186823 0.373007 -0.038862
v 0.207720 0.456028 -0.166790
v 0.165390 0.530031 -0.201737
v 0.213463 0.492636 -0.211277
v 0.222810 0.389644 -0.098037
v 0.226997 0.445884 -0.185955
v 0.248500 0.369608 -0.107657
v 0.215443 0.349720 -0.033401
v 0.245229 0.347402 -0.066383
v -0.321756 -0.681553 0.021139
v -0.377238 -0.768941 -0.047362
v -0.280780 -0.707104 0.018413
v -0.343996 -0.849743 -0.041739
v -0.361321 -0.610249 0.060293
v -0.286301 -0.656608 0.067563
v -0.341716 -0.606711 0.125179
v -0.416293 -0.673541 -0.074511
v -0.398426 -0.852702 -0.098699
v -0.434165 -0.707959 -0.130220
v -0.402112 -0.589078 -0.000506
v -0.431521 -0.625132 -0.101985
v -0.420413 -0.544791 -0.019053
v -0.370576 -0.573283 0.104035
v -0.409165 -0.537405 0.033883
v 0.320160 -0.683041 0.019324
v 0.373683 -0.772941 -0.045143
v 0.275046 -0.706510 0.021422
v 0.335096 -0.852530 -0.035158
v 0.360325 -0.611836 0.063669
v 0.284294 -0.656358 0.067409
v 0.342315 -0.607010 0.122481
v 0.417145 -0.673873 -0.073584
v 0.393810 -0.855623 -0.093717
v 0.432312 -0.707302 -0.128980
v 0.403846 -0.588551 -0.001076
v 0.434112 -0.625534 -0.101788
v 0.420233 -0.543852 -0.019662
v 0.371939 -0.571984 0.106742
v 0.410425 -0.537372 0.030887
v 0.001311 -0.649404 0.832988
v -0.102734 -0.594286 0.848495
v -0.043252 -0.695693 0.816947
v -0.160512 -0.659946 0.844682
v 0.103642 -0.595698 0.848305
v 0.044681 -0.695505 0.819257
v 0.159603 -0.661645 0.844742
v 0.058937 -0.479063 0.865859
v -0.058971 -0.477837 0.866782
v 0.060493 -0.403511 0.882361
v -0.062296 -0.402881 0.884038
v 0.176040 -0.583712 0.850398
v 0.122230 -0.449204 0.866427
v -0.174507 -0.583354 0.848970
v -0.121459 -0.448429 0.867653
v 0.001602 0.135581 0.403546
v -0.040141 0.127973 0.431274
v -0.012194 0.145399 0.381618
v -0.054204 0.135346 0.405772
v 0.038884 0.129271 0.429116
v 0.014293 0.144843 0.382752
v 0.057188 0.137609 0.402083
v 0.027886 0.129636 0.476869
v -0.026087 0.132111 0.477244
v 0.031254 0.135730 0.514428
v -0.029881 0.134417 0.515211
v 0.067689 0.130224 0.432890
v 0.056793 0.131585 0.488640
v -0.069666 0.133487 0.433419
v -0.056482 0.131412 0.490381
v -0.000992 -0.263279 -0.482176
v -0.043259 -0.221310 -0.465441
v -0.019812 -0.313718 -0.460007
v -0.066848 -0.261866 -0.455182
v 0.040463 -0.220429 -0.474489
v 0.017796 -0.314494 -0.465067
v 0.064435 -0.264186 -0.458986
v 0.020825 -0.141469 -0.471370
v -0.026515 -0.144910 -0.468701
v 0.020633 -0.098627 -0.469310
v -0.026874 -0.099575 -0.469165
v 0.069171 -0.215072 -0.457679
v 0.046948 -0.127581 -0.465163
v -0.073909 -0.215832 -0.453992
v -0.049915 -0.131603 -0.463202
v 0.000379 0.630176 -0.809514
v -0.093660 0.559436 -0.836235
v -0.038647 0.687818 -0.785338
v -0.142354 0.609674 -0.812187
v 0.093341 0.559930 -0.835213
v 0.039432 0.689148 -0.784408
v 0.139961 0.609218 -0.808966
v 0.058572 0.456589 -0.885267
v -0.059138 0.457893 -0.886453
v 0.063919 0.391785 -0.916689
v -0.065751 0.389862 -0.916889
v 0.158473 0.537249 -0.837115
v 0.123478 0.427736 -0.897602
v -0.160433 0.537972 -0.837162
v -0.123651 0.427060 -0.897275
v 0.458882 0.051990 -0.340826
v 0.474491 0.043145 -0.267004
v 0.460078 0.073237 -0.334208
v 0.480200 0.057591 -0.250590
v 0.451047 0.021953 -0.307658
v 0.469586 0.025419 -0.251781
v 0.433059 0.004593 -0.278895
v 0.459796 0.013228 -0.225652
v 0.449058 0.035927 -0.367631
v 0.431392 0.015474 -0.323130
v 0.436423 0.032958 -0.393706
v 0.449633 0.074938 -0.379563
v 0.441887 0.046733 -0.412549
v 0.487709 0.041631 -0.221783
v 0.477389 0.022407 -0.210932
v 0.482591 0.023179 0.289139
v 0.505672 0.014188 0.237493
v 0.479878 0.036043 0.276586
v 0.505622 0.026375 0.223355
v 0.479444 -0.034913 0.303335
v 0.501884 -0.013117 0.242151
v 0.471901 -0.066786 0.301962
v 0.494862 -0.030959 0.233952
v 0.469253 -0.007775 0.333401
v 0.462910 -0.067047 0.341508
v 0.454502 -0.026160 0.372855
v 0.464696 0.033689 0.313361
v 0.454149 0.003532 0.363875
v 0.518359 0.016491 0.207121
v 0.509602 -0.009438 0.212181
v -0.458182 0.054558 -0.342514
v -0.472905 0.043267 -0.269625
v -0.457837 0.080197 -0.336887
v -0.479371 0.058168 -0.255501
v -0.447314 0.022639 -0.312596
v -0.465430 0.024745 -0.256359
v -0.430021 0.008058 -0.284510
v -0.456994 0.013376 -0.230428
v -0.447904 0.037009 -0.373172
v -0.429610 0.017670 -0.328867
v -0.437293 0.034182 -0.398406
v -0.449800 0.071305 -0.383524
v -0.440393 0.048115 -0.415562
v -0.487097 0.044548 -0.226504
v -0.474851 0.022663 -0.214189
v -0.483020 0.023403 0.287260
v -0.508135 0.014997 0.236586
v -0.477504 0.038888 0.275045
v -0.509847 0.027262 0.222034
v -0.479614 -0.035236 0.302637
v -0.504826 -0.011713 0.241436
v -0.471784 -0.063187 0.300600
v -0.495632 -0.029047 0.234266
v -0.468305 -0.006153 0.331777
v -0.462633 -0.068285 0.340381
v -0.454027 -0.024923 0.369981
v -0.466082 0.034609 0.311908
v -0.455838 0.005677 0.362066
v -0.518014 0.018599 0.206171
v -0.513427 -0.005916 0.209918
v -0.019553 0.601685 -0.169607
v -0.029618 0.613231 -0.197749
v -0.037468 0.584301 -0.166819
v -0.051937 0.604136 -0.196896
v 0.018408 0.600120 -0.167983
v 0.029164 0.613069 -0.195305
v 0.035181 0.583376 -0.164456
v 0.051716 0.603001 -0.193585
v -0.000279 0.599100 -0.163781
v -0.025130 0.577077 -0.157856
v -0.002710 0.575303 -0.154902
v -0.000159 0.626648 -0.213801
v -0.046850 0.624333 -0.224483
v -0.012558 0.651086 -0.246107
v 0.023071 0.578262 -0.158641
v 0.003828 0.575314 -0.154970
v 0.048016 0.624505 -0.222535
v 0.012953 0.651072 -0.244729
v -0.106221 0.349578 0.031408
v -0.161012 0.285438 0.098867
v -0.114760 0.378178 -0.006999
v -0.169640 0.308924 0.058049
v -0.072383 0.251251 0.180604
v -0.124053 0.209642 0.237528
v -0.058594 0.219062 0.235388
v -0.108100 0.185763 0.283347
v -0.066913 0.332042 0.067016
v -0.083598 0.402110 -0.027327
v -0.048773 0.382774 0.002217
v -0.172071 0.221369 0.193933
v -0.195075 0.266861 0.106088
v -0.208299 0.209722 0.195630
v -0.041880 0.255612 0.178241
v -0.038524 0.339270 0.058780
v -0.141604 0.178225 0.284529
v -0.195573 0.188834 0.239264
v -0.224973 0.752784 -0.420829
v -0.348064 0.721426 -0.436137
v -0.203692 0.683483 -0.355937
v -0.301177 0.654495 -0.373630
v -0.210799 0.852989 -0.616515
v -0.271620 0.738353 -0.621363
v -0.164741 0.808226 -0.660711
v -0.251396 0.722167 -0.683916
v -0.259366 0.974272 -0.519950
v -0.170732 0.723710 -0.371267
v -0.160752 0.857783 -0.446745
v -0.409759 0.755767 -0.549054
v -0.398588 0.674993 -0.405213
v -0.526791 0.710395 -0.540042
v -0.144446 0.852622 -0.612669
v -0.182285 0.989648 -0.519305
v -0.297081 0.675535 -0.654544
v -0.400404 0.664307 -0.572007
v -0.318555 0.357340 -0.252652
v -0.359249 0.262628 -0.150071
v -0.295356 0.390707 -0.239791
v -0.329942 0.295509 -0.138749
v -0.406020 0.222741 -0.288788
v -0.446256 0.156423 -0.188049
v -0.429548 0.183380 -0.302070
v -0.467661 0.128406 -0.204184
v -0.339591 0.340681 -0.325470
v -0.284758 0.435728 -0.299189
v -0.302395 0.427411 -0.376357
v -0.425751 0.171864 -0.119985
v -0.365594 0.242794 -0.099755
v -0.430911 0.161154 -0.073990
v -0.401471 0.237108 -0.348553
v -0.338110 0.360485 -0.388258
v -0.476497 0.115752 -0.152455
v -0.458363 0.131451 -0.087448
v -0.331721 0.191647 0.110890
v -0.372284 0.180248 0.072868
v -0.303830 0.227031 0.077771
v -0.338931 0.218946 0.036127
v -0.412479 0.110699 0.198848
v -0.456677 0.096494 0.151822
v -0.438390 0.088603 0.220863
v -0.479375 0.072583 0.171192
v -0.353846 0.152392 0.181291
v -0.299240 0.212195 0.114065
v -0.317382 0.167671 0.188403
v -0.436775 0.125969 0.093048
v -0.371782 0.195596 0.030423
v -0.435707 0.134662 0.052008
v -0.403914 0.104696 0.235062
v -0.344175 0.142048 0.221081
v -0.485535 0.075616 0.136944
v -0.464376 0.103942 0.078812
v 0.104656 0.348031 0.034302
v 0.157467 0.287505 0.099532
v 0.110813 0.377998 -0.006798
v 0.166165 0.308873 0.059987
v 0.074239 0.250850 0.183841
v 0.123654 0.209035 0.239548
v 0.059363 0.219602 0.235944
v 0.107313 0.184916 0.287125
v 0.066595 0.329900 0.067558
v 0.082999 0.401312 -0.024880
v 0.048743 0.382910 0.004290
v 0.043360 0.254380 0.179287
v 0.039500 0.339737 0.059219
v 0.169558 0.224748 0.193310
v 0.191312 0.268984 0.107451
v 0.205478 0.213676 0.194014
v 0.141633 0.180050 0.282347
v 0.192643 0.192413 0.237740
v 0.219937 0.750248 -0.421026
v 0.350259 0.720370 -0.435344
v 0.204011 0.681062 -0.356842
v 0.302814 0.653508 -0.373715
v 0.209212 0.852970 -0.614759
v 0.272339 0.737735 -0.621358
v 0.164641 0.808490 -0.659331
v 0.249709 0.719633 -0.680912
v 0.259639 0.974469 -0.521352
v 0.170280 0.721724 -0.369887
v 0.160436 0.857247 -0.446522
v 0.145351 0.852562 -0.614061
v 0.182292 0.990272 -0.519565
v 0.410340 0.755703 -0.550117
v 0.398770 0.673169 -0.403880
v 0.526565 0.712246 -0.538997
v 0.298674 0.675070 -0.654341
v 0.401113 0.664014 -0.571816
v 0.320112 0.356426 -0.252709
v 0.360784 0.263192 -0.149226
v 0.296138 0.390412 -0.238537
v 0.330445 0.296019 -0.139127
v 0.406947 0.225835 -0.287069
v 0.444725 0.161265 -0.189782
v 0.431940 0.185994 -0.301037
v 0.466343 0.130597 -0.204827
v 0.342746 0.340836 -0.325779
v 0.289960 0.433772 -0.299113
v 0.304152 0.428326 -0.379676
v 0.426285 0.177040 -0.120382
v 0.365587 0.245310 -0.099239
v 0.429549 0.165175 -0.073133
v 0.404095 0.239066 -0.348637
v 0.341365 0.360686 -0.387494
v 0.473827 0.119922 -0.153156
v 0.457757 0.134412 -0.086326
v 0.328346 0.195982 0.111890
v 0.366421 0.186985 0.069177
v 0.296545 0.230005 0.079744
v 0.333683 0.223698 0.038844
v 0.412643 0.111484 0.201252
v 0.456244 0.095592 0.151415
v 0.440534 0.086467 0.225202
v 0.477479 0.073832 0.173999
v 0.352173 0.156639 0.181028
v 0.293509 0.214063 0.115616
v 0.313346 0.171144 0.188476
v 0.432725 0.129761 0.091822
v 0.370368 0.195119 0.031182
v 0.436478 0.135402 0.053914
v 0.402607 0.105682 0.236607
v 0.340024 0.144944 0.220331
v 0.484888 0.075769 0.137627
v 0.463986 0.105161 0.079169
v -0.089552 -0.690839 0.057603
v -0.110260 -0.707439 -0.060251
v -0.143339 -0.703644 0.037982
v -0.157874 -0.786385 -0.069088
v 0.088619 -0.690671 0.062882
v 0.106861 -0.706324 -0.050820
v 0.139121 -0.702089 0.046969
v 0.153735 -0.777780 -0.058361
v 0.000058 -0.682799 0.142708
v -0.111846 -0.688030 0.124935
v -0.027462 -0.692050 0.224206
v 0.000750 -0.646812 -0.089464
v -0.130635 -0.780839 -0.114391
v -0.052780 -0.639423 -0.132994
v 0.111834 -0.687743 0.132630
v 0.030685 -0.691021 0.224507
v 0.129556 -0.777655 -0.104150
v 0.051559 -0.640745 -0.129163
v -0.240304 -0.701799 0.480091
v -0.312724 -0.666651 0.486880
v -0.241486 -0.678105 0.364958
v -0.305942 -0.634548 0.387276
v -0.227296 -0.984584 0.700690
v -0.365039 -0.873183 0.716011
v -0.170776 -0.935765 0.784359
v -0.327337 -0.889077 0.788326
v -0.216885 -0.856039 0.534523
v -0.196018 -0.689044 0.395793
v -0.145809 -0.752302 0.492745
v -0.362003 -0.709449 0.578720
v -0.335735 -0.615528 0.422952
v -0.366579 -0.622652 0.523531
v -0.119479 -0.925505 0.703531
v -0.126131 -0.821140 0.546839
v -0.380864 -0.797318 0.739182
v -0.379043 -0.659711 0.598128
v -0.285916 -0.815033 -0.365950
v -0.362739 -0.660777 -0.356096
v -0.327098 -0.894233 -0.328393
v -0.410332 -0.717010 -0.326276
v -0.143450 -0.529107 -0.361943
v -0.205764 -0.461108 -0.380565
v -0.105669 -0.469849 -0.381772
v -0.163162 -0.408519 -0.400495
v -0.161974 -0.659272 -0.326097
v -0.234895 -0.897909 -0.332711
v -0.133412 -0.699394 -0.289966
v -0.302496 -0.500013 -0.360514
v -0.406736 -0.606558 -0.328488
v -0.344826 -0.465285 -0.347932
v -0.087781 -0.521884 -0.355852
v -0.098457 -0.623114 -0.302043
v -0.208772 -0.395341 -0.395853
v -0.296439 -0.419062 -0.364822
v -0.434507 -0.354529 -0.168967
v -0.439877 -0.303771 -0.086527
v -0.443200 -0.426294 -0.158714
v -0.441331 -0.370463 -0.072610
v -0.396062 -0.158683 -0.198460
v -0.414843 -0.120291 -0.128003
v -0.386564 -0.101943 -0.207267
v -0.414637 -0.070321 -0.148582
v -0.408840 -0.271723 -0.223373
v -0.435393 -0.414162 -0.206564
v -0.405393 -0.321473 -0.259322
v -0.428383 -0.184359 -0.069777
v -0.440254 -0.312294 -0.039711
v -0.435451 -0.194088 -0.025756
v -0.378581 -0.143310 -0.236100
v -0.389435 -0.253993 -0.263036
v -0.425202 -0.076266 -0.105574
v -0.430153 -0.134578 -0.043530
v -0.416310 -0.399041 0.237553
v -0.430268 -0.333368 0.151081
v -0.405806 -0.446567 0.215066
v -0.424449 -0.384320 0.126957
v -0.436824 -0.245231 0.284410
v -0.448225 -0.180148 0.202681
v -0.440500 -0.191094 0.291887
v -0.456489 -0.132555 0.211498
v -0.420876 -0.359425 0.316223
v -0.400187 -0.454906 0.279552
v -0.407582 -0.416398 0.360098
v -0.441934 -0.222286 0.143303
v -0.433171 -0.328515 0.100764
v -0.439731 -0.216439 0.101140
v -0.431409 -0.249602 0.334050
v -0.418298 -0.365600 0.372278
v -0.457944 -0.124424 0.171167
v -0.447836 -0.163506 0.118374
v 0.240346 -0.700911 0.480246
v 0.311418 -0.667745 0.487133
v 0.243858 -0.678517 0.363115
v 0.306689 -0.636261 0.386338
v 0.229492 -0.985508 0.701147
v 0.365778 -0.869378 0.713612
v 0.171363 -0.936804 0.783867
v 0.330906 -0.887889 0.788046
v 0.224456 -0.861971 0.535791
v 0.199799 -0.688673 0.394254
v 0.151139 -0.753294 0.495194
v 0.120113 -0.927449 0.703103
v 0.130438 -0.822276 0.550632
v 0.361949 -0.708441 0.578186
v 0.335831 -0.616844 0.422034
v 0.364362 -0.622332 0.524569
v 0.383067 -0.794699 0.734269
v 0.381853 -0.660672 0.596982
v 0.286775 -0.814039 -0.365843
v 0.364048 -0.659591 -0.355158
v 0.327737 -0.893594 -0.328510
v 0.410679 -0.715723 -0.326087
v 0.142611 -0.530945 -0.363732
v 0.206006 -0.461655 -0.379052
v 0.105210 -0.469080 -0.385018
v 0.163633 -0.408974 -0.398576
v 0.163060 -0.661205 -0.326089
v 0.234931 -0.898019 -0.332729
v 0.133781 -0.701318 -0.291779
v 0.086574 -0.523218 -0.357986
v 0.100468 -0.623399 -0.303239
v 0.303377 -0.499390 -0.360767
v 0.406415 -0.605335 -0.327837
v 0.347711 -0.466867 -0.349319
v 0.207705 -0.394259 -0.393666
v 0.297207 -0.417095 -0.364696
v 0.434528 -0.353813 -0.168898
v 0.440700 -0.306346 -0.087108
v 0.443871 -0.425657 -0.156185
v 0.442092 -0.370066 -0.071847
v 0.396681 -0.160935 -0.194840
v 0.414664 -0.123956 -0.126015
v 0.387132 -0.104007 -0.203602
v 0.415630 -0.072809 -0.143713
v 0.409164 -0.272243 -0.222410
v 0.433314 -0.413765 -0.206478
v 0.403411 -0.322006 -0.257145
v 0.428419 -0.185235 -0.069911
v 0.439120 -0.312516 -0.039907
v 0.433230 -0.196487 -0.024564
v 0.379543 -0.144118 -0.231137
v 0.389168 -0.253189 -0.260932
v 0.426451 -0.079551 -0.103232
v 0.429114 -0.134092 -0.041009
v 0.414799 -0.399357 0.238939
v 0.430272 -0.333519 0.152686
v 0.406609 -0.445899 0.213545
v 0.425425 -0.384370 0.126159
v 0.436311 -0.245030 0.284323
v 0.448708 -0.179666 0.201943
v 0.442787 -0.191320 0.291306
v 0.457043 -0.132143 0.213350
v 0.421405 -0.356087 0.313974
v 0.400409 -0.455751 0.277031
v 0.409102 -0.419412 0.362650
v 0.440384 -0.222050 0.143238
v 0.432275 -0.328344 0.100940
v 0.441648 -0.215185 0.100046
v 0.432302 -0.252523 0.333992
v 0.415850 -0.366828 0.373554
v 0.458168 -0.125338 0.171564
v 0.448364 -0.163279 0.116965
v 0.061002 -0.083327 0.893753
v -0.061308 -0.083395 0.895243
v 0.066118 -0.157920 0.952591
v -0.065613 -0.158285 0.954288
v 0.049275 0.091246 0.726355
v -0.049349 0.091182 0.725775
v 0.044697 0.117285 0.664607
v -0.043901 0.118092 0.664012
v 0.111311 0.016693 0.802340
v 0.124621 -0.118946 0.893916
v 0.168700 -0.017518 0.806799
v -0.111150 0.017650 0.802498
v -0.123545 -0.120878 0.892757
v -0.168008 -0.016553 0.806434
v 0.093543 0.098695 0.684037
v 0.157237 0.038476 0.754768
v -0.093386 0.099974 0.686322
v -0.155637 0.038282 0.755004
v 0.367925 -0.412326 0.731149
v 0.333613 -0.285801 0.774144
v 0.350182 -0.474198 0.791003
v 0.291915 -0.331969 0.815545
v 0.405795 -0.239240 0.547663
v 0.390261 -0.158900 0.588444
v 0.418427 -0.189466 0.488479
v 0.401957 -0.119502 0.527157
v 0.396755 -0.370357 0.612935
v 0.381844 -0.510075 0.744834
v 0.397246 -0.447561 0.615141
v 0.415150 -0.250314 0.493791
v 0.405434 -0.379919 0.553886
v 0.356465 -0.164590 0.705724
v 0.292078 -0.243927 0.815882
v 0.318240 -0.130031 0.742588
v 0.382264 -0.098987 0.572823
v 0.338433 -0.099137 0.677751
v -0.368353 -0.413936 0.733208
v -0.332705 -0.285080 0.774121
v -0.348644 -0.473012 0.791609
v -0.293208 -0.331129 0.816098
v -0.406184 -0.241116 0.547614
v -0.389640 -0.156877 0.588429
v -0.417796 -0.190255 0.488870
v -0.401922 -0.119195 0.526534
v -0.397327 -0.368312 0.613966
v -0.382165 -0.509855 0.744821
v -0.397955 -0.449325 0.616254
v -0.415074 -0.250810 0.491819
v -0.404024 -0.378542 0.553447
v -0.355180 -0.164138 0.703688
v -0.291707 -0.243913 0.815204
v -0.317724 -0.129832 0.743367
v -0.382630 -0.099297 0.569736
v -0.338167 -0.101647 0.675512
v 0.218040 0.117996 0.425919
v 0.214126 0.102082 0.504137
v 0.175556 0.123602 0.430864
v 0.171161 0.111788 0.506403
v 0.344076 0.089898 0.399111
v 0.340423 0.060433 0.472004
v 0.382923 0.077516 0.382223
v 0.378880 0.048126 0.451304
v 0.279362 0.116248 0.376054
v 0.196624 0.127181 0.391837
v 0.257276 0.131320 0.343781
v 0.362562 0.094656 0.356257
v 0.296765 0.122730 0.336311
v 0.275977 0.067595 0.535434
v 0.188951 0.099800 0.546866
v 0.248894 0.059645 0.586984
v 0.358503 0.035141 0.501508
v 0.293679 0.040537 0.573771
v -0.215796 0.116245 0.425744
v -0.213979 0.101312 0.504078
v -0.175434 0.122694 0.430469
v -0.170459 0.111637 0.505893
v -0.343777 0.090400 0.398560
v -0.340718 0.061282 0.473197
v -0.386746 0.078897 0.382422
v -0.381086 0.046954 0.452171
v -0.279115 0.113742 0.381367
v -0.197878 0.126954 0.392980
v -0.258574 0.127455 0.348624
v -0.363662 0.094448 0.356428
v -0.300412 0.118318 0.338608
v -0.272954 0.066844 0.536791
v -0.187368 0.099615 0.546970
v -0.248426 0.060059 0.588165
v -0.355268 0.033769 0.500093
v -0.291030 0.040678 0.573886
v 0.038683 0.023098 -0.650732
v -0.043263 0.023413 -0.652911
v 0.031633 0.017896 -0.571432
v -0.034182 0.016412 -0.570738
v 0.065278 0.115708 -0.888366
v -0.066253 0.116038 -0.889871
v 0.070124 0.179573 -0.933390
v -0.072643 0.178462 -0.936827
v 0.106052 0.035814 -0.784961
v 0.072021 0.014567 -0.606580
v 0.142615 -0.005660 -0.743375
v -0.108269 0.032128 -0.785256
v -0.076141 0.014574 -0.607820
v -0.145780 -0.004897 -0.740985
v 0.139446 0.135005 -0.937224
v 0.172799 0.023604 -0.840816
v -0.139041 0.133648 -0.936953
v -0.175510 0.023601 -0.840621
v 0.196790 -0.145440 -0.412498
v 0.166475 -0.050944 -0.438904
v 0.165943 -0.169098 -0.426430
v 0.136926 -0.074583 -0.448746
v 0.283485 -0.054693 -0.348705
v 0.295739 0.001053 -0.435538
v 0.321311 -0.030403 -0.342100
v 0.339325 0.008866 -0.433901
v 0.261063 -0.149011 -0.370990
v 0.201371 -0.207854 -0.415912
v 0.269206 -0.210537 -0.375884
v 0.306981 -0.081047 -0.319896
v 0.295770 -0.177925 -0.349344
v 0.234203 0.003756 -0.485242
v 0.140115 -0.019394 -0.466151
v 0.216236 0.015682 -0.540550
v 0.326633 0.020886 -0.489246
v 0.268174 0.021761 -0.551444
v -0.197250 -0.142959 -0.413353
v -0.169142 -0.047054 -0.439441
v -0.168035 -0.167306 -0.429951
v -0.137203 -0.072854 -0.448635
v -0.283408 -0.053434 -0.352784
v -0.295614 -0.000525 -0.438550
v -0.320704 -0.029094 -0.347438
v -0.340580 0.010499 -0.436699
v -0.258235 -0.145524 -0.370495
v -0.203514 -0.205429 -0.417710
v -0.270057 -0.209482 -0.374848
v -0.305155 -0.081195 -0.323479
v -0.294225 -0.178197 -0.349739
v -0.236171 0.006033 -0.488129
v -0.144047 -0.015570 -0.467019
v -0.219522 0.015886 -0.542588
v -0.327448 0.022333 -0.492875
v -0.268164 0.025377 -0.551286
v 0.350442 0.376074 -0.755980
v 0.366486 0.274403 -0.863856
v 0.322115 0.426257 -0.799298
v 0.321971 0.317600 -0.902518
v 0.406395 0.230738 -0.587075
v 0.397604 0.158104 -0.639315
v 0.416350 0.182518 -0.528571
v 0.407111 0.120356 -0.574411
v 0.369608 0.347142 -0.634287
v 0.331589 0.451801 -0.730960
v 0.352252 0.421777 -0.621413
v 0.404382 0.240207 -0.524372
v 0.365969 0.361711 -0.569361
v 0.378098 0.163564 -0.773796
v 0.338957 0.235911 -0.931769
v 0.356800 0.122377 -0.837541
v 0.391442 0.108359 -0.616194
v 0.357746 0.109619 -0.736714
v -0.352137 0.377958 -0.756342
v -0.367388 0.275199 -0.863005
v -0.319254 0.424997 -0.796442
v -0.322020 0.318347 -0.902533
v -0.402628 0.230184 -0.587412
v -0.397745 0.157918 -0.638790
v -0.414584 0.184104 -0.530870
v -0.407970 0.123042 -0.574095
v -0.369261 0.344747 -0.634175
v -0.332337 0.451909 -0.730565
v -0.353754 0.420268 -0.621426
v -0.402873 0.238543 -0.525870
v -0.365864 0.359951 -0.571202
v -0.377755 0.161508 -0.776851
v -0.339467 0.235348 -0.930717
v -0.358036 0.123420 -0.835926
v -0.391547 0.108765 -0.618704
v -0.356718 0.110980 -0.736352
v 0.534565 0.034228 -0.043368
v 0.528607 0.022906 -0.038337
v 0.525670 0.036695 -0.086057
v 0.514390 0.021526 -0.081081
v 0.541823 0.021347 0.070662
v 0.534226 0.011955 0.076358
v 0.536257 0.022032 0.107495
v 0.528947 0.005683 0.111171
v 0.540352 0.031065 0.015580
v 0.530305 0.044358 -0.066097
v 0.533811 0.041441 -0.003490
v 0.538151 0.028681 0.088804
v 0.531779 0.040473 0.033604
v 0.521282 0.007246 0.026062
v 0.502609 0.007805 -0.055332
v 0.493031 -0.014579 0.011186
v 0.520401 -0.003673 0.097327
v 0.502118 -0.015186 0.048783
v -0.533928 0.033833 -0.044668
v -0.525478 0.022875 -0.039379
v -0.524792 0.038023 -0.089507
v -0.513874 0.022631 -0.083397
v -0.540857 0.024130 0.072514
v -0.533979 0.014827 0.075676
v -0.535884 0.021803 0.107800
v -0.527279 0.005146 0.111479
v -0.541711 0.030893 0.016860
v -0.530043 0.042152 -0.066543
v -0.539219 0.037524 -0.003333
v -0.537804 0.029148 0.090065
v -0.538201 0.035461 0.034332
v -0.521976 0.011132 0.023702
v -0.502417 0.010082 -0.057389
v -0.494075 -0.012037 0.010360
v -0.518777 -0.004208 0.096523
v -0.500463 -0.017270 0.048190
v -0.083239 0.502425 -0.124115
v -0.101486 0.451878 -0.086028
v -0.108748 0.593863 -0.224217
v -0.146258 0.608822 -0.260471
v -0.069881 0.488108 -0.107599
v -0.113309 0.633855 -0.267065
v -0.208239 0.308533 0.032009
v -0.241307 0.287298 0.036819
v -0.235850 0.269130 0.073720
v -0.255558 0.537266 -0.294008
v -0.255626 0.475127 -0.261773
v -0.280616 0.534231 -0.323195
v -0.305790 0.298134 -0.080825
v -0.309356 0.276308 -0.038016
v -0.338740 0.251159 -0.044356
v 0.080118 0.503363 -0.122879
v 0.098345 0.453706 -0.083835
v 0.111092 0.592497 -0.221290
v 0.147354 0.607553 -0.259705
v 0.066967 0.486344 -0.106338
v 0.115374 0.634536 -0.265908
v 0.205571 0.309913 0.032764
v 0.238234 0.289605 0.040398
v 0.230994 0.270405 0.076493
v 0.257190 0.535677 -0.291781
v 0.255410 0.473952 -0.259973
v 0.281671 0.531485 -0.321914
v 0.303917 0.300192 -0.079320
v 0.304189 0.280926 -0.038524
v 0.335678 0.256412 -0.043061
v -0.202067 -0.678507 0.081822
v -0.226515 -0.675767 0.169471
v -0.250228 -0.963818 -0.116556
v -0.315443 -0.964781 -0.191730
v -0.182880 -0.685380 0.188144
v -0.207056 -0.965932 -0.196500
v -0.343986 -0.578968 0.249507
v -0.372522 -0.536133 0.214868
v -0.363012 -0.546182 0.289891
v -0.447068 -0.646731 -0.221357
v -0.445603 -0.567745 -0.181463
v -0.440602 -0.558720 -0.237194
v -0.432120 -0.433827 -0.004935
v -0.426304 -0.434794 0.043913
v -0.434992 -0.375559 0.026351
v 0.196948 -0.679973 0.085538
v 0.225685 -0.676865 0.171212
v 0.250045 -0.960124 -0.112987
v 0.314215 -0.964934 -0.190917
v 0.183142 -0.685079 0.191615
v 0.208315 -0.966940 -0.188943
v 0.344081 -0.580431 0.247409
v 0.373735 -0.536164 0.213655
v 0.364250 -0.548712 0.289042
v 0.447793 -0.646581 -0.222333
v 0.445263 -0.566930 -0.180776
v 0.441592 -0.558892 -0.237692
v 0.433898 -0.434026 -0.005549
v 0.428227 -0.433673 0.044490
v 0.434877 -0.377082 0.026149
v -0.050110 -0.732798 0.753525
v 0.050529 -0.733976 0.753647
v -0.311382 -0.746312 0.843582
v -0.312978 -0.632774 0.836155
v 0.000712 -0.712666 0.700582
v -0.364659 -0.682281 0.804272
v 0.314628 -0.745349 0.842443
v 0.313834 -0.632187 0.834071
v 0.366261 -0.681367 0.804210
v 0.124695 -0.284586 0.896754
v 0.186233 -0.328317 0.875007
v -0.125039 -0.283670 0.898179
v -0.186540 -0.327348 0.872767
v 0.186465 -0.243406 0.878905
v -0.184502 -0.242518 0.876857
v -0.013338 0.190351 0.289195
v 0.014743 0.190194 0.289520
v -0.107281 0.145759 0.366541
v -0.120364 0.136408 0.400591
v 0.001414 0.222683 0.233861
v -0.143177 0.142137 0.364750
v 0.107317 0.147214 0.365346
v 0.123680 0.136118 0.399376
v 0.141969 0.144246 0.363125
v 0.075363 0.129165 0.572749
v 0.104616 0.123563 0.538370
v -0.072967 0.127875 0.573128
v -0.103385 0.122296 0.538906
v 0.116826 0.117047 0.588074
v -0.116567 0.114535 0.585278
v -0.022876 -0.412482 -0.411568
v 0.023771 -0.414353 -0.412905
v -0.131618 -0.301740 -0.432345
v -0.136411 -0.244090 -0.439513
v -0.000213 -0.466061 -0.381820
v -0.171073 -0.289331 -0.427509
v 0.130292 -0.300446 -0.429341
v 0.132083 -0.246208 -0.433589
v 0.167956 -0.289594 -0.420499
v 0.050343 -0.032007 -0.483916
v 0.077075 -0.062570 -0.469434
v -0.053906 -0.031681 -0.490605
v -0.080143 -0.060661 -0.472937
v 0.079310 -0.011189 -0.488723
v -0.084696 -0.009955 -0.492105
v -0.043632 0.801227 -0.715949
v 0.043038 0.800377 -0.716930
v -0.261416 0.630511 -0.775666
v -0.273512 0.549884 -0.798112
v 0.000305 0.829862 -0.667303
v -0.293048 0.579027 -0.743494
v 0.259632 0.630572 -0.775425
v 0.272632 0.551511 -0.799885
v 0.293343 0.579555 -0.743037
v 0.144634 0.284727 -0.967391
v 0.215120 0.324531 -0.965197
v -0.146538 0.283841 -0.964846
v -0.214438 0.322819 -0.965648
v 0.224798 0.242371 -0.992102
v -0.227669 0.242564 -0.991338
v 0.441819 0.148825 -0.368418
v 0.434408 0.146108 -0.421639
v 0.496929 0.073604 -0.188690
v 0.510865 0.051632 -0.158454
v 0.424548 0.193191 -0.415501
v 0.509677 0.068909 -0.139530
v 0.382463 -0.041409 -0.257994
v 0.371564 -0.024792 -0.297804
v 0.455357 -0.013108 -0.155786
v 0.480445 0.008146 -0.141188
v 0.352019 -0.070596 -0.269293
v 0.466281 -0.012429 -0.111545
v 0.411235 0.034045 -0.469401
v 0.418107 0.055403 -0.497464
v 0.397601 0.048178 -0.525670
v 0.443313 0.068626 0.280466
v 0.431915 0.066139 0.321644
v 0.513459 0.040271 0.175007
v 0.526735 0.029392 0.159402
v 0.413725 0.083389 0.299255
v 0.520899 0.040528 0.142138
v 0.445348 -0.149098 0.342367
v 0.439381 -0.149613 0.389078
v 0.487047 -0.053068 0.191977
v 0.508456 -0.018479 0.166447
v 0.433059 -0.199719 0.389515
v 0.493416 -0.045682 0.155373
v 0.420522 -0.038094 0.458361
v 0.419339 0.002819 0.443554
v 0.397002 -0.022988 0.493752
v -0.442235 0.146978 -0.370155
v -0.433917 0.145570 -0.424074
v -0.496300 0.072679 -0.190039
v -0.507262 0.052707 -0.162004
v -0.421980 0.193177 -0.417372
v -0.512089 0.065186 -0.139713
v -0.380579 -0.039289 -0.264030
v -0.370527 -0.024271 -0.301920
v -0.453717 -0.010001 -0.159880
v -0.479163 0.009157 -0.144998
v -0.352247 -0.068110 -0.275979
v -0.464633 -0.008541 -0.116520
v -0.409207 0.034926 -0.471748
v -0.417830 0.057113 -0.499123
v -0.396396 0.049757 -0.527535
v -0.442591 0.066805 0.280239
v -0.431857 0.066531 0.318649
v -0.517615 0.039120 0.175747
v -0.525987 0.028772 0.157921
v -0.413941 0.082299 0.300252
v -0.522093 0.039735 0.139637
v -0.445562 -0.144728 0.340529
v -0.440711 -0.148534 0.388449
v -0.486900 -0.050955 0.190658
v -0.506639 -0.018220 0.166518
v -0.434135 -0.199012 0.389593
v -0.490814 -0.045134 0.155528
v -0.417377 -0.039292 0.456846
v -0.417596 -0.000102 0.442986
v -0.396894 -0.023192 0.494086
v -0.008259 0.453884 -0.070895
v 0.008832 0.453073 -0.070592
v -0.000108 0.397638 -0.009565
v -0.033846 0.768442 -0.370078
v 0.033695 0.769425 -0.369123
v -0.001021 0.817699 -0.442628
v -0.268598 0.167256 0.234904
v -0.251955 0.155509 0.274558
v -0.292610 0.147388 0.268401
v -0.360268 0.531003 -0.485183
v -0.354334 0.519485 -0.546692
v -0.331330 0.446111 -0.501346
v -0.466175 0.112092 0.001382
v -0.491352 0.087477 -0.012834
v -0.493102 0.082343 0.027334
v 0.263017 0.171020 0.229970
v 0.250136 0.158286 0.271375
v 0.289121 0.148384 0.264831
v 0.361804 0.532531 -0.488398
v 0.354794 0.519073 -0.547319
v 0.334910 0.444908 -0.500370
v 0.465534 0.116372 0.002036
v 0.488882 0.091319 -0.014003
v 0.492333 0.083048 0.027394
v -0.030400 -0.719909 0.402792
v 0.035250 -0.723879 0.399621
v 0.001565 -0.749483 0.477883
v -0.043445 -0.621852 -0.205912
v 0.047498 -0.623349 -0.204569
v 0.001418 -0.607753 -0.239067
v -0.394061 -0.500635 0.483226
v -0.395834 -0.515497 0.549259
v -0.406315 -0.443844 0.489075
v -0.362252 -0.344039 -0.327557
v -0.320708 -0.310464 -0.352335
v -0.344782 -0.272860 -0.328657
v -0.441447 -0.148188 0.038404
v -0.448228 -0.090864 0.019827
v -0.453689 -0.098099 0.057583
v 0.395480 -0.499488 0.481321
v 0.397029 -0.517636 0.549457
v 0.405871 -0.443170 0.488528
v 0.364364 -0.343115 -0.328096
v 0.323179 -0.310229 -0.354438
v 0.346538 -0.272363 -0.329127
v 0.440424 -0.145980 0.040171
v 0.447719 -0.091732 0.019778
v 0.454626 -0.097332 0.057557
v 0.260108 -0.030368 0.736989
v 0.240992 0.016548 0.689806
v 0.286707 -0.013294 0.674200
v -0.259781 -0.029387 0.736655
v -0.239958 0.016946 0.690648
v -0.285791 -0.012555 0.673152
v 0.231142 0.027640 -0.687060
v 0.269955 0.048832 -0.773820
v 0.286385 0.048716 -0.690542
v -0.234235 0.025856 -0.690590
v -0.270258 0.049619 -0.776148
v -0.285071 0.049692 -0.692615
f 1 647 644
f 1 644 643
f 1 643 645
f 1 645 646
f 1 646 647
f 2 649 652
f 6 672 670
f 12 702 699
f 11 696 695
f 8 679 681
f 4 662 659
f 4 659 658
f 4 658 660
f 4 660 661
f 4 661 662
f 5 666 665
f 3 654 657
f 7 673 677
f 9 685 686
f 10 692 688
f 12 701 698
f 6 669 668
f 2 650 648
f 8 682 678
f 11 697 693
f 6 671 669
f 12 700 701
f 11 694 697
f 8 680 682
f 2 651 650
f 10 690 689
f 5 663 664
f 3 655 653
f 7 676 674
f 9 687 684
f 10 691 690
f 5 667 663
f 3 656 655
f 7 675 676
f 9 683 687
f 6 668 672
f 2 648 649
f 8 678 679
f 11 693 696
f 12 698 702
f 10 688 691
f 5 665 667
f 3 657 656
f 7 677 675
f 9 686 683
f 5 664 666
f 3 653 654
f 7 674 673
f 9 684 685
f 10 689 692
f 6 670 671
f 12 699 700
f 11 695 694
f 8 681 680
f 2 652 651
f 35 837 838
f 18 735 736
f 19 742 741
f 40 868 867
f 42 880 879
f 34 832 831
f 33 827 828
f 25 778 780
f 36 844 846
f 20 749 747
f 32 819 820
f 23 765 767
f 24 773 771
f 37 850 849
f 41 876 875
f 34 833 834
f 33 826 825
f 25 779 777
f 36 845 843
f 20 748 750
f 17 729 727
f 14 711 709
f 13 706 703
f 15 718 715
f 16 724 721
f 18 737 733
f 35 839 835
f 42 882 878
f 40 870 866
f 19 744 740
f 30 807 805
f 27 789 787
f 22 762 758
f 28 797 793
f 29 802 799
f 32 821 817
f 23 766 763
f 24 774 770
f 37 852 848
f 41 874 872
f 35 838 836
f 18 736 734
f 19 741 739
f 40 867 865
f 42 879 877
f 34 831 829
f 33 828 824
f 25 780 776
f 36 846 842
f 20 747 745
f 32 820 818
f 23 767 764
f 24 771 769
f 37 849 847
f 41 875 871
f 34 834 830
f 33 825 823
f 25 777 775
f 36 843 841
f 20 750 746
f 14 714 710
f 13 707 704
f 15 719 716
f 16 725 722
f 17 732 728
f 21 755 752
f 31 814 811
f 26 784 781
f 38 857 853
f 39 862 860
f 27 792 788
f 22 759 757
f 28 796 794
f 29 803 800
f 30 810 806
f 31 815 812
f 26 785 782
f 38 856 854
f 39 863 859
f 21 754 751
f 14 712 714
f 13 705 707
f 15 717 719
f 16 723 725
f 17 730 732
f 21 753 755
f 31 816 814
f 26 786 784
f 38 858 857
f 39 861 862
f 27 791 792
f 22 761 759
f 28 795 796
f 29 801 803
f 30 808 810
f 31 813 815
f 26 783 785
f 38 855 856
f 39 864 863
f 21 756 754
f 14 709 712
f 13 703 705
f 15 715 717
f 16 721 723
f 17 727 730
f 21 751 753
f 31 812 816
f 26 782 786
f 38 854 858
f 39 859 861
f 27 787 791
f 22 758 761
f 28 793 795
f 29 799 801
f 30 805 808
f 31 811 813
f 26 781 783
f 38 853 855
f 39 860 864
f 21 752 756
f 17 728 731
f 14 710 713
f 13 704 708
f 15 716 720
f 16 722 726
f 18 734 738
f 35 836 840
f 42 877 881
f 40 865 869
f 19 739 743
f 30 806 809
f 27 788 790
f 22 757 760
f 28 794 798
f 29 800 804
f 32 818 822
f 23 764 768
f 24 769 772
f 37 847 851
f 41 871 873
f 35 835 837
f 18 733 735
f 19 740 742
f 40 866 868
f 42 878 880
f 34 830 832
f 33 823 827
f 25 775 778
f 36 841 844
f 20 746 749
f 32 817 819
f 23 763 765
f 24 770 773
f 37 848 850
f 41 872 876
f 34 829 833
f 33 824 826
f 25 776 779
f 36 842 845
f 20 745 748
f 17 731 729
f 14 713 711
f 13 708 706
f 15 720 718
f 16 726 724
f 18 738 737
f 35 840 839
f 42 881 882
f 40 869 870
f 19 743 744
f 30 809 807
f 27 790 789
f 22 760 762
f 28 798 797
f 29 804 802
f 32 822 821
f 23 768 766
f 24 772 774
f 37 851 852
f 41 873 874
f 107 1269 1270
f 103 1245 1246
f 104 1252 1251
f 110 1288 1287
f 113 1306 1305
f 118 1336 1335
f 154 1551 1552
f 141 1473 1474
f 162 1599 1600
f 121 1354 1353
f 142 1479 1480
f 129 1401 1402
f 130 1408 1407
f 144 1492 1491
f 146 1504 1503
f 151 1533 1534
f 131 1414 1413
f 136 1444 1443
f 161 1594 1593
f 126 1383 1384
f 116 1323 1324
f 108 1275 1276
f 106 1263 1264
f 112 1299 1300
f 115 1317 1318
f 119 1341 1342
f 156 1564 1563
f 139 1462 1461
f 160 1588 1587
f 120 1347 1348
f 149 1521 1522
f 132 1420 1419
f 128 1395 1396
f 145 1497 1498
f 148 1515 1516
f 155 1557 1558
f 133 1425 1426
f 134 1431 1432
f 157 1570 1569
f 124 1372 1371
f 109 1282 1281
f 105 1258 1257
f 111 1294 1293
f 114 1312 1311
f 117 1330 1329
f 125 1378 1377
f 152 1540 1539
f 137 1449 1450
f 158 1575 1576
f 123 1365 1366
f 143 1486 1485
f 127 1390 1389
f 135 1437 1438
f 147 1510 1509
f 150 1528 1527
f 153 1546 1545
f 140 1468 1467
f 138 1455 1456
f 159 1581 1582
f 122 1359 1360
f 107 1272 1271
f 103 1248 1247
f 104 1253 1254
f 110 1289 1290
f 113 1307 1308
f 118 1337 1338
f 154 1554 1553
f 141 1476 1475
f 162 1602 1601
f 121 1355 1356
f 142 1482 1481
f 129 1404 1403
f 130 1409 1410
f 144 1493 1494
f 146 1505 1506
f 151 1536 1535
f 131 1415 1416
f 136 1445 1446
f 161 1595 1596
f 126 1386 1385
f 47 909 907
f 44 891 889
f 43 886 883
f 45 898 895
f 46 904 901
f 49 922 919
f 72 1060 1057
f 102 1240 1237
f 96 1204 1201
f 79 1102 1099
f 62 999 997
f 59 981 979
f 58 976 973
f 60 988 985
f 61 994 991
f 66 1024 1021
f 54 952 949
f 73 1066 1063
f 85 1138 1135
f 92 1179 1177
f 101 1233 1231
f 69 1041 1039
f 50 927 925
f 82 1119 1117
f 97 1209 1207
f 71 1053 1051
f 100 1228 1225
f 94 1192 1189
f 80 1108 1105
f 51 933 931
f 90 1167 1165
f 63 1005 1003
f 55 957 955
f 76 1083 1081
f 87 1150 1147
f 91 1174 1171
f 67 1029 1027
f 56 963 961
f 75 1077 1075
f 83 1126 1123
f 68 1036 1033
f 48 915 913
f 78 1095 1093
f 93 1185 1183
f 98 1216 1213
f 88 1155 1153
f 65 1018 1015
f 57 970 967
f 77 1090 1087
f 86 1143 1141
f 64 1012 1009
f 53 945 943
f 74 1071 1069
f 84 1131 1129
f 89 1162 1159
f 70 1047 1045
f 99 1221 1219
f 95 1197 1195
f 81 1114 1111
f 52 940 937
f 109 1284 1280
f 105 1260 1256
f 111 1296 1292
f 114 1314 1310
f 117 1332 1328
f 125 1380 1376
f 152 1542 1538
f 137 1451 1447
f 158 1577 1573
f 123 1367 1363
f 143 1488 1484
f 127 1392 1388
f 135 1439 1435
f 147 1512 1508
f 150 1530 1526
f 153 1548 1544
f 140 1470 1466
f 138 1457 1453
f 159 1583 1579
f 122 1361 1357
f 107 1270 1268
f 103 1246 1244
f 104 1251 1249
f 110 1287 1285
f 113 1305 1303
f 118 1335 1333
f 154 1552 1550
f 141 1474 1472
f 162 1600 1598
f 121 1353 1351
f 142 1480 1478
f 129 1402 1400
f 130 1407 1405
f 144 1491 1489
f 146 1503 1501
f 151 1534 1532
f 131 1413 1411
f 136 1443 1441
f 161 1593 1591
f 126 1384 1382
f 116 1324 1322
f 108 1276 1274
f 106 1264 1262
f 112 1300 1298
f 115 1318 1316
f 119 1342 1340
f 156 1563 1561
f 139 1461 1459
f 160 1587 1585
f 120 1348 1346
f 149 1522 1520
f 132 1419 1417
f 128 1396 1394
f 145 1498 1496
f 148 1516 1514
f 155 1558 1556
f 133 1426 1424
f 134 1432 1430
f 157 1569 1567
f 124 1371 1369
f 109 1281 1279
f 105 1257 1255
f 111 1293 1291
f 114 1311 1309
f 117 1329 1327
f 125 1377 1375
f 152 1539 1537
f 137 1450 1448
f 158 1576 1574
f 123 1366 1364
f 143 1485 1483
f 127 1389 1387
f 135 1438 1436
f 147 1509 1507
f 150 1527 1525
f 153 1545 1543
f 140 1467 1465
f 138 1456 1454
f 159 1582 1580
f 122 1360 1358
f 107 1271 1267
f 103 1247 1243
f 104 1254 1250
f 110 1290 1286
f 113 1308 1304
f 118 1338 1334
f 154 1553 1549
f 141 1475 1471
f 162 1601 1597
f 121 1356 1352
f 142 1481 1477
f 129 1403 1399
f 130 1410 1406
f 144 1494 1490
f 146 1506 1502
f 151 1535 1531
f 131 1416 1412
f 136 1446 1442
f 161 1596 1592
f 126 1385 1381
f 44 894 890
f 43 887 884
f 45 899 896
f 46 905 902
f 47 912 908
f 52 941 938
f 70 1050 1046
f 99 1224 1220
f 95 1200 1196
f 81 1115 1112
f 59 984 980
f 58 977 974
f 60 989 986
f 61 995 992
f 62 1002 998
f 65 1019 1016
f 57 971 968
f 77 1091 1088
f 86 1146 1142
f 88 1158 1154
f 98 1217 1214
f 68 1037 1034
f 48 918 914
f 78 1098 1094
f 93 1188 1184
f 69 1044 1040
f 101 1236 1232
f 97 1212 1208
f 82 1122 1118
f 50 930 926
f 89 1163 1160
f 64 1013 1010
f 53 948 944
f 74 1074 1070
f 84 1134 1130
f 90 1170 1166
f 63 1008 1004
f 55 960 956
f 76 1086 1082
f 87 1151 1148
f 72 1061 1058
f 49 923 920
f 79 1103 1100
f 96 1205 1202
f 102 1241 1238
f 91 1175 1172
f 67 1032 1028
f 56 966 962
f 75 1080 1076
f 83 1127 1124
f 66 1025 1022
f 54 953 950
f 73 1067 1064
f 85 1139 1136
f 92 1182 1178
f 71 1056 1052
f 100 1229 1226
f 94 1193 1190
f 80 1109 1106
f 51 936 932
f 116 1325 1321
f 108 1277 1273
f 106 1265 1261
f 112 1301 1297
f 115 1319 1315
f 119 1343 1339
f 156 1566 1562
f 139 1464 1460
f 160 1590 1586
f 120 1349 1345
f 149 1523 1519
f 132 1422 1418
f 128 1397 1393
f 145 1499 1495
f 148 1517 1513
f 155 1559 1555
f 133 1427 1423
f 134 1433 1429
f 157 1572 1568
f 124 1374 1370
f 44 892 894
f 43 885 887
f 45 897 899
f 46 903 905
f 47 910 912
f 52 939 941
f 70 1048 1050
f 99 1222 1224
f 95 1198 1200
f 81 1113 1115
f 59 982 984
f 58 975 977
f 60 987 989
f 61 993 995
f 62 1000 1002
f 65 1017 1019
f 57 969 971
f 77 1089 1091
f 86 1144 1146
f 88 1156 1158
f 98 1215 1217
f 68 1035 1037
f 48 916 918
f 78 1096 1098
f 93 1186 1188
f 69 1042 1044
f 101 1234 1236
f 97 1210 1212
f 82 1120 1122
f 50 928 930
f 89 1161 1163
f 64 1011 1013
f 53 946 948
f 74 1072 1074
f 84 1132 1134
f 90 1168 1170
f 63 1006 1008
f 55 958 960
f 76 1084 1086
f 87 1149 1151
f 72 1059 1061
f 49 921 923
f 79 1101 1103
f 96 1203 1205
f 102 1239 1241
f 91 1173 1175
f 67 1030 1032
f 56 964 966
f 75 1078 1080
f 83 1125 1127
f 66 1023 1025
f 54 951 953
f 73 1065 1067
f 85 1137 1139
f 92 1180 1182
f 71 1054 1056
f 100 1227 1229
f 94 1191 1193
f 80 1107 1109
f 51 934 936
f 116 1326 1325
f 108 1278 1277
f 106 1266 1265
f 112 1302 1301
f 115 1320 1319
f 119 1344 1343
f 156 1565 1566
f 139 1463 1464
f 160 1589 1590
f 120 1350 1349
f 149 1524 1523
f 132 1421 1422
f 128 1398 1397
f 145 1500 1499
f 148 1518 1517
f 155 1560 1559
f 133 1428 1427
f 134 1434 1433
f 157 1571 1572
f 124 1373 1374
f 44 889 892
f 43 883 885
f 45 895 897
f 46 901 903
f 47 907 910
f 52 937 939
f 70 1045 1048
f 99 1219 1222
f 95 1195 1198
f 81 1111 1113
f 59 979 982
f 58 973 975
f 60 985 987
f 61 991 993
f 62 997 1000
f 65 1015 1017
f 57 967 969
f 77 1087 1089
f 86 1141 1144
f 88 1153 1156
f 98 1213 1215
f 68 1033 1035
f 48 913 916
f 78 1093 1096
f 93 1183 1186
f 69 1039 1042
f 101 1231 1234
f 97 1207 1210
f 82 1117 1120
f 50 925 928
f 89 1159 1161
f 64 1009 1011
f 53 943 946
f 74 1069 1072
f 84 1129 1132
f 90 1165 1168
f 63 1003 1006
f 55 955 958
f 76 1081 1084
f 87 1147 1149
f 72 1057 1059
f 49 919 921
f 79 1099 1101
f 96 1201 1203
f 102 1237 1239
f 91 1171 1173
f 67 1027 1030
f 56 961 964
f 75 1075 1078
f 83 1123 1125
f 66 1021 1023
f 54 949 951
f 73 1063 1065
f 85 1135 1137
f 92 1177 1180
f 71 1051 1054
f 100 1225 1227
f 94 1189 1191
f 80 1105 1107
f 51 931 934
f 116 1322 1326
f 108 1274 1278
f 106 1262 1266
f 112 1298 1302
f 115 1316 1320
f 119 1340 1344
f 156 1561 1565
f 139 1459 1463
f 160 1585 1589
f 120 1346 1350
f 149 1520 1524
f 132 1417 1421
f 128 1394 1398
f 145 1496 1500
f 148 1514 1518
f 155 1556 1560
f 133 1424 1428
f 134 1430 1434
f 157 1567 1571
f 124 1369 1373
f 47 908 911
f 44 890 893
f 43 884 888
f 45 896 900
f 46 902 906
f 49 920 924
f 72 1058 1062
f 102 1238 1242
f 96 1202 1206
f 79 1100 1104
f 62 998 1001
f 59 980 983
f 58 974 978
f 60 986 990
f 61 992 996
f 66 1022 1026
f 54 950 954
f 73 1064 1068
f 85 1136 1140
f 92 1178 1181
f 101 1232 1235
f 69 1040 1043
f 50 926 929
f 82 1118 1121
f 97 1208 1211
f 71 1052 1055
f 100 1226 1230
f 94 1190 1194
f 80 1106 1110
f 51 932 935
f 90 1166 1169
f 63 1004 1007
f 55 956 959
f 76 1082 1085
f 87 1148 1152
f 91 1172 1176
f 67 1028 1031
f 56 962 965
f 75 1076 1079
f 83 1124 1128
f 68 1034 1038
f 48 914 917
f 78 1094 1097
f 93 1184 1187
f 98 1214 1218
f 88 1154 1157
f 65 1016 1020
f 57 968 972
f 77 1088 1092
f 86 1142 1145
f 64 1010 1014
f 53 944 947
f 74 1070 1073
f 84 1130 1133
f 89 1160 1164
f 70 1046 1049
f 99 1220 1223
f 95 1196 1199
f 81 1112 1116
f 52 938 942
f 109 1279 1283
f 105 1255 1259
f 111 1291 1295
f 114 1309 1313
f 117 1327 1331
f 125 1375 1379
f 152 1537 1541
f 137 1448 1452
f 158 1574 1578
f 123 1364 1368
f 143 1483 1487
f 127 1387 1391
f 135 1436 1440
f 147 1507 1511
f 150 1525 1529
f 153 1543 1547
f 140 1465 1469
f 138 1454 1458
f 159 1580 1584
f 122 1358 1362
f 107 1267 1269
f 103 1243 1245
f 104 1250 1252
f 110 1286 1288
f 113 1304 1306
f 118 1334 1336
f 154 1549 1551
f 141 1471 1473
f 162 1597 1599
f 121 1352 1354
f 142 1477 1479
f 129 1399 1401
f 130 1406 1408
f 144 1490 1492
f 146 1502 1504
f 151 1531 1533
f 131 1412 1414
f 136 1442 1444
f 161 1592 1594
f 126 1381 1383
f 116 1321 1323
f 108 1273 1275
f 106 1261 1263
f 112 1297 1299
f 115 1315 1317
f 119 1339 1341
f 156 1562 1564
f 139 1460 1462
f 160 1586 1588
f 120 1345 1347
f 149 1519 1521
f 132 1418 1420
f 128 1393 1395
f 145 1495 1497
f 148 1513 1515
f 155 1555 1557
f 133 1423 1425
f 134 1429 1431
f 157 1568 1570
f 124 1370 1372
f 109 1280 1282
f 105 1256 1258
f 111 1292 1294
f 114 1310 1312
f 117 1328 1330
f 125 1376 1378
f 152 1538 1540
f 137 1447 1449
f 158 1573 1575
f 123 1363 1365
f 143 1484 1486
f 127 1388 1390
f 135 1435 1437
f 147 1508 1510
f 150 1526 1528
f 153 1544 1546
f 140 1466 1468
f 138 1453 1455
f 159 1579 1581
f 122 1357 1359
f 107 1268 1272
f 103 1244 1248
f 104 1249 1253
f 110 1285 1289
f 113 1303 1307
f 118 1333 1337
f 154 1550 1554
f 141 1472 1476
f 162 1598 1602
f 121 1351 1355
f 142 1478 1482
f 129 1400 1404
f 130 1405 1409
f 144 1489 1493
f 146 1501 1505
f 151 1532 1536
f 131 1411 1415
f 136 1441 1445
f 161 1591 1595
f 126 1382 1386
f 47 911 909
f 44 893 891
f 43 888 886
f 45 900 898
f 46 906 904
f 49 924 922
f 72 1062 1060
f 102 1242 1240
f 96 1206 1204
f 79 1104 1102
f 62 1001 999
f 59 983 981
f 58 978 976
f 60 990 988
f 61 996 994
f 66 1026 1024
f 54 954 952
f 73 1068 1066
f 85 1140 1138
f 92 1181 1179
f 101 1235 1233
f 69 1043 1041
f 50 929 927
f 82 1121 1119
f 97 1211 1209
f 71 1055 1053
f 100 1230 1228
f 94 1194 1192
f 80 1110 1108
f 51 935 933
f 90 1169 1167
f 63 1007 1005
f 55 959 957
f 76 1085 1083
f 87 1152 1150
f 91 1176 1174
f 67 1031 1029
f 56 965 963
f 75 1079 1077
f 83 1128 1126
f 68 1038 1036
f 48 917 915
f 78 1097 1095
f 93 1187 1185
f 98 1218 1216
f 88 1157 1155
f 65 1020 1018
f 57 972 970
f 77 1092 1090
f 86 1145 1143
f 64 1014 1012
f 53 947 945
f 74 1073 1071
f 84 1133 1131
f 89 1164 1162
f 70 1049 1047
f 99 1223 1221
f 95 1199 1197
f 81 1116 1114
f 52 942 940
f 109 1283 1284
f 105 1259 1260
f 111 1295 1296
f 114 1313 1314
f 117 1331 1332
f 125 1379 1380
f 152 1541 1542
f 137 1452 1451
f 158 1578 1577
f 123 1368 1367
f 143 1487 1488
f 127 1391 1392
f 135 1440 1439
f 147 1511 1512
f 150 1529 1530
f 153 1547 1548
f 140 1469 1470
f 138 1458 1457
f 159 1584 1583
f 122 1362 1361
f 407 1609 1616
f 403 1605 1608
f 404 1611 1606
f 410 1614 1612
f 413 1617 1615
f 422 1631 1624
f 486 1688 1692
f 573 1775 1782
f 561 1763 1765
f 512 1719 1714
f 452 1654 1661
f 448 1650 1653
f 449 1656 1651
f 455 1659 1657
f 458 1662 1660
f 470 1672 1675
f 437 1646 1639
f 494 1706 1696
f 531 1735 1733
f 539 1741 1751
f 568 1770 1779
f 478 1680 1683
f 419 1621 1626
f 509 1711 1721
f 554 1756 1766
f 482 1684 1689
f 576 1780 1778
f 558 1767 1760
f 516 1722 1718
f 425 1627 1629
f 542 1744 1747
f 463 1668 1665
f 434 1636 1641
f 497 1699 1704
f 528 1730 1737
f 546 1748 1750
f 464 1666 1676
f 440 1642 1644
f 500 1705 1702
f 524 1736 1726
f 479 1691 1681
f 418 1623 1620
f 508 1713 1710
f 553 1764 1755
f 569 1781 1771
f 538 1749 1740
f 471 1677 1673
f 443 1645 1647
f 501 1703 1707
f 523 1725 1734
f 467 1674 1669
f 433 1638 1635
f 493 1695 1698
f 527 1732 1729
f 543 1752 1745
f 485 1690 1687
f 572 1777 1774
f 557 1759 1762
f 515 1717 1720
f 428 1630 1632
f 591 2191 2189
f 587 1885 1883
f 588 1901 1903
f 594 2279 2281
f 597 2315 2317
f 600 2171 2173
f 634 2160 2158
f 619 2016 2012
f 639 2214 2210
f 602 1919 1924
f 624 2137 2135
f 608 1978 1973
f 610 1991 1996
f 627 2225 2227
f 630 2302 2304
f 635 2178 2176
f 615 2153 2155
f 617 2009 2014
f 637 2207 2212
f 604 1926 1922
f 416 1857 1864
f 408 1803 1810
f 406 1786 1795
f 412 1822 1831
f 415 1840 1849
f 424 1876 1887
f 492 2182 2193
f 582 2312 2321
f 565 2276 2285
f 514 1898 1907
f 461 2091 2098
f 453 2037 2044
f 451 1952 1961
f 457 2056 2067
f 460 2074 2083
f 475 2128 2139
f 439 1966 1975
f 496 1988 1997
f 533 2222 2231
f 551 2293 2298
f 579 2185 2190
f 483 1879 1884
f 426 1893 1900
f 521 2271 2278
f 566 2307 2314
f 489 2163 2170
f 578 2150 2159
f 560 2006 2015
f 518 2204 2213
f 429 1911 1918
f 547 2131 2136
f 465 1969 1977
f 441 1983 1990
f 504 2217 2224
f 537 2290 2301
f 550 2168 2177
f 476 2145 2152
f 444 2001 2008
f 502 2199 2206
f 526 1916 1925
f 481 1808 1817
f 420 1789 1797
f 510 1825 1833
f 555 1843 1851
f 571 1862 1871
f 540 1933 1941
f 473 2110 2119
f 447 2020 2029
f 507 2236 2247
f 534 2257 2262
f 469 2042 2051
f 435 1947 1954
f 498 2059 2064
f 529 2077 2085
f 545 2096 2105
f 487 2113 2121
f 574 2023 2031
f 562 2239 2244
f 520 2254 2265
f 432 1930 1939
f 589 1818 1814
f 583 1798 1793
f 586 1834 1829
f 593 1852 1847
f 596 1872 1868
f 599 1942 1937
f 633 2120 2124
f 620 2030 2034
f 640 2248 2250
f 603 2263 2261
f 622 2052 2050
f 607 1955 1960
f 612 2065 2063
f 626 2086 2081
f 629 2106 2102
f 631 2122 2117
f 614 2032 2027
f 618 2245 2243
f 641 2266 2268
f 605 1940 1944
f 409 1813 1804
f 405 1792 1785
f 411 1828 1821
f 414 1846 1839
f 417 1867 1858
f 431 1936 1929
f 488 2123 2114
f 575 2033 2024
f 563 2249 2240
f 519 2260 2253
f 454 2049 2038
f 450 1959 1951
f 456 2062 2055
f 459 2080 2073
f 462 2101 2092
f 472 2116 2109
f 446 2026 2019
f 506 2242 2235
f 535 2267 2258
f 541 1943 1934
f 570 1869 1861
f 480 1815 1807
f 421 1799 1790
f 511 1835 1826
f 556 1853 1844
f 484 1889 1880
f 580 2195 2186
f 567 2319 2308
f 522 2283 2272
f 427 1905 1894
f 544 2103 2095
f 468 2046 2041
f 436 1957 1948
f 499 2069 2060
f 530 2087 2078
f 548 2141 2132
f 466 1979 1970
f 442 1993 1984
f 505 2229 2218
f 536 2296 2289
f 491 2188 2181
f 423 1882 1875
f 513 1902 1897
f 564 2280 2275
f 581 2316 2311
f 549 2172 2167
f 477 2157 2146
f 445 2011 2002
f 503 2209 2200
f 525 1923 1915
f 474 2134 2127
f 438 1972 1965
f 495 1995 1987
f 532 2226 2221
f 552 2303 2294
f 490 2175 2164
f 577 2154 2149
f 559 2013 2005
f 517 2211 2203
f 430 1921 1912
f 590 1865 1870
f 584 1811 1816
f 585 1796 1800
f 592 1832 1836
f 595 1850 1854
f 598 1888 1890
f 636 2194 2196
f 621 2322 2320
f 642 2286 2284
f 601 1908 1906
f 623 2099 2104
f 611 2045 2047
f 609 1962 1958
f 625 2068 2070
f 628 2084 2088
f 632 2140 2142
f 613 1976 1980
f 616 1998 1994
f 638 2232 2230
f 606 2299 2297
f 407 2330 2329
f 403 2324 2323
f 404 2325 2326
f 410 2332 2333
f 413 2335 2336
f 422 2344 2345
f 486 2410 2409
f 573 2497 2496
f 561 2486 2485
f 512 2434 2435
f 452 2375 2374
f 448 2369 2368
f 449 2370 2371
f 455 2377 2378
f 458 2380 2381
f 470 2393 2392
f 437 2359 2360
f 494 2415 2416
f 531 2455 2456
f 539 2461 2460
f 568 2489 2488
f 478 2399 2398
f 419 2341 2340
f 509 2431 2430
f 554 2476 2475
f 482 2405 2404
f 576 2500 2501
f 558 2481 2482
f 516 2439 2440
f 425 2348 2347
f 542 2465 2464
f 463 2383 2384
f 434 2356 2355
f 497 2420 2419
f 528 2452 2451
f 546 2471 2470
f 464 2386 2385
f 440 2363 2362
f 500 2422 2423
f 524 2445 2446
f 479 2400 2401
f 418 2338 2339
f 508 2428 2429
f 553 2473 2474
f 569 2490 2491
f 538 2458 2459
f 471 2394 2395
f 443 2366 2365
f 501 2425 2424
f 523 2444 2443
f 467 2389 2390
f 433 2353 2354
f 493 2414 2413
f 527 2449 2450
f 543 2466 2467
f 485 2407 2408
f 572 2494 2495
f 557 2480 2479
f 515 2438 2437
f 428 2351 2350
f 591 2510 2511
f 587 2504 2505
f 588 2508 2507
f 594 2514 2513
f 597 2517 2516
f 600 2520 2519
f 634 2554 2556
f 619 2539 2540
f 639 2560 2561
f 602 2523 2521
f 624 2543 2544
f 608 2527 2529
f 610 2532 2530
f 627 2547 2546
f 630 2550 2549
f 635 2552 2553
f 615 2535 2534
f 617 2538 2536
f 637 2558 2557
f 604 2524 2525
f 167 1607 647
f 164 1603 644
f 163 1604 643
f 165 1610 645
f 166 1613 646
f 169 1622 649
f 192 1686 672
f 222 1773 702
f 216 1761 696
f 199 1712 679
f 182 1652 662
f 179 1648 659
f 178 1649 658
f 180 1655 660
f 181 1658 661
f 186 1670 666
f 174 1637 654
f 193 1694 673
f 205 1731 685
f 212 1739 692
f 221 1768 701
f 189 1678 669
f 170 1619 650
f 202 1709 682
f 217 1754 697
f 191 1682 671
f 220 1776 700
f 214 1758 694
f 200 1716 680
f 171 1625 651
f 210 1742 690
f 183 1663 663
f 175 1634 655
f 196 1697 676
f 207 1728 687
f 211 1746 691
f 187 1664 667
f 176 1640 656
f 195 1700 675
f 203 1724 683
f 188 1679 668
f 168 1618 648
f 198 1708 678
f 213 1753 693
f 218 1769 698
f 208 1738 688
f 185 1671 665
f 177 1643 657
f 197 1701 677
f 206 1723 686
f 184 1667 664
f 173 1633 653
f 194 1693 674
f 204 1727 684
f 209 1743 689
f 190 1685 670
f 219 1772 699
f 215 1757 695
f 201 1715 681
f 172 1628 652
f 357 2187 837
f 255 1881 735
f 262 1899 742
f 388 2277 868
f 400 2313 880
f 352 2169 832
f 347 2156 827
f 298 2010 778
f 364 2208 844
f 269 1917 749
f 339 2133 819
f 285 1971 765
f 293 1989 773
f 370 2223 850
f 396 2300 876
f 353 2174 833
f 346 2151 826
f 299 2007 779
f 365 2205 845
f 268 1920 748
f 249 1855 729
f 231 1801 711
f 226 1784 706
f 238 1820 718
f 244 1838 724
f 257 1874 737
f 359 2180 839
f 402 2310 882
f 390 2274 870
f 264 1896 744
f 327 2089 807
f 309 2035 789
f 282 1950 762
f 317 2054 797
f 322 2072 802
f 341 2126 821
f 286 1964 766
f 294 1986 774
f 372 2220 852
f 394 2291 874
f 358 2183 838
f 256 1877 736
f 261 1891 741
f 387 2269 867
f 399 2305 879
f 351 2161 831
f 348 2148 828
f 300 2004 780
f 366 2202 846
f 267 1909 747
f 340 2129 820
f 287 1967 767
f 291 1981 771
f 369 2215 849
f 395 2288 875
f 354 2166 834
f 345 2143 825
f 297 1999 777
f 363 2197 843
f 270 1914 750
f 234 1806 714
f 227 1787 707
f 239 1823 719
f 245 1841 725
f 252 1860 732
f 275 1931 755
f 334 2108 814
f 304 2018 784
f 377 2234 857
f 382 2255 862
f 312 2040 792
f 279 1945 759
f 316 2057 796
f 323 2075 803
f 330 2094 810
f 335 2111 815
f 305 2021 785
f 376 2237 856
f 383 2252 863
f 274 1928 754
f 232 1812 712
f 225 1791 705
f 237 1827 717
f 243 1845 723
f 250 1866 730
f 273 1935 753
f 336 2118 816
f 306 2028 786
f 378 2246 858
f 381 2259 861
f 311 2048 791
f 281 1953 761
f 315 2061 795
f 321 2079 801
f 328 2100 808
f 333 2115 813
f 303 2025 783
f 375 2241 855
f 384 2264 864
f 276 1938 756
f 229 1802 709
f 223 1783 703
f 235 1819 715
f 241 1837 721
f 247 1856 727
f 271 1927 751
f 332 2112 812
f 302 2022 782
f 374 2238 854
f 379 2251 859
f 307 2036 787
f 278 1949 758
f 313 2053 793
f 319 2071 799
f 325 2090 805
f 331 2107 811
f 301 2017 781
f 373 2233 853
f 380 2256 860
f 272 1932 752
f 248 1859 728
f 230 1805 710
f 224 1788 704
f 236 1824 716
f 242 1842 722
f 254 1878 734
f 356 2184 836
f 397 2306 877
f 385 2270 865
f 259 1892 739
f 326 2093 806
f 308 2039 788
f 277 1946 757
f 314 2058 794
f 320 2076 800
f 338 2130 818
f 284 1968 764
f 289 1982 769
f 367 2216 847
f 391 2287 871
f 355 2179 835
f 253 1873 733
f 260 1895 740
f 386 2273 866
f 398 2309 878
f 350 2165 830
f 343 2144 823
f 295 2000 775
f 361 2198 841
f 266 1913 746
f 337 2125 817
f 283 1963 763
f 290 1985 770
f 368 2219 848
f 392 2292 872
f 349 2162 829
f 344 2147 824
f 296 2003 776
f 362 2201 842
f 265 1910 745
f 251 1863 731
f 233 1809 713
f 228 1794 708
f 240 1830 720
f 246 1848 726
f 258 1886 738
f 360 2192 840
f 401 2318 881
f 389 2282 869
f 263 1904 743
f 329 2097 809
f 310 2043 790
f 280 1956 760
f 318 2066 798
f 324 2082 804
f 342 2138 822
f 288 1974 768
f 292 1992 772
f 371 2228 851
f 393 2295 873
f 409 2331 1269
f 405 2327 1245
f 411 2328 1252
f 414 2334 1288
f 417 2337 1306
f 431 2346 1336
f 488 2412 1551
f 575 2499 1473
f 563 2487 1599
f 519 2436 1354
f 454 2376 1479
f 450 2372 1401
f 456 2373 1408
f 459 2379 1492
f 462 2382 1504
f 472 2396 1533
f 446 2361 1414
f 506 2418 1444
f 535 2457 1594
f 541 2463 1383
f 570 2492 1323
f 480 2402 1275
f 421 2343 1263
f 511 2433 1299
f 556 2478 1317
f 484 2406 1341
f 580 2502 1564
f 567 2484 1462
f 522 2442 1588
f 427 2349 1347
f 544 2468 1521
f 468 2387 1420
f 436 2358 1395
f 499 2421 1497
f 530 2454 1515
f 548 2472 1557
f 466 2388 1425
f 442 2364 1431
f 505 2426 1570
f 536 2448 1372
f 491 2403 1282
f 423 2342 1258
f 513 2432 1294
f 564 2477 1312
f 581 2493 1330
f 549 2462 1378
f 477 2397 1540
f 445 2367 1449
f 503 2427 1575
f 525 2447 1365
f 474 2391 1486
f 438 2357 1390
f 495 2417 1437
f 532 2453 1510
f 552 2469 1528
f 490 2411 1546
f 577 2498 1468
f 559 2483 1455
f 517 2441 1581
f 430 2352 1359
f 590 2509 1272
f 584 2503 1248
f 585 2506 1253
f 592 2512 1289
f 595 2515 1307
f 598 2518 1337
f 636 2555 1554
f 621 2541 1476
f 642 2562 1602
f 601 2522 1355
f 623 2542 1482
f 611 2528 1404
f 609 2531 1409
f 625 2545 1493
f 628 2548 1505
f 632 2551 1536
f 613 2533 1415
f 616 2537 1445
f 638 2559 1595
f 606 2526 1386
f 407 1616 909
f 403 1608 891
f 404 1606 886
f 410 1612 898
f 413 1615 904
f 422 1624 922
f 486 1692 1060
f 573 1782 1240
f 561 1765 1204
f 512 1714 1102
f 452 1661 999
f 448 1653 981
f 449 1651 976
f 455 1657 988
f 458 1660 994
f 470 1675 1024
f 437 1639 952
f 494 1696 1066
f 531 1733 1138
f 539 1751 1179
f 568 1779 1233
f 478 1683 1041
f 419 1626 927
f 509 1721 1119
f 554 1766 1209
f 482 1689 1053
f 576 1778 1228
f 558 1760 1192
f 516 1718 1108
f 425 1629 933
f 542 1747 1167
f 463 1665 1005
f 434 1641 957
f 497 1704 1083
f 528 1737 1150
f 546 1750 1174
f 464 1676 1029
f 440 1644 963
f 500 1702 1077
f 524 1726 1126
f 479 1681 1036
f 418 1620 915
f 508 1710 1095
f 553 1755 1185
f 569 1771 1216
f 538 1740 1155
f 471 1673 1018
f 443 1647 970
f 501 1707 1090
f 523 1734 1143
f 467 1669 1012
f 433 1635 945
f 493 1698 1071
f 527 1729 1131
f 543 1745 1162
f 485 1687 1047
f 572 1774 1221
f 557 1762 1197
f 515 1720 1114
f 428 1632 940
f 591 2189 1284
f 587 1883 1260
f 588 1903 1296
f 594 2281 1314
f 597 2317 1332
f 600 2173 1380
f 634 2158 1542
f 619 2012 1451
f 639 2210 1577
f 602 1924 1367
f 624 2135 1488
f 608 1973 1392
f 610 1996 1439
f 627 2227 1512
f 630 2304 1530
f 635 2176 1548
f 615 2155 1470
f 617 2014 1457
f 637 2212 1583
f 604 1922 1361
f 416 1864 1270
f 408 1810 1246
f 406 1795 1251
f 412 1831 1287
f 415 1849 1305
f 424 1887 1335
f 492 2193 1552
f 582 2321 1474
f 565 2285 1600
f 514 1907 1353
f 461 2098 1480
f 453 2044 1402
f 451 1961 1407
f 457 2067 1491
f 460 2083 1503
f 475 2139 1534
f 439 1975 1413
f 496 1997 1443
f 533 2231 1593
f 551 2298 1384
f 579 2190 1324
f 483 1884 1276
f 426 1900 1264
f 521 2278 1300
f 566 2314 1318
f 489 2170 1342
f 578 2159 1563
f 560 2015 1461
f 518 2213 1587
f 429 1918 1348
f 547 2136 1522
f 465 1977 1419
f 441 1990 1396
f 504 2224 1498
f 537 2301 1516
f 550 2177 1558
f 476 2152 1426
f 444 2008 1432
f 502 2206 1569
f 526 1925 1371
f 481 1817 1281
f 420 1797 1257
f 510 1833 1293
f 555 1851 1311
f 571 1871 1329
f 540 1941 1377
f 473 2119 1539
f 447 2029 1450
f 507 2247 1576
f 534 2262 1366
f 469 2051 1485
f 435 1954 1389
f 498 2064 1438
f 529 2085 1509
f 545 2105 1527
f 487 2121 1545
f 574 2031 1467
f 562 2244 1456
f 520 2265 1582
f 432 1939 1360
f 589 1814 1271
f 583 1793 1247
f 586 1829 1254
f 593 1847 1290
f 596 1868 1308
f 599 1937 1338
f 633 2124 1553
f 620 2034 1475
f 640 2250 1601
f 603 2261 1356
f 622 2050 1481
f 607 1960 1403
f 612 2063 1410
f 626 2081 1494
f 629 2102 1506
f 631 2117 1535
f 614 2027 1416
f 618 2243 1446
f 641 2268 1596
f 605 1944 1385
f 409 1804 894
f 405 1785 887
f 411 1821 899
f 414 1839 905
f 417 1858 912
f 431 1929 941
f 488 2114 1050
f 575 2024 1224
f 563 2240 1200
f 519 2253 1115
f 454 2038 984
f 450 1951 977
f 456 2055 989
f 459 2073 995
f 462 2092 1002
f 472 2109 1019
f 446 2019 971
f 506 2235 1091
f 535 2258 1146
f 541 1934 1158
f 570 1861 1217
f 480 1807 1037
f 421 1790 918
f 511 1826 1098
f 556 1844 1188
f 484 1880 1044
f 580 2186 1236
f 567 2308 1212
f 522 2272 1122
f 427 1894 930
f 544 2095 1163
f 468 2041 1013
f 436 1948 948
f 499 2060 1074
f 530 2078 1134
f 548 2132 1170
f 466 1970 1008
f 442 1984 960
f 505 2218 1086
f 536 2289 1151
f 491 2181 1061
f 423 1875 923
f 513 1897 1103
f 564 2275 1205
f 581 2311 1241
f 549 2167 1175
f 477 2146 1032
f 445 2002 966
f 503 2200 1080
f 525 1915 1127
f 474 2127 1025
f 438 1965 953
f 495 1987 1067
f 532 2221 1139
f 552 2294 1182
f 490 2164 1056
f 577 2149 1229
f 559 2005 1193
f 517 2203 1109
f 430 1912 936
f 590 1870 1325
f 584 1816 1277
f 585 1800 1265
f 592 1836 1301
f 595 1854 1319
f 598 1890 1343
f 636 2196 1566
f 621 2320 1464
f 642 2284 1590
f 601 1906 1349
f 623 2104 1523
f 611 2047 1422
f 609 1958 1397
f 625 2070 1499
f 628 2088 1517
f 632 2142 1559
f 613 1980 1427
f 616 1994 1433
f 638 2230 1572
f 606 2297 1374
f 407 2329 892
f 403 2323 885
f 404 2326 897
f 410 2333 903
f 413 2336 910
f 422 2345 939
f 486 2409 1048
f 573 2496 1222
f 561 2485 1198
f 512 2435 1113
f 452 2374 982
f 448 2368 975
f 449 2371 987
f 455 2378 993
f 458 2381 1000
f 470 2392 1017
f 437 2360 969
f 494 2416 1089
f 531 2456 1144
f 539 2460 1156
f 568 2488 1215
f 478 2398 1035
f 419 2340 916
f 509 2430 1096
f 554 2475 1186
f 482 2404 1042
f 576 2501 1234
f 558 2482 1210
f 516 2440 1120
f 425 2347 928
f 542 2464 1161
f 463 2384 1011
f 434 2355 946
f 497 2419 1072
f 528 2451 1132
f 546 2470 1168
f 464 2385 1006
f 440 2362 958
f 500 2423 1084
f 524 2446 1149
f 479 2401 1059
f 418 2339 921
f 508 2429 1101
f 553 2474 1203
f 569 2491 1239
f 538 2459 1173
f 471 2395 1030
f 443 2365 964
f 501 2424 1078
f 523 2443 1125
f 467 2390 1023
f 433 2354 951
f 493 2413 1065
f 527 2450 1137
f 543 2467 1180
f 485 2408 1054
f 572 2495 1227
f 557 2479 1191
f 515 2437 1107
f 428 2350 934
f 591 2511 1326
f 587 2505 1278
f 588 2507 1266
f 594 2513 1302
f 597 2516 1320
f 600 2519 1344
f 634 2556 1565
f 619 2540 1463
f 639 2561 1589
f 602 2521 1350
f 624 2544 1524
f 608 2529 1421
f 610 2530 1398
f 627 2546 1500
f 630 2549 1518
f 635 2553 1560
f 615 2534 1428
f 617 2536 1434
f 637 2557 1571
f 604 2525 1373
f 164 1609 889
f 163 1605 883
f 165 1611 895
f 166 1614 901
f 167 1617 907
f 172 1631 937
f 190 1688 1045
f 219 1775 1219
f 215 1763 1195
f 201 1719 1111
f 179 1654 979
f 178 1650 973
f 180 1656 985
f 181 1659 991
f 182 1662 997
f 185 1672 1015
f 177 1646 967
f 197 1706 1087
f 206 1735 1141
f 208 1741 1153
f 218 1770 1213
f 188 1680 1033
f 168 1621 913
f 198 1711 1093
f 213 1756 1183
f 189 1684 1039
f 221 1780 1231
f 217 1767 1207
f 202 1722 1117
f 170 1627 925
f 209 1744 1159
f 184 1668 1009
f 173 1636 943
f 194 1699 1069
f 204 1730 1129
f 210 1748 1165
f 183 1666 1003
f 175 1642 955
f 196 1705 1081
f 207 1736 1147
f 192 1691 1057
f 169 1623 919
f 199 1713 1099
f 216 1764 1201
f 222 1781 1237
f 211 1749 1171
f 187 1677 1027
f 176 1645 961
f 195 1703 1075
f 203 1725 1123
f 186 1674 1021
f 174 1638 949
f 193 1695 1063
f 205 1732 1135
f 212 1752 1177
f 191 1690 1051
f 220 1777 1225
f 214 1759 1189
f 200 1717 1105
f 171 1630 931
f 358 2191 1322
f 256 1885 1274
f 261 1901 1262
f 387 2279 1298
f 399 2315 1316
f 351 2171 1340
f 348 2160 1561
f 300 2016 1459
f 366 2214 1585
f 267 1919 1346
f 340 2137 1520
f 287 1978 1417
f 291 1991 1394
f 369 2225 1496
f 395 2302 1514
f 354 2178 1556
f 345 2153 1424
f 297 2009 1430
f 363 2207 1567
f 270 1926 1369
f 247 1857 908
f 229 1803 890
f 223 1786 884
f 235 1822 896
f 241 1840 902
f 253 1876 920
f 355 2182 1058
f 398 2312 1238
f 386 2276 1202
f 260 1898 1100
f 325 2091 998
f 307 2037 980
f 278 1952 974
f 313 2056 986
f 319 2074 992
f 337 2128 1022
f 283 1966 950
f 290 1988 1064
f 368 2222 1136
f 392 2293 1178
f 356 2185 1232
f 254 1879 1040
f 259 1893 926
f 385 2271 1118
f 397 2307 1208
f 349 2163 1052
f 344 2150 1226
f 296 2006 1190
f 362 2204 1106
f 265 1911 932
f 338 2131 1166
f 284 1969 1004
f 289 1983 956
f 367 2217 1082
f 391 2290 1148
f 350 2168 1172
f 343 2145 1028
f 295 2001 962
f 361 2199 1076
f 266 1916 1124
f 230 1808 1034
f 224 1789 914
f 236 1825 1094
f 242 1843 1184
f 248 1862 1214
f 272 1933 1154
f 331 2110 1016
f 301 2020 968
f 373 2236 1088
f 380 2257 1142
f 308 2042 1010
f 277 1947 944
f 314 2059 1070
f 320 2077 1130
f 326 2096 1160
f 332 2113 1046
f 302 2023 1220
f 374 2239 1196
f 379 2254 1112
f 271 1930 938
f 234 1818 1279
f 227 1798 1255
f 239 1834 1291
f 245 1852 1309
f 252 1872 1327
f 275 1942 1375
f 334 2120 1537
f 304 2030 1448
f 377 2248 1574
f 382 2263 1364
f 312 2052 1483
f 279 1955 1387
f 316 2065 1436
f 323 2086 1507
f 330 2106 1525
f 335 2122 1543
f 305 2032 1465
f 376 2245 1454
f 383 2266 1580
f 274 1940 1358
f 232 1813 1267
f 225 1792 1243
f 237 1828 1250
f 243 1846 1286
f 250 1867 1304
f 273 1936 1334
f 336 2123 1549
f 306 2033 1471
f 378 2249 1597
f 381 2260 1352
f 311 2049 1477
f 281 1959 1399
f 315 2062 1406
f 321 2080 1490
f 328 2101 1502
f 333 2116 1531
f 303 2026 1412
f 375 2242 1442
f 384 2267 1592
f 276 1943 1381
f 251 1869 1321
f 233 1815 1273
f 228 1799 1261
f 240 1835 1297
f 246 1853 1315
f 258 1889 1339
f 360 2195 1562
f 401 2319 1460
f 389 2283 1586
f 263 1905 1345
f 329 2103 1519
f 310 2046 1418
f 280 1957 1393
f 318 2069 1495
f 324 2087 1513
f 342 2141 1555
f 288 1979 1423
f 292 1993 1429
f 371 2229 1568
f 393 2296 1370
f 357 2188 1280
f 255 1882 1256
f 262 1902 1292
f 388 2280 1310
f 400 2316 1328
f 352 2172 1376
f 347 2157 1538
f 298 2011 1447
f 364 2209 1573
f 269 1923 1363
f 339 2134 1484
f 285 1972 1388
f 293 1995 1435
f 370 2226 1508
f 396 2303 1526
f 353 2175 1544
f 346 2154 1466
f 299 2013 1453
f 365 2211 1579
f 268 1921 1357
f 249 1865 1268
f 231 1811 1244
f 226 1796 1249
f 238 1832 1285
f 244 1850 1303
f 257 1888 1333
f 359 2194 1550
f 402 2322 1472
f 390 2286 1598
f 264 1908 1351
f 327 2099 1478
f 309 2045 1400
f 282 1962 1405
f 317 2068 1489
f 322 2084 1501
f 341 2140 1532
f 286 1976 1411
f 294 1998 1441
f 372 2232 1591
f 394 2299 1382
f 416 2330 911
f 408 2324 893
f 406 2325 888
f 412 2332 900
f 415 2335 906
f 424 2344 924
f 492 2410 1062
f 582 2497 1242
f 565 2486 1206
f 514 2434 1104
f 461 2375 1001
f 453 2369 983
f 451 2370 978
f 457 2377 990
f 460 2380 996
f 475 2393 1026
f 439 2359 954
f 496 2415 1068
f 533 2455 1140
f 551 2461 1181
f 579 2489 1235
f 483 2399 1043
f 426 2341 929
f 521 2431 1121
f 566 2476 1211
f 489 2405 1055
f 578 2500 1230
f 560 2481 1194
f 518 2439 1110
f 429 2348 935
f 547 2465 1169
f 465 2383 1007
f 441 2356 959
f 504 2420 1085
f 537 2452 1152
f 550 2471 1176
f 476 2386 1031
f 444 2363 965
f 502 2422 1079
f 526 2445 1128
f 481 2400 1038
f 420 2338 917
f 510 2428 1097
f 555 2473 1187
f 571 2490 1218
f 540 2458 1157
f 473 2394 1020
f 447 2366 972
f 507 2425 1092
f 534 2444 1145
f 469 2389 1014
f 435 2353 947
f 498 2414 1073
f 529 2449 1133
f 545 2466 1164
f 487 2407 1049
f 574 2494 1223
f 562 2480 1199
f 520 2438 1116
f 432 2351 942
f 589 2510 1283
f 583 2504 1259
f 586 2508 1295
f 593 2514 1313
f 596 2517 1331
f 599 2520 1379
f 633 2554 1541
f 620 2539 1452
f 640 2560 1578
f 603 2523 1368
f 622 2543 1487
f 607 2527 1391
f 612 2532 1440
f 626 2547 1511
f 629 2550 1529
f 631 2552 1547
f 614 2535 1469
f 618 2538 1458
f 641 2558 1584
f 605 2524 1362
f 164 1607 1609
f 163 1603 1605
f 165 1604 1611
f 166 1610 1614
f 167 1613 1617
f 172 1622 1631
f 190 1686 1688
f 219 1773 1775
f 215 1761 1763
f 201 1712 1719
f 179 1652 1654
f 178 1648 1650
f 180 1649 1656
f 181 1655 1659
f 182 1658 1662
f 185 1670 1672
f 177 1637 1646
f 197 1694 1706
f 206 1731 1735
f 208 1739 1741
f 218 1768 1770
f 188 1678 1680
f 168 1619 1621
f 198 1709 1711
f 213 1754 1756
f 189 1682 1684
f 221 1776 1780
f 217 1758 1767
f 202 1716 1722
f 170 1625 1627
f 209 1742 1744
f 184 1663 1668
f 173 1634 1636
f 194 1697 1699
f 204 1728 1730
f 210 1746 1748
f 183 1664 1666
f 175 1640 1642
f 196 1700 1705
f 207 1724 1736
f 192 1679 1691
f 169 1618 1623
f 199 1708 1713
f 216 1753 1764
f 222 1769 1781
f 211 1738 1749
f 187 1671 1677
f 176 1643 1645
f 195 1701 1703
f 203 1723 1725
f 186 1667 1674
f 174 1633 1638
f 193 1693 1695
f 205 1727 1732
f 212 1743 1752
f 191 1685 1690
f 220 1772 1777
f 214 1757 1759
f 200 1715 1717
f 171 1628 1630
f 358 2187 2191
f 256 1881 1885
f 261 1899 1901
f 387 2277 2279
f 399 2313 2315
f 351 2169 2171
f 348 2156 2160
f 300 2010 2016
f 366 2208 2214
f 267 1917 1919
f 340 2133 2137
f 287 1971 1978
f 291 1989 1991
f 369 2223 2225
f 395 2300 2302
f 354 2174 2178
f 345 2151 2153
f 297 2007 2009
f 363 2205 2207
f 270 1920 1926
f 247 1855 1857
f 229 1801 1803
f 223 1784 1786
f 235 1820 1822
f 241 1838 1840
f 253 1874 1876
f 355 2180 2182
f 398 2310 2312
f 386 2274 2276
f 260 1896 1898
f 325 2089 2091
f 307 2035 2037
f 278 1950 1952
f 313 2054 2056
f 319 2072 2074
f 337 2126 2128
f 283 1964 1966
f 290 1986 1988
f 368 2220 2222
f 392 2291 2293
f 356 2183 2185
f 254 1877 1879
f 259 1891 1893
f 385 2269 2271
f 397 2305 2307
f 349 2161 2163
f 344 2148 2150
f 296 2004 2006
f 362 2202 2204
f 265 1909 1911
f 338 2129 2131
f 284 1967 1969
f 289 1981 1983
f 367 2215 2217
f 391 2288 2290
f 350 2166 2168
f 343 2143 2145
f 295 1999 2001
f 361 2197 2199
f 266 1914 1916
f 230 1806 1808
f 224 1787 1789
f 236 1823 1825
f 242 1841 1843
f 248 1860 1862
f 272 1931 1933
f 331 2108 2110
f 301 2018 2020
f 373 2234 2236
f 380 2255 2257
f 308 2040 2042
f 277 1945 1947
f 314 2057 2059
f 320 2075 2077
f 326 2094 2096
f 332 2111 2113
f 302 2021 2023
f 374 2237 2239
f 379 2252 2254
f 271 1928 1930
f 234 1812 1818
f 227 1791 1798
f 239 1827 1834
f 245 1845 1852
f 252 1866 1872
f 275 1935 1942
f 334 2118 2120
f 304 2028 2030
f 377 2246 2248
f 382 2259 2263
f 312 2048 2052
f 279 1953 1955
f 316 2061 2065
f 323 2079 2086
f 330 2100 2106
f 335 2115 2122
f 305 2025 2032
f 376 2241 2245
f 383 2264 2266
f 274 1938 1940
f 232 1802 1813
f 225 1783 1792
f 237 1819 1828
f 243 1837 1846
f 250 1856 1867
f 273 1927 1936
f 336 2112 2123
f 306 2022 2033
f 378 2238 2249
f 381 2251 2260
f 311 2036 2049
f 281 1949 1959
f 315 2053 2062
f 321 2071 2080
f 328 2090 2101
f 333 2107 2116
f 303 2017 2026
f 375 2233 2242
f 384 2256 2267
f 276 1932 1943
f 251 1859 1869
f 233 1805 1815
f 228 1788 1799
f 240 1824 1835
f 246 1842 1853
f 258 1878 1889
f 360 2184 2195
f 401 2306 2319
f 389 2270 2283
f 263 1892 1905
f 329 2093 2103
f 310 2039 2046
f 280 1946 1957
f 318 2058 2069
f 324 2076 2087
f 342 2130 2141
f 288 1968 1979
f 292 1982 1993
f 371 2216 2229
f 393 2287 2296
f 357 2179 2188
f 255 1873 1882
f 262 1895 1902
f 388 2273 2280
f 400 2309 2316
f 352 2165 2172
f 347 2144 2157
f 298 2000 2011
f 364 2198 2209
f 269 1913 1923
f 339 2125 2134
f 285 1963 1972
f 293 1985 1995
f 370 2219 2226
f 396 2292 2303
f 353 2162 2175
f 346 2147 2154
f 299 2003 2013
f 365 2201 2211
f 268 1910 1921
f 249 1863 1865
f 231 1809 1811
f 226 1794 1796
f 238 1830 1832
f 244 1848 1850
f 257 1886 1888
f 359 2192 2194
f 402 2318 2322
f 390 2282 2286
f 264 1904 1908
f 327 2097 2099
f 309 2043 2045
f 282 1956 1962
f 317 2066 2068
f 322 2082 2084
f 341 2138 2140
f 286 1974 1976
f 294 1992 1998
f 372 2228 2232
f 394 2295 2299
f 416 2331 2330
f 408 2327 2324
f 406 2328 2325
f 412 2334 2332
f 415 2337 2335
f 424 2346 2344
f 492 2412 2410
f 582 2499 2497
f 565 2487 2486
f 514 2436 2434
f 461 2376 2375
f 453 2372 2369
f 451 2373 2370
f 457 2379 2377
f 460 2382 2380
f 475 2396 2393
f 439 2361 2359
f 496 2418 2415
f 533 2457 2455
f 551 2463 2461
f 579 2492 2489
f 483 2402 2399
f 426 2343 2341
f 521 2433 2431
f 566 2478 2476
f 489 2406 2405
f 578 2502 2500
f 560 2484 2481
f 518 2442 2439
f 429 2349 2348
f 547 2468 2465
f 465 2387 2383
f 441 2358 2356
f 504 2421 2420
f 537 2454 2452
f 550 2472 2471
f 476 2388 2386
f 444 2364 2363
f 502 2426 2422
f 526 2448 2445
f 481 2403 2400
f 420 2342 2338
f 510 2432 2428
f 555 2477 2473
f 571 2493 2490
f 540 2462 2458
f 473 2397 2394
f 447 2367 2366
f 507 2427 2425
f 534 2447 2444
f 469 2391 2389
f 435 2357 2353
f 498 2417 2414
f 529 2453 2449
f 545 2469 2466
f 487 2411 2407
f 574 2498 2494
f 562 2483 2480
f 520 2441 2438
f 432 2352 2351
f 589 2509 2510
f 583 2503 2504
f 586 2506 2508
f 593 2512 2514
f 596 2515 2517
f 599 2518 2520
f 633 2555 2554
f 620 2541 2539
f 640 2562 2560
f 603 2522 2523
f 622 2542 2543
f 607 2528 2527
f 612 2531 2532
f 626 2545 2547
f 629 2548 2550
f 631 2551 2552
f 614 2533 2535
f 618 2537 2538
f 641 2559 2558
f 605 2526 2524
f 164 644 1607
f 163 643 1603
f 165 645 1604
f 166 646 1610
f 167 647 1613
f 172 652 1622
f 190 670 1686
f 219 699 1773
f 215 695 1761
f 201 681 1712
f 179 659 1652
f 178 658 1648
f 180 660 1649
f 181 661 1655
f 182 662 1658
f 185 665 1670
f 177 657 1637
f 197 677 1694
f 206 686 1731
f 208 688 1739
f 218 698 1768
f 188 668 1678
f 168 648 1619
f 198 678 1709
f 213 693 1754
f 189 669 1682
f 221 701 1776
f 217 697 1758
f 202 682 1716
f 170 650 1625
f 209 689 1742
f 184 664 1663
f 173 653 1634
f 194 674 1697
f 204 684 1728
f 210 690 1746
f 183 663 1664
f 175 655 1640
f 196 676 1700
f 207 687 1724
f 192 672 1679
f 169 649 1618
f 199 679 1708
f 216 696 1753
f 222 702 1769
f 211 691 1738
f 187 667 1671
f 176 656 1643
f 195 675 1701
f 203 683 1723
f 186 666 1667
f 174 654 1633
f 193 673 1693
f 205 685 1727
f 212 692 1743
f 191 671 1685
f 220 700 1772
f 214 694 1757
f 200 680 1715
f 171 651 1628
f 358 838 2187
f 256 736 1881
f 261 741 1899
f 387 867 2277
f 399 879 2313
f 351 831 2169
f 348 828 2156
f 300 780 2010
f 366 846 2208
f 267 747 1917
f 340 820 2133
f 287 767 1971
f 291 771 1989
f 369 849 2223
f 395 875 2300
f 354 834 2174
f 345 825 2151
f 297 777 2007
f 363 843 2205
f 270 750 1920
f 247 727 1855
f 229 709 1801
f 223 703 1784
f 235 715 1820
f 241 721 1838
f 253 733 1874
f 355 835 2180
f 398 878 2310
f 386 866 2274
f 260 740 1896
f 325 805 2089
f 307 787 2035
f 278 758 1950
f 313 793 2054
f 319 799 2072
f 337 817 2126
f 283 763 1964
f 290 770 1986
f 368 848 2220
f 392 872 2291
f 356 836 2183
f 254 734 1877
f 259 739 1891
f 385 865 2269
f 397 877 2305
f 349 829 2161
f 344 824 2148
f 296 776 2004
f 362 842 2202
f 265 745 1909
f 338 818 2129
f 284 764 1967
f 289 769 1981
f 367 847 2215
f 391 871 2288
f 350 830 2166
f 343 823 2143
f 295 775 1999
f 361 841 2197
f 266 746 1914
f 230 710 1806
f 224 704 1787
f 236 716 1823
f 242 722 1841
f 248 728 1860
f 272 752 1931
f 331 811 2108
f 301 781 2018
f 373 853 2234
f 380 860 2255
f 308 788 2040
f 277 757 1945
f 314 794 2057
f 320 800 2075
f 326 806 2094
f 332 812 2111
f 302 782 2021
f 374 854 2237
f 379 859 2252
f 271 751 1928
f 234 714 1812
f 227 707 1791
f 239 719 1827
f 245 725 1845
f 252 732 1866
f 275 755 1935
f 334 814 2118
f 304 784 2028
f 377 857 2246
f 382 862 2259
f 312 792 2048
f 279 759 1953
f 316 796 2061
f 323 803 2079
f 330 810 2100
f 335 815 2115
f 305 785 2025
f 376 856 2241
f 383 863 2264
f 274 754 1938
f 232 712 1802
f 225 705 1783
f 237 717 1819
f 243 723 1837
f 250 730 1856
f 273 753 1927
f 336 816 2112
f 306 786 2022
f 378 858 2238
f 381 861 2251
f 311 791 2036
f 281 761 1949
f 315 795 2053
f 321 801 2071
f 328 808 2090
f 333 813 2107
f 303 783 2017
f 375 855 2233
f 384 864 2256
f 276 756 1932
f 251 731 1859
f 233 713 1805
f 228 708 1788
f 240 720 1824
f 246 726 1842
f 258 738 1878
f 360 840 2184
f 401 881 2306
f 389 869 2270
f 263 743 1892
f 329 809 2093
f 310 790 2039
f 280 760 1946
f 318 798 2058
f 324 804 2076
f 342 822 2130
f 288 768 1968
f 292 772 1982
f 371 851 2216
f 393 873 2287
f 357 837 2179
f 255 735 1873
f 262 742 1895
f 388 868 2273
f 400 880 2309
f 352 832 2165
f 347 827 2144
f 298 778 2000
f 364 844 2198
f 269 749 1913
f 339 819 2125
f 285 765 1963
f 293 773 1985
f 370 850 2219
f 396 876 2292
f 353 833 2162
f 346 826 2147
f 299 779 2003
f 365 845 2201
f 268 748 1910
f 249 729 1863
f 231 711 1809
f 226 706 1794
f 238 718 1830
f 244 724 1848
f 257 737 1886
f 359 839 2192
f 402 882 2318
f 390 870 2282
f 264 744 1904
f 327 807 2097
f 309 789 2043
f 282 762 1956
f 317 797 2066
f 322 802 2082
f 341 821 2138
f 286 766 1974
f 294 774 1992
f 372 852 2228
f 394 874 2295
f 416 1270 2331
f 408 1246 2327
f 406 1251 2328
f 412 1287 2334
f 415 1305 2337
f 424 1335 2346
f 492 1552 2412
f 582 1474 2499
f 565 1600 2487
f 514 1353 2436
f 461 1480 2376
f 453 1402 2372
f 451 1407 2373
f 457 1491 2379
f 460 1503 2382
f 475 1534 2396
f 439 1413 2361
f 496 1443 2418
f 533 1593 2457
f 551 1384 2463
f 579 1324 2492
f 483 1276 2402
f 426 1264 2343
f 521 1300 2433
f 566 1318 2478
f 489 1342 2406
f 578 1563 2502
f 560 1461 2484
f 518 1587 2442
f 429 1348 2349
f 547 1522 2468
f 465 1419 2387
f 441 1396 2358
f 504 1498 2421
f 537 1516 2454
f 550 1558 2472
f 476 1426 2388
f 444 1432 2364
f 502 1569 2426
f 526 1371 2448
f 481 1281 2403
f 420 1257 2342
f 510 1293 2432
f 555 1311 2477
f 571 1329 2493
f 540 1377 2462
f 473 1539 2397
f 447 1450 2367
f 507 1576 2427
f 534 1366 2447
f 469 1485 2391
f 435 1389 2357
f 498 1438 2417
f 529 1509 2453
f 545 1527 2469
f 487 1545 2411
f 574 1467 2498
f 562 1456 2483
f 520 1582 2441
f 432 1360 2352
f 589 1271 2509
f 583 1247 2503
f 586 1254 2506
f 593 1290 2512
f 596 1308 2515
f 599 1338 2518
f 633 1553 2555
f 620 1475 2541
f 640 1601 2562
f 603 1356 2522
f 622 1481 2542
f 607 1403 2528
f 612 1410 2531
f 626 1494 2545
f 629 1506 2548
f 631 1535 2551
f 614 1416 2533
f 618 1446 2537
f 641 1596 2559
f 605 1385 2526
f 167 907 1616
f 164 889 1608
f 163 883 1606
f 165 895 1612
f 166 901 1615
f 169 919 1624
f 192 1057 1692
f 222 1237 1782
f 216 1201 1765
f 199 1099 1714
f 182 997 1661
f 179 979 1653
f 178 973 1651
f 180 985 1657
f 181 991 1660
f 186 1021 1675
f 174 949 1639
f 193 1063 1696
f 205 1135 1733
f 212 1177 1751
f 221 1231 1779
f 189 1039 1683
f 170 925 1626
f 202 1117 1721
f 217 1207 1766
f 191 1051 1689
f 220 1225 1778
f 214 1189 1760
f 200 1105 1718
f 171 931 1629
f 210 1165 1747
f 183 1003 1665
f 175 955 1641
f 196 1081 1704
f 207 1147 1737
f 211 1171 1750
f 187 1027 1676
f 176 961 1644
f 195 1075 1702
f 203 1123 1726
f 188 1033 1681
f 168 913 1620
f 198 1093 1710
f 213 1183 1755
f 218 1213 1771
f 208 1153 1740
f 185 1015 1673
f 177 967 1647
f 197 1087 1707
f 206 1141 1734
f 184 1009 1669
f 173 943 1635
f 194 1069 1698
f 204 1129 1729
f 209 1159 1745
f 190 1045 1687
f 219 1219 1774
f 215 1195 1762
f 201 1111 1720
f 172 937 1632
f 357 1280 2189
f 255 1256 1883
f 262 1292 1903
f 388 1310 2281
f 400 1328 2317
f 352 1376 2173
f 347 1538 2158
f 298 1447 2012
f 364 1573 2210
f 269 1363 1924
f 339 1484 2135
f 285 1388 1973
f 293 1435 1996
f 370 1508 2227
f 396 1526 2304
f 353 1544 2176
f 346 1466 2155
f 299 1453 2014
f 365 1579 2212
f 268 1357 1922
f 249 1268 1864
f 231 1244 1810
f 226 1249 1795
f 238 1285 1831
f 244 1303 1849
f 257 1333 1887
f 359 1550 2193
f 402 1472 2321
f 390 1598 2285
f 264 1351 1907
f 327 1478 2098
f 309 1400 2044
f 282 1405 1961
f 317 1489 2067
f 322 1501 2083
f 341 1532 2139
f 286 1411 1975
f 294 1441 1997
f 372 1591 2231
f 394 1382 2298
f 358 1322 2190
f 256 1274 1884
f 261 1262 1900
f 387 1298 2278
f 399 1316 2314
f 351 1340 2170
f 348 1561 2159
f 300 1459 2015
f 366 1585 2213
f 267 1346 1918
f 340 1520 2136
f 287 1417 1977
f 291 1394 1990
f 369 1496 2224
f 395 1514 2301
f 354 1556 2177
f 345 1424 2152
f 297 1430 2008
f 363 1567 2206
f 270 1369 1925
f 234 1279 1817
f 227 1255 1797
f 239 1291 1833
f 245 1309 1851
f 252 1327 1871
f 275 1375 1941
f 334 1537 2119
f 304 1448 2029
f 377 1574 2247
f 382 1364 2262
f 312 1483 2051
f 279 1387 1954
f 316 1436 2064
f 323 1507 2085
f 330 1525 2105
f 335 1543 2121
f 305 1465 2031
f 376 1454 2244
f 383 1580 2265
f 274 1358 1939
f 232 1267 1814
f 225 1243 1793
f 237 1250 1829
f 243 1286 1847
f 250 1304 1868
f 273 1334 1937
f 336 1549 2124
f 306 1471 2034
f 378 1597 2250
f 381 1352 2261
f 311 1477 2050
f 281 1399 1960
f 315 1406 2063
f 321 1490 2081
f 328 1502 2102
f 333 1531 2117
f 303 1412 2027
f 375 1442 2243
f 384 1592 2268
f 276 1381 1944
f 229 890 1804
f 223 884 1785
f 235 896 1821
f 241 902 1839
f 247 908 1858
f 271 938 1929
f 332 1046 2114
f 302 1220 2024
f 374 1196 2240
f 379 1112 2253
f 307 980 2038
f 278 974 1951
f 313 986 2055
f 319 992 2073
f 325 998 2092
f 331 1016 2109
f 301 968 2019
f 373 1088 2235
f 380 1142 2258
f 272 1154 1934
f 248 1214 1861
f 230 1034 1807
f 224 914 1790
f 236 1094 1826
f 242 1184 1844
f 254 1040 1880
f 356 1232 2186
f 397 1208 2308
f 385 1118 2272
f 259 926 1894
f 326 1160 2095
f 308 1010 2041
f 277 944 1948
f 314 1070 2060
f 320 1130 2078
f 338 1166 2132
f 284 1004 1970
f 289 956 1984
f 367 1082 2218
f 391 1148 2289
f 355 1058 2181
f 253 920 1875
f 260 1100 1897
f 386 1202 2275
f 398 1238 2311
f 350 1172 2167
f 343 1028 2146
f 295 962 2002
f 361 1076 2200
f 266 1124 1915
f 337 1022 2127
f 283 950 1965
f 290 1064 1987
f 368 1136 2221
f 392 1178 2294
f 349 1052 2164
f 344 1226 2149
f 296 1190 2005
f 362 1106 2203
f 265 932 1912
f 251 1321 1870
f 233 1273 1816
f 228 1261 1800
f 240 1297 1836
f 246 1315 1854
f 258 1339 1890
f 360 1562 2196
f 401 1460 2320
f 389 1586 2284
f 263 1345 1906
f 329 1519 2104
f 310 1418 2047
f 280 1393 1958
f 318 1495 2070
f 324 1513 2088
f 342 1555 2142
f 288 1423 1980
f 292 1429 1994
f 371 1568 2230
f 393 1370 2297
f 409 894 2329
f 405 887 2323
f 411 899 2326
f 414 905 2333
f 417 912 2336
f 431 941 2345
f 488 1050 2409
f 575 1224 2496
f 563 1200 2485
f 519 1115 2435
f 454 984 2374
f 450 977 2368
f 456 989 2371
f 459 995 2378
f 462 1002 2381
f 472 1019 2392
f 446 971 2360
f 506 1091 2416
f 535 1146 2456
f 541 1158 2460
f 570 1217 2488
f 480 1037 2398
f 421 918 2340
f 511 1098 2430
f 556 1188 2475
f 484 1044 2404
f 580 1236 2501
f 567 1212 2482
f 522 1122 2440
f 427 930 2347
f 544 1163 2464
f 468 1013 2384
f 436 948 2355
f 499 1074 2419
f 530 1134 2451
f 548 1170 2470
f 466 1008 2385
f 442 960 2362
f 505 1086 2423
f 536 1151 2446
f 491 1061 2401
f 423 923 2339
f 513 1103 2429
f 564 1205 2474
f 581 1241 2491
f 549 1175 2459
f 477 1032 2395
f 445 966 2365
f 503 1080 2424
f 525 1127 2443
f 474 1025 2390
f 438 953 2354
f 495 1067 2413
f 532 1139 2450
f 552 1182 2467
f 490 1056 2408
f 577 1229 2495
f 559 1193 2479
f 517 1109 2437
f 430 936 2350
f 590 1325 2511
f 584 1277 2505
f 585 1265 2507
f 592 1301 2513
f 595 1319 2516
f 598 1343 2519
f 636 1566 2556
f 621 1464 2540
f 642 1590 2561
f 601 1349 2521
f 623 1523 2544
f 611 1422 2529
f 609 1397 2530
f 625 1499 2546
f 628 1517 2549
f 632 1559 2553
f 613 1427 2534
f 616 1433 2536
f 638 1572 2557
f 606 1374 2525
f 407 892 1609
f 403 885 1605
f 404 897 1611
f 410 903 1614
f 413 910 1617
f 422 939 1631
f 486 1048 1688
f 573 1222 1775
f 561 1198 1763
f 512 1113 1719
f 452 982 1654
f 448 975 1650
f 449 987 1656
f 455 993 1659
f 458 1000 1662
f 470 1017 1672
f 437 969 1646
f 494 1089 1706
f 531 1144 1735
f 539 1156 1741
f 568 1215 1770
f 478 1035 1680
f 419 916 1621
f 509 1096 1711
f 554 1186 1756
f 482 1042 1684
f 576 1234 1780
f 558 1210 1767
f 516 1120 1722
f 425 928 1627
f 542 1161 1744
f 463 1011 1668
f 434 946 1636
f 497 1072 1699
f 528 1132 1730
f 546 1168 1748
f 464 1006 1666
f 440 958 1642
f 500 1084 1705
f 524 1149 1736
f 479 1059 1691
f 418 921 1623
f 508 1101 1713
f 553 1203 1764
f 569 1239 1781
f 538 1173 1749
f 471 1030 1677
f 443 964 1645
f 501 1078 1703
f 523 1125 1725
f 467 1023 1674
f 433 951 1638
f 493 1065 1695
f 527 1137 1732
f 543 1180 1752
f 485 1054 1690
f 572 1227 1777
f 557 1191 1759
f 515 1107 1717
f 428 934 1630
f 591 1326 2191
f 587 1278 1885
f 588 1266 1901
f 594 1302 2279
f 597 1320 2315
f 600 1344 2171
f 634 1565 2160
f 619 1463 2016
f 639 1589 2214
f 602 1350 1919
f 624 1524 2137
f 608 1421 1978
f 610 1398 1991
f 627 1500 2225
f 630 1518 2302
f 635 1560 2178
f 615 1428 2153
f 617 1434 2009
f 637 1571 2207
f 604 1373 1926
f 416 911 1857
f 408 893 1803
f 406 888 1786
f 412 900 1822
f 415 906 1840
f 424 924 1876
f 492 1062 2182
f 582 1242 2312
f 565 1206 2276
f 514 1104 1898
f 461 1001 2091
f 453 983 2037
f 451 978 1952
f 457 990 2056
f 460 996 2074
f 475 1026 2128
f 439 954 1966
f 496 1068 1988
f 533 1140 2222
f 551 1181 2293
f 579 1235 2185
f 483 1043 1879
f 426 929 1893
f 521 1121 2271
f 566 1211 2307
f 489 1055 2163
f 578 1230 2150
f 560 1194 2006
f 518 1110 2204
f 429 935 1911
f 547 1169 2131
f 465 1007 1969
f 441 959 1983
f 504 1085 2217
f 537 1152 2290
f 550 1176 2168
f 476 1031 2145
f 444 965 2001
f 502 1079 2199
f 526 1128 1916
f 481 1038 1808
f 420 917 1789
f 510 1097 1825
f 555 1187 1843
f 571 1218 1862
f 540 1157 1933
f 473 1020 2110
f 447 972 2020
f 507 1092 2236
f 534 1145 2257
f 469 1014 2042
f 435 947 1947
f 498 1073 2059
f 529 1133 2077
f 545 1164 2096
f 487 1049 2113
f 574 1223 2023
f 562 1199 2239
f 520 1116 2254
f 432 942 1930
f 589 1283 1818
f 583 1259 1798
f 586 1295 1834
f 593 1313 1852
f 596 1331 1872
f 599 1379 1942
f 633 1541 2120
f 620 1452 2030
f 640 1578 2248
f 603 1368 2263
f 622 1487 2052
f 607 1391 1955
f 612 1440 2065
f 626 1511 2086
f 629 1529 2106
f 631 1547 2122
f 614 1469 2032
f 618 1458 2245
f 641 1584 2266
f 605 1362 1940
f 409 1269 1813
f 405 1245 1792
f 411 1252 1828
f 414 1288 1846
f 417 1306 1867
f 431 1336 1936
f 488 1551 2123
f 575 1473 2033
f 563 1599 2249
f 519 1354 2260
f 454 1479 2049
f 450 1401 1959
f 456 1408 2062
f 459 1492 2080
f 462 1504 2101
f 472 1533 2116
f 446 1414 2026
f 506 1444 2242
f 535 1594 2267
f 541 1383 1943
f 570 1323 1869
f 480 1275 1815
f 421 1263 1799
f 511 1299 1835
f 556 1317 1853
f 484 1341 1889
f 580 1564 2195
f 567 1462 2319
f 522 1588 2283
f 427 1347 1905
f 544 1521 2103
f 468 1420 2046
f 436 1395 1957
f 499 1497 2069
f 530 1515 2087
f 548 1557 2141
f 466 1425 1979
f 442 1431 1993
f 505 1570 2229
f 536 1372 2296
f 491 1282 2188
f 423 1258 1882
f 513 1294 1902
f 564 1312 2280
f 581 1330 2316
f 549 1378 2172
f 477 1540 2157
f 445 1449 2011
f 503 1575 2209
f 525 1365 1923
f 474 1486 2134
f 438 1390 1972
f 495 1437 1995
f 532 1510 2226
f 552 1528 2303
f 490 1546 2175
f 577 1468 2154
f 559 1455 2013
f 517 1581 2211
f 430 1359 1921
f 590 1272 1865
f 584 1248 1811
f 585 1253 1796
f 592 1289 1832
f 595 1307 1850
f 598 1337 1888
f 636 1554 2194
f 621 1476 2322
f 642 1602 2286
f 601 1355 1908
f 623 1482 2099
f 611 1404 2045
f 609 1409 1962
f 625 1493 2068
f 628 1505 2084
f 632 1536 2140
f 613 1415 1976
f 616 1445 1998
f 638 1595 2232
f 606 1386 2299
f 407 909 2330
f 403 891 2324
f 404 886 2325
f 410 898 2332
f 413 904 2335
f 422 922 2344
f 486 1060 2410
f 573 1240 2497
f 561 1204 2486
f 512 1102 2434
f 452 999 2375
f 448 981 2369
f 449 976 2370
f 455 988 2377
f 458 994 2380
f 470 1024 2393
f 437 952 2359
f 494 1066 2415
f 531 1138 2455
f 539 1179 2461
f 568 1233 2489
f 478 1041 2399
f 419 927 2341
f 509 1119 2431
f 554 1209 2476
f 482 1053 2405
f 576 1228 2500
f 558 1192 2481
f 516 1108 2439
f 425 933 2348
f 542 1167 2465
f 463 1005 2383
f 434 957 2356
f 497 1083 2420
f 528 1150 2452
f 546 1174 2471
f 464 1029 2386
f 440 963 2363
f 500 1077 2422
f 524 1126 2445
f 479 1036 2400
f 418 915 2338
f 508 1095 2428
f 553 1185 2473
f 569 1216 2490
f 538 1155 2458
f 471 1018 2394
f 443 970 2366
f 501 1090 2425
f 523 1143 2444
f 467 1012 2389
f 433 945 2353
f 493 1071 2414
f 527 1131 2449
f 543 1162 2466
f 485 1047 2407
f 572 1221 2494
f 557 1197 2480
f 515 1114 2438
f 428 940 2351
f 591 1284 2510
f 587 1260 2504
f 588 1296 2508
f 594 1314 2514
f 597 1332 2517
f 600 1380 2520
f 634 1542 2554
f 619 1451 2539
f 639 1577 2560
f 602 1367 2523
f 624 1488 2543
f 608 1392 2527
f 610 1439 2532
f 627 1512 2547
f 630 1530 2550
f 635 1548 2552
f 615 1470 2535
f 617 1457 2538
f 637 1583 2558
f 604 1361 2524
f 167 1616 1607
f 164 1608 1603
f 163 1606 1604
f 165 1612 1610
f 166 1615 1613
f 169 1624 1622
f 192 1692 1686
f 222 1782 1773
f 216 1765 1761
f 199 1714 1712
f 182 1661 1652
f 179 1653 1648
f 178 1651 1649
f 180 1657 1655
f 181 1660 1658
f 186 1675 1670
f 174 1639 1637
f 193 1696 1694
f 205 1733 1731
f 212 1751 1739
f 221 1779 1768
f 189 1683 1678
f 170 1626 1619
f 202 1721 1709
f 217 1766 1754
f 191 1689 1682
f 220 1778 1776
f 214 1760 1758
f 200 1718 1716
f 171 1629 1625
f 210 1747 1742
f 183 1665 1663
f 175 1641 1634
f 196 1704 1697
f 207 1737 1728
f 211 1750 1746
f 187 1676 1664
f 176 1644 1640
f 195 1702 1700
f 203 1726 1724
f 188 1681 1679
f 168 1620 1618
f 198 1710 1708
f 213 1755 1753
f 218 1771 1769
f 208 1740 1738
f 185 1673 1671
f 177 1647 1643
f 197 1707 1701
f 206 1734 1723
f 184 1669 1667
f 173 1635 1633
f 194 1698 1693
f 204 1729 1727
f 209 1745 1743
f 190 1687 1685
f 219 1774 1772
f 215 1762 1757
f 201 1720 1715
f 172 1632 1628
f 357 2189 2187
f 255 1883 1881
f 262 1903 1899
f 388 2281 2277
f 400 2317 2313
f 352 2173 2169
f 347 2158 2156
f 298 2012 2010
f 364 2210 2208
f 269 1924 1917
f 339 2135 2133
f 285 1973 1971
f 293 1996 1989
f 370 2227 2223
f 396 2304 2300
f 353 2176 2174
f 346 2155 2151
f 299 2014 2007
f 365 2212 2205
f 268 1922 1920
f 249 1864 1855
f 231 1810 1801
f 226 1795 1784
f 238 1831 1820
f 244 1849 1838
f 257 1887 1874
f 359 2193 2180
f 402 2321 2310
f 390 2285 2274
f 264 1907 1896
f 327 2098 2089
f 309 2044 2035
f 282 1961 1950
f 317 2067 2054
f 322 2083 2072
f 341 2139 2126
f 286 1975 1964
f 294 1997 1986
f 372 2231 2220
f 394 2298 2291
f 358 2190 2183
f 256 1884 1877
f 261 1900 1891
f 387 2278 2269
f 399 2314 2305
f 351 2170 2161
f 348 2159 2148
f 300 2015 2004
f 366 2213 2202
f 267 1918 1909
f 340 2136 2129
f 287 1977 1967
f 291 1990 1981
f 369 2224 2215
f 395 2301 2288
f 354 2177 2166
f 345 2152 2143
f 297 2008 1999
f 363 2206 2197
f 270 1925 1914
f 234 1817 1806
f 227 1797 1787
f 239 1833 1823
f 245 1851 1841
f 252 1871 1860
f 275 1941 1931
f 334 2119 2108
f 304 2029 2018
f 377 2247 2234
f 382 2262 2255
f 312 2051 2040
f 279 1954 1945
f 316 2064 2057
f 323 2085 2075
f 330 2105 2094
f 335 2121 2111
f 305 2031 2021
f 376 2244 2237
f 383 2265 2252
f 274 1939 1928
f 232 1814 1812
f 225 1793 1791
f 237 1829 1827
f 243 1847 1845
f 250 1868 1866
f 273 1937 1935
f 336 2124 2118
f 306 2034 2028
f 378 2250 2246
f 381 2261 2259
f 311 2050 2048
f 281 1960 1953
f 315 2063 2061
f 321 2081 2079
f 328 2102 2100
f 333 2117 2115
f 303 2027 2025
f 375 2243 2241
f 384 2268 2264
f 276 1944 1938
f 229 1804 1802
f 223 1785 1783
f 235 1821 1819
f 241 1839 1837
f 247 1858 1856
f 271 1929 1927
f 332 2114 2112
f 302 2024 2022
f 374 2240 2238
f 379 2253 2251
f 307 2038 2036
f 278 1951 1949
f 313 2055 2053
f 319 2073 2071
f 325 2092 2090
f 331 2109 2107
f 301 2019 2017
f 373 2235 2233
f 380 2258 2256
f 272 1934 1932
f 248 1861 1859
f 230 1807 1805
f 224 1790 1788
f 236 1826 1824
f 242 1844 1842
f 254 1880 1878
f 356 2186 2184
f 397 2308 2306
f 385 2272 2270
f 259 1894 1892
f 326 2095 2093
f 308 2041 2039
f 277 1948 1946
f 314 2060 2058
f 320 2078 2076
f 338 2132 2130
f 284 1970 1968
f 289 1984 1982
f 367 2218 2216
f 391 2289 2287
f 355 2181 2179
f 253 1875 1873
f 260 1897 1895
f 386 2275 2273
f 398 2311 2309
f 350 2167 2165
f 343 2146 2144
f 295 2002 2000
f 361 2200 2198
f 266 1915 1913
f 337 2127 2125
f 283 1965 1963
f 290 1987 1985
f 368 2221 2219
f 392 2294 2292
f 349 2164 2162
f 344 2149 2147
f 296 2005 2003
f 362 2203 2201
f 265 1912 1910
f 251 1870 1863
f 233 1816 1809
f 228 1800 1794
f 240 1836 1830
f 246 1854 1848
f 258 1890 1886
f 360 2196 2192
f 401 2320 2318
f 389 2284 2282
f 263 1906 1904
f 329 2104 2097
f 310 2047 2043
f 280 1958 1956
f 318 2070 2066
f 324 2088 2082
f 342 2142 2138
f 288 1980 1974
f 292 1994 1992
f 371 2230 2228
f 393 2297 2295
f 409 2329 2331
f 405 2323 2327
f 411 2326 2328
f 414 2333 2334
f 417 2336 2337
f 431 2345 2346
f 488 2409 2412
f 575 2496 2499
f 563 2485 2487
f 519 2435 2436
f 454 2374 2376
f 450 2368 2372
f 456 2371 2373
f 459 2378 2379
f 462 2381 2382
f 472 2392 2396
f 446 2360 2361
f 506 2416 2418
f 535 2456 2457
f 541 2460 2463
f 570 2488 2492
f 480 2398 2402
f 421 2340 2343
f 511 2430 2433
f 556 2475 2478
f 484 2404 2406
f 580 2501 2502
f 567 2482 2484
f 522 2440 2442
f 427 2347 2349
f 544 2464 2468
f 468 2384 2387
f 436 2355 2358
f 499 2419 2421
f 530 2451 2454
f 548 2470 2472
f 466 2385 2388
f 442 2362 2364
f 505 2423 2426
f 536 2446 2448
f 491 2401 2403
f 423 2339 2342
f 513 2429 2432
f 564 2474 2477
f 581 2491 2493
f 549 2459 2462
f 477 2395 2397
f 445 2365 2367
f 503 2424 2427
f 525 2443 2447
f 474 2390 2391
f 438 2354 2357
f 495 2413 2417
f 532 2450 2453
f 552 2467 2469
f 490 2408 2411
f 577 2495 2498
f 559 2479 2483
f 517 2437 2441
f 430 2350 2352
f 590 2511 2509
f 584 2505 2503
f 585 2507 2506
f 592 2513 2512
f 595 2516 2515
f 598 2519 2518
f 636 2556 2555
f 621 2540 2541
f 642 2561 2562
f 601 2521 2522
f 623 2544 2542
f 611 2529 2528
f 609 2530 2531
f 625 2546 2545
f 628 2549 2548
f 632 2553 2551
f 613 2534 2533
f 616 2536 2537
f 638 2557 2559
f 606 2525 2526
f 1607 644 647
f 1603 643 644
f 1604 645 643
f 1610 646 645
f 1613 647 646
f 1622 652 649
f 1686 670 672
f 1773 699 702
f 1761 695 696
f 1712 681 679
f 1652 659 662
f 1648 658 659
f 1649 660 658
f 1655 661 660
f 1658 662 661
f 1670 665 666
f 1637 657 654
f 1694 677 673
f 1731 686 685
f 1739 688 692
f 1768 698 701
f 1678 668 669
f 1619 648 650
f 1709 678 682
f 1754 693 697
f 1682 669 671
f 1776 701 700
f 1758 697 694
f 1716 682 680
f 1625 650 651
f 1742 689 690
f 1663 664 663
f 1634 653 655
f 1697 674 676
f 1728 684 687
f 1746 690 691
f 1664 663 667
f 1640 655 656
f 1700 676 675
f 1724 687 683
f 1679 672 668
f 1618 649 648
f 1708 679 678
f 1753 696 693
f 1769 702 698
f 1738 691 688
f 1671 667 665
f 1643 656 657
f 1701 675 677
f 1723 683 686
f 1667 666 664
f 1633 654 653
f 1693 673 674
f 1727 685 684
f 1743 692 689
f 1685 671 670
f 1772 700 699
f 1757 694 695
f 1715 680 681
f 1628 651 652
f 2187 838 837
f 1881 736 735
f 1899 741 742
f 2277 867 868
f 2313 879 880
f 2169 831 832
f 2156 828 827
f 2010 780 778
f 2208 846 844
f 1917 747 749
f 2133 820 819
f 1971 767 765
f 1989 771 773
f 2223 849 850
f 2300 875 876
f 2174 834 833
f 2151 825 826
f 2007 777 779
f 2205 843 845
f 1920 750 748
f 1855 727 729
f 1801 709 711
f 1784 703 706
f 1820 715 718
f 1838 721 724
f 1874 733 737
f 2180 835 839
f 2310 878 882
f 2274 866 870
f 1896 740 744
f 2089 805 807
f 2035 787 789
f 1950 758 762
f 2054 793 797
f 2072 799 802
f 2126 817 821
f 1964 763 766
f 1986 770 774
f 2220 848 852
f 2291 872 874
f 2183 836 838
f 1877 734 736
f 1891 739 741
f 2269 865 867
f 2305 877 879
f 2161 829 831
f 2148 824 828
f 2004 776 780
f 2202 842 846
f 1909 745 747
f 2129 818 820
f 1967 764 767
f 1981 769 771
f 2215 847 849
f 2288 871 875
f 2166 830 834
f 2143 823 825
f 1999 775 777
f 2197 841 843
f 1914 746 750
f 1806 710 714
f 1787 704 707
f 1823 716 719
f 1841 722 725
f 1860 728 732
f 1931 752 755
f 2108 811 814
f 2018 781 784
f 2234 853 857
f 2255 860 862
f 2040 788 792
f 1945 757 759
f 2057 794 796
f 2075 800 803
f 2094 806 810
f 2111 812 815
f 2021 782 785
f 2237 854 856
f 2252 859 863
f 1928 751 754
f 1812 714 712
f 1791 707 705
f 1827 719 717
f 1845 725 723
f 1866 732 730
f 1935 755 753
f 2118 814 816
f 2028 784 786
f 2246 857 858
f 2259 862 861
f 2048 792 791
f 1953 759 761
f 2061 796 795
f 2079 803 801
f 2100 810 808
f 2115 815 813
f 2025 785 783
f 2241 856 855
f 2264 863 864
f 1938 754 756
f 1802 712 709
f 1783 705 703
f 1819 717 715
f 1837 723 721
f 1856 730 727
f 1927 753 751
f 2112 816 812
f 2022 786 782
f 2238 858 854
f 2251 861 859
f 2036 791 787
f 1949 761 758
f 2053 795 793
f 2071 801 799
f 2090 808 805
f 2107 813 811
f 2017 783 781
f 2233 855 853
f 2256 864 860
f 1932 756 752
f 1859 731 728
f 1805 713 710
f 1788 708 704
f 1824 720 716
f 1842 726 722
f 1878 738 734
f 2184 840 836
f 2306 881 877
f 2270 869 865
f 1892 743 739
f 2093 809 806
f 2039 790 788
f 1946 760 757
f 2058 798 794
f 2076 804 800
f 2130 822 818
f 1968 768 764
f 1982 772 769
f 2216 851 847
f 2287 873 871
f 2179 837 835
f 1873 735 733
f 1895 742 740
f 2273 868 866
f 2309 880 878
f 2165 832 830
f 2144 827 823
f 2000 778 775
f 2198 844 841
f 1913 749 746
f 2125 819 817
f 1963 765 763
f 1985 773 770
f 2219 850 848
f 2292 876 872
f 2162 833 829
f 2147 826 824
f 2003 779 776
f 2201 845 842
f 1910 748 745
f 1863 729 731
f 1809 711 713
f 1794 706 708
f 1830 718 720
f 1848 724 726
f 1886 737 738
f 2192 839 840
f 2318 882 881
f 2282 870 869
f 1904 744 743
f 2097 807 809
f 2043 789 790
f 1956 762 760
f 2066 797 798
f 2082 802 804
f 2138 821 822
f 1974 766 768
f 1992 774 772
f 2228 852 851
f 2295 874 873
f 2331 1270 1269
f 2327 1246 1245
f 2328 1251 1252
f 2334 1287 1288
f 2337 1305 1306
f 2346 1335 1336
f 2412 1552 1551
f 2499 1474 1473
f 2487 1600 1599
f 2436 1353 1354
f 2376 1480 1479
f 2372 1402 1401
f 2373 1407 1408
f 2379 1491 1492
f 2382 1503 1504
f 2396 1534 1533
f 2361 1413 1414
f 2418 1443 1444
f 2457 1593 1594
f 2463 1384 1383
f 2492 1324 1323
f 2402 1276 1275
f 2343 1264 1263
f 2433 1300 1299
f 2478 1318 1317
f 2406 1342 1341
f 2502 1563 1564
f 2484 1461 1462
f 2442 1587 1588
f 2349 1348 1347
f 2468 1522 1521
f 2387 1419 1420
f 2358 1396 1395
f 2421 1498 1497
f 2454 1516 1515
f 2472 1558 1557
f 2388 1426 1425
f 2364 1432 1431
f 2426 1569 1570
f 2448 1371 1372
f 2403 1281 1282
f 2342 1257 1258
f 2432 1293 1294
f 2477 1311 1312
f 2493 1329 1330
f 2462 1377 1378
f 2397 1539 1540
f 2367 1450 1449
f 2427 1576 1575
f 2447 1366 1365
f 2391 1485 1486
f 2357 1389 1390
f 2417 1438 1437
f 2453 1509 1510
f 2469 1527 1528
f 2411 1545 1546
f 2498 1467 1468
f 2483 1456 1455
f 2441 1582 1581
f 2352 1360 1359
f 2509 1271 1272
f 2503 1247 1248
f 2506 1254 1253
f 2512 1290 1289
f 2515 1308 1307
f 2518 1338 1337
f 2555 1553 1554
f 2541 1475 1476
f 2562 1601 1602
f 2522 1356 1355
f 2542 1481 1482
f 2528 1403 1404
f 2531 1410 1409
f 2545 1494 1493
f 2548 1506 1505
f 2551 1535 1536
f 2533 1416 1415
f 2537 1446 1445
f 2559 1596 1595
f 2526 1385 1386
f 1616 907 909
f 1608 889 891
f 1606 883 886
f 1612 895 898
f 1615 901 904
f 1624 919 922
f 1692 1057 1060
f 1782 1237 1240
f 1765 1201 1204
f 1714 1099 1102
f 1661 997 999
f 1653 979 981
f 1651 973 976
f 1657 985 988
f 1660 991 994
f 1675 1021 1024
f 1639 949 952
f 1696 1063 1066
f 1733 1135 1138
f 1751 1177 1179
f 1779 1231 1233
f 1683 1039 1041
f 1626 925 927
f 1721 1117 1119
f 1766 1207 1209
f 1689 1051 1053
f 1778 1225 1228
f 1760 1189 1192
f 1718 1105 1108
f 1629 931 933
f 1747 1165 1167
f 1665 1003 1005
f 1641 955 957
f 1704 1081 1083
f 1737 1147 1150
f 1750 1171 1174
f 1676 1027 1029
f 1644 961 963
f 1702 1075 1077
f 1726 1123 1126
f 1681 1033 1036
f 1620 913 915
f 1710 1093 1095
f 1755 1183 1185
f 1771 1213 1216
f 1740 1153 1155
f 1673 1015 1018
f 1647 967 970
f 1707 1087 1090
f 1734 1141 1143
f 1669 1009 1012
f 1635 943 945
f 1698 1069 1071
f 1729 1129 1131
f 1745 1159 1162
f 1687 1045 1047
f 1774 1219 1221
f 1762 1195 1197
f 1720 1111 1114
f 1632 937 940
f 2189 1280 1284
f 1883 1256 1260
f 1903 1292 1296
f 2281 1310 1314
f 2317 1328 1332
f 2173 1376 1380
f 2158 1538 1542
f 2012 1447 1451
f 2210 1573 1577
f 1924 1363 1367
f 2135 1484 1488
f 1973 1388 1392
f 1996 1435 1439
f 2227 1508 1512
f 2304 1526 1530
f 2176 1544 1548
f 2155 1466 1470
f 2014 1453 1457
f 2212 1579 1583
f 1922 1357 1361
f 1864 1268 1270
f 1810 1244 1246
f 1795 1249 1251
f 1831 1285 1287
f 1849 1303 1305
f 1887 1333 1335
f 2193 1550 1552
f 2321 1472 1474
f 2285 1598 1600
f 1907 1351 1353
f 2098 1478 1480
f 2044 1400 1402
f 1961 1405 1407
f 2067 1489 1491
f 2083 1501 1503
f 2139 1532 1534
f 1975 1411 1413
f 1997 1441 1443
f 2231 1591 1593
f 2298 1382 1384
f 2190 1322 1324
f 1884 1274 1276
f 1900 1262 1264
f 2278 1298 1300
f 2314 1316 1318
f 2170 1340 1342
f 2159 1561 1563
f 2015 1459 1461
f 2213 1585 1587
f 1918 1346 1348
f 2136 1520 1522
f 1977 1417 1419
f 1990 1394 1396
f 2224 1496 1498
f 2301 1514 1516
f 2177 1556 1558
f 2152 1424 1426
f 2008 1430 1432
f 2206 1567 1569
f 1925 1369 1371
f 1817 1279 1281
f 1797 1255 1257
f 1833 1291 1293
f 1851 1309 1311
f 1871 1327 1329
f 1941 1375 1377
f 2119 1537 1539
f 2029 1448 1450
f 2247 1574 1576
f 2262 1364 1366
f 2051 1483 1485
f 1954 1387 1389
f 2064 1436 1438
f 2085 1507 1509
f 2105 1525 1527
f 2121 1543 1545
f 2031 1465 1467
f 2244 1454 1456
f 2265 1580 1582
f 1939 1358 1360
f 1814 1267 1271
f 1793 1243 1247
f 1829 1250 1254
f 1847 1286 1290
f 1868 1304 1308
f 1937 1334 1338
f 2124 1549 1553
f 2034 1471 1475
f 2250 1597 1601
f 2261 1352 1356
f 2050 1477 1481
f 1960 1399 1403
f 2063 1406 1410
f 2081 1490 1494
f 2102 1502 1506
f 2117 1531 1535
f 2027 1412 1416
f 2243 1442 1446
f 2268 1592 1596
f 1944 1381 1385
f 1804 890 894
f 1785 884 887
f 1821 896 899
f 1839 902 905
f 1858 908 912
f 1929 938 941
f 2114 1046 1050
f 2024 1220 1224
f 2240 1196 1200
f 2253 1112 1115
f 2038 980 984
f 1951 974 977
f 2055 986 989
f 2073 992 995
f 2092 998 1002
f 2109 1016 1019
f 2019 968 971
f 2235 1088 1091
f 2258 1142 1146
f 1934 1154 1158
f 1861 1214 1217
f 1807 1034 1037
f 1790 914 918
f 1826 1094 1098
f 1844 1184 1188
f 1880 1040 1044
f 2186 1232 1236
f 2308 1208 1212
f 2272 1118 1122
f 1894 926 930
f 2095 1160 1163
f 2041 1010 1013
f 1948 944 948
f 2060 1070 1074
f 2078 1130 1134
f 2132 1166 1170
f 1970 1004 1008
f 1984 956 960
f 2218 1082 1086
f 2289 1148 1151
f 2181 1058 1061
f 1875 920 923
f 1897 1100 1103
f 2275 1202 1205
f 2311 1238 1241
f 2167 1172 1175
f 2146 1028 1032
f 2002 962 966
f 2200 1076 1080
f 1915 1124 1127
f 2127 1022 1025
f 1965 950 953
f 1987 1064 1067
f 2221 1136 1139
f 2294 1178 1182
f 2164 1052 1056
f 2149 1226 1229
f 2005 1190 1193
f 2203 1106 1109
f 1912 932 936
f 1870 1321 1325
f 1816 1273 1277
f 1800 1261 1265
f 1836 1297 1301
f 1854 1315 1319
f 1890 1339 1343
f 2196 1562 1566
f 2320 1460 1464
f 2284 1586 1590
f 1906 1345 1349
f 2104 1519 1523
f 2047 1418 1422
f 1958 1393 1397
f 2070 1495 1499
f 2088 1513 1517
f 2142 1555 1559
f 1980 1423 1427
f 1994 1429 1433
f 2230 1568 1572
f 2297 1370 1374
f 2329 894 892
f 2323 887 885
f 2326 899 897
f 2333 905 903
f 2336 912 910
f 2345 941 939
f 2409 1050 1048
f 2496 1224 1222
f 2485 1200 1198
f 2435 1115 1113
f 2374 984 982
f 2368 977 975
f 2371 989 987
f 2378 995 993
f 2381 1002 1000
f 2392 1019 1017
f 2360 971 969
f 2416 1091 1089
f 2456 1146 1144
f 2460 1158 1156
f 2488 1217 1215
f 2398 1037 1035
f 2340 918 916
f 2430 1098 1096
f 2475 1188 1186
f 2404 1044 1042
f 2501 1236 1234
f 2482 1212 1210
f 2440 1122 1120
f 2347 930 928
f 2464 1163 1161
f 2384 1013 1011
f 2355 948 946
f 2419 1074 1072
f 2451 1134 1132
f 2470 1170 1168
f 2385 1008 1006
f 2362 960 958
f 2423 1086 1084
f 2446 1151 1149
f 2401 1061 1059
f 2339 923 921
f 2429 1103 1101
f 2474 1205 1203
f 2491 1241 1239
f 2459 1175 1173
f 2395 1032 1030
f 2365 966 964
f 2424 1080 1078
f 2443 1127 1125
f 2390 1025 1023
f 2354 953 951
f 2413 1067 1065
f 2450 1139 1137
f 2467 1182 1180
f 2408 1056 1054
f 2495 1229 1227
f 2479 1193 1191
f 2437 1109 1107
f 2350 936 934
f 2511 1325 1326
f 2505 1277 1278
f 2507 1265 1266
f 2513 1301 1302
f 2516 1319 1320
f 2519 1343 1344
f 2556 1566 1565
f 2540 1464 1463
f 2561 1590 1589
f 2521 1349 1350
f 2544 1523 1524
f 2529 1422 1421
f 2530 1397 1398
f 2546 1499 1500
f 2549 1517 1518
f 2553 1559 1560
f 2534 1427 1428
f 2536 1433 1434
f 2557 1572 1571
f 2525 1374 1373
f 1609 892 889
f 1605 885 883
f 1611 897 895
f 1614 903 901
f 1617 910 907
f 1631 939 937
f 1688 1048 1045
f 1775 1222 1219
f 1763 1198 1195
f 1719 1113 1111
f 1654 982 979
f 1650 975 973
f 1656 987 985
f 1659 993 991
f 1662 1000 997
f 1672 1017 1015
f 1646 969 967
f 1706 1089 1087
f 1735 1144 1141
f 1741 1156 1153
f 1770 1215 1213
f 1680 1035 1033
f 1621 916 913
f 1711 1096 1093
f 1756 1186 1183
f 1684 1042 1039
f 1780 1234 1231
f 1767 1210 1207
f 1722 1120 1117
f 1627 928 925
f 1744 1161 1159
f 1668 1011 1009
f 1636 946 943
f 1699 1072 1069
f 1730 1132 1129
f 1748 1168 1165
f 1666 1006 1003
f 1642 958 955
f 1705 1084 1081
f 1736 1149 1147
f 1691 1059 1057
f 1623 921 919
f 1713 1101 1099
f 1764 1203 1201
f 1781 1239 1237
f 1749 1173 1171
f 1677 1030 1027
f 1645 964 961
f 1703 1078 1075
f 1725 1125 1123
f 1674 1023 1021
f 1638 951 949
f 1695 1065 1063
f 1732 1137 1135
f 1752 1180 1177
f 1690 1054 1051
f 1777 1227 1225
f 1759 1191 1189
f 1717 1107 1105
f 1630 934 931
f 2191 1326 1322
f 1885 1278 1274
f 1901 1266 1262
f 2279 1302 1298
f 2315 1320 1316
f 2171 1344 1340
f 2160 1565 1561
f 2016 1463 1459
f 2214 1589 1585
f 1919 1350 1346
f 2137 1524 1520
f 1978 1421 1417
f 1991 1398 1394
f 2225 1500 1496
f 2302 1518 1514
f 2178 1560 1556
f 2153 1428 1424
f 2009 1434 1430
f 2207 1571 1567
f 1926 1373 1369
f 1857 911 908
f 1803 893 890
f 1786 888 884
f 1822 900 896
f 1840 906 902
f 1876 924 920
f 2182 1062 1058
f 2312 1242 1238
f 2276 1206 1202
f 1898 1104 1100
f 2091 1001 998
f 2037 983 980
f 1952 978 974
f 2056 990 986
f 2074 996 992
f 2128 1026 1022
f 1966 954 950
f 1988 1068 1064
f 2222 1140 1136
f 2293 1181 1178
f 2185 1235 1232
f 1879 1043 1040
f 1893 929 926
f 2271 1121 1118
f 2307 1211 1208
f 2163 1055 1052
f 2150 1230 1226
f 2006 1194 1190
f 2204 1110 1106
f 1911 935 932
f 2131 1169 1166
f 1969 1007 1004
f 1983 959 956
f 2217 1085 1082
f 2290 1152 1148
f 2168 1176 1172
f 2145 1031 1028
f 2001 965 962
f 2199 1079 1076
f 1916 1128 1124
f 1808 1038 1034
f 1789 917 914
f 1825 1097 1094
f 1843 1187 1184
f 1862 1218 1214
f 1933 1157 1154
f 2110 1020 1016
f 2020 972 968
f 2236 1092 1088
f 2257 1145 1142
f 2042 1014 1010
f 1947 947 944
f 2059 1073 1070
f 2077 1133 1130
f 2096 1164 1160
f 2113 1049 1046
f 2023 1223 1220
f 2239 1199 1196
f 2254 1116 1112
f 1930 942 938
f 1818 1283 1279
f 1798 1259 1255
f 1834 1295 1291
f 1852 1313 1309
f 1872 1331 1327
f 1942 1379 1375
f 2120 1541 1537
f 2030 1452 1448
f 2248 1578 1574
f 2263 1368 1364
f 2052 1487 1483
f 1955 1391 1387
f 2065 1440 1436
f 2086 1511 1507
f 2106 1529 1525
f 2122 1547 1543
f 2032 1469 1465
f 2245 1458 1454
f 2266 1584 1580
f 1940 1362 1358
f 1813 1269 1267
f 1792 1245 1243
f 1828 1252 1250
f 1846 1288 1286
f 1867 1306 1304
f 1936 1336 1334
f 2123 1551 1549
f 2033 1473 1471
f 2249 1599 1597
f 2260 1354 1352
f 2049 1479 1477
f 1959 1401 1399
f 2062 1408 1406
f 2080 1492 1490
f 2101 1504 1502
f 2116 1533 1531
f 2026 1414 1412
f 2242 1444 1442
f 2267 1594 1592
f 1943 1383 1381
f 1869 1323 1321
f 1815 1275 1273
f 1799 1263 1261
f 1835 1299 1297
f 1853 1317 1315
f 1889 1341 1339
f 2195 1564 1562
f 2319 1462 1460
f 2283 1588 1586
f 1905 1347 1345
f 2103 1521 1519
f 2046 1420 1418
f 1957 1395 1393
f 2069 1497 1495
f 2087 1515 1513
f 2141 1557 1555
f 1979 1425 1423
f 1993 1431 1429
f 2229 1570 1568
f 2296 1372 1370
f 2188 1282 1280
f 1882 1258 1256
f 1902 1294 1292
f 2280 1312 1310
f 2316 1330 1328
f 2172 1378 1376
f 2157 1540 1538
f 2011 1449 1447
f 2209 1575 1573
f 1923 1365 1363
f 2134 1486 1484
f 1972 1390 1388
f 1995 1437 1435
f 2226 1510 1508
f 2303 1528 1526
f 2175 1546 1544
f 2154 1468 1466
f 2013 1455 1453
f 2211 1581 1579
f 1921 1359 1357
f 1865 1272 1268
f 1811 1248 1244
f 1796 1253 1249
f 1832 1289 1285
f 1850 1307 1303
f 1888 1337 1333
f 2194 1554 1550
f 2322 1476 1472
f 2286 1602 1598
f 1908 1355 1351
f 2099 1482 1478
f 2045 1404 1400
f 1962 1409 1405
f 2068 1493 1489
f 2084 1505 1501
f 2140 1536 1532
f 1976 1415 1411
f 1998 1445 1441
f 2232 1595 1591
f 2299 1386 1382
f 2330 909 911
f 2324 891 893
f 2325 886 888
f 2332 898 900
f 2335 904 906
f 2344 922 924
f 2410 1060 1062
f 2497 1240 1242
f 2486 1204 1206
f 2434 1102 1104
f 2375 999 1001
f 2369 981 983
f 2370 976 978
f 2377 988 990
f 2380 994 996
f 2393 1024 1026
f 2359 952 954
f 2415 1066 1068
f 2455 1138 1140
f 2461 1179 1181
f 2489 1233 1235
f 2399 1041 1043
f 2341 927 929
f 2431 1119 1121
f 2476 1209 1211
f 2405 1053 1055
f 2500 1228 1230
f 2481 1192 1194
f 2439 1108 1110
f 2348 933 935
f 2465 1167 1169
f 2383 1005 1007
f 2356 957 959
f 2420 1083 1085
f 2452 1150 1152
f 2471 1174 1176
f 2386 1029 1031
f 2363 963 965
f 2422 1077 1079
f 2445 1126 1128
f 2400 1036 1038
f 2338 915 917
f 2428 1095 1097
f 2473 1185 1187
f 2490 1216 1218
f 2458 1155 1157
f 2394 1018 1020
f 2366 970 972
f 2425 1090 1092
f 2444 1143 1145
f 2389 1012 1014
f 2353 945 947
f 2414 1071 1073
f 2449 1131 1133
f 2466 1162 1164
f 2407 1047 1049
f 2494 1221 1223
f 2480 1197 1199
f 2438 1114 1116
f 2351 940 942
f 2510 1284 1283
f 2504 1260 1259
f 2508 1296 1295
f 2514 1314 1313
f 2517 1332 1331
f 2520 1380 1379
f 2554 1542 1541
f 2539 1451 1452
f 2560 1577 1578
f 2523 1367 1368
f 2543 1488 1487
f 2527 1392 1391
f 2532 1439 1440
f 2547 1512 1511
f 2550 1530 1529
f 2552 1548 1547
f 2535 1470 1469
f 2538 1457 1458
f 2558 1583 1584
f 2524 1361 1362
f 1607 1616 1609
f 1603 1608 1605
f 1604 1606 1611
f 1610 1612 1614
f 1613 1615 1617
f 1622 1624 1631
f 1686 1692 1688
f 1773 1782 1775
f 1761 1765 1763
f 1712 1714 1719
f 1652 1661 1654
f 1648 1653 1650
f 1649 1651 1656
f 1655 1657 1659
f 1658 1660 1662
f 1670 1675 1672
f 1637 1639 1646
f 1694 1696 1706
f 1731 1733 1735
f 1739 1751 1741
f 1768 1779 1770
f 1678 1683 1680
f 1619 1626 1621
f 1709 1721 1711
f 1754 1766 1756
f 1682 1689 1684
f 1776 1778 1780
f 1758 1760 1767
f 1716 1718 1722
f 1625 1629 1627
f 1742 1747 1744
f 1663 1665 1668
f 1634 1641 1636
f 1697 1704 1699
f 1728 1737 1730
f 1746 1750 1748
f 1664 1676 1666
f 1640 1644 1642
f 1700 1702 1705
f 1724 1726 1736
f 1679 1681 1691
f 1618 1620 1623
f 1708 1710 1713
f 1753 1755 1764
f 1769 1771 1781
f 1738 1740 1749
f 1671 1673 1677
f 1643 1647 1645
f 1701 1707 1703
f 1723 1734 1725
f 1667 1669 1674
f 1633 1635 1638
f 1693 1698 1695
f 1727 1729 1732
f 1743 1745 1752
f 1685 1687 1690
f 1772 1774 1777
f 1757 1762 1759
f 1715 1720 1717
f 1628 1632 1630
f 2187 2189 2191
f 1881 1883 1885
f 1899 1903 1901
f 2277 2281 2279
f 2313 2317 2315
f 2169 2173 2171
f 2156 2158 2160
f 2010 2012 2016
f 2208 2210 2214
f 1917 1924 1919
f 2133 2135 2137
f 1971 1973 1978
f 1989 1996 1991
f 2223 2227 2225
f 2300 2304 2302
f 2174 2176 2178
f 2151 2155 2153
f 2007 2014 2009
f 2205 2212 2207
f 1920 1922 1926
f 1855 1864 1857
f 1801 1810 1803
f 1784 1795 1786
f 1820 1831 1822
f 1838 1849 1840
f 1874 1887 1876
f 2180 2193 2182
f 2310 2321 2312
f 2274 2285 2276
f 1896 1907 1898
f 2089 2098 2091
f 2035 2044 2037
f 1950 1961 1952
f 2054 2067 2056
f 2072 2083 2074
f 2126 2139 2128
f 1964 1975 1966
f 1986 1997 1988
f 2220 2231 2222
f 2291 2298 2293
f 2183 2190 2185
f 1877 1884 1879
f 1891 1900 1893
f 2269 2278 2271
f 2305 2314 2307
f 2161 2170 2163
f 2148 2159 2150
f 2004 2015 2006
f 2202 2213 2204
f 1909 1918 1911
f 2129 2136 2131
f 1967 1977 1969
f 1981 1990 1983
f 2215 2224 2217
f 2288 2301 2290
f 2166 2177 2168
f 2143 2152 2145
f 1999 2008 2001
f 2197 2206 2199
f 1914 1925 1916
f 1806 1817 1808
f 1787 1797 1789
f 1823 1833 1825
f 1841 1851 1843
f 1860 1871 1862
f 1931 1941 1933
f 2108 2119 2110
f 2018 2029 2020
f 2234 2247 2236
f 2255 2262 2257
f 2040 2051 2042
f 1945 1954 1947
f 2057 2064 2059
f 2075 2085 2077
f 2094 2105 2096
f 2111 2121 2113
f 2021 2031 2023
f 2237 2244 2239
f 2252 2265 2254
f 1928 1939 1930
f 1812 1814 1818
f 1791 1793 1798
f 1827 1829 1834
f 1845 1847 1852
f 1866 1868 1872
f 1935 1937 1942
f 2118 2124 2120
f 2028 2034 2030
f 2246 2250 2248
f 2259 2261 2263
f 2048 2050 2052
f 1953 1960 1955
f 2061 2063 2065
f 2079 2081 2086
f 2100 2102 2106
f 2115 2117 2122
f 2025 2027 2032
f 2241 2243 2245
f 2264 2268 2266
f 1938 1944 1940
f 1802 1804 1813
f 1783 1785 1792
f 1819 1821 1828
f 1837 1839 1846
f 1856 1858 1867
f 1927 1929 1936
f 2112 2114 2123
f 2022 2024 2033
f 2238 2240 2249
f 2251 2253 2260
f 2036 2038 2049
f 1949 1951 1959
f 2053 2055 2062
f 2071 2073 2080
f 2090 2092 2101
f 2107 2109 2116
f 2017 2019 2026
f 2233 2235 2242
f 2256 2258 2267
f 1932 1934 1943
f 1859 1861 1869
f 1805 1807 1815
f 1788 1790 1799
f 1824 1826 1835
f 1842 1844 1853
f 1878 1880 1889
f 2184 2186 2195
f 2306 2308 2319
f 2270 2272 2283
f 1892 1894 1905
f 2093 2095 2103
f 2039 2041 2046
f 1946 1948 1957
f 2058 2060 2069
f 2076 2078 2087
f 2130 2132 2141
f 1968 1970 1979
f 1982 1984 1993
f 2216 2218 2229
f 2287 2289 2296
f 2179 2181 2188
f 1873 1875 1882
f 1895 1897 1902
f 2273 2275 2280
f 2309 2311 2316
f 2165 2167 2172
f 2144 2146 2157
f 2000 2002 2011
f 2198 2200 2209
f 1913 1915 1923
f 2125 2127 2134
f 1963 1965 1972
f 1985 1987 1995
f 2219 2221 2226
f 2292 2294 2303
f 2162 2164 2175
f 2147 2149 2154
f 2003 2005 2013
f 2201 2203 2211
f 1910 1912 1921
f 1863 1870 1865
f 1809 1816 1811
f 1794 1800 1796
f 1830 1836 1832
f 1848 1854 1850
f 1886 1890 1888
f 2192 2196 2194
f 2318 2320 2322
f 2282 2284 2286
f 1904 1906 1908
f 2097 2104 2099
f 2043 2047 2045
f 1956 1958 1962
f 2066 2070 2068
f 2082 2088 2084
f 2138 2142 2140
f 1974 1980 1976
f 1992 1994 1998
f 2228 2230 2232
f 2295 2297 2299
f 2331 2329 2330
f 2327 2323 2324
f 2328 2326 2325
f 2334 2333 2332
f 2337 2336 2335
f 2346 2345 2344
f 2412 2409 2410
f 2499 2496 2497
f 2487 2485 2486
f 2436 2435 2434
f 2376 2374 2375
f 2372 2368 2369
f 2373 2371 2370
f 2379 2378 2377
f 2382 2381 2380
f 2396 2392 2393
f 2361 2360 2359
f 2418 2416 2415
f 2457 2456 2455
f 2463 2460 2461
f 2492 2488 2489
f 2402 2398 2399
f 2343 2340 2341
f 2433 2430 2431
f 2478 2475 2476
f 2406 2404 2405
f 2502 2501 2500
f 2484 2482 2481
f 2442 2440 2439
f 2349 2347 2348
f 2468 2464 2465
f 2387 2384 2383
f 2358 2355 2356
f 2421 2419 2420
f 2454 2451 2452
f 2472 2470 2471
f 2388 2385 2386
f 2364 2362 2363
f 2426 2423 2422
f 2448 2446 2445
f 2403 2401 2400
f 2342 2339 2338
f 2432 2429 2428
f 2477 2474 2473
f 2493 2491 2490
f 2462 2459 2458
f 2397 2395 2394
f 2367 2365 2366
f 2427 2424 2425
f 2447 2443 2444
f 2391 2390 2389
f 2357 2354 2353
f 2417 2413 2414
f 2453 2450 2449
f 2469 2467 2466
f 2411 2408 2407
f 2498 2495 2494
f 2483 2479 2480
f 2441 2437 2438
f 2352 2350 2351
f 2509 2511 2510
f 2503 2505 2504
f 2506 2507 2508
f 2512 2513 2514
f 2515 2516 2517
f 2518 2519 2520
f 2555 2556 2554
f 2541 2540 2539
f 2562 2561 2560
f 2522 2521 2523
f 2542 2544 2543
f 2528 2529 2527
f 2531 2530 2532
f 2545 2546 2547
f 2548 2549 2550
f 2551 2553 2552
f 2533 2534 2535
f 2537 2536 2538
f 2559 2557 2558
f 2526 2525 2524