v -0.176395 0.349370 -0.201956
v 0.173494 0.349239 -0.199450
v -0.364862 -0.630367 0.020546
v 0.363580 -0.632574 0.022362
v 0.002850 -0.494588 0.860641
v 0.000750 0.142903 0.416530
v -0.000084 -0.172050 -0.486513
v 0.001090 0.493224 -0.866627
v 0.331892 0.066778 -0.281004
v 0.375259 -0.038233 0.293306
v -0.331423 0.065833 -0.284226
v -0.375178 -0.036488 0.293477
v -0.002600 0.529531 -0.193546
v -0.120666 0.244358 0.060676
v -0.248418 0.789013 -0.530363
v -0.283854 0.265460 -0.281477
v -0.284441 0.117223 0.071208
v 0.119423 0.242676 0.059087
v 0.248426 0.787161 -0.528506
v 0.283745 0.264773 -0.281872
v 0.286287 0.115614 0.070613
v 0.001504 -0.657385 0.020288
v -0.304504 -0.854951 0.553109
v -0.240606 -0.552379 -0.365171
v -0.417643 -0.213603 -0.152753
v -0.417412 -0.277886 0.233908
v 0.275082 -0.825279 0.552739
v 0.239557 -0.553493 -0.363219
v 0.421074 -0.212896 -0.154457
v 0.416177 -0.281604 0.235425
v 0.000992 -0.001353 0.843546
v 0.380157 -0.250740 0.672131
v -0.380921 -0.253247 0.674187
v 0.254523 0.070765 0.447824
v -0.253377 0.071007 0.447565
v -0.001534 0.000373 -0.775555
v 0.216223 -0.029995 -0.401690
v -0.213473 -0.030963 -0.400555
v 0.372896 0.254203 -0.725468
v -0.370019 0.252099 -0.724975
v 0.365381 0.003729 0.002511
v -0.365442 0.007812 0.001726
v -0.120047 0.466952 -0.183652
v -0.142950 0.261860 -0.118881
v -0.223603 0.562567 -0.312397
v -0.233306 0.336711 -0.244028
v -0.218412 0.215138 -0.094570
v 0.110346 0.460151 -0.200698
v 0.139705 0.263907 -0.119101
v 0.219003 0.561789 -0.307743
v 0.229870 0.337710 -0.234281
v 0.214935 0.217090 -0.093515
v -0.201650 -0.725146 0.016507
v -0.286028 -0.636198 0.255334
v -0.423015 -0.854688 -0.227040
v -0.445249 -0.462781 -0.087630
v -0.399285 -0.455041 0.139292
v 0.199418 -0.725300 0.015126
v 0.284000 -0.633322 0.253865
v 0.423762 -0.853536 -0.226290
v 0.442179 -0.463509 -0.084120
v 0.399786 -0.452132 0.138360
v -0.180310 -0.721045 0.841943
v 0.162538 -0.741394 0.830968
v 0.000324 -0.267558 0.932981
v 0.241943 -0.416334 0.844874
v -0.238343 -0.414020 0.847304
v -0.063886 0.179489 0.254139
v 0.062385 0.180480 0.253785
v -0.000332 0.131235 0.621051
v 0.123129 0.128956 0.458835
v -0.122150 0.128261 0.457913
v -0.093192 -0.330118 -0.443457
v 0.091445 -0.331600 -0.443521
v -0.000071 0.001298 -0.535791
v 0.107164 -0.103409 -0.460880
v -0.108628 -0.102814 -0.461967
v -0.152755 0.698197 -0.770576
v 0.155307 0.697581 -0.768354
v -0.000653 0.228336 -0.942244
v 0.234145 0.397750 -0.896957
v -0.235508 0.398560 -0.896903
v 0.325790 0.154375 -0.293163
v 0.348943 -0.037536 -0.202233
v 0.301586 0.018853 -0.349644
v 0.335615 0.143765 -0.448120
v 0.349170 0.040653 -0.150437
v 0.338784 0.031887 0.204115
v 0.405410 -0.132292 0.283897
v 0.390635 -0.115832 0.447512
v 0.336909 0.001833 0.376755
v 0.375359 -0.022237 0.159998
v -0.326607 0.153830 -0.293519
v -0.347768 -0.036638 -0.204767
v -0.302609 0.019059 -0.355278
v -0.332678 0.144132 -0.452110
v -0.348377 0.041815 -0.152235
v -0.336916 0.033450 0.205124
v -0.406335 -0.127471 0.282511
v -0.389661 -0.114744 0.448478
v -0.337757 0.004830 0.376390
v -0.374313 -0.020097 0.158517
v -0.047903 0.300897 -0.147298
v -0.106666 0.723571 -0.346096
v 0.045005 0.301648 -0.144714
v 0.101373 0.726975 -0.345968
v -0.218885 0.186202 0.076766
v -0.001602 0.245957 0.041982
v -0.187910 0.149749 0.263003
v -0.399768 0.576920 -0.404625
v 0.000363 0.854232 -0.571387
v -0.338048 0.550014 -0.668605
v -0.273783 0.167396 -0.103236
v -0.332115 0.331426 -0.479222
v -0.328092 0.111904 -0.125150
v -0.282676 0.089663 0.249412
v -0.332651 0.064303 0.042898
v 0.217922 0.185319 0.076456
v 0.186595 0.151407 0.262070
v 0.397095 0.576479 -0.404630
v 0.336224 0.552408 -0.667801
v 0.275705 0.165281 -0.101344
v 0.333691 0.331294 -0.477737
v 0.327973 0.109645 -0.124835
v 0.282089 0.090310 0.250006
v 0.330971 0.062945 0.040864
v -0.104498 -0.682843 0.307937
v -0.106884 -0.709689 -0.231570
v 0.107323 -0.684163 0.307800
v 0.109003 -0.710154 -0.235291
v -0.373572 -0.503407 0.405452
v -0.003922 -0.694153 0.589132
v -0.394117 -0.570914 0.692321
v -0.407660 -0.412567 -0.290771
v 0.001193 -0.526086 -0.351231
v -0.250476 -0.253979 -0.386464
v -0.441445 -0.247795 0.028163
v -0.333005 -0.138308 -0.296621
v -0.394505 -0.079343 -0.056665
v -0.408063 -0.301230 0.457162
v -0.409630 -0.108176 0.106879
v 0.373466 -0.504870 0.404583
v 0.394433 -0.580883 0.689104
v 0.410154 -0.416105 -0.292114
v 0.250120 -0.256233 -0.387626
v 0.441332 -0.250609 0.028013
v 0.333977 -0.139648 -0.293345
v 0.396428 -0.078299 -0.055007
v 0.407406 -0.299694 0.456340
v 0.410743 -0.111145 0.108689
v 0.239761 -0.122864 0.832582
v -0.238955 -0.125251 0.832966
v 0.184790 0.066687 0.674318
v -0.181993 0.065198 0.674464
v 0.325292 -0.044340 0.594913
v -0.326897 -0.042216 0.594500
v 0.140486 0.015946 -0.593316
v -0.141633 0.018352 -0.593941
v 0.255012 0.072030 -0.883404
v -0.255012 0.074583 -0.884435
v 0.287966 0.066680 -0.576388
v -0.288063 0.068355 -0.576748
v -0.155741 0.403777 -0.197284
v -0.157231 0.305050 -0.170783
v -0.192532 0.437756 -0.242115
v -0.202863 0.345640 -0.221113
v -0.188003 0.277044 -0.168515
v 0.148688 0.400412 -0.205388
v 0.153187 0.304621 -0.167197
v 0.189264 0.438042 -0.236801
v 0.201932 0.347462 -0.213375
v 0.184643 0.275649 -0.164191
v -0.303818 -0.701256 0.021400
v -0.323075 -0.614011 0.109830
v -0.400299 -0.737165 -0.058083
v -0.415290 -0.575261 -0.031978
v -0.382380 -0.545557 0.075213
v 0.299959 -0.699956 0.019467
v 0.322710 -0.613830 0.107780
v 0.397892 -0.737711 -0.055068
v 0.412542 -0.575962 -0.028951
v 0.383258 -0.545029 0.076461
v -0.075411 -0.574228 0.846425
v 0.076347 -0.577427 0.844270
v 0.003887 -0.394296 0.887193
v 0.115852 -0.467185 0.863740
v -0.109626 -0.462958 0.864795
v -0.029212 0.152237 0.344062
v 0.031224 0.151738 0.346025
v 0.000945 0.140393 0.506221
v 0.053467 0.138796 0.440545
v -0.053279 0.139399 0.439715
v -0.037069 -0.242437 -0.474463
v 0.035590 -0.242036 -0.475270
v -0.000836 -0.085080 -0.498768
v 0.050306 -0.142802 -0.482890
v -0.051865 -0.142828 -0.481481
v -0.065333 0.584413 -0.825775
v 0.064961 0.585171 -0.825921
v 0.001177 0.377982 -0.913862
v 0.106000 0.454412 -0.882580
v -0.104376 0.453516 -0.882973
v 0.333177 0.104777 -0.287328
v 0.332516 0.022058 -0.240975
v 0.322640 0.045777 -0.312556
v 0.330660 0.099060 -0.349445
v 0.337768 0.056105 -0.221700
v 0.357108 -0.003954 0.256586
v 0.390697 -0.076254 0.292842
v 0.384588 -0.069552 0.356258
v 0.360856 -0.022557 0.331975
v 0.377971 -0.031583 0.233797
v -0.336508 0.105160 -0.288898
v -0.331262 0.022964 -0.244081
v -0.322972 0.045735 -0.317053
v -0.330956 0.100208 -0.352942
v -0.336781 0.056805 -0.224654
v -0.356103 -0.003247 0.255167
v -0.391148 -0.074297 0.291593
v -0.381177 -0.067678 0.358293
v -0.360493 -0.022986 0.332868
v -0.375886 -0.030723 0.231224
v -0.063585 0.506723 -0.196960
v 0.058143 0.518491 -0.180029
v -0.028565 0.404476 -0.173239
v -0.042190 0.639048 -0.251327
v 0.024110 0.407207 -0.167189
v 0.033926 0.641430 -0.251246
v -0.132969 0.246448 -0.039232
v -0.095046 0.216765 0.157988
v -0.079548 0.256503 -0.055559
v -0.178323 0.224197 0.069370
v -0.059987 0.247499 0.046126
v -0.158021 0.205291 0.166135
v -0.272689 0.698069 -0.410228
v -0.224347 0.769775 -0.662874
v -0.202651 0.825646 -0.449950
v -0.508394 0.763007 -0.480609
v -0.227619 0.971402 -0.587394
v -0.343367 0.697455 -0.614272
v -0.257400 0.309292 -0.265333
v -0.306059 0.207202 -0.292039
v -0.296641 0.404446 -0.352943
v -0.271613 0.207938 -0.194418
v -0.310445 0.315327 -0.374594
v -0.298388 0.173084 -0.204451
v -0.251887 0.164527 -0.011190
v -0.312519 0.074496 0.142503
v -0.256800 0.150403 0.076510
v -0.280075 0.135392 -0.016593
v -0.286777 0.102654 0.158996
v -0.309801 0.089817 0.058832
v 0.130447 0.245194 -0.038093
v 0.094850 0.217542 0.156656
v 0.076679 0.258377 -0.055355
v 0.057270 0.246330 0.047881
v 0.177264 0.224251 0.069447
v 0.158226 0.207673 0.166192
v 0.270415 0.699088 -0.409237
v 0.224049 0.771292 -0.659109
v 0.203236 0.821592 -0.448213
v 0.226712 0.970791 -0.586543
v 0.506362 0.764237 -0.481843
v 0.338146 0.699314 -0.608116
v 0.253991 0.310487 -0.263954
v 0.307692 0.207855 -0.292570
v 0.291211 0.402868 -0.354169
v 0.270797 0.210854 -0.191889
v 0.308670 0.315604 -0.374280
v 0.300396 0.175614 -0.202984
v 0.251199 0.165032 -0.009639
v 0.311876 0.072615 0.143156
v 0.254133 0.149702 0.077134
v 0.281184 0.135784 -0.014209
v 0.286042 0.101917 0.156947
v 0.311107 0.088428 0.058198
v -0.103867 -0.681432 0.015211
v 0.104455 -0.679514 0.015277
v -0.053390 -0.669558 0.159691
v -0.058033 -0.651842 -0.109225
v 0.053150 -0.669153 0.158866
v 0.060776 -0.652717 -0.109924
v -0.258638 -0.663955 0.441214
v -0.284711 -0.949036 0.767499
v -0.166558 -0.708119 0.470834
v -0.339894 -0.645722 0.504349
v -0.141670 -0.850344 0.596813
v -0.389872 -0.760006 0.660544
v -0.347684 -0.736515 -0.363186
v -0.158983 -0.425472 -0.395224
v -0.180542 -0.688509 -0.334241
v -0.351200 -0.511875 -0.348251
v -0.115914 -0.536418 -0.355168
v -0.254476 -0.398157 -0.378580
v -0.440267 -0.333149 -0.125736
v -0.382787 -0.115112 -0.178103
v -0.415948 -0.308214 -0.219014
v -0.442607 -0.231387 -0.066804
v -0.385714 -0.182109 -0.233048
v -0.411674 -0.135264 -0.100263
v -0.414415 -0.363376 0.193647
v -0.415647 -0.199763 0.262915
v -0.402412 -0.383626 0.315767
v -0.429106 -0.263129 0.127899
v -0.413042 -0.292074 0.345320
v -0.419324 -0.184836 0.165524
v 0.259458 -0.661708 0.438928
v 0.227326 -0.974817 0.745985
v 0.172858 -0.706113 0.467191
v 0.137140 -0.826464 0.573425
v 0.334917 -0.649124 0.498187
v 0.385575 -0.789640 0.654449
v 0.350223 -0.741641 -0.362829
v 0.159978 -0.427921 -0.393237
v 0.185003 -0.692360 -0.332988
v 0.118898 -0.540443 -0.356627
v 0.354764 -0.514457 -0.347886
v 0.256458 -0.400584 -0.379287
v 0.439948 -0.335622 -0.126083
v 0.386260 -0.116412 -0.176599
v 0.417710 -0.309186 -0.218037
v 0.438303 -0.233746 -0.064416
v 0.386482 -0.182931 -0.232186
v 0.412307 -0.138362 -0.098822
v 0.413884 -0.362424 0.192383
v 0.417908 -0.195112 0.264455
v 0.400932 -0.382777 0.313903
v 0.428566 -0.263926 0.127981
v 0.412178 -0.293685 0.346680
v 0.421754 -0.188585 0.168501
v 0.000469 -0.131953 0.941194
v -0.000448 0.085470 0.736382
v 0.120598 -0.064470 0.862147
v -0.121025 -0.063881 0.861186
v 0.108151 0.042882 0.774330
v -0.106414 0.043765 0.774253
v 0.332615 -0.337469 0.779490
v 0.391313 -0.176377 0.556103
v 0.383478 -0.397472 0.683243
v 0.401507 -0.289297 0.568272
v 0.331044 -0.189700 0.766658
v 0.364395 -0.130666 0.648161
v -0.330747 -0.337484 0.779610
v -0.394286 -0.176331 0.558836
v -0.380840 -0.397131 0.686158
v -0.399289 -0.287272 0.569236
v -0.332207 -0.191150 0.767440
v -0.363210 -0.132304 0.646837
v 0.191459 0.103172 0.461633
v 0.301238 0.033304 0.417426
v 0.220095 0.109138 0.357167
v 0.271185 0.078806 0.345289
v 0.226872 0.067817 0.557054
v 0.287122 0.022357 0.526520
v -0.190989 0.103659 0.461671
v -0.301039 0.035183 0.419357
v -0.220604 0.108046 0.360357
v -0.271216 0.079775 0.345572
v -0.227160 0.067052 0.558789
v -0.287967 0.022824 0.525200
v -0.000732 0.007747 -0.638947
v -0.001264 0.086012 -0.889993
v 0.085895 0.006075 -0.693735
v -0.088886 0.006032 -0.694847
v 0.118905 0.024914 -0.840494
v -0.121035 0.023480 -0.842579
v 0.162564 -0.063015 -0.430566
v 0.265585 -0.006009 -0.378366
v 0.228469 -0.131164 -0.386395
v 0.271380 -0.087459 -0.345470
v 0.176529 0.005667 -0.488841
v 0.242029 0.020504 -0.479347
v -0.160751 -0.061997 -0.430952
v -0.265773 -0.007120 -0.379873
v -0.226537 -0.131164 -0.386613
v -0.269083 -0.085711 -0.345362
v -0.176565 0.006764 -0.489637
v -0.243932 0.023726 -0.482918
v 0.344989 0.326025 -0.856079
v 0.349271 0.193573 -0.574017
v 0.347764 0.399200 -0.708760
v 0.349594 0.309261 -0.591614
v 0.369595 0.157514 -0.858485
v 0.344671 0.133725 -0.670031
v -0.345461 0.326323 -0.860382
v -0.346569 0.194412 -0.575834
v -0.346057 0.398378 -0.708239
v -0.348362 0.308619 -0.592331
v -0.368137 0.158317 -0.861163
v -0.340608 0.135763 -0.675146
v 0.358242 0.023759 -0.074842
v 0.371287 -0.009564 0.083415
v 0.346877 0.056885 -0.054709
v 0.351690 0.036185 0.024054
v 0.378682 -0.032231 -0.022458
v 0.388091 -0.048023 0.055708
v -0.359671 0.024063 -0.074844
v -0.370751 -0.008757 0.081143
v -0.347603 0.057980 -0.057358
v -0.350240 0.037862 0.024355
v -0.379871 -0.029306 -0.022089
v -0.387286 -0.043618 0.055592
v -0.121722 0.345592 -0.168490
v -0.164155 0.521203 -0.245417
v -0.078074 0.382213 -0.170447
v -0.111476 0.591964 -0.249739
v -0.183483 0.241734 -0.102903
v -0.097041 0.282758 -0.134866
v -0.179962 0.225719 -0.023711
v -0.236504 0.453475 -0.285232
v -0.178774 0.654368 -0.335714
v -0.319717 0.590060 -0.366224
v -0.216606 0.259244 -0.173311
v -0.277092 0.450175 -0.320946
v -0.244962 0.238693 -0.181146
v -0.218933 0.194945 -0.012256
v -0.246227 0.191943 -0.096218
v 0.116991 0.346283 -0.170485
v 0.156100 0.519053 -0.253766
v 0.075367 0.384678 -0.164368
v 0.105220 0.589838 -0.256550
v 0.180350 0.239127 -0.100754
v 0.093645 0.284239 -0.133850
v 0.179454 0.224529 -0.022030
v 0.238840 0.457730 -0.265976
v 0.172442 0.655916 -0.336334
v 0.316878 0.590295 -0.362496
v 0.212626 0.257434 -0.167718
v 0.273842 0.450890 -0.317142
v 0.241218 0.237559 -0.178497
v 0.217880 0.196472 -0.012694
v 0.245595 0.190258 -0.094507
v -0.242325 -0.663439 0.129742
v -0.279560 -0.925016 -0.048876
v -0.150717 -0.676062 0.149795
v -0.140162 -0.799312 -0.106956
v -0.350938 -0.548043 0.199976
v -0.201902 -0.685056 0.295155
v -0.331332 -0.576821 0.349363
v -0.444801 -0.622022 -0.151846
v -0.216563 -0.934656 -0.299817
v -0.434553 -0.614338 -0.285798
v -0.423995 -0.454248 0.022184
v -0.439700 -0.458697 -0.197374
v -0.443512 -0.344062 -0.025313
v -0.379638 -0.469973 0.267094
v -0.428392 -0.353727 0.079087
v 0.240273 -0.663869 0.129660
v 0.272761 -0.924957 -0.047260
v 0.152484 -0.676174 0.147075
v 0.137262 -0.799313 -0.111380
v 0.351546 -0.546511 0.197509
v 0.206785 -0.688863 0.296145
v 0.329339 -0.575528 0.347064
v 0.442158 -0.623826 -0.148939
v 0.218109 -0.934466 -0.300268
v 0.435372 -0.613284 -0.282764
v 0.424004 -0.454077 0.024965
v 0.437998 -0.461059 -0.194741
v 0.444077 -0.344500 -0.023880
v 0.379729 -0.469320 0.266748
v 0.431156 -0.351116 0.080003
v 0.000525 -0.620865 0.806457
v -0.226854 -0.573420 0.848566
v -0.086556 -0.756936 0.746537
v -0.353052 -0.732999 0.818789
v 0.228147 -0.583868 0.844969
v 0.068801 -0.740457 0.716737
v 0.345665 -0.764459 0.823339
v 0.126637 -0.332393 0.889956
v -0.122645 -0.333690 0.888908
v 0.127834 -0.194819 0.910570
v -0.127336 -0.196968 0.912311
v 0.352796 -0.518540 0.799159
v 0.243924 -0.262008 0.851018
v -0.350671 -0.513579 0.800281
v -0.244144 -0.262472 0.853860
v -0.000290 0.182764 0.249230
v -0.093794 0.147113 0.353507
v -0.032642 0.220459 0.148876
v -0.127513 0.170570 0.260161
v 0.093448 0.145544 0.354295
v 0.030141 0.219071 0.150982
v 0.127840 0.169672 0.259440
v 0.071806 0.134000 0.550801
v -0.070809 0.137085 0.550128
v 0.089893 0.107221 0.665757
v -0.088966 0.109241 0.665386
v 0.159724 0.132699 0.359679
v 0.150735 0.108412 0.565789
v -0.157562 0.131095 0.359967
v -0.151749 0.107209 0.568349
v -0.000826 -0.341787 -0.455261
v -0.111656 -0.218352 -0.459186
v -0.053074 -0.433847 -0.400551
v -0.180089 -0.301867 -0.424537
v 0.108665 -0.217365 -0.458488
v 0.052907 -0.434761 -0.401458
v 0.176640 -0.304885 -0.420167
v 0.053157 -0.043169 -0.500796
v -0.051863 -0.040497 -0.499740
v 0.062406 0.013267 -0.568084
v -0.064388 0.023318 -0.565573
v 0.172930 -0.177979 -0.426029
v 0.110643 -0.007398 -0.492738
v -0.173127 -0.177291 -0.425668
v -0.110386 -0.006341 -0.493792
v -0.000324 0.715181 -0.778634
v -0.197108 0.550844 -0.823974
v -0.090620 0.806515 -0.683797
v -0.275257 0.644563 -0.744570
v 0.197812 0.550291 -0.825026
v 0.089098 0.806684 -0.683551
v 0.275730 0.646326 -0.744657
v 0.133871 0.308796 -0.950217
v -0.133809 0.309260 -0.953115
v 0.138794 0.147449 -0.942961
v -0.139463 0.146011 -0.944258
v 0.295985 0.486450 -0.793059
v 0.278695 0.233238 -0.977075
v -0.297033 0.486615 -0.796058
v -0.278631 0.232780 -0.977098
v 0.331177 0.159958 -0.372958
v 0.337371 0.095145 -0.215066
v 0.321098 0.232017 -0.382135
v 0.324486 0.135535 -0.210498
v 0.322680 -0.011037 -0.269873
v 0.347810 0.003381 -0.169922
v 0.346528 -0.086266 -0.245069
v 0.375402 -0.060984 -0.131071
v 0.318225 0.077428 -0.404252
v 0.300402 -0.046535 -0.302934
v 0.292314 0.047078 -0.450873
v 0.338707 0.227898 -0.474634
v 0.322238 0.109194 -0.521269
v 0.344234 0.078264 -0.136486
v 0.368164 -0.016370 -0.099297
v 0.337487 0.017632 0.288398
v 0.357844 0.006295 0.181901
v 0.310731 0.060697 0.228537
v 0.335183 0.047963 0.124502
v 0.403478 -0.128772 0.367465
v 0.395307 -0.070094 0.216132
v 0.411711 -0.206495 0.364649
v 0.410172 -0.122902 0.195293
v 0.366392 -0.049138 0.421876
v 0.407287 -0.199314 0.459962
v 0.366271 -0.087572 0.526372
v 0.308474 0.047309 0.318825
v 0.336605 -0.020287 0.478758
v 0.354186 0.019361 0.103079
v 0.394141 -0.059124 0.137589
v -0.332561 0.157912 -0.372895
v -0.338310 0.095496 -0.217095
v -0.320801 0.229251 -0.384546
v -0.324637 0.136281 -0.211883
v -0.322316 -0.013331 -0.272704
v -0.346224 0.005423 -0.173494
v -0.345694 -0.085411 -0.246460
v -0.376066 -0.058394 -0.133453
v -0.320360 0.079009 -0.408195
v -0.301981 -0.046410 -0.307200
v -0.290940 0.048940 -0.453088
v -0.337053 0.227107 -0.476702
v -0.322373 0.111353 -0.523137
v -0.344806 0.078430 -0.136897
v -0.364031 -0.012618 -0.099663
v -0.338131 0.023618 0.288758
v -0.357028 0.007728 0.180402
v -0.313197 0.060927 0.227693
v -0.335837 0.047527 0.122427
v -0.399898 -0.131215 0.366643
v -0.392992 -0.067723 0.214650
v -0.409923 -0.206225 0.362210
v -0.409361 -0.119645 0.194743
v -0.362707 -0.049315 0.420056
v -0.403954 -0.202962 0.460352
v -0.364860 -0.087273 0.524740
v -0.311008 0.048016 0.318989
v -0.334910 -0.017547 0.478242
v -0.353734 0.022243 0.101393
v -0.392232 -0.060517 0.134518
v -0.001276 0.305886 -0.151008
v -0.027135 0.261602 -0.064257
v -0.004467 0.762091 -0.337983
v -0.097102 0.849497 -0.464283
v 0.024678 0.261447 -0.066288
v 0.094288 0.845471 -0.465690
v -0.211307 0.174435 0.170290
v -0.256023 0.137268 0.166565
v -0.243133 0.120702 0.261492
v -0.424813 0.605008 -0.540588
v -0.328106 0.462775 -0.460509
v -0.345614 0.446736 -0.578393
v -0.302384 0.138565 -0.113966
v -0.307111 0.110109 -0.025889
v -0.329529 0.085225 -0.041743
v 0.210086 0.175929 0.170051
v 0.252246 0.137364 0.167644
v 0.239412 0.122468 0.259291
v 0.423064 0.602423 -0.541233
v 0.330991 0.462180 -0.460232
v 0.343390 0.448432 -0.577293
v 0.302713 0.139395 -0.113980
v 0.306868 0.109526 -0.025743
v 0.329415 0.085619 -0.043085
v 0.000229 -0.679491 0.310405
v -0.060098 -0.708324 0.459214
v -0.000144 -0.614560 -0.209665
v -0.060745 -0.604886 -0.294008
v 0.059961 -0.706727 0.454855
v 0.063171 -0.605055 -0.296520
v -0.386574 -0.550604 0.546986
v -0.399303 -0.406839 0.439853
v -0.399681 -0.418980 0.567445
v -0.335544 -0.337739 -0.348428
v -0.374988 -0.257663 -0.295644
v -0.303528 -0.196747 -0.345183
v -0.426614 -0.152769 -0.017438
v -0.426403 -0.172159 0.073477
v -0.407156 -0.092472 0.021720
v 0.383917 -0.555129 0.545068
v 0.398957 -0.408408 0.440262
v 0.400136 -0.420639 0.566124
v 0.334503 -0.338911 -0.346198
v 0.374200 -0.261232 -0.293465
v 0.305098 -0.199494 -0.347218
v 0.425734 -0.158141 -0.015971
v 0.428146 -0.172034 0.073108
v 0.407303 -0.097300 0.026300
v 0.214779 -0.012535 0.767061
v 0.304251 -0.074723 0.720259
v -0.215550 -0.012634 0.767540
v -0.302673 -0.074426 0.720692
v 0.263481 0.009653 0.646005
v -0.262811 0.009216 0.645135
v 0.192191 0.020636 -0.730716
v 0.221802 0.032352 -0.598259
v -0.195260 0.016196 -0.734007
v -0.222765 0.032236 -0.600263
v 0.296216 0.061705 -0.732313
v -0.291469 0.066234 -0.731742
v -0.167185 0.372691 -0.201934
v -0.167578 0.327671 -0.188361
v -0.180816 0.387033 -0.218777
v -0.187587 0.348324 -0.211151
v -0.180683 0.316102 -0.190786
v 0.163062 0.370580 -0.206016
v 0.161996 0.327937 -0.186360
v 0.177702 0.386799 -0.214770
v 0.184595 0.347307 -0.204972
v 0.175967 0.312900 -0.186508
v -0.340852 -0.664849 0.020273
v -0.345566 -0.619617 0.057914
v -0.376830 -0.670107 -0.014479
v -0.390603 -0.612299 -0.002820
v -0.373233 -0.589724 0.043616
v 0.338235 -0.666715 0.021702
v 0.343259 -0.620245 0.057834
v 0.373456 -0.673968 -0.013621
v 0.389196 -0.611235 -0.000130
v 0.373509 -0.589876 0.044291
v -0.029926 -0.528923 0.852970
v 0.034595 -0.528799 0.854456
v 0.002471 -0.450389 0.870754
v 0.055703 -0.481229 0.862219
v -0.046987 -0.481732 0.864995
v -0.012776 0.144659 0.386278
v 0.013835 0.144673 0.385337
v -0.000246 0.142948 0.456056
v 0.023444 0.141364 0.427940
v -0.024789 0.141987 0.428993
v -0.014924 -0.202271 -0.481231
v 0.013958 -0.201878 -0.482724
v -0.001398 -0.131707 -0.489969
v 0.023224 -0.158828 -0.487721
v -0.023047 -0.156895 -0.486420
v -0.029976 0.533183 -0.848398
v 0.028443 0.532218 -0.849843
v -0.000806 0.443384 -0.891211
v 0.046282 0.476542 -0.874285
v -0.047625 0.476644 -0.876129
v 0.333171 0.083881 -0.284574
v 0.331054 0.046827 -0.261127
v 0.328421 0.058120 -0.295373
v 0.329408 0.081065 -0.310919
v 0.333153 0.062879 -0.252958
v 0.367220 -0.024182 0.276970
v 0.382380 -0.055044 0.293466
v 0.378038 -0.051314 0.322091
v 0.370612 -0.032189 0.311486
v 0.375621 -0.036759 0.266983
v -0.333277 0.085806 -0.285052
v -0.329631 0.046737 -0.265012
v -0.327152 0.057285 -0.298416
v -0.329734 0.080318 -0.312613
v -0.334215 0.062644 -0.255747
v -0.367279 -0.021433 0.276961
v -0.381813 -0.052391 0.293502
v -0.377705 -0.049366 0.320324
v -0.369892 -0.030558 0.311447
v -0.376688 -0.033746 0.266266
v -0.035013 0.523839 -0.196513
v 0.027319 0.526364 -0.188799
v -0.016837 0.466548 -0.182686
v -0.021096 0.587390 -0.217138
v 0.010725 0.465409 -0.178411
v 0.013101 0.589193 -0.213786
v -0.128528 0.244350 0.007578
v -0.111175 0.235881 0.110513
v -0.098401 0.251309 0.001317
v -0.150493 0.237132 0.064887
v -0.089671 0.245437 0.051680
v -0.143968 0.231218 0.114263
v -0.279250 0.758635 -0.468098
v -0.240627 0.791747 -0.592504
v -0.242312 0.833958 -0.498265
v -0.347635 0.770932 -0.499428
v -0.264499 0.913704 -0.575582
v -0.306636 0.748725 -0.568781
v -0.269373 0.289576 -0.274848
v -0.293838 0.237957 -0.287586
v -0.288615 0.327227 -0.319202
v -0.275519 0.236301 -0.238132
v -0.296408 0.292203 -0.330094
v -0.290838 0.215547 -0.242756
v -0.270325 0.141061 0.031687
v -0.298320 0.095248 0.107567
v -0.271194 0.132813 0.075372
v -0.284373 0.122742 0.027934
v -0.283714 0.110636 0.111796
v -0.298384 0.100939 0.065902
v 0.127534 0.245217 0.009758
v 0.108437 0.232645 0.107297
v 0.098038 0.251119 0.001012
v 0.087025 0.245511 0.051467
v 0.151500 0.237769 0.064507
v 0.140971 0.231991 0.113608
v 0.279655 0.760280 -0.468747
v 0.239728 0.794779 -0.594574
v 0.242384 0.831567 -0.497985
v 0.263532 0.913595 -0.578592
v 0.345000 0.771799 -0.499096
v 0.301198 0.748772 -0.563617
v 0.266743 0.290494 -0.272734
v 0.295684 0.236621 -0.288031
v 0.284924 0.328003 -0.318248
v 0.273786 0.236442 -0.234594
v 0.293434 0.291602 -0.329797
v 0.288780 0.214087 -0.242043
v 0.268359 0.140165 0.033307
v 0.298683 0.094806 0.110914
v 0.270948 0.131533 0.074889
v 0.282822 0.125975 0.027949
v 0.286949 0.109391 0.115443
v 0.300166 0.102871 0.066198
v -0.053735 -0.667427 0.021047
v 0.053925 -0.665297 0.017510
v -0.025813 -0.663408 0.089158
v -0.028765 -0.658055 -0.043497
v 0.025552 -0.663837 0.089644
v 0.030498 -0.650811 -0.048487
v -0.268109 -0.728009 0.507019
v -0.310075 -0.950717 0.642749
v -0.223368 -0.781668 0.514811
v -0.322153 -0.739819 0.539259
v -0.220258 -0.932772 0.561960
v -0.361651 -0.836377 0.616094
v -0.288962 -0.636620 -0.360665
v -0.197259 -0.482864 -0.375700
v -0.216185 -0.626128 -0.353786
v -0.303022 -0.542798 -0.360367
v -0.177608 -0.545523 -0.360522
v -0.254165 -0.474250 -0.371889
v -0.428732 -0.272269 -0.141039
v -0.401606 -0.161871 -0.166240
v -0.416249 -0.259200 -0.184969
v -0.433019 -0.223840 -0.112274
v -0.403813 -0.200883 -0.197178
v -0.416335 -0.172177 -0.125387
v -0.416825 -0.321277 0.214587
v -0.417812 -0.238457 0.250210
v -0.412245 -0.329901 0.274329
v -0.422494 -0.271359 0.180614
v -0.415073 -0.286084 0.289809
v -0.420915 -0.232262 0.197928
v 0.264148 -0.720439 0.501369
v 0.277322 -0.957288 0.619433
v 0.218910 -0.771762 0.509640
v 0.228191 -0.908265 0.551208
v 0.312781 -0.737980 0.531833
v 0.350605 -0.855748 0.597865
v 0.289228 -0.636089 -0.359608
v 0.197519 -0.486597 -0.376341
v 0.218034 -0.629187 -0.352513
v 0.179174 -0.550886 -0.362058
v 0.301698 -0.543886 -0.360280
v 0.253346 -0.474891 -0.371590
v 0.430610 -0.274139 -0.140179
v 0.406843 -0.161400 -0.165939
v 0.419121 -0.259650 -0.184223
v 0.430343 -0.227267 -0.109916
v 0.404955 -0.201670 -0.193652
v 0.418636 -0.173423 -0.126850
v 0.416869 -0.322972 0.215892
v 0.417484 -0.237596 0.250127
v 0.411584 -0.329894 0.274285
v 0.422575 -0.272766 0.182369
v 0.413824 -0.287477 0.290473
v 0.419485 -0.232651 0.201008
v -0.000930 -0.064280 0.888437
v -0.000141 0.047803 0.792157
v 0.059965 -0.032633 0.859647
v -0.059662 -0.031486 0.860031
v 0.057927 0.024119 0.814373
v -0.056136 0.024698 0.813533
v 0.360800 -0.293552 0.727091
v 0.388785 -0.212477 0.614618
v 0.380028 -0.321711 0.676667
v 0.394439 -0.273801 0.622732
v 0.361179 -0.222939 0.721808
v 0.378190 -0.186243 0.664039
v -0.357565 -0.294233 0.728765
v -0.393023 -0.209740 0.617810
v -0.380341 -0.321965 0.680545
v -0.396050 -0.274245 0.624409
v -0.360983 -0.221965 0.723172
v -0.375212 -0.188687 0.662416
v 0.224508 0.087353 0.455549
v 0.280139 0.052018 0.434430
v 0.236978 0.088950 0.403199
v 0.263047 0.073684 0.395387
v 0.240926 0.068382 0.500713
v 0.270455 0.047058 0.487483
v -0.225871 0.088612 0.459108
v -0.279397 0.051517 0.435447
v -0.236554 0.089957 0.402618
v -0.266074 0.073187 0.396531
v -0.243242 0.069271 0.504658
v -0.270744 0.047776 0.489476
v -0.001872 -0.001413 -0.704369
v -0.002542 0.033268 -0.839698
v 0.047526 -0.003015 -0.738552
v -0.049756 -0.001366 -0.737527
v 0.055154 0.009977 -0.808846
v -0.058466 0.012025 -0.809622
v 0.186659 -0.043528 -0.413500
v 0.241716 -0.018922 -0.391756
v 0.218397 -0.076030 -0.387261
v 0.239330 -0.058493 -0.371112
v 0.194685 -0.008967 -0.444249
v 0.227412 -0.001190 -0.435456
v -0.188299 -0.045957 -0.414538
v -0.241385 -0.018140 -0.388661
v -0.214751 -0.072201 -0.383854
v -0.240399 -0.056900 -0.369682
v -0.193385 -0.008911 -0.442611
v -0.225876 -0.000805 -0.436362
v 0.377365 0.287879 -0.805027
v 0.357985 0.222416 -0.646496
v 0.368462 0.327013 -0.725886
v 0.360230 0.287610 -0.655954
v 0.387252 0.207752 -0.800904
v 0.366838 0.187669 -0.708299
v -0.377161 0.288726 -0.806264
v -0.361385 0.221527 -0.649986
v -0.363841 0.324785 -0.724314
v -0.358252 0.286016 -0.657948
v -0.386482 0.207398 -0.806432
v -0.364318 0.189418 -0.709549
v 0.362228 0.016703 -0.036396
v 0.368128 -0.002493 0.043045
v 0.354665 0.031890 -0.024753
v 0.359235 0.021682 0.014163
v 0.372235 -0.013440 -0.007153
v 0.376420 -0.019785 0.030036
v -0.362521 0.017619 -0.035383
v -0.370515 -0.000637 0.041887
v -0.356036 0.033004 -0.025141
v -0.359356 0.022228 0.015436
v -0.372837 -0.009760 -0.008406
v -0.376145 -0.018305 0.029354
v -0.141830 0.438357 -0.179974
v -0.092730 0.491530 -0.193868
v -0.120190 0.401905 -0.173895
v -0.140848 0.498578 -0.204733
v -0.098275 0.426221 -0.174644
v -0.116547 0.528019 -0.208379
v -0.150195 0.281967 -0.147461
v -0.137437 0.250556 -0.081168
v -0.128486 0.295166 -0.153660
v -0.164269 0.250808 -0.110718
v -0.119626 0.271658 -0.128385
v -0.160219 0.243083 -0.072200
v -0.205817 0.496824 -0.274782
v -0.248608 0.630219 -0.359992
v -0.189596 0.544037 -0.279574
v -0.236226 0.508832 -0.301224
v -0.204544 0.607550 -0.326112
v -0.267285 0.576313 -0.341021
v -0.217270 0.341373 -0.232432
v -0.245984 0.325679 -0.255411
v -0.234358 0.394599 -0.266665
v -0.221032 0.291116 -0.208800
v -0.252696 0.389795 -0.280203
v -0.234001 0.278152 -0.215395
v -0.201165 0.244952 -0.137805
v -0.236011 0.187476 -0.052904
v -0.199649 0.226909 -0.096994
v -0.216318 0.236253 -0.135066
v -0.217621 0.203404 -0.054567
v -0.232928 0.204996 -0.095746
v 0.131167 0.431127 -0.205924
v 0.085073 0.490067 -0.189987
v 0.113762 0.400662 -0.185587
v 0.130784 0.490609 -0.227590
v 0.090256 0.426092 -0.177083
v 0.107168 0.524163 -0.224789
v 0.146413 0.281856 -0.145841
v 0.135464 0.254075 -0.079977
v 0.126404 0.296977 -0.153423
v 0.160113 0.252358 -0.108706
v 0.116202 0.274687 -0.128134
v 0.159460 0.242262 -0.070192
v 0.203039 0.496830 -0.267328
v 0.243688 0.630908 -0.354165
v 0.186143 0.541729 -0.281154
v 0.234909 0.513033 -0.288057
v 0.199065 0.609999 -0.323145
v 0.263937 0.577129 -0.336503
v 0.214452 0.341713 -0.222624
v 0.241022 0.324116 -0.248392
v 0.235631 0.396356 -0.252050
v 0.216213 0.290744 -0.201702
v 0.249496 0.390808 -0.272067
v 0.229778 0.281484 -0.211877
v 0.198343 0.245605 -0.130548
v 0.232483 0.190625 -0.051902
v 0.200877 0.230250 -0.095633
v 0.214019 0.233997 -0.129762
v 0.216881 0.204173 -0.053281
v 0.229511 0.205224 -0.092065
v -0.253872 -0.723693 0.019633
v -0.152399 -0.708112 0.016733
v -0.223441 -0.673310 0.061987
v -0.228782 -0.810250 -0.020275
v -0.174903 -0.679892 0.071282
v -0.172226 -0.778644 -0.036517
v -0.302592 -0.619013 0.178290
v -0.270983 -0.648158 0.342976
v -0.264636 -0.654129 0.194471
v -0.320759 -0.592200 0.228140
v -0.247939 -0.684239 0.280367
v -0.307480 -0.606419 0.306140
v -0.423533 -0.814140 -0.126372
v -0.392677 -0.823552 -0.319748
v -0.371531 -0.932214 -0.143246
v -0.443411 -0.729801 -0.187950
v -0.338963 -0.938084 -0.270503
v -0.438508 -0.734270 -0.271332
v -0.433749 -0.524889 -0.061858
v -0.444204 -0.397212 -0.109570
v -0.441532 -0.535740 -0.118283
v -0.436184 -0.458889 -0.032694
v -0.444595 -0.463262 -0.141895
v -0.443770 -0.400098 -0.055755
v -0.391431 -0.498347 0.106961
v -0.408296 -0.408605 0.167179
v -0.376812 -0.502316 0.169184
v -0.411866 -0.452578 0.079597
v -0.388737 -0.461164 0.202513
v -0.418648 -0.404239 0.107505
v 0.250710 -0.723299 0.017632
v 0.150899 -0.707064 0.012868
v 0.219268 -0.670414 0.062416
v 0.225840 -0.809344 -0.021836
v 0.173775 -0.677838 0.070216
v 0.171688 -0.774565 -0.040927
v 0.302442 -0.619774 0.178416
v 0.270421 -0.646903 0.340576
v 0.264211 -0.655614 0.194354
v 0.320413 -0.590110 0.226848
v 0.247775 -0.682577 0.278779
v 0.305856 -0.603929 0.305751
v 0.422984 -0.815284 -0.125034
v 0.395454 -0.824708 -0.317372
v 0.372279 -0.933065 -0.141134
v 0.443314 -0.731396 -0.185571
v 0.339886 -0.939577 -0.269555
v 0.439378 -0.732098 -0.267219
v 0.430970 -0.522843 -0.058539
v 0.442937 -0.400166 -0.106568
v 0.438457 -0.537351 -0.115223
v 0.435714 -0.458077 -0.030677
v 0.444108 -0.466767 -0.141326
v 0.445747 -0.398751 -0.053455
v 0.392649 -0.498696 0.108829
v 0.408570 -0.408902 0.168262
v 0.379199 -0.499129 0.168271
v 0.414255 -0.450017 0.080540
v 0.390370 -0.458257 0.201619
v 0.418367 -0.404292 0.108905
v -0.125292 -0.633113 0.840301
v -0.239901 -0.853477 0.850623
v -0.089619 -0.661397 0.821565
v -0.210148 -0.652150 0.846839
v -0.132389 -0.762905 0.828369
v -0.277761 -0.755077 0.852979
v 0.120098 -0.642368 0.834639
v 0.193816 -0.899330 0.832475
v 0.083227 -0.664128 0.810386
v 0.203977 -0.668954 0.844943
v 0.107329 -0.768172 0.790892
v 0.261305 -0.791109 0.855854
v 0.001730 -0.331191 0.906265
v 0.000516 -0.210026 1.003575
v 0.064054 -0.299201 0.911420
v -0.061009 -0.299045 0.910291
v 0.065731 -0.232993 0.937483
v -0.063508 -0.233646 0.937887
v 0.180011 -0.446500 0.858888
v 0.295370 -0.379269 0.818149
v 0.239985 -0.499361 0.846021
v 0.185838 -0.372520 0.866601
v 0.298859 -0.464921 0.824479
v 0.245140 -0.338637 0.849140
v -0.175886 -0.443899 0.859697
v -0.293247 -0.379419 0.821417
v -0.234175 -0.493543 0.845118
v -0.183753 -0.371914 0.869276
v -0.295078 -0.463119 0.826029
v -0.241187 -0.338101 0.850171
v -0.047018 0.163960 0.300252
v -0.081178 0.199772 0.206082
v -0.031246 0.181731 0.249975
v -0.078819 0.160272 0.303030
v -0.048400 0.202377 0.202010
v -0.096701 0.176495 0.257101
v 0.047723 0.164651 0.301088
v 0.078300 0.197564 0.204193
v 0.030702 0.181592 0.250410
v 0.078315 0.159308 0.303243
v 0.047378 0.200446 0.203065
v 0.095197 0.175959 0.257345
v 0.000708 0.140406 0.562813
v 0.000084 0.113101 0.679228
v 0.038806 0.135780 0.588492
v -0.039764 0.135869 0.590379
v 0.043934 0.121795 0.647634
v -0.042987 0.123093 0.647868
v 0.087603 0.135078 0.450448
v 0.157531 0.117835 0.461736
v 0.106983 0.135017 0.405422
v 0.099482 0.129016 0.504558
v 0.141360 0.128130 0.409100
v 0.136656 0.118644 0.511435
v -0.087446 0.136047 0.450780
v -0.155533 0.115493 0.461378
v -0.107042 0.134927 0.403551
v -0.098719 0.130446 0.504416
v -0.141416 0.128680 0.409670
v -0.134396 0.120900 0.512340
v -0.062662 -0.284628 -0.460024
v -0.124017 -0.375989 -0.418643
v -0.045906 -0.336159 -0.447758
v -0.104633 -0.274246 -0.453700
v -0.074781 -0.383257 -0.423941
v -0.137894 -0.319646 -0.435333
v 0.063083 -0.288102 -0.463864
v 0.127551 -0.379986 -0.419945
v 0.045798 -0.338775 -0.447870
v 0.103454 -0.276738 -0.456450
v 0.074715 -0.384505 -0.423823
v 0.135421 -0.320857 -0.433524
v -0.001607 -0.038099 -0.511189
v -0.001332 0.015028 -0.581161
v 0.025128 -0.015985 -0.519143
v -0.027073 -0.017608 -0.520058
v 0.029701 0.010586 -0.552094
v -0.031213 0.012102 -0.552622
v 0.078705 -0.123677 -0.472499
v 0.133558 -0.080965 -0.445569
v 0.107168 -0.161135 -0.457234
v 0.078769 -0.068827 -0.479964
v 0.140066 -0.139204 -0.447503
v 0.106760 -0.050998 -0.470485
v -0.080036 -0.123271 -0.474259
v -0.135151 -0.081454 -0.446657
v -0.111311 -0.158203 -0.458153
v -0.079556 -0.070628 -0.481174
v -0.139648 -0.139036 -0.443016
v -0.107527 -0.049864 -0.470644
v -0.107811 0.638063 -0.799022
v -0.198463 0.745577 -0.729656
v -0.077517 0.707072 -0.773696
v -0.178912 0.625851 -0.799081
v -0.125520 0.761277 -0.735623
v -0.226029 0.681489 -0.765001
v 0.108434 0.640250 -0.800337
v 0.198131 0.746580 -0.729899
v 0.080050 0.710315 -0.772907
v 0.178053 0.626930 -0.798439
v 0.125659 0.759635 -0.736122
v 0.227175 0.681281 -0.764591
v 0.000331 0.302575 -0.934463
v -0.000575 0.151364 -0.926225
v 0.066687 0.266775 -0.941604
v -0.068067 0.267209 -0.946541
v 0.066843 0.188179 -0.942297
v -0.068546 0.186764 -0.942796
v 0.170164 0.429048 -0.892774
v 0.296682 0.365949 -0.889070
v 0.213578 0.473598 -0.855750
v 0.191340 0.355248 -0.942193
v 0.269859 0.443708 -0.847710
v 0.260277 0.319940 -0.950419
v -0.170368 0.428352 -0.892550
v -0.295225 0.363679 -0.890328
v -0.213452 0.473917 -0.855666
v -0.191098 0.355993 -0.941247
v -0.269910 0.443339 -0.847284
v -0.263522 0.320101 -0.951786
v 0.332702 0.128088 -0.290788
v 0.318334 0.181744 -0.294026
v 0.327238 0.159184 -0.331895
v 0.331072 0.121954 -0.251376
v 0.320951 0.189411 -0.337992
v 0.324988 0.144449 -0.251254
v 0.336359 -0.005611 -0.218927
v 0.365390 -0.074744 -0.188878
v 0.335846 -0.027063 -0.236892
v 0.347168 -0.017107 -0.183983
v 0.348524 -0.061581 -0.223133
v 0.362334 -0.050933 -0.166632
v 0.315103 0.032752 -0.330540
v 0.285423 0.007623 -0.364997
v 0.310984 0.005066 -0.306194
v 0.310229 0.047174 -0.377518
v 0.298458 -0.009141 -0.323354
v 0.296460 0.034993 -0.396569
v 0.332705 0.122400 -0.395706
v 0.340435 0.168109 -0.508142
v 0.333620 0.152580 -0.411567
v 0.327185 0.108701 -0.429535
v 0.337060 0.183840 -0.465633
v 0.332882 0.128402 -0.487117
v 0.342758 0.051506 -0.185310
v 0.352424 0.035222 -0.112691
v 0.341334 0.070776 -0.178724
v 0.346508 0.022410 -0.159742
v 0.347958 0.061678 -0.144082
v 0.355021 0.012342 -0.122953
v 0.348458 0.012866 0.231307
v 0.325209 0.052819 0.174907
v 0.336663 0.026605 0.245230
v 0.347687 0.021132 0.192452
v 0.324834 0.045320 0.218050
v 0.335940 0.037717 0.164278
v 0.399349 -0.102490 0.288699
v 0.412935 -0.162646 0.274848
v 0.403848 -0.130679 0.327148
v 0.402357 -0.098625 0.247109
v 0.410837 -0.165075 0.322764
v 0.409255 -0.127644 0.240069
v 0.385893 -0.091729 0.401284
v 0.390847 -0.145832 0.499478
v 0.398324 -0.123569 0.408803
v 0.377632 -0.081127 0.437755
v 0.400936 -0.156216 0.456612
v 0.378570 -0.104228 0.487558
v 0.350957 -0.011248 0.355928
v 0.323332 0.016365 0.397984
v 0.337826 0.009789 0.329817
v 0.351033 -0.022494 0.400675
v 0.322523 0.024450 0.350159
v 0.335496 -0.007882 0.426665
v 0.378638 -0.027661 0.197454
v 0.373019 -0.016229 0.120738
v 0.366071 -0.006211 0.170144
v 0.386906 -0.045537 0.187368
v 0.366578 -0.001906 0.132182
v 0.384825 -0.041376 0.147693
v -0.331200 0.129110 -0.292331
v -0.317590 0.180640 -0.293538
v -0.327233 0.157373 -0.334428
v -0.332151 0.123785 -0.254250
v -0.323086 0.187633 -0.337962
v -0.325341 0.146146 -0.252322
v -0.337983 -0.004805 -0.221477
v -0.363770 -0.073782 -0.190329
v -0.334903 -0.026385 -0.238885
v -0.347919 -0.016768 -0.187828
v -0.346533 -0.058451 -0.222837
v -0.361498 -0.049438 -0.168189
v -0.314188 0.034034 -0.334102
v -0.285596 0.006486 -0.368244
v -0.312422 0.003521 -0.313106
v -0.309753 0.049567 -0.381972
v -0.298044 -0.011056 -0.327881
v -0.296661 0.034349 -0.398584
v -0.331293 0.120886 -0.399350
v -0.340011 0.167662 -0.510395
v -0.333991 0.154173 -0.415503
v -0.328143 0.110347 -0.431316
v -0.337573 0.183024 -0.466837
v -0.331156 0.129411 -0.489463
v -0.343417 0.050455 -0.188778
v -0.355020 0.034188 -0.114654
v -0.344757 0.069401 -0.181185
v -0.347400 0.023914 -0.161936
v -0.346833 0.062183 -0.142564
v -0.355319 0.016429 -0.122276
v -0.347216 0.015131 0.230365
v -0.325688 0.053903 0.174733
v -0.339398 0.027617 0.244082
v -0.346809 0.021883 0.192981
v -0.324792 0.046266 0.217531
v -0.335489 0.040944 0.162836
v -0.400700 -0.098285 0.285332
v -0.412679 -0.158987 0.274980
v -0.405040 -0.130664 0.324516
v -0.400996 -0.095415 0.247684
v -0.410467 -0.162338 0.319031
v -0.408569 -0.125237 0.237549
v -0.385462 -0.089685 0.401683
v -0.390366 -0.144659 0.500597
v -0.394337 -0.126681 0.407381
v -0.378162 -0.080937 0.436508
v -0.397741 -0.157166 0.456441
v -0.378315 -0.104264 0.488136
v -0.349622 -0.010596 0.353591
v -0.320575 0.019655 0.397988
v -0.337213 0.012034 0.329686
v -0.349405 -0.021377 0.399388
v -0.322618 0.027437 0.348251
v -0.334846 -0.006584 0.425496
v -0.376684 -0.024471 0.194417
v -0.372060 -0.012328 0.119470
v -0.368122 -0.003289 0.168171
v -0.384574 -0.044836 0.186324
v -0.365360 0.000777 0.130974
v -0.383621 -0.039291 0.148398
v -0.039663 0.348315 -0.162650
v -0.061222 0.270463 -0.110126
v -0.062374 0.340629 -0.159523
v -0.072782 0.293794 -0.141737
v -0.024859 0.304761 -0.151296
v -0.036165 0.274861 -0.116698
v -0.070339 0.684332 -0.295188
v -0.149612 0.772728 -0.398094
v -0.107597 0.657968 -0.296743
v -0.145451 0.693825 -0.342863
v -0.057607 0.745578 -0.344586
v -0.103278 0.792351 -0.401324
v 0.034154 0.349404 -0.159369
v 0.058942 0.269237 -0.108757
v 0.058491 0.342466 -0.157102
v 0.069574 0.292272 -0.140311
v 0.023015 0.305629 -0.147304
v 0.033261 0.274116 -0.114601
v 0.063745 0.683955 -0.294211
v 0.147771 0.773172 -0.398569
v 0.101123 0.655731 -0.298426
v 0.138570 0.695826 -0.342107
v 0.052568 0.747249 -0.341924
v 0.100550 0.793244 -0.400401
v -0.199800 0.205882 0.073480
v -0.237311 0.166923 0.076551
v -0.200981 0.207424 0.027460
v -0.219470 0.190059 0.030903
v -0.219311 0.180654 0.123806
v -0.238153 0.160455 0.124451
v -0.029511 0.245335 0.042961
v 0.028457 0.245683 0.042446
v -0.015832 0.236868 0.095530
v 0.013785 0.235009 0.095945
v -0.015246 0.252741 -0.011910
v 0.013434 0.252233 -0.011028
v -0.174070 0.177324 0.214857
v -0.206251 0.127264 0.312389
v -0.157624 0.163015 0.263052
v -0.173673 0.139989 0.311164
v -0.200071 0.162298 0.216221
v -0.215755 0.135684 0.263664
v -0.549166 0.699301 -0.411467
v -0.307696 0.496865 -0.388345
v -0.378907 0.599055 -0.384599
v -0.308703 0.522063 -0.366654
v -0.497633 0.605973 -0.443846
v -0.352847 0.531003 -0.437851
v -0.116449 0.873505 -0.568628
v 0.118607 0.873505 -0.568268
v -0.050801 0.840056 -0.627944
v 0.050565 0.839960 -0.628103
v -0.067930 0.852965 -0.518160
v 0.066431 0.852273 -0.518312
v -0.346044 0.627112 -0.643932
v -0.337607 0.473994 -0.689602
v -0.310822 0.597291 -0.708166
v -0.317629 0.519663 -0.732711
v -0.370634 0.579629 -0.606005
v -0.346307 0.502218 -0.625830
v -0.274130 0.186124 -0.149211
v -0.279820 0.149268 -0.059702
v -0.259817 0.200479 -0.144385
v -0.260050 0.178602 -0.100473
v -0.289398 0.153340 -0.109425
v -0.292836 0.139146 -0.065102
v -0.323352 0.330060 -0.425005
v -0.339945 0.325494 -0.534576
v -0.324193 0.278189 -0.429961
v -0.334413 0.277718 -0.480363
v -0.331384 0.394080 -0.471599
v -0.338061 0.390917 -0.527126
v -0.315738 0.140336 -0.160870
v -0.340926 0.083362 -0.089798
v -0.328708 0.123185 -0.168410
v -0.338427 0.094413 -0.133041
v -0.314780 0.125353 -0.120550
v -0.330040 0.095872 -0.082309
v -0.284415 0.096603 0.204489
v -0.276809 0.084692 0.297735
v -0.296688 0.074727 0.238899
v -0.295363 0.070286 0.286501
v -0.268338 0.111825 0.211334
v -0.264019 0.106545 0.256891
v -0.324286 0.076006 0.052204
v -0.341544 0.052117 0.032570
v -0.333299 0.055222 0.084246
v -0.342502 0.043684 0.072843
v -0.321547 0.086288 0.008067
v -0.330746 0.076117 0.001191
v 0.198446 0.207268 0.074738
v 0.235752 0.168956 0.076927
v 0.200169 0.205370 0.028381
v 0.216823 0.189997 0.032070
v 0.216189 0.184224 0.123782
v 0.235871 0.161618 0.123155
v 0.171476 0.177732 0.214459
v 0.202924 0.128872 0.311639
v 0.158160 0.161099 0.261018
v 0.173455 0.140745 0.310615
v 0.200039 0.164120 0.215157
v 0.215886 0.138820 0.261822
v 0.551371 0.700502 -0.413902
v 0.304411 0.495480 -0.390648
v 0.375620 0.597490 -0.380339
v 0.305270 0.519977 -0.365758
v 0.498663 0.605069 -0.447128
v 0.351003 0.529405 -0.439748
v 0.341903 0.626433 -0.641237
v 0.337299 0.474404 -0.689065
v 0.311742 0.598646 -0.707121
v 0.317551 0.522065 -0.731752
v 0.367825 0.580696 -0.602838
v 0.344698 0.502147 -0.623651
v 0.273542 0.187215 -0.145276
v 0.278631 0.150013 -0.056458
v 0.257505 0.200349 -0.141599
v 0.260942 0.179186 -0.098426
v 0.288284 0.152274 -0.107436
v 0.290948 0.136966 -0.063490
v 0.323683 0.329972 -0.425375
v 0.342622 0.326372 -0.533682
v 0.321484 0.277583 -0.431003
v 0.334503 0.277027 -0.477996
v 0.332789 0.394403 -0.471025
v 0.341619 0.390418 -0.528183
v 0.314661 0.142072 -0.161327
v 0.335221 0.083603 -0.088951
v 0.327402 0.123332 -0.165975
v 0.336842 0.094898 -0.131920
v 0.314716 0.126407 -0.120230
v 0.329675 0.099110 -0.081209
v 0.282800 0.095706 0.202900
v 0.276387 0.084384 0.296586
v 0.299008 0.071562 0.240320
v 0.295922 0.069289 0.285694
v 0.267901 0.113611 0.210306
v 0.262471 0.106890 0.257608
v 0.320949 0.076139 0.049752
v 0.341631 0.051197 0.033436
v 0.333190 0.054637 0.085437
v 0.343267 0.040739 0.073119
v 0.320491 0.087633 0.008332
v 0.332421 0.075102 0.000516
v -0.076598 -0.675577 0.231268
v -0.134227 -0.693087 0.387083
v -0.127759 -0.675749 0.227838
v -0.153105 -0.684422 0.303757
v -0.052630 -0.680807 0.309281
v -0.081889 -0.691675 0.387389
v -0.086774 -0.670614 -0.168982
v -0.137244 -0.718731 -0.292676
v -0.119393 -0.772117 -0.180608
v -0.137978 -0.819809 -0.270460
v -0.065359 -0.629650 -0.214942
v -0.089306 -0.646618 -0.264573
v 0.079541 -0.674718 0.231002
v 0.136793 -0.692511 0.386509
v 0.129592 -0.678942 0.227357
v 0.157692 -0.686184 0.303272
v 0.056444 -0.679173 0.309650
v 0.085990 -0.692979 0.386002
v 0.088077 -0.672896 -0.170903
v 0.142800 -0.720445 -0.297566
v 0.118765 -0.770630 -0.184452
v 0.138801 -0.824506 -0.273934
v 0.066267 -0.631098 -0.216870
v 0.093046 -0.651750 -0.267448
v -0.358071 -0.572370 0.453776
v -0.390840 -0.442654 0.358644
v -0.355276 -0.543490 0.379657
v -0.374863 -0.484337 0.335318
v -0.379200 -0.526385 0.477890
v -0.390629 -0.455840 0.426943
v -0.084080 -0.747847 0.599905
v 0.071297 -0.740686 0.582030
v -0.058780 -0.695742 0.662514
v 0.041682 -0.687355 0.642596
v -0.036801 -0.717285 0.525564
v 0.032556 -0.710357 0.520980
v -0.395581 -0.666393 0.684828
v -0.388522 -0.479913 0.691022
v -0.389674 -0.658904 0.762490
v -0.383977 -0.552233 0.756663
v -0.394755 -0.570700 0.622135
v -0.396740 -0.490034 0.627759
v -0.387616 -0.467652 -0.324554
v -0.416202 -0.357233 -0.257589
v -0.424071 -0.506716 -0.290034
v -0.428087 -0.442012 -0.248829
v -0.374176 -0.378086 -0.323332
v -0.391942 -0.331928 -0.294710
v -0.057162 -0.527996 -0.351555
v 0.059971 -0.529830 -0.353100
v -0.028345 -0.481065 -0.377048
v 0.028678 -0.482057 -0.376115
v -0.028754 -0.566620 -0.323964
v 0.031657 -0.566845 -0.324127
v -0.254331 -0.325799 -0.384199
v -0.240449 -0.190018 -0.386082
v -0.214043 -0.281440 -0.405167
v -0.209841 -0.214897 -0.405495
v -0.292804 -0.296780 -0.367791
v -0.281776 -0.225757 -0.369194
v -0.444009 -0.241902 -0.020276
v -0.434957 -0.255621 0.076211
v -0.442294 -0.293732 0.002839
v -0.436874 -0.300519 0.052111
v -0.437353 -0.200494 0.003118
v -0.435481 -0.206352 0.052412
v -0.360851 -0.161738 -0.267559
v -0.301939 -0.113282 -0.321432
v -0.340139 -0.111018 -0.269257
v -0.312886 -0.090141 -0.298327
v -0.353689 -0.194837 -0.295732
v -0.319473 -0.167599 -0.320593
v -0.406578 -0.104075 -0.076656
v -0.385011 -0.052090 -0.037770
v -0.386465 -0.068455 -0.095608
v -0.379395 -0.045402 -0.077093
v -0.410674 -0.113183 -0.037379
v -0.399811 -0.084939 -0.016906
v -0.410204 -0.297307 0.402553
v -0.405951 -0.296713 0.513265
v -0.413061 -0.249932 0.409591
v -0.406321 -0.249642 0.459881
v -0.403714 -0.354178 0.450983
v -0.404335 -0.355482 0.511165
v -0.416705 -0.144827 0.136981
v -0.400435 -0.072202 0.080737
v -0.410536 -0.112696 0.151370
v -0.401178 -0.081369 0.122071
v -0.417454 -0.139389 0.090656
v -0.406062 -0.101328 0.065568
v 0.356374 -0.570137 0.452257
v 0.389895 -0.441924 0.357284
v 0.353142 -0.542702 0.379931
v 0.374356 -0.484161 0.333479
v 0.377912 -0.527463 0.474219
v 0.389102 -0.457522 0.423650
v 0.395764 -0.687344 0.682217
v 0.389217 -0.483507 0.687502
v 0.390138 -0.678883 0.759937
v 0.385501 -0.559140 0.754207
v 0.393077 -0.576183 0.618101
v 0.396369 -0.494432 0.623521
v 0.390407 -0.469269 -0.324470
v 0.414371 -0.361387 -0.253246
v 0.424695 -0.509263 -0.290655
v 0.430366 -0.443543 -0.248285
v 0.375189 -0.380644 -0.323206
v 0.395778 -0.332231 -0.295386
v 0.257707 -0.326763 -0.387215
v 0.241522 -0.191894 -0.386307
v 0.216392 -0.282567 -0.405522
v 0.212165 -0.217242 -0.409710
v 0.291908 -0.297596 -0.369602
v 0.281650 -0.228171 -0.369135
v 0.443300 -0.241772 -0.019113
v 0.436389 -0.257595 0.078236
v 0.444282 -0.295852 0.003729
v 0.440143 -0.299814 0.053208
v 0.436511 -0.201202 0.006599
v 0.433175 -0.208106 0.055449
v 0.362568 -0.162533 -0.264792
v 0.302859 -0.114486 -0.320990
v 0.341803 -0.110724 -0.268457
v 0.314124 -0.090279 -0.297750
v 0.355469 -0.197546 -0.292402
v 0.322352 -0.168424 -0.321114
v 0.404984 -0.108339 -0.074718
v 0.388043 -0.056435 -0.035991
v 0.387042 -0.070700 -0.091291
v 0.378917 -0.046153 -0.074451
v 0.412455 -0.115955 -0.036487
v 0.404257 -0.089545 -0.015603
v 0.408438 -0.298339 0.402298
v 0.406169 -0.296732 0.513103
v 0.411418 -0.251023 0.407994
v 0.408683 -0.248884 0.461404
v 0.405713 -0.353678 0.450055
v 0.404055 -0.357025 0.509903
v 0.418256 -0.148191 0.140656
v 0.399392 -0.079055 0.083636
v 0.412540 -0.115459 0.151872
v 0.402011 -0.085143 0.125305
v 0.417957 -0.141508 0.094893
v 0.409564 -0.104365 0.066547
v 0.180614 -0.093658 0.852521
v 0.289055 -0.156963 0.802079
v 0.187294 -0.159780 0.876944
v 0.245067 -0.190926 0.849709
v 0.226864 -0.064549 0.801871
v 0.277234 -0.096723 0.778655
v -0.181388 -0.094022 0.852729
v -0.287444 -0.159333 0.802075
v -0.186966 -0.159834 0.874391
v -0.246530 -0.192389 0.849821
v -0.229480 -0.065302 0.803275
v -0.276674 -0.097624 0.779902
v 0.150915 0.059113 0.728351
v 0.208160 0.067944 0.616122
v 0.137865 0.090083 0.675452
v 0.167432 0.090087 0.620097
v 0.199870 0.031833 0.723494
v 0.226080 0.038388 0.663446
v -0.150027 0.059492 0.727874
v -0.206986 0.065993 0.616181
v -0.136142 0.089799 0.673355
v -0.166672 0.091285 0.623075
v -0.198944 0.032229 0.723864
v -0.225238 0.039503 0.665143
v 0.344968 -0.083807 0.622556
v 0.307118 -0.008706 0.563794
v 0.348557 -0.067703 0.561197
v 0.332866 -0.031569 0.534903
v 0.316486 -0.058220 0.655757
v 0.297408 -0.017121 0.622857
v -0.343546 -0.085605 0.621890
v -0.307393 -0.007763 0.561496
v -0.345324 -0.066810 0.561665
v -0.329978 -0.030385 0.533974
v -0.319036 -0.056242 0.658533
v -0.297087 -0.017612 0.622052
v 0.117913 0.011851 -0.643617
v 0.158249 0.015356 -0.538907
v 0.100301 0.016873 -0.579997
v 0.124820 0.011391 -0.536833
v 0.164779 0.018643 -0.655886
v 0.183745 0.021472 -0.597974
v -0.119357 0.011539 -0.647748
v -0.160414 0.014402 -0.542382
v -0.101928 0.016906 -0.582247
v -0.122618 0.011920 -0.536972
v -0.165483 0.016389 -0.658467
v -0.183805 0.022198 -0.600976
v 0.186603 0.043322 -0.867815
v 0.323141 0.110675 -0.887193
v 0.207625 0.099750 -0.938046
v 0.277676 0.144224 -0.948181
v 0.227097 0.028455 -0.810029
v 0.289421 0.055762 -0.817210
v -0.187051 0.047130 -0.868216
v -0.320950 0.112033 -0.888864
v -0.205886 0.100813 -0.937972
v -0.273853 0.143875 -0.949630
v -0.229090 0.030123 -0.812566
v -0.292265 0.057364 -0.820273
v 0.264578 0.042679 -0.525005
v 0.313953 0.096753 -0.624069
v 0.287797 0.060306 -0.510090
v 0.309025 0.087746 -0.551302
v 0.258334 0.048602 -0.591707
v 0.290402 0.068514 -0.650864
v -0.264060 0.045220 -0.526666
v -0.316830 0.097453 -0.627427
v -0.287408 0.061236 -0.511875
v -0.308919 0.089626 -0.553450
v -0.259430 0.050146 -0.591746
v -0.289272 0.070224 -0.653044
v -0.153087 0.351253 -0.185197
v -0.173866 0.423989 -0.219815
v -0.138314 0.376315 -0.180276
v -0.159622 0.462043 -0.214715
v -0.173836 0.288686 -0.167872
v -0.139856 0.323171 -0.169110
v -0.168205 0.268202 -0.143652
v -0.198427 0.393625 -0.235613
v -0.179794 0.482764 -0.245905
v -0.214716 0.447804 -0.263899
v -0.194472 0.307646 -0.195659
v -0.215575 0.395928 -0.252253
v -0.207575 0.301120 -0.202357
v -0.185276 0.256726 -0.137748
v -0.202188 0.267869 -0.170673
v 0.147077 0.346510 -0.189844
v 0.167531 0.421086 -0.222198
v 0.131360 0.373760 -0.189029
v 0.150053 0.456432 -0.226450
v 0.168994 0.287685 -0.164801
v 0.136778 0.323846 -0.170037
v 0.164420 0.266342 -0.138485
v 0.198940 0.395796 -0.225527
v 0.175948 0.479860 -0.247373
v 0.213212 0.450040 -0.250395
v 0.190991 0.306341 -0.190662
v 0.218711 0.399377 -0.235014
v 0.202104 0.300171 -0.195578
v 0.181928 0.254666 -0.134981
v 0.199080 0.267053 -0.164813
v -0.309475 -0.644184 0.060175
v -0.350352 -0.733534 -0.015491
v -0.266922 -0.660511 0.058541
v -0.298011 -0.789015 -0.013297
v -0.357793 -0.581546 0.094495
v -0.285029 -0.641124 0.117888
v -0.337679 -0.582534 0.154729
v -0.408385 -0.648010 -0.050297
v -0.369509 -0.841091 -0.049526
v -0.427850 -0.694469 -0.109533
v -0.396964 -0.556041 0.020310
v -0.431143 -0.600434 -0.086980
v -0.419693 -0.513476 -0.006121
v -0.365949 -0.543048 0.132588
v -0.406695 -0.502260 0.049809
v 0.307179 -0.647279 0.060977
v 0.344953 -0.734536 -0.014950
v 0.264464 -0.661775 0.058078
v 0.294135 -0.791248 -0.010508
v 0.353603 -0.581587 0.097411
v 0.281861 -0.643088 0.122094
v 0.337211 -0.580777 0.156446
v 0.406175 -0.650297 -0.049470
v 0.368899 -0.838891 -0.045898
v 0.428043 -0.695049 -0.107232
v 0.396810 -0.554923 0.022618
v 0.429836 -0.600351 -0.085682
v 0.418008 -0.511085 -0.003769
v 0.365475 -0.540894 0.134521
v 0.406844 -0.501544 0.050168
v 0.002205 -0.572693 0.843855
v -0.096365 -0.523065 0.854397
v -0.041266 -0.610195 0.830781
v -0.149542 -0.578524 0.847705
v 0.099979 -0.526398 0.854253
v 0.041102 -0.612855 0.828873
v 0.150481 -0.585573 0.846504
v 0.061064 -0.426782 0.876153
v -0.055641 -0.424474 0.876646
v 0.064033 -0.364468 0.895755
v -0.059783 -0.365697 0.893570
v 0.168962 -0.519056 0.851986
v 0.122983 -0.403050 0.875734
v -0.166286 -0.512379 0.853874
v -0.118231 -0.399540 0.875517
v 0.002272 0.148742 0.345227
v -0.043785 0.142960 0.392334
v -0.015773 0.165343 0.297463
v -0.061494 0.149629 0.348984
v 0.041507 0.143350 0.390507
v 0.016178 0.163417 0.297749
v 0.061745 0.150312 0.349453
v 0.029484 0.140823 0.474587
v -0.029002 0.140376 0.476005
v 0.033313 0.141543 0.531389
v -0.033021 0.139424 0.530083
v 0.075204 0.139219 0.399881
v 0.063422 0.136571 0.492939
v -0.075244 0.141592 0.399836
v -0.062266 0.138094 0.493996
v 0.000123 -0.247316 -0.476780
v -0.046694 -0.192810 -0.477081
v -0.021840 -0.293248 -0.468063
v -0.074161 -0.231635 -0.466632
v 0.045307 -0.194213 -0.479697
v 0.020705 -0.293617 -0.466934
v 0.072367 -0.233012 -0.468939
v 0.024352 -0.113167 -0.492195
v -0.025665 -0.112222 -0.491126
v 0.025630 -0.062005 -0.500594
v -0.026816 -0.061781 -0.501518
v 0.076323 -0.177821 -0.469785
v 0.050442 -0.090219 -0.488495
v -0.078200 -0.176749 -0.470559
v -0.052187 -0.090990 -0.488755
v 0.001897 0.591631 -0.826532
v -0.086917 0.520998 -0.850896
v -0.037408 0.649460 -0.802340
v -0.129491 0.569824 -0.825178
v 0.088425 0.520821 -0.853413
v 0.036257 0.648480 -0.800220
v 0.131647 0.570442 -0.826084
v 0.057324 0.413329 -0.902551
v -0.056335 0.414322 -0.901104
v 0.063481 0.343082 -0.928553
v -0.062742 0.343336 -0.928778
v 0.151200 0.499444 -0.856949
v 0.120005 0.383734 -0.915897
v -0.151637 0.499927 -0.854706
v -0.118617 0.384639 -0.919437
v 0.331185 0.104592 -0.320005
v 0.336296 0.081102 -0.251657
v 0.331568 0.130476 -0.328766
v 0.336570 0.101231 -0.252646
v 0.330268 0.032218 -0.276270
v 0.334993 0.038067 -0.228611
v 0.329621 0.005439 -0.255332
v 0.338307 0.013959 -0.204572
v 0.327205 0.074795 -0.332532
v 0.321068 0.019488 -0.293676
v 0.319696 0.063723 -0.354540
v 0.331613 0.127302 -0.363469
v 0.325590 0.090475 -0.378031
v 0.336759 0.076650 -0.218668
v 0.340514 0.031148 -0.193398
v 0.360208 -0.013133 0.294486
v 0.369016 -0.018073 0.243150
v 0.349083 0.007694 0.270516
v 0.358559 -0.000057 0.218662
v 0.389556 -0.075105 0.325055
v 0.385193 -0.053814 0.260947
v 0.399133 -0.100634 0.326877
v 0.394776 -0.075437 0.255040
v 0.372229 -0.044897 0.347644
v 0.394782 -0.097622 0.364499
v 0.375348 -0.063814 0.390464
v 0.350371 -0.002497 0.311938
v 0.362817 -0.036155 0.373716
v 0.368031 -0.012744 0.208968
v 0.387267 -0.050105 0.224161
v -0.332796 0.104272 -0.321764
v -0.335152 0.082144 -0.252406
v -0.333127 0.130340 -0.331256
v -0.334070 0.101931 -0.253109
v -0.326644 0.033210 -0.280438
v -0.335438 0.039080 -0.230900
v -0.329193 0.005555 -0.258368
v -0.338882 0.013397 -0.206558
v -0.327054 0.073846 -0.335613
v -0.321609 0.019211 -0.296527
v -0.319197 0.060970 -0.359494
v -0.333073 0.127540 -0.364459
v -0.325010 0.090405 -0.380297
v -0.339472 0.077408 -0.219217
v -0.339321 0.030950 -0.196205
v -0.358325 -0.010075 0.292249
v -0.367148 -0.015897 0.240886
v -0.347702 0.007675 0.269905
v -0.356462 0.003013 0.217374
v -0.387299 -0.072969 0.324250
v -0.384601 -0.051616 0.259947
v -0.395668 -0.099357 0.326151
v -0.393059 -0.072607 0.251749
v -0.370029 -0.043848 0.346301
v -0.391430 -0.096686 0.363181
v -0.373549 -0.061496 0.388766
v -0.348327 0.001226 0.311386
v -0.362298 -0.034519 0.374519
v -0.367070 -0.009311 0.206542
v -0.385389 -0.047433 0.223208
v -0.044471 0.457041 -0.182483
v -0.054871 0.571973 -0.221958
v -0.071873 0.444722 -0.182641
v -0.085681 0.553870 -0.219829
v 0.040175 0.461940 -0.170878
v 0.045964 0.578816 -0.213813
v 0.067725 0.452014 -0.159032
v 0.079050 0.555053 -0.214210
v -0.001872 0.409195 -0.170059
v -0.054116 0.396504 -0.172448
v -0.013352 0.354454 -0.161443
v -0.004496 0.652077 -0.246882
v -0.078891 0.619129 -0.253814
v -0.026594 0.703539 -0.291805
v 0.049652 0.399445 -0.163690
v 0.011306 0.354917 -0.163642
v 0.070648 0.619712 -0.254216
v 0.018565 0.706824 -0.290197
v -0.107275 0.251900 -0.047186
v -0.154216 0.236201 0.014844
v -0.113156 0.258868 -0.091307
v -0.157983 0.236336 -0.030464
v -0.077620 0.235638 0.103426
v -0.127521 0.212954 0.161954
v -0.063385 0.220571 0.153820
v -0.110211 0.195347 0.208068
v -0.070713 0.253074 -0.007244
v -0.087873 0.264899 -0.100546
v -0.052254 0.260593 -0.058904
v -0.171972 0.222535 0.117725
v -0.180325 0.223767 0.023276
v -0.197512 0.201772 0.123304
v -0.047042 0.236534 0.098802
v -0.042435 0.253793 -0.007937
v -0.144192 0.187761 0.211679
v -0.188307 0.192382 0.169793
v -0.233638 0.754930 -0.431827
v -0.353159 0.718628 -0.442392
v -0.220002 0.679034 -0.374549
v -0.309754 0.647473 -0.387761
v -0.211207 0.847273 -0.621690
v -0.276460 0.730750 -0.637161
v -0.166190 0.795500 -0.675458
v -0.251416 0.708431 -0.706199
v -0.256793 0.976070 -0.516523
v -0.187842 0.729794 -0.390042
v -0.165565 0.866634 -0.457368
v -0.421560 0.751364 -0.558996
v -0.403362 0.670352 -0.410914
v -0.529139 0.710388 -0.535538
v -0.149343 0.847465 -0.621683
v -0.180301 0.989008 -0.518798
v -0.301230 0.669176 -0.676492
v -0.412971 0.663721 -0.593102
v -0.278134 0.357105 -0.309126
v -0.263309 0.255670 -0.231827
v -0.266019 0.376399 -0.295661
v -0.248338 0.268487 -0.224960
v -0.303427 0.254755 -0.334210
v -0.303043 0.194272 -0.246527
v -0.313749 0.221571 -0.337064
v -0.315422 0.170150 -0.248948
v -0.304454 0.362313 -0.366174
v -0.287658 0.434728 -0.338731
v -0.313742 0.444010 -0.406859
v -0.288025 0.193048 -0.197748
v -0.258550 0.223756 -0.187478
v -0.287666 0.173223 -0.154117
v -0.314482 0.270910 -0.380678
v -0.319272 0.383674 -0.418163
v -0.313497 0.156141 -0.207092
v -0.303225 0.154329 -0.158621
v -0.253982 0.156509 0.032274
v -0.266557 0.149646 -0.014445
v -0.237596 0.180549 -0.010826
v -0.249482 0.177200 -0.054537
v -0.300965 0.089009 0.151092
v -0.312179 0.082363 0.099559
v -0.314848 0.067106 0.184394
v -0.324136 0.061528 0.132163
v -0.271681 0.123097 0.119105
v -0.239807 0.173218 0.034038
v -0.254804 0.143627 0.123219
v -0.299186 0.111806 0.021410
v -0.265147 0.163577 -0.054397
v -0.296436 0.121461 -0.020704
v -0.299650 0.080469 0.193715
v -0.269339 0.119098 0.164234
v -0.323623 0.067982 0.093021
v -0.309494 0.098049 0.015095
v 0.104234 0.254079 -0.045481
v 0.152595 0.236554 0.016614
v 0.111084 0.259522 -0.091669
v 0.156350 0.238030 -0.030250
v 0.075688 0.236634 0.100889
v 0.126269 0.211343 0.159751
v 0.062402 0.220761 0.152182
v 0.111869 0.194524 0.208557
v 0.069629 0.253663 -0.005154
v 0.084718 0.265146 -0.102052
v 0.051868 0.261003 -0.060791
v 0.043954 0.234672 0.099231
v 0.040372 0.253698 -0.008462
v 0.172020 0.221961 0.119042
v 0.178114 0.222319 0.022784
v 0.196932 0.204505 0.121685
v 0.142635 0.185077 0.213472
v 0.185267 0.193580 0.168475
v 0.230374 0.754093 -0.430405
v 0.350324 0.718871 -0.443576
v 0.215347 0.679838 -0.373276
v 0.308233 0.648480 -0.385629
v 0.212521 0.849201 -0.618273
v 0.272610 0.731442 -0.635699
v 0.166897 0.796588 -0.674674
v 0.249110 0.708714 -0.701451
v 0.256259 0.975339 -0.516075
v 0.185771 0.729137 -0.388031
v 0.164973 0.866218 -0.457777
v 0.148188 0.847397 -0.622456
v 0.179690 0.989318 -0.518314
v 0.411082 0.754775 -0.554417
v 0.401599 0.671892 -0.411778
v 0.527305 0.708841 -0.536940
v 0.299266 0.669686 -0.672642
v 0.403600 0.663044 -0.581199
v 0.271220 0.356857 -0.307996
v 0.257125 0.253792 -0.228074
v 0.260623 0.378951 -0.292242
v 0.245316 0.271194 -0.220116
v 0.303891 0.255953 -0.335407
v 0.301029 0.189240 -0.247171
v 0.312402 0.222782 -0.336783
v 0.314710 0.167941 -0.249526
v 0.301369 0.361183 -0.368688
v 0.283523 0.434516 -0.336480
v 0.312025 0.440689 -0.406397
v 0.284718 0.192371 -0.196328
v 0.254641 0.225732 -0.184904
v 0.286408 0.173835 -0.152619
v 0.316311 0.273292 -0.380547
v 0.318488 0.384703 -0.418229
v 0.315341 0.154330 -0.205687
v 0.300401 0.158915 -0.158653
v 0.252954 0.156257 0.033669
v 0.265497 0.150128 -0.010525
v 0.235376 0.180297 -0.010203
v 0.248690 0.176891 -0.051896
v 0.299030 0.085698 0.151272
v 0.312245 0.080558 0.101655
v 0.312479 0.066406 0.185202
v 0.324553 0.059098 0.133870
v 0.269915 0.124964 0.119646
v 0.235613 0.172156 0.033536
v 0.252823 0.143084 0.121467
v 0.296688 0.109691 0.024353
v 0.264167 0.162552 -0.053236
v 0.293950 0.122325 -0.020455
v 0.299592 0.080303 0.195054
v 0.270229 0.120274 0.163161
v 0.322259 0.067948 0.091389
v 0.310183 0.096852 0.017649
v -0.077909 -0.670369 0.087470
v -0.080271 -0.677799 -0.045938
v -0.128169 -0.680618 0.082466
v -0.129682 -0.719460 -0.047193
v 0.078420 -0.670270 0.087234
v 0.080680 -0.677095 -0.047117
v 0.128185 -0.677921 0.080355
v 0.128209 -0.719408 -0.049773
v 0.000162 -0.667598 0.161180
v -0.104018 -0.673399 0.156357
v -0.024186 -0.671388 0.235251
v -0.000079 -0.638389 -0.106663
v -0.106928 -0.708563 -0.111540
v -0.031863 -0.627709 -0.160811
v 0.103510 -0.673748 0.156463
v 0.027434 -0.673638 0.234486
v 0.106049 -0.709018 -0.113542
v 0.034080 -0.625828 -0.159775
v -0.213248 -0.689420 0.465971
v -0.299517 -0.660597 0.479584
v -0.228918 -0.678455 0.370801
v -0.301721 -0.625651 0.392548
v -0.191931 -0.984268 0.674291
v -0.364035 -0.883941 0.716930
v -0.175221 -0.929869 0.808750
v -0.333121 -0.851114 0.811822
v -0.161353 -0.789168 0.523759
v -0.182962 -0.687342 0.383177
v -0.115923 -0.714447 0.462658
v -0.363274 -0.706323 0.575557
v -0.330107 -0.602766 0.427413
v -0.367559 -0.605227 0.529764
v -0.092446 -0.887195 0.691516
v -0.101659 -0.750760 0.529535
v -0.386439 -0.771342 0.752438
v -0.383532 -0.643425 0.603715
v -0.257886 -0.731544 -0.359922
v -0.358166 -0.617205 -0.356780
v -0.300074 -0.870208 -0.354011
v -0.405827 -0.692150 -0.330059
v -0.140134 -0.485260 -0.377525
v -0.207315 -0.416311 -0.388636
v -0.106041 -0.431656 -0.399619
v -0.171679 -0.363559 -0.409977
v -0.151120 -0.602375 -0.340108
v -0.199409 -0.812181 -0.344481
v -0.118590 -0.638949 -0.309593
v -0.303006 -0.450468 -0.362591
v -0.399603 -0.571288 -0.327776
v -0.343391 -0.420098 -0.347025
v -0.083748 -0.481937 -0.376970
v -0.090804 -0.579365 -0.328670
v -0.214870 -0.347758 -0.398749
v -0.298600 -0.371452 -0.363970
v -0.428497 -0.323931 -0.173964
v -0.440745 -0.280519 -0.095442
v -0.439822 -0.393096 -0.159488
v -0.445862 -0.340493 -0.075888
v -0.385188 -0.146632 -0.204765
v -0.398143 -0.126742 -0.141336
v -0.365617 -0.101254 -0.212536
v -0.379515 -0.085670 -0.153046
v -0.401675 -0.239204 -0.227801
v -0.429216 -0.378611 -0.209435
v -0.398180 -0.285376 -0.260611
v -0.427390 -0.181589 -0.083593
v -0.443181 -0.287005 -0.046538
v -0.434528 -0.190501 -0.041915
v -0.365401 -0.129995 -0.238724
v -0.379973 -0.219069 -0.264266
v -0.392901 -0.097398 -0.117275
v -0.420658 -0.145948 -0.058345
v -0.406824 -0.374907 0.254347
v -0.422746 -0.312813 0.159051
v -0.399738 -0.416183 0.228718
v -0.421323 -0.358359 0.135854
v -0.415561 -0.244278 0.302997
v -0.417737 -0.192750 0.213803
v -0.413567 -0.203331 0.312666
v -0.412224 -0.157423 0.228411
v -0.408334 -0.338887 0.331012
v -0.393785 -0.428086 0.292378
v -0.399306 -0.395552 0.376925
v -0.426155 -0.223281 0.147718
v -0.429391 -0.306451 0.105023
v -0.430269 -0.215751 0.099264
v -0.414129 -0.246990 0.354537
v -0.405715 -0.346089 0.391263
v -0.416007 -0.151068 0.181040
v -0.423519 -0.177710 0.118213
v 0.216681 -0.687773 0.463000
v 0.298415 -0.658627 0.477828
v 0.230141 -0.676021 0.367862
v 0.298512 -0.624408 0.388454
v 0.161402 -0.963499 0.633442
v 0.332899 -0.936018 0.703215
v 0.111971 -0.913017 0.749979
v 0.295680 -0.906900 0.810573
v 0.162401 -0.777050 0.514064
v 0.185757 -0.689360 0.382665
v 0.119484 -0.712974 0.461331
v 0.097382 -0.818373 0.645603
v 0.096145 -0.746075 0.518961
v 0.356048 -0.718358 0.568038
v 0.328946 -0.603046 0.423749
v 0.365595 -0.612180 0.523888
v 0.376850 -0.824814 0.755273
v 0.380185 -0.656793 0.599086
v 0.258008 -0.732601 -0.350117
v 0.360160 -0.620682 -0.355917
v 0.305928 -0.875840 -0.349312
v 0.408933 -0.692310 -0.328793
v 0.142179 -0.487569 -0.377935
v 0.208545 -0.418397 -0.388299
v 0.107330 -0.433706 -0.400322
v 0.169934 -0.367178 -0.409165
v 0.151943 -0.605689 -0.340390
v 0.203769 -0.816778 -0.348059
v 0.122867 -0.642410 -0.310269
v 0.084598 -0.484927 -0.376850
v 0.090385 -0.580471 -0.328353
v 0.302280 -0.454465 -0.361939
v 0.401507 -0.573262 -0.326298
v 0.344426 -0.420747 -0.345672
v 0.215636 -0.349374 -0.398480
v 0.299749 -0.372862 -0.365002
v 0.431875 -0.324136 -0.173915
v 0.439614 -0.282801 -0.094809
v 0.437633 -0.392744 -0.158511
v 0.445539 -0.340694 -0.075028
v 0.386257 -0.148685 -0.203709
v 0.402322 -0.128823 -0.139335
v 0.366119 -0.100929 -0.210768
v 0.382160 -0.088289 -0.152886
v 0.404270 -0.241042 -0.225699
v 0.429571 -0.383454 -0.208379
v 0.398259 -0.286273 -0.256071
v 0.429337 -0.181851 -0.082626
v 0.446321 -0.288130 -0.046331
v 0.435777 -0.192273 -0.039179
v 0.366719 -0.131971 -0.235790
v 0.383380 -0.220319 -0.262438
v 0.394195 -0.096564 -0.114574
v 0.420870 -0.148699 -0.058615
v 0.406505 -0.372584 0.253177
v 0.425251 -0.313605 0.159122
v 0.400023 -0.415414 0.229736
v 0.422371 -0.357693 0.136008
v 0.415358 -0.243015 0.305067
v 0.418644 -0.194977 0.217151
v 0.414641 -0.204169 0.314156
v 0.413612 -0.158552 0.228794
v 0.407312 -0.339170 0.332138
v 0.392671 -0.428366 0.292179
v 0.399980 -0.395745 0.376666
v 0.424786 -0.225975 0.150060
v 0.430775 -0.306811 0.105827
v 0.429973 -0.217717 0.100019
v 0.412098 -0.247460 0.357397
v 0.406412 -0.347389 0.391490
v 0.413986 -0.154253 0.186628
v 0.424499 -0.180668 0.121956
v 0.064196 -0.095691 0.902263
v -0.062588 -0.096433 0.901624
v 0.067259 -0.163140 0.957468
v -0.068121 -0.163420 0.957335
v 0.052182 0.068007 0.761810
v -0.052099 0.067931 0.761873
v 0.047713 0.099729 0.705199
v -0.047750 0.100518 0.705363
v 0.115639 -0.005266 0.821298
v 0.126126 -0.127502 0.898227
v 0.172549 -0.034367 0.817929
v -0.114992 -0.004697 0.821284
v -0.125125 -0.128559 0.895823
v -0.173651 -0.035234 0.816958
v 0.098397 0.080582 0.720408
v 0.162517 0.016418 0.776578
v -0.097926 0.081484 0.721209
v -0.163163 0.016850 0.776608
v 0.362441 -0.373154 0.732255
v 0.330781 -0.261521 0.771830
v 0.339943 -0.422259 0.784544
v 0.291454 -0.301058 0.815944
v 0.398480 -0.230318 0.564025
v 0.379722 -0.157374 0.602354
v 0.403873 -0.189993 0.508809
v 0.378607 -0.131649 0.544979
v 0.395508 -0.340600 0.626234
v 0.372539 -0.459309 0.743285
v 0.396883 -0.414779 0.626430
v 0.404742 -0.241402 0.512882
v 0.403465 -0.351418 0.568703
v 0.352848 -0.159449 0.709555
v 0.292130 -0.225591 0.812760
v 0.319432 -0.128389 0.748957
v 0.364636 -0.109845 0.583986
v 0.336208 -0.104154 0.685297
v -0.360578 -0.370708 0.735252
v -0.332714 -0.261897 0.777040
v -0.338363 -0.418949 0.788934
v -0.290389 -0.300719 0.815774
v -0.397836 -0.231110 0.564325
v -0.380446 -0.156454 0.602693
v -0.398737 -0.191813 0.508775
v -0.380188 -0.128734 0.544005
v -0.394942 -0.341519 0.625718
v -0.371912 -0.455238 0.748305
v -0.393688 -0.413275 0.628584
v -0.405408 -0.241945 0.512848
v -0.401626 -0.353147 0.569774
v -0.353374 -0.159628 0.708536
v -0.291092 -0.226744 0.814714
v -0.321105 -0.128254 0.749694
v -0.365874 -0.109259 0.584074
v -0.336126 -0.103932 0.685981
v 0.205572 0.104232 0.409635
v 0.208718 0.087022 0.510545
v 0.173821 0.117069 0.410664
v 0.171461 0.104596 0.511815
v 0.287327 0.056762 0.383105
v 0.296193 0.027130 0.470055
v 0.308829 0.040393 0.367604
v 0.317339 0.010827 0.449975
v 0.244267 0.093042 0.351029
v 0.189222 0.121351 0.360904
v 0.230610 0.112195 0.308377
v 0.291056 0.062947 0.334555
v 0.255279 0.099434 0.303393
v 0.259221 0.043817 0.543577
v 0.190027 0.086926 0.564305
v 0.244900 0.041942 0.603468
v 0.315121 0.001007 0.505427
v 0.276122 0.015977 0.584806
v -0.206709 0.104451 0.410557
v -0.209375 0.087447 0.510996
v -0.174105 0.117381 0.412600
v -0.171706 0.104605 0.513878
v -0.287375 0.058307 0.383904
v -0.297231 0.028994 0.470225
v -0.306487 0.043401 0.369333
v -0.316243 0.010606 0.450237
v -0.249162 0.092103 0.353945
v -0.190678 0.121069 0.360347
v -0.231587 0.114248 0.309947
v -0.293890 0.062214 0.333761
v -0.258465 0.099862 0.303475
v -0.259908 0.045683 0.545872
v -0.189497 0.087725 0.565446
v -0.243772 0.041355 0.602939
v -0.313874 0.002195 0.504126
v -0.277557 0.016886 0.583272
v 0.040144 0.003700 -0.667398
v -0.042109 0.003903 -0.668280
v 0.035141 0.012015 -0.605506
v -0.035820 0.014140 -0.603869
v 0.061810 0.053655 -0.868339
v -0.065014 0.053467 -0.869764
v 0.066207 0.113093 -0.917312
v -0.068771 0.115422 -0.915920
v 0.102829 0.000824 -0.767415
v 0.073419 0.011588 -0.625149
v 0.136913 0.010697 -0.713909
v -0.105545 0.003333 -0.767772
v -0.075153 0.011517 -0.626443
v -0.141714 0.007168 -0.715302
v 0.131036 0.071681 -0.905715
v 0.163310 0.011116 -0.791233
v -0.134971 0.065708 -0.912529
v -0.166048 0.011837 -0.793996
v 0.194083 -0.098052 -0.407758
v 0.163569 -0.019126 -0.449531
v 0.168052 -0.117881 -0.426152
v 0.134825 -0.031998 -0.458464
v 0.258251 -0.036934 -0.349293
v 0.254266 0.008871 -0.426826
v 0.278075 -0.020257 -0.334604
v 0.275893 0.021794 -0.414082
v 0.250932 -0.107287 -0.365225
v 0.203029 -0.155020 -0.408162
v 0.265796 -0.166483 -0.365855
v 0.284869 -0.065149 -0.323543
v 0.286442 -0.139072 -0.343963
v 0.212123 0.011320 -0.486822
v 0.142658 0.000739 -0.489616
v 0.196761 0.021031 -0.541331
v 0.269969 0.033695 -0.466541
v 0.232894 0.029432 -0.536339
v -0.192244 -0.095332 -0.406452
v -0.162915 -0.019066 -0.449315
v -0.166758 -0.116774 -0.424384
v -0.133782 -0.032021 -0.457591
v -0.261359 -0.041975 -0.355326
v -0.252925 0.008595 -0.429013
v -0.279409 -0.025922 -0.341218
v -0.276572 0.022033 -0.414277
v -0.249314 -0.106920 -0.365721
v -0.201162 -0.153884 -0.405809
v -0.267719 -0.163066 -0.366557
v -0.286095 -0.067223 -0.326245
v -0.285101 -0.139730 -0.344611
v -0.211730 0.011660 -0.488822
v -0.143728 0.000905 -0.492502
v -0.200062 0.020261 -0.542786
v -0.269839 0.034679 -0.469059
v -0.231965 0.030822 -0.539783
v 0.351675 0.366974 -0.781151
v 0.369651 0.239006 -0.877900
v 0.316965 0.407448 -0.823551
v 0.325800 0.280780 -0.932028
v 0.350295 0.248072 -0.586542
v 0.348598 0.168301 -0.624527
v 0.343928 0.212776 -0.524213
v 0.338425 0.150475 -0.551424
v 0.356068 0.355925 -0.653424
v 0.328362 0.443901 -0.754553
v 0.346916 0.426053 -0.641455
v 0.343093 0.265760 -0.532359
v 0.345714 0.375086 -0.588770
v 0.370042 0.141453 -0.768571
v 0.336381 0.191163 -0.931847
v 0.339339 0.096279 -0.804619
v 0.331056 0.123328 -0.591309
v 0.327317 0.096707 -0.709945
v -0.352152 0.366771 -0.783811
v -0.368193 0.239510 -0.883201
v -0.317850 0.406260 -0.825307
v -0.323058 0.279648 -0.931525
v -0.350514 0.249882 -0.589243
v -0.347822 0.169241 -0.626087
v -0.341187 0.215342 -0.528175
v -0.338144 0.148782 -0.552745
v -0.352237 0.353801 -0.653927
v -0.328000 0.441223 -0.756340
v -0.345422 0.425382 -0.640706
v -0.342784 0.265508 -0.533177
v -0.344927 0.375475 -0.587483
v -0.369817 0.141121 -0.771311
v -0.333679 0.189575 -0.933774
v -0.341049 0.096398 -0.806618
v -0.331063 0.125086 -0.594389
v -0.329464 0.100575 -0.712131
v 0.353753 0.041701 -0.063703
v 0.366402 -0.004150 -0.046055
v 0.350268 0.051844 -0.104042
v 0.363305 0.005335 -0.084501
v 0.360356 0.015276 0.052862
v 0.379898 -0.025519 0.069735
v 0.363118 0.005419 0.091493
v 0.382860 -0.033952 0.109134
v 0.348765 0.046704 -0.017220
v 0.346250 0.069573 -0.096108
v 0.338766 0.068989 -0.047157
v 0.353661 0.027776 0.066415
v 0.340032 0.061302 -0.008103
v 0.384035 -0.039846 0.020680
v 0.372719 -0.024135 -0.062341
v 0.392635 -0.063082 0.003786
v 0.390881 -0.054709 0.095785
v 0.397732 -0.070210 0.043867
v -0.353472 0.043303 -0.065332
v -0.366486 -0.000877 -0.049717
v -0.349684 0.052142 -0.105106
v -0.361535 0.006711 -0.087365
v -0.360646 0.014373 0.053152
v -0.379021 -0.025370 0.068081
v -0.362636 0.007465 0.091483
v -0.381248 -0.031673 0.108854
v -0.348147 0.047458 -0.017168
v -0.346030 0.067228 -0.097073
v -0.340230 0.071508 -0.050020
v -0.351458 0.030391 0.062904
v -0.343902 0.062880 -0.006141
v -0.383842 -0.038256 0.015385
v -0.373448 -0.022234 -0.061649
v -0.391664 -0.061004 0.000073
v -0.389925 -0.053339 0.095376
v -0.395236 -0.066083 0.041790
v -0.101403 0.364465 -0.169495
v -0.108174 0.311880 -0.156404
v -0.140393 0.561672 -0.244485
v -0.166946 0.586228 -0.287250
v -0.086130 0.328904 -0.158030
v -0.141564 0.624659 -0.290996
v -0.180474 0.230723 -0.064724
v -0.200589 0.217063 -0.056858
v -0.199412 0.210845 -0.016867
v -0.267650 0.518393 -0.324774
v -0.258846 0.454654 -0.305845
v -0.294376 0.527004 -0.344880
v -0.229429 0.247131 -0.177325
v -0.229572 0.224479 -0.135276
v -0.244343 0.211434 -0.140636
v 0.096574 0.365431 -0.168223
v 0.105466 0.311861 -0.154896
v 0.131463 0.555369 -0.257952
v 0.162265 0.586337 -0.287876
v 0.080894 0.328756 -0.156247
v 0.135793 0.623829 -0.296431
v 0.179481 0.231347 -0.062842
v 0.198295 0.217746 -0.055118
v 0.197799 0.210705 -0.015962
v 0.265359 0.520956 -0.313577
v 0.259962 0.456497 -0.290357
v 0.289967 0.527138 -0.343363
v 0.227360 0.247167 -0.172789
v 0.227111 0.222810 -0.132931
v 0.241582 0.212143 -0.136710
v -0.198932 -0.676246 0.138229
v -0.224042 -0.684497 0.207885
v -0.182768 -0.903208 -0.070191
v -0.254705 -0.985614 -0.173265
v -0.176530 -0.679558 0.221304
v -0.137866 -0.918515 -0.192945
v -0.340567 -0.557650 0.270770
v -0.365200 -0.509398 0.235689
v -0.358732 -0.523691 0.306600
v -0.448697 -0.630002 -0.221500
v -0.446585 -0.541191 -0.179735
v -0.442399 -0.532970 -0.240277
v -0.435914 -0.401063 -0.002816
v -0.426922 -0.401367 0.052203
v -0.438098 -0.348535 0.026935
v 0.198451 -0.675758 0.140042
v 0.224455 -0.684258 0.210024
v 0.174782 -0.901836 -0.079880
v 0.252349 -0.985583 -0.174869
v 0.177486 -0.683067 0.220742
v 0.138576 -0.918269 -0.197837
v 0.339721 -0.558087 0.270825
v 0.366242 -0.508711 0.236199
v 0.357401 -0.523102 0.304372
v 0.448711 -0.630816 -0.218779
v 0.444241 -0.543807 -0.177691
v 0.440740 -0.532166 -0.238353
v 0.437159 -0.400877 -0.000674
v 0.428748 -0.400772 0.052794
v 0.440473 -0.348075 0.026658
v -0.052125 -0.649169 0.778591
v 0.045590 -0.647512 0.767134
v -0.293964 -0.651081 0.844009
v -0.295910 -0.551380 0.833299
v -0.002512 -0.616609 0.707147
v -0.354447 -0.614510 0.809924
v 0.294464 -0.671236 0.846163
v 0.301548 -0.562192 0.832853
v 0.357580 -0.630508 0.810332
v 0.127800 -0.265609 0.901997
v 0.186264 -0.300765 0.872876
v -0.126424 -0.264793 0.901911
v -0.186719 -0.299365 0.876853
v 0.187976 -0.229457 0.879447
v -0.187079 -0.228792 0.880627
v -0.016103 0.201444 0.201119
v 0.015372 0.202656 0.201019
v -0.110356 0.154471 0.307679
v -0.125552 0.139723 0.357105
v -0.001006 0.223411 0.148604
v -0.141512 0.149642 0.307552
v 0.111233 0.157245 0.306752
v 0.125984 0.139038 0.358299
v 0.142605 0.148300 0.311759
v 0.081592 0.126415 0.608620
v 0.111950 0.122376 0.561378
v -0.080415 0.124248 0.606568
v -0.110800 0.123174 0.563822
v 0.125709 0.111271 0.620006
v -0.125958 0.110699 0.620871
v -0.025188 -0.386598 -0.425805
v 0.025894 -0.388857 -0.429251
v -0.144035 -0.258572 -0.441169
v -0.143158 -0.198436 -0.445863
v -0.000559 -0.433986 -0.403649
v -0.179434 -0.238442 -0.427313
v 0.139452 -0.260290 -0.439795
v 0.140762 -0.198444 -0.444718
v 0.177562 -0.239934 -0.426037
v 0.054607 -0.000621 -0.524529
v 0.081368 -0.022884 -0.497955
v -0.058135 -0.001248 -0.525423
v -0.082121 -0.021724 -0.497563
v 0.088081 0.006976 -0.530346
v -0.089699 0.011416 -0.531532
v -0.042738 0.770831 -0.742130
v 0.043813 0.771505 -0.741705
v -0.241744 0.607056 -0.794130
v -0.254468 0.524057 -0.818525
v 0.001720 0.821443 -0.694587
v -0.288490 0.568460 -0.772543
v 0.242846 0.605661 -0.792386
v 0.254982 0.525598 -0.817995
v 0.286456 0.570905 -0.773501
v 0.138792 0.228371 -0.960058
v 0.212219 0.276847 -0.987229
v -0.138962 0.228834 -0.962201
v -0.211441 0.275545 -0.987359
v 0.216690 0.185115 -0.984360
v -0.217143 0.183098 -0.982878
v 0.326891 0.195145 -0.379011
v 0.333065 0.190635 -0.421772
v 0.334414 0.114686 -0.212872
v 0.341366 0.087615 -0.175394
v 0.330035 0.231123 -0.428387
v 0.335321 0.104573 -0.171048
v 0.329791 -0.044776 -0.252773
v 0.313592 -0.026613 -0.288992
v 0.358098 -0.027389 -0.148658
v 0.357557 -0.006489 -0.133610
v 0.323347 -0.067612 -0.274500
v 0.370742 -0.036537 -0.111841
v 0.307684 0.063085 -0.430513
v 0.319343 0.091463 -0.459315
v 0.308155 0.077530 -0.487249
v 0.323677 0.039286 0.258896
v 0.323928 0.033098 0.302993
v 0.345462 0.028017 0.153272
v 0.357297 0.013660 0.142343
v 0.311101 0.054016 0.272596
v 0.343083 0.032264 0.112008
v 0.408364 -0.166509 0.368872
v 0.405526 -0.163402 0.413563
v 0.403535 -0.093300 0.206910
v 0.395161 -0.066702 0.177772
v 0.410217 -0.204367 0.412756
v 0.401133 -0.089363 0.166957
v 0.365649 -0.069880 0.471512
v 0.350530 -0.035572 0.450083
v 0.350131 -0.051385 0.503745
v -0.326844 0.191245 -0.380671
v -0.334487 0.189717 -0.424820
v -0.334057 0.116786 -0.213443
v -0.340943 0.087545 -0.176829
v -0.329085 0.231040 -0.430025
v -0.335174 0.105147 -0.174258
v -0.330434 -0.045329 -0.258385
v -0.313045 -0.030449 -0.290032
v -0.358989 -0.025892 -0.150806
v -0.354513 -0.003386 -0.137815
v -0.322310 -0.065050 -0.275630
v -0.369503 -0.034005 -0.114645
v -0.307494 0.061960 -0.433011
v -0.320579 0.093488 -0.464224
v -0.308704 0.076743 -0.489333
v -0.324826 0.039935 0.259662
v -0.324037 0.032922 0.304186
v -0.347155 0.028089 0.151274
v -0.354406 0.016304 0.141586
v -0.312092 0.052010 0.273810
v -0.343863 0.034331 0.111944
v -0.405443 -0.167563 0.365548
v -0.402644 -0.163079 0.411653
v -0.402084 -0.091792 0.205172
v -0.391904 -0.064075 0.175090
v -0.406117 -0.207641 0.411700
v -0.400341 -0.087449 0.163590
v -0.365110 -0.067200 0.471482
v -0.351289 -0.034888 0.450235
v -0.349833 -0.050225 0.503858
v -0.013852 0.274626 -0.119018
v 0.010387 0.274569 -0.117534
v -0.001641 0.261507 -0.069273
v -0.038076 0.795604 -0.400654
v 0.036001 0.797670 -0.401552
v -0.001698 0.831635 -0.460248
v -0.234174 0.154554 0.170777
v -0.228526 0.145404 0.218165
v -0.247455 0.128802 0.216444
v -0.375297 0.539326 -0.496211
v -0.360434 0.526918 -0.563352
v -0.340867 0.461948 -0.518590
v -0.304619 0.125011 -0.071412
v -0.317540 0.109210 -0.074759
v -0.319227 0.096377 -0.033342
v 0.231516 0.155797 0.168854
v 0.223101 0.148597 0.214808
v 0.247197 0.131425 0.213147
v 0.373207 0.540493 -0.498326
v 0.358472 0.524041 -0.562601
v 0.343596 0.460891 -0.518340
v 0.306535 0.123467 -0.068017
v 0.318308 0.113765 -0.073947
v 0.317872 0.098146 -0.033015
v -0.027882 -0.687884 0.386541
v 0.029756 -0.692246 0.384089
v -0.001128 -0.698008 0.457870
v -0.029764 -0.610374 -0.258037
v 0.033480 -0.611658 -0.255276
v 0.001256 -0.592850 -0.291454
v -0.391507 -0.474692 0.492838
v -0.396212 -0.486584 0.559620
v -0.399689 -0.415751 0.503548
v -0.358897 -0.299329 -0.323953
v -0.322331 -0.262480 -0.348520
v -0.341003 -0.229648 -0.321976
v -0.426459 -0.163910 0.026333
v -0.415524 -0.122200 0.003735
v -0.416330 -0.129327 0.047072
v 0.391227 -0.475255 0.492353
v 0.396539 -0.489436 0.558120
v 0.402067 -0.416196 0.502774
v 0.360438 -0.300471 -0.322086
v 0.322174 -0.265245 -0.348584
v 0.341006 -0.232091 -0.322329
v 0.428683 -0.163841 0.029345
v 0.418042 -0.123784 0.005933
v 0.419242 -0.133052 0.049198
v 0.263479 -0.042642 0.748510
v 0.245951 0.003984 0.709660
v 0.282932 -0.028758 0.684795
v -0.262559 -0.043358 0.747219
v -0.244887 0.002362 0.709691
v -0.285311 -0.028881 0.686129
v 0.211013 0.029257 -0.662289
v 0.245872 0.040202 -0.735586
v 0.254701 0.046001 -0.662920
v -0.213562 0.028902 -0.666069
v -0.246630 0.037888 -0.739952
v -0.253922 0.046784 -0.663123
f 1 647 644
f 1 644 643
f 1 643 645
f 1 645 646
f 1 646 647
f 2 649 652
f 6 672 670
f 12 702 699
f 11 696 695
f 8 679 681
f 4 662 659
f 4 659 658
f 4 658 660
f 4 660 661
f 4 661 662
f 5 666 665
f 3 654 657
f 7 673 677
f 9 685 686
f 10 692 688
f 12 701 698
f 6 669 668
f 2 650 648
f 8 682 678
f 11 697 693
f 6 671 669
f 12 700 701
f 11 694 697
f 8 680 682
f 2 651 650
f 10 690 689
f 5 663 664
f 3 655 653
f 7 676 674
f 9 687 684
f 10 691 690
f 5 667 663
f 3 656 655
f 7 675 676
f 9 683 687
f 6 668 672
f 2 648 649
f 8 678 679
f 11 693 696
f 12 698 702
f 10 688 691
f 5 665 667
f 3 657 656
f 7 677 675
f 9 686 683
f 5 664 666
f 3 653 654
f 7 674 673
f 9 684 685
f 10 689 692
f 6 670 671
f 12 699 700
f 11 695 694
f 8 681 680
f 2 652 651
f 35 837 838
f 18 735 736
f 19 742 741
f 40 868 867
f 42 880 879
f 34 832 831
f 33 827 828
f 25 778 780
f 36 844 846
f 20 749 747
f 32 819 820
f 23 765 767
f 24 773 771
f 37 850 849
f 41 876 875
f 34 833 834
f 33 826 825
f 25 779 777
f 36 845 843
f 20 748 750
f 17 729 727
f 14 711 709
f 13 706 703
f 15 718 715
f 16 724 721
f 18 737 733
f 35 839 835
f 42 882 878
f 40 870 866
f 19 744 740
f 30 807 805
f 27 789 787
f 22 762 758
f 28 797 793
f 29 802 799
f 32 821 817
f 23 766 763
f 24 774 770
f 37 852 848
f 41 874 872
f 35 838 836
f 18 736 734
f 19 741 739
f 40 867 865
f 42 879 877
f 34 831 829
f 33 828 824
f 25 780 776
f 36 846 842
f 20 747 745
f 32 820 818
f 23 767 764
f 24 771 769
f 37 849 847
f 41 875 871
f 34 834 830
f 33 825 823
f 25 777 775
f 36 843 841
f 20 750 746
f 14 714 710
f 13 707 704
f 15 719 716
f 16 725 722
f 17 732 728
f 21 755 752
f 31 814 811
f 26 784 781
f 38 857 853
f 39 862 860
f 27 792 788
f 22 759 757
f 28 796 794
f 29 803 800
f 30 810 806
f 31 815 812
f 26 785 782
f 38 856 854
f 39 863 859
f 21 754 751
f 14 712 714
f 13 705 707
f 15 717 719
f 16 723 725
f 17 730 732
f 21 753 755
f 31 816 814
f 26 786 784
f 38 858 857
f 39 861 862
f 27 791 792
f 22 761 759
f 28 795 796
f 29 801 803
f 30 808 810
f 31 813 815
f 26 783 785
f 38 855 856
f 39 864 863
f 21 756 754
f 14 709 712
f 13 703 705
f 15 715 717
f 16 721 723
f 17 727 730
f 21 751 753
f 31 812 816
f 26 782 786
f 38 854 858
f 39 859 861
f 27 787 791
f 22 758 761
f 28 793 795
f 29 799 801
f 30 805 808
f 31 811 813
f 26 781 783
f 38 853 855
f 39 860 864
f 21 752 756
f 17 728 731
f 14 710 713
f 13 704 708
f 15 716 720
f 16 722 726
f 18 734 738
f 35 836 840
f 42 877 881
f 40 865 869
f 19 739 743
f 30 806 809
f 27 788 790
f 22 757 760
f 28 794 798
f 29 800 804
f 32 818 822
f 23 764 768
f 24 769 772
f 37 847 851
f 41 871 873
f 35 835 837
f 18 733 735
f 19 740 742
f 40 866 868
f 42 878 880
f 34 830 832
f 33 823 827
f 25 775 778
f 36 841 844
f 20 746 749
f 32 817 819
f 23 763 765
f 24 770 773
f 37 848 850
f 41 872 876
f 34 829 833
f 33 824 826
f 25 776 779
f 36 842 845
f 20 745 748
f 17 731 729
f 14 713 711
f 13 708 706
f 15 720 718
f 16 726 724
f 18 738 737
f 35 840 839
f 42 881 882
f 40 869 870
f 19 743 744
f 30 809 807
f 27 790 789
f 22 760 762
f 28 798 797
f 29 804 802
f 32 822 821
f 23 768 766
f 24 772 774
f 37 851 852
f 41 873 874
f 107 1269 1270
f 103 1245 1246
f 104 1252 1251
f 110 1288 1287
f 113 1306 1305
f 118 1336 1335
f 154 1551 1552
f 141 1473 1474
f 162 1599 1600
f 121 1354 1353
f 142 1479 1480
f 129 1401 1402
f 130 1408 1407
f 144 1492 1491
f 146 1504 1503
f 151 1533 1534
f 131 1414 1413
f 136 1444 1443
f 161 1594 1593
f 126 1383 1384
f 116 1323 1324
f 108 1275 1276
f 106 1263 1264
f 112 1299 1300
f 115 1317 1318
f 119 1341 1342
f 156 1564 1563
f 139 1462 1461
f 160 1588 1587
f 120 1347 1348
f 149 1521 1522
f 132 1420 1419
f 128 1395 1396
f 145 1497 1498
f 148 1515 1516
f 155 1557 1558
f 133 1425 1426
f 134 1431 1432
f 157 1570 1569
f 124 1372 1371
f 109 1282 1281
f 105 1258 1257
f 111 1294 1293
f 114 1312 1311
f 117 1330 1329
f 125 1378 1377
f 152 1540 1539
f 137 1449 1450
f 158 1575 1576
f 123 1365 1366
f 143 1486 1485
f 127 1390 1389
f 135 1437 1438
f 147 1510 1509
f 150 1528 1527
f 153 1546 1545
f 140 1468 1467
f 138 1455 1456
f 159 1581 1582
f 122 1359 1360
f 107 1272 1271
f 103 1248 1247
f 104 1253 1254
f 110 1289 1290
f 113 1307 1308
f 118 1337 1338
f 154 1554 1553
f 141 1476 1475
f 162 1602 1601
f 121 1355 1356
f 142 1482 1481
f 129 1404 1403
f 130 1409 1410
f 144 1493 1494
f 146 1505 1506
f 151 1536 1535
f 131 1415 1416
f 136 1445 1446
f 161 1595 1596
f 126 1386 1385
f 47 909 907
f 44 891 889
f 43 886 883
f 45 898 895
f 46 904 901
f 49 922 919
f 72 1060 1057
f 102 1240 1237
f 96 1204 1201
f 79 1102 1099
f 62 999 997
f 59 981 979
f 58 976 973
f 60 988 985
f 61 994 991
f 66 1024 1021
f 54 952 949
f 73 1066 1063
f 85 1138 1135
f 92 1179 1177
f 101 1233 1231
f 69 1041 1039
f 50 927 925
f 82 1119 1117
f 97 1209 1207
f 71 1053 1051
f 100 1228 1225
f 94 1192 1189
f 80 1108 1105
f 51 933 931
f 90 1167 1165
f 63 1005 1003
f 55 957 955
f 76 1083 1081
f 87 1150 1147
f 91 1174 1171
f 67 1029 1027
f 56 963 961
f 75 1077 1075
f 83 1126 1123
f 68 1036 1033
f 48 915 913
f 78 1095 1093
f 93 1185 1183
f 98 1216 1213
f 88 1155 1153
f 65 1018 1015
f 57 970 967
f 77 1090 1087
f 86 1143 1141
f 64 1012 1009
f 53 945 943
f 74 1071 1069
f 84 1131 1129
f 89 1162 1159
f 70 1047 1045
f 99 1221 1219
f 95 1197 1195
f 81 1114 1111
f 52 940 937
f 109 1284 1280
f 105 1260 1256
f 111 1296 1292
f 114 1314 1310
f 117 1332 1328
f 125 1380 1376
f 152 1542 1538
f 137 1451 1447
f 158 1577 1573
f 123 1367 1363
f 143 1488 1484
f 127 1392 1388
f 135 1439 1435
f 147 1512 1508
f 150 1530 1526
f 153 1548 1544
f 140 1470 1466
f 138 1457 1453
f 159 1583 1579
f 122 1361 1357
f 107 1270 1268
f 103 1246 1244
f 104 1251 1249
f 110 1287 1285
f 113 1305 1303
f 118 1335 1333
f 154 1552 1550
f 141 1474 1472
f 162 1600 1598
f 121 1353 1351
f 142 1480 1478
f 129 1402 1400
f 130 1407 1405
f 144 1491 1489
f 146 1503 1501
f 151 1534 1532
f 131 1413 1411
f 136 1443 1441
f 161 1593 1591
f 126 1384 1382
f 116 1324 1322
f 108 1276 1274
f 106 1264 1262
f 112 1300 1298
f 115 1318 1316
f 119 1342 1340
f 156 1563 1561
f 139 1461 1459
f 160 1587 1585
f 120 1348 1346
f 149 1522 1520
f 132 1419 1417
f 128 1396 1394
f 145 1498 1496
f 148 1516 1514
f 155 1558 1556
f 133 1426 1424
f 134 1432 1430
f 157 1569 1567
f 124 1371 1369
f 109 1281 1279
f 105 1257 1255
f 111 1293 1291
f 114 1311 1309
f 117 1329 1327
f 125 1377 1375
f 152 1539 1537
f 137 1450 1448
f 158 1576 1574
f 123 1366 1364
f 143 1485 1483
f 127 1389 1387
f 135 1438 1436
f 147 1509 1507
f 150 1527 1525
f 153 1545 1543
f 140 1467 1465
f 138 1456 1454
f 159 1582 1580
f 122 1360 1358
f 107 1271 1267
f 103 1247 1243
f 104 1254 1250
f 110 1290 1286
f 113 1308 1304
f 118 1338 1334
f 154 1553 1549
f 141 1475 1471
f 162 1601 1597
f 121 1356 1352
f 142 1481 1477
f 129 1403 1399
f 130 1410 1406
f 144 1494 1490
f 146 1506 1502
f 151 1535 1531
f 131 1416 1412
f 136 1446 1442
f 161 1596 1592
f 126 1385 1381
f 44 894 890
f 43 887 884
f 45 899 896
f 46 905 902
f 47 912 908
f 52 941 938
f 70 1050 1046
f 99 1224 1220
f 95 1200 1196
f 81 1115 1112
f 59 984 980
f 58 977 974
f 60 989 986
f 61 995 992
f 62 1002 998
f 65 1019 1016
f 57 971 968
f 77 1091 1088
f 86 1146 1142
f 88 1158 1154
f 98 1217 1214
f 68 1037 1034
f 48 918 914
f 78 1098 1094
f 93 1188 1184
f 69 1044 1040
f 101 1236 1232
f 97 1212 1208
f 82 1122 1118
f 50 930 926
f 89 1163 1160
f 64 1013 1010
f 53 948 944
f 74 1074 1070
f 84 1134 1130
f 90 1170 1166
f 63 1008 1004
f 55 960 956
f 76 1086 1082
f 87 1151 1148
f 72 1061 1058
f 49 923 920
f 79 1103 1100
f 96 1205 1202
f 102 1241 1238
f 91 1175 1172
f 67 1032 1028
f 56 966 962
f 75 1080 1076
f 83 1127 1124
f 66 1025 1022
f 54 953 950
f 73 1067 1064
f 85 1139 1136
f 92 1182 1178
f 71 1056 1052
f 100 1229 1226
f 94 1193 1190
f 80 1109 1106
f 51 936 932
f 116 1325 1321
f 108 1277 1273
f 106 1265 1261
f 112 1301 1297
f 115 1319 1315
f 119 1343 1339
f 156 1566 1562
f 139 1464 1460
f 160 1590 1586
f 120 1349 1345
f 149 1523 1519
f 132 1422 1418
f 128 1397 1393
f 145 1499 1495
f 148 1517 1513
f 155 1559 1555
f 133 1427 1423
f 134 1433 1429
f 157 1572 1568
f 124 1374 1370
f 44 892 894
f 43 885 887
f 45 897 899
f 46 903 905
f 47 910 912
f 52 939 941
f 70 1048 1050
f 99 1222 1224
f 95 1198 1200
f 81 1113 1115
f 59 982 984
f 58 975 977
f 60 987 989
f 61 993 995
f 62 1000 1002
f 65 1017 1019
f 57 969 971
f 77 1089 1091
f 86 1144 1146
f 88 1156 1158
f 98 1215 1217
f 68 1035 1037
f 48 916 918
f 78 1096 1098
f 93 1186 1188
f 69 1042 1044
f 101 1234 1236
f 97 1210 1212
f 82 1120 1122
f 50 928 930
f 89 1161 1163
f 64 1011 1013
f 53 946 948
f 74 1072 1074
f 84 1132 1134
f 90 1168 1170
f 63 1006 1008
f 55 958 960
f 76 1084 1086
f 87 1149 1151
f 72 1059 1061
f 49 921 923
f 79 1101 1103
f 96 1203 1205
f 102 1239 1241
f 91 1173 1175
f 67 1030 1032
f 56 964 966
f 75 1078 1080
f 83 1125 1127
f 66 1023 1025
f 54 951 953
f 73 1065 1067
f 85 1137 1139
f 92 1180 1182
f 71 1054 1056
f 100 1227 1229
f 94 1191 1193
f 80 1107 1109
f 51 934 936
f 116 1326 1325
f 108 1278 1277
f 106 1266 1265
f 112 1302 1301
f 115 1320 1319
f 119 1344 1343
f 156 1565 1566
f 139 1463 1464
f 160 1589 1590
f 120 1350 1349
f 149 1524 1523
f 132 1421 1422
f 128 1398 1397
f 145 1500 1499
f 148 1518 1517
f 155 1560 1559
f 133 1428 1427
f 134 1434 1433
f 157 1571 1572
f 124 1373 1374
f 44 889 892
f 43 883 885
f 45 895 897
f 46 901 903
f 47 907 910
f 52 937 939
f 70 1045 1048
f 99 1219 1222
f 95 1195 1198
f 81 1111 1113
f 59 979 982
f 58 973 975
f 60 985 987
f 61 991 993
f 62 997 1000
f 65 1015 1017
f 57 967 969
f 77 1087 1089
f 86 1141 1144
f 88 1153 1156
f 98 1213 1215
f 68 1033 1035
f 48 913 916
f 78 1093 1096
f 93 1183 1186
f 69 1039 1042
f 101 1231 1234
f 97 1207 1210
f 82 1117 1120
f 50 925 928
f 89 1159 1161
f 64 1009 1011
f 53 943 946
f 74 1069 1072
f 84 1129 1132
f 90 1165 1168
f 63 1003 1006
f 55 955 958
f 76 1081 1084
f 87 1147 1149
f 72 1057 1059
f 49 919 921
f 79 1099 1101
f 96 1201 1203
f 102 1237 1239
f 91 1171 1173
f 67 1027 1030
f 56 961 964
f 75 1075 1078
f 83 1123 1125
f 66 1021 1023
f 54 949 951
f 73 1063 1065
f 85 1135 1137
f 92 1177 1180
f 71 1051 1054
f 100 1225 1227
f 94 1189 1191
f 80 1105 1107
f 51 931 934
f 116 1322 1326
f 108 1274 1278
f 106 1262 1266
f 112 1298 1302
f 115 1316 1320
f 119 1340 1344
f 156 1561 1565
f 139 1459 1463
f 160 1585 1589
f 120 1346 1350
f 149 1520 1524
f 132 1417 1421
f 128 1394 1398
f 145 1496 1500
f 148 1514 1518
f 155 1556 1560
f 133 1424 1428
f 134 1430 1434
f 157 1567 1571
f 124 1369 1373
f 47 908 911
f 44 890 893
f 43 884 888
f 45 896 900
f 46 902 906
f 49 920 924
f 72 1058 1062
f 102 1238 1242
f 96 1202 1206
f 79 1100 1104
f 62 998 1001
f 59 980 983
f 58 974 978
f 60 986 990
f 61 992 996
f 66 1022 1026
f 54 950 954
f 73 1064 1068
f 85 1136 1140
f 92 1178 1181
f 101 1232 1235
f 69 1040 1043
f 50 926 929
f 82 1118 1121
f 97 1208 1211
f 71 1052 1055
f 100 1226 1230
f 94 1190 1194
f 80 1106 1110
f 51 932 935
f 90 1166 1169
f 63 1004 1007
f 55 956 959
f 76 1082 1085
f 87 1148 1152
f 91 1172 1176
f 67 1028 1031
f 56 962 965
f 75 1076 1079
f 83 1124 1128
f 68 1034 1038
f 48 914 917
f 78 1094 1097
f 93 1184 1187
f 98 1214 1218
f 88 1154 1157
f 65 1016 1020
f 57 968 972
f 77 1088 1092
f 86 1142 1145
f 64 1010 1014
f 53 944 947
f 74 1070 1073
f 84 1130 1133
f 89 1160 1164
f 70 1046 1049
f 99 1220 1223
f 95 1196 1199
f 81 1112 1116
f 52 938 942
f 109 1279 1283
f 105 1255 1259
f 111 1291 1295
f 114 1309 1313
f 117 1327 1331
f 125 1375 1379
f 152 1537 1541
f 137 1448 1452
f 158 1574 1578
f 123 1364 1368
f 143 1483 1487
f 127 1387 1391
f 135 1436 1440
f 147 1507 1511
f 150 1525 1529
f 153 1543 1547
f 140 1465 1469
f 138 1454 1458
f 159 1580 1584
f 122 1358 1362
f 107 1267 1269
f 103 1243 1245
f 104 1250 1252
f 110 1286 1288
f 113 1304 1306
f 118 1334 1336
f 154 1549 1551
f 141 1471 1473
f 162 1597 1599
f 121 1352 1354
f 142 1477 1479
f 129 1399 1401
f 130 1406 1408
f 144 1490 1492
f 146 1502 1504
f 151 1531 1533
f 131 1412 1414
f 136 1442 1444
f 161 1592 1594
f 126 1381 1383
f 116 1321 1323
f 108 1273 1275
f 106 1261 1263
f 112 1297 1299
f 115 1315 1317
f 119 1339 1341
f 156 1562 1564
f 139 1460 1462
f 160 1586 1588
f 120 1345 1347
f 149 1519 1521
f 132 1418 1420
f 128 1393 1395
f 145 1495 1497
f 148 1513 1515
f 155 1555 1557
f 133 1423 1425
f 134 1429 1431
f 157 1568 1570
f 124 1370 1372
f 109 1280 1282
f 105 1256 1258
f 111 1292 1294
f 114 1310 1312
f 117 1328 1330
f 125 1376 1378
f 152 1538 1540
f 137 1447 1449
f 158 1573 1575
f 123 1363 1365
f 143 1484 1486
f 127 1388 1390
f 135 1435 1437
f 147 1508 1510
f 150 1526 1528
f 153 1544 1546
f 140 1466 1468
f 138 1453 1455
f 159 1579 1581
f 122 1357 1359
f 107 1268 1272
f 103 1244 1248
f 104 1249 1253
f 110 1285 1289
f 113 1303 1307
f 118 1333 1337
f 154 1550 1554
f 141 1472 1476
f 162 1598 1602
f 121 1351 1355
f 142 1478 1482
f 129 1400 1404
f 130 1405 1409
f 144 1489 1493
f 146 1501 1505
f 151 1532 1536
f 131 1411 1415
f 136 1441 1445
f 161 1591 1595
f 126 1382 1386
f 47 911 909
f 44 893 891
f 43 888 886
f 45 900 898
f 46 906 904
f 49 924 922
f 72 1062 1060
f 102 1242 1240
f 96 1206 1204
f 79 1104 1102
f 62 1001 999
f 59 983 981
f 58 978 976
f 60 990 988
f 61 996 994
f 66 1026 1024
f 54 954 952
f 73 1068 1066
f 85 1140 1138
f 92 1181 1179
f 101 1235 1233
f 69 1043 1041
f 50 929 927
f 82 1121 1119
f 97 1211 1209
f 71 1055 1053
f 100 1230 1228
f 94 1194 1192
f 80 1110 1108
f 51 935 933
f 90 1169 1167
f 63 1007 1005
f 55 959 957
f 76 1085 1083
f 87 1152 1150
f 91 1176 1174
f 67 1031 1029
f 56 965 963
f 75 1079 1077
f 83 1128 1126
f 68 1038 1036
f 48 917 915
f 78 1097 1095
f 93 1187 1185
f 98 1218 1216
f 88 1157 1155
f 65 1020 1018
f 57 972 970
f 77 1092 1090
f 86 1145 1143
f 64 1014 1012
f 53 947 945
f 74 1073 1071
f 84 1133 1131
f 89 1164 1162
f 70 1049 1047
f 99 1223 1221
f 95 1199 1197
f 81 1116 1114
f 52 942 940
f 109 1283 1284
f 105 1259 1260
f 111 1295 1296
f 114 1313 1314
f 117 1331 1332
f 125 1379 1380
f 152 1541 1542
f 137 1452 1451
f 158 1578 1577
f 123 1368 1367
f 143 1487 1488
f 127 1391 1392
f 135 1440 1439
f 147 1511 1512
f 150 1529 1530
f 153 1547 1548
f 140 1469 1470
f 138 1458 1457
f 159 1584 1583
f 122 1362 1361
f 407 1609 1616
f 403 1605 1608
f 404 1611 1606
f 410 1614 1612
f 413 1617 1615
f 422 1631 1624
f 486 1688 1692
f 573 1775 1782
f 561 1763 1765
f 512 1719 1714
f 452 1654 1661
f 448 1650 1653
f 449 1656 1651
f 455 1659 1657
f 458 1662 1660
f 470 1672 1675
f 437 1646 1639
f 494 1706 1696
f 531 1735 1733
f 539 1741 1751
f 568 1770 1779
f 478 1680 1683
f 419 1621 1626
f 509 1711 1721
f 554 1756 1766
f 482 1684 1689
f 576 1780 1778
f 558 1767 1760
f 516 1722 1718
f 425 1627 1629
f 542 1744 1747
f 463 1668 1665
f 434 1636 1641
f 497 1699 1704
f 528 1730 1737
f 546 1748 1750
f 464 1666 1676
f 440 1642 1644
f 500 1705 1702
f 524 1736 1726
f 479 1691 1681
f 418 1623 1620
f 508 1713 1710
f 553 1764 1755
f 569 1781 1771
f 538 1749 1740
f 471 1677 1673
f 443 1645 1647
f 501 1703 1707
f 523 1725 1734
f 467 1674 1669
f 433 1638 1635
f 493 1695 1698
f 527 1732 1729
f 543 1752 1745
f 485 1690 1687
f 572 1777 1774
f 557 1759 1762
f 515 1717 1720
f 428 1630 1632
f 591 2191 2189
f 587 1885 1883
f 588 1901 1903
f 594 2279 2281
f 597 2315 2317
f 600 2171 2173
f 634 2160 2158
f 619 2016 2012
f 639 2214 2210
f 602 1919 1924
f 624 2137 2135
f 608 1978 1973
f 610 1991 1996
f 627 2225 2227
f 630 2302 2304
f 635 2178 2176
f 615 2153 2155
f 617 2009 2014
f 637 2207 2212
f 604 1926 1922
f 416 1857 1864
f 408 1803 1810
f 406 1786 1795
f 412 1822 1831
f 415 1840 1849
f 424 1876 1887
f 492 2182 2193
f 582 2312 2321
f 565 2276 2285
f 514 1898 1907
f 461 2091 2098
f 453 2037 2044
f 451 1952 1961
f 457 2056 2067
f 460 2074 2083
f 475 2128 2139
f 439 1966 1975
f 496 1988 1997
f 533 2222 2231
f 551 2293 2298
f 579 2185 2190
f 483 1879 1884
f 426 1893 1900
f 521 2271 2278
f 566 2307 2314
f 489 2163 2170
f 578 2150 2159
f 560 2006 2015
f 518 2204 2213
f 429 1911 1918
f 547 2131 2136
f 465 1969 1977
f 441 1983 1990
f 504 2217 2224
f 537 2290 2301
f 550 2168 2177
f 476 2145 2152
f 444 2001 2008
f 502 2199 2206
f 526 1916 1925
f 481 1808 1817
f 420 1789 1797
f 510 1825 1833
f 555 1843 1851
f 571 1862 1871
f 540 1933 1941
f 473 2110 2119
f 447 2020 2029
f 507 2236 2247
f 534 2257 2262
f 469 2042 2051
f 435 1947 1954
f 498 2059 2064
f 529 2077 2085
f 545 2096 2105
f 487 2113 2121
f 574 2023 2031
f 562 2239 2244
f 520 2254 2265
f 432 1930 1939
f 589 1818 1814
f 583 1798 1793
f 586 1834 1829
f 593 1852 1847
f 596 1872 1868
f 599 1942 1937
f 633 2120 2124
f 620 2030 2034
f 640 2248 2250
f 603 2263 2261
f 622 2052 2050
f 607 1955 1960
f 612 2065 2063
f 626 2086 2081
f 629 2106 2102
f 631 2122 2117
f 614 2032 2027
f 618 2245 2243
f 641 2266 2268
f 605 1940 1944
f 409 1813 1804
f 405 1792 1785
f 411 1828 1821
f 414 1846 1839
f 417 1867 1858
f 431 1936 1929
f 488 2123 2114
f 575 2033 2024
f 563 2249 2240
f 519 2260 2253
f 454 2049 2038
f 450 1959 1951
f 456 2062 2055
f 459 2080 2073
f 462 2101 2092
f 472 2116 2109
f 446 2026 2019
f 506 2242 2235
f 535 2267 2258
f 541 1943 1934
f 570 1869 1861
f 480 1815 1807
f 421 1799 1790
f 511 1835 1826
f 556 1853 1844
f 484 1889 1880
f 580 2195 2186
f 567 2319 2308
f 522 2283 2272
f 427 1905 1894
f 544 2103 2095
f 468 2046 2041
f 436 1957 1948
f 499 2069 2060
f 530 2087 2078
f 548 2141 2132
f 466 1979 1970
f 442 1993 1984
f 505 2229 2218
f 536 2296 2289
f 491 2188 2181
f 423 1882 1875
f 513 1902 1897
f 564 2280 2275
f 581 2316 2311
f 549 2172 2167
f 477 2157 2146
f 445 2011 2002
f 503 2209 2200
f 525 1923 1915
f 474 2134 2127
f 438 1972 1965
f 495 1995 1987
f 532 2226 2221
f 552 2303 2294
f 490 2175 2164
f 577 2154 2149
f 559 2013 2005
f 517 2211 2203
f 430 1921 1912
f 590 1865 1870
f 584 1811 1816
f 585 1796 1800
f 592 1832 1836
f 595 1850 1854
f 598 1888 1890
f 636 2194 2196
f 621 2322 2320
f 642 2286 2284
f 601 1908 1906
f 623 2099 2104
f 611 2045 2047
f 609 1962 1958
f 625 2068 2070
f 628 2084 2088
f 632 2140 2142
f 613 1976 1980
f 616 1998 1994
f 638 2232 2230
f 606 2299 2297
f 407 2330 2329
f 403 2324 2323
f 404 2325 2326
f 410 2332 2333
f 413 2335 2336
f 422 2344 2345
f 486 2410 2409
f 573 2497 2496
f 561 2486 2485
f 512 2434 2435
f 452 2375 2374
f 448 2369 2368
f 449 2370 2371
f 455 2377 2378
f 458 2380 2381
f 470 2393 2392
f 437 2359 2360
f 494 2415 2416
f 531 2455 2456
f 539 2461 2460
f 568 2489 2488
f 478 2399 2398
f 419 2341 2340
f 509 2431 2430
f 554 2476 2475
f 482 2405 2404
f 576 2500 2501
f 558 2481 2482
f 516 2439 2440
f 425 2348 2347
f 542 2465 2464
f 463 2383 2384
f 434 2356 2355
f 497 2420 2419
f 528 2452 2451
f 546 2471 2470
f 464 2386 2385
f 440 2363 2362
f 500 2422 2423
f 524 2445 2446
f 479 2400 2401
f 418 2338 2339
f 508 2428 2429
f 553 2473 2474
f 569 2490 2491
f 538 2458 2459
f 471 2394 2395
f 443 2366 2365
f 501 2425 2424
f 523 2444 2443
f 467 2389 2390
f 433 2353 2354
f 493 2414 2413
f 527 2449 2450
f 543 2466 2467
f 485 2407 2408
f 572 2494 2495
f 557 2480 2479
f 515 2438 2437
f 428 2351 2350
f 591 2510 2511
f 587 2504 2505
f 588 2508 2507
f 594 2514 2513
f 597 2517 2516
f 600 2520 2519
f 634 2554 2556
f 619 2539 2540
f 639 2560 2561
f 602 2523 2521
f 624 2543 2544
f 608 2527 2529
f 610 2532 2530
f 627 2547 2546
f 630 2550 2549
f 635 2552 2553
f 615 2535 2534
f 617 2538 2536
f 637 2558 2557
f 604 2524 2525
f 167 1607 647
f 164 1603 644
f 163 1604 643
f 165 1610 645
f 166 1613 646
f 169 1622 649
f 192 1686 672
f 222 1773 702
f 216 1761 696
f 199 1712 679
f 182 1652 662
f 179 1648 659
f 178 1649 658
f 180 1655 660
f 181 1658 661
f 186 1670 666
f 174 1637 654
f 193 1694 673
f 205 1731 685
f 212 1739 692
f 221 1768 701
f 189 1678 669
f 170 1619 650
f 202 1709 682
f 217 1754 697
f 191 1682 671
f 220 1776 700
f 214 1758 694
f 200 1716 680
f 171 1625 651
f 210 1742 690
f 183 1663 663
f 175 1634 655
f 196 1697 676
f 207 1728 687
f 211 1746 691
f 187 1664 667
f 176 1640 656
f 195 1700 675
f 203 1724 683
f 188 1679 668
f 168 1618 648
f 198 1708 678
f 213 1753 693
f 218 1769 698
f 208 1738 688
f 185 1671 665
f 177 1643 657
f 197 1701 677
f 206 1723 686
f 184 1667 664
f 173 1633 653
f 194 1693 674
f 204 1727 684
f 209 1743 689
f 190 1685 670
f 219 1772 699
f 215 1757 695
f 201 1715 681
f 172 1628 652
f 357 2187 837
f 255 1881 735
f 262 1899 742
f 388 2277 868
f 400 2313 880
f 352 2169 832
f 347 2156 827
f 298 2010 778
f 364 2208 844
f 269 1917 749
f 339 2133 819
f 285 1971 765
f 293 1989 773
f 370 2223 850
f 396 2300 876
f 353 2174 833
f 346 2151 826
f 299 2007 779
f 365 2205 845
f 268 1920 748
f 249 1855 729
f 231 1801 711
f 226 1784 706
f 238 1820 718
f 244 1838 724
f 257 1874 737
f 359 2180 839
f 402 2310 882
f 390 2274 870
f 264 1896 744
f 327 2089 807
f 309 2035 789
f 282 1950 762
f 317 2054 797
f 322 2072 802
f 341 2126 821
f 286 1964 766
f 294 1986 774
f 372 2220 852
f 394 2291 874
f 358 2183 838
f 256 1877 736
f 261 1891 741
f 387 2269 867
f 399 2305 879
f 351 2161 831
f 348 2148 828
f 300 2004 780
f 366 2202 846
f 267 1909 747
f 340 2129 820
f 287 1967 767
f 291 1981 771
f 369 2215 849
f 395 2288 875
f 354 2166 834
f 345 2143 825
f 297 1999 777
f 363 2197 843
f 270 1914 750
f 234 1806 714
f 227 1787 707
f 239 1823 719
f 245 1841 725
f 252 1860 732
f 275 1931 755
f 334 2108 814
f 304 2018 784
f 377 2234 857
f 382 2255 862
f 312 2040 792
f 279 1945 759
f 316 2057 796
f 323 2075 803
f 330 2094 810
f 335 2111 815
f 305 2021 785
f 376 2237 856
f 383 2252 863
f 274 1928 754
f 232 1812 712
f 225 1791 705
f 237 1827 717
f 243 1845 723
f 250 1866 730
f 273 1935 753
f 336 2118 816
f 306 2028 786
f 378 2246 858
f 381 2259 861
f 311 2048 791
f 281 1953 761
f 315 2061 795
f 321 2079 801
f 328 2100 808
f 333 2115 813
f 303 2025 783
f 375 2241 855
f 384 2264 864
f 276 1938 756
f 229 1802 709
f 223 1783 703
f 235 1819 715
f 241 1837 721
f 247 1856 727
f 271 1927 751
f 332 2112 812
f 302 2022 782
f 374 2238 854
f 379 2251 859
f 307 2036 787
f 278 1949 758
f 313 2053 793
f 319 2071 799
f 325 2090 805
f 331 2107 811
f 301 2017 781
f 373 2233 853
f 380 2256 860
f 272 1932 752
f 248 1859 728
f 230 1805 710
f 224 1788 704
f 236 1824 716
f 242 1842 722
f 254 1878 734
f 356 2184 836
f 397 2306 877
f 385 2270 865
f 259 1892 739
f 326 2093 806
f 308 2039 788
f 277 1946 757
f 314 2058 794
f 320 2076 800
f 338 2130 818
f 284 1968 764
f 289 1982 769
f 367 2216 847
f 391 2287 871
f 355 2179 835
f 253 1873 733
f 260 1895 740
f 386 2273 866
f 398 2309 878
f 350 2165 830
f 343 2144 823
f 295 2000 775
f 361 2198 841
f 266 1913 746
f 337 2125 817
f 283 1963 763
f 290 1985 770
f 368 2219 848
f 392 2292 872
f 349 2162 829
f 344 2147 824
f 296 2003 776
f 362 2201 842
f 265 1910 745
f 251 1863 731
f 233 1809 713
f 228 1794 708
f 240 1830 720
f 246 1848 726
f 258 1886 738
f 360 2192 840
f 401 2318 881
f 389 2282 869
f 263 1904 743
f 329 2097 809
f 310 2043 790
f 280 1956 760
f 318 2066 798
f 324 2082 804
f 342 2138 822
f 288 1974 768
f 292 1992 772
f 371 2228 851
f 393 2295 873
f 409 2331 1269
f 405 2327 1245
f 411 2328 1252
f 414 2334 1288
f 417 2337 1306
f 431 2346 1336
f 488 2412 1551
f 575 2499 1473
f 563 2487 1599
f 519 2436 1354
f 454 2376 1479
f 450 2372 1401
f 456 2373 1408
f 459 2379 1492
f 462 2382 1504
f 472 2396 1533
f 446 2361 1414
f 506 2418 1444
f 535 2457 1594
f 541 2463 1383
f 570 2492 1323
f 480 2402 1275
f 421 2343 1263
f 511 2433 1299
f 556 2478 1317
f 484 2406 1341
f 580 2502 1564
f 567 2484 1462
f 522 2442 1588
f 427 2349 1347
f 544 2468 1521
f 468 2387 1420
f 436 2358 1395
f 499 2421 1497
f 530 2454 1515
f 548 2472 1557
f 466 2388 1425
f 442 2364 1431
f 505 2426 1570
f 536 2448 1372
f 491 2403 1282
f 423 2342 1258
f 513 2432 1294
f 564 2477 1312
f 581 2493 1330
f 549 2462 1378
f 477 2397 1540
f 445 2367 1449
f 503 2427 1575
f 525 2447 1365
f 474 2391 1486
f 438 2357 1390
f 495 2417 1437
f 532 2453 1510
f 552 2469 1528
f 490 2411 1546
f 577 2498 1468
f 559 2483 1455
f 517 2441 1581
f 430 2352 1359
f 590 2509 1272
f 584 2503 1248
f 585 2506 1253
f 592 2512 1289
f 595 2515 1307
f 598 2518 1337
f 636 2555 1554
f 621 2541 1476
f 642 2562 1602
f 601 2522 1355
f 623 2542 1482
f 611 2528 1404
f 609 2531 1409
f 625 2545 1493
f 628 2548 1505
f 632 2551 1536
f 613 2533 1415
f 616 2537 1445
f 638 2559 1595
f 606 2526 1386
f 407 1616 909
f 403 1608 891
f 404 1606 886
f 410 1612 898
f 413 1615 904
f 422 1624 922
f 486 1692 1060
f 573 1782 1240
f 561 1765 1204
f 512 1714 1102
f 452 1661 999
f 448 1653 981
f 449 1651 976
f 455 1657 988
f 458 1660 994
f 470 1675 1024
f 437 1639 952
f 494 1696 1066
f 531 1733 1138
f 539 1751 1179
f 568 1779 1233
f 478 1683 1041
f 419 1626 927
f 509 1721 1119
f 554 1766 1209
f 482 1689 1053
f 576 1778 1228
f 558 1760 1192
f 516 1718 1108
f 425 1629 933
f 542 1747 1167
f 463 1665 1005
f 434 1641 957
f 497 1704 1083
f 528 1737 1150
f 546 1750 1174
f 464 1676 1029
f 440 1644 963
f 500 1702 1077
f 524 1726 1126
f 479 1681 1036
f 418 1620 915
f 508 1710 1095
f 553 1755 1185
f 569 1771 1216
f 538 1740 1155
f 471 1673 1018
f 443 1647 970
f 501 1707 1090
f 523 1734 1143
f 467 1669 1012
f 433 1635 945
f 493 1698 1071
f 527 1729 1131
f 543 1745 1162
f 485 1687 1047
f 572 1774 1221
f 557 1762 1197
f 515 1720 1114
f 428 1632 940
f 591 2189 1284
f 587 1883 1260
f 588 1903 1296
f 594 2281 1314
f 597 2317 1332
f 600 2173 1380
f 634 2158 1542
f 619 2012 1451
f 639 2210 1577
f 602 1924 1367
f 624 2135 1488
f 608 1973 1392
f 610 1996 1439
f 627 2227 1512
f 630 2304 1530
f 635 2176 1548
f 615 2155 1470
f 617 2014 1457
f 637 2212 1583
f 604 1922 1361
f 416 1864 1270
f 408 1810 1246
f 406 1795 1251
f 412 1831 1287
f 415 1849 1305
f 424 1887 1335
f 492 2193 1552
f 582 2321 1474
f 565 2285 1600
f 514 1907 1353
f 461 2098 1480
f 453 2044 1402
f 451 1961 1407
f 457 2067 1491
f 460 2083 1503
f 475 2139 1534
f 439 1975 1413
f 496 1997 1443
f 533 2231 1593
f 551 2298 1384
f 579 2190 1324
f 483 1884 1276
f 426 1900 1264
f 521 2278 1300
f 566 2314 1318
f 489 2170 1342
f 578 2159 1563
f 560 2015 1461
f 518 2213 1587
f 429 1918 1348
f 547 2136 1522
f 465 1977 1419
f 441 1990 1396
f 504 2224 1498
f 537 2301 1516
f 550 2177 1558
f 476 2152 1426
f 444 2008 1432
f 502 2206 1569
f 526 1925 1371
f 481 1817 1281
f 420 1797 1257
f 510 1833 1293
f 555 1851 1311
f 571 1871 1329
f 540 1941 1377
f 473 2119 1539
f 447 2029 1450
f 507 2247 1576
f 534 2262 1366
f 469 2051 1485
f 435 1954 1389
f 498 2064 1438
f 529 2085 1509
f 545 2105 1527
f 487 2121 1545
f 574 2031 1467
f 562 2244 1456
f 520 2265 1582
f 432 1939 1360
f 589 1814 1271
f 583 1793 1247
f 586 1829 1254
f 593 1847 1290
f 596 1868 1308
f 599 1937 1338
f 633 2124 1553
f 620 2034 1475
f 640 2250 1601
f 603 2261 1356
f 622 2050 1481
f 607 1960 1403
f 612 2063 1410
f 626 2081 1494
f 629 2102 1506
f 631 2117 1535
f 614 2027 1416
f 618 2243 1446
f 641 2268 1596
f 605 1944 1385
f 409 1804 894
f 405 1785 887
f 411 1821 899
f 414 1839 905
f 417 1858 912
f 431 1929 941
f 488 2114 1050
f 575 2024 1224
f 563 2240 1200
f 519 2253 1115
f 454 2038 984
f 450 1951 977
f 456 2055 989
f 459 2073 995
f 462 2092 1002
f 472 2109 1019
f 446 2019 971
f 506 2235 1091
f 535 2258 1146
f 541 1934 1158
f 570 1861 1217
f 480 1807 1037
f 421 1790 918
f 511 1826 1098
f 556 1844 1188
f 484 1880 1044
f 580 2186 1236
f 567 2308 1212
f 522 2272 1122
f 427 1894 930
f 544 2095 1163
f 468 2041 1013
f 436 1948 948
f 499 2060 1074
f 530 2078 1134
f 548 2132 1170
f 466 1970 1008
f 442 1984 960
f 505 2218 1086
f 536 2289 1151
f 491 2181 1061
f 423 1875 923
f 513 1897 1103
f 564 2275 1205
f 581 2311 1241
f 549 2167 1175
f 477 2146 1032
f 445 2002 966
f 503 2200 1080
f 525 1915 1127
f 474 2127 1025
f 438 1965 953
f 495 1987 1067
f 532 2221 1139
f 552 2294 1182
f 490 2164 1056
f 577 2149 1229
f 559 2005 1193
f 517 2203 1109
f 430 1912 936
f 590 1870 1325
f 584 1816 1277
f 585 1800 1265
f 592 1836 1301
f 595 1854 1319
f 598 1890 1343
f 636 2196 1566
f 621 2320 1464
f 642 2284 1590
f 601 1906 1349
f 623 2104 1523
f 611 2047 1422
f 609 1958 1397
f 625 2070 1499
f 628 2088 1517
f 632 2142 1559
f 613 1980 1427
f 616 1994 1433
f 638 2230 1572
f 606 2297 1374
f 407 2329 892
f 403 2323 885
f 404 2326 897
f 410 2333 903
f 413 2336 910
f 422 2345 939
f 486 2409 1048
f 573 2496 1222
f 561 2485 1198
f 512 2435 1113
f 452 2374 982
f 448 2368 975
f 449 2371 987
f 455 2378 993
f 458 2381 1000
f 470 2392 1017
f 437 2360 969
f 494 2416 1089
f 531 2456 1144
f 539 2460 1156
f 568 2488 1215
f 478 2398 1035
f 419 2340 916
f 509 2430 1096
f 554 2475 1186
f 482 2404 1042
f 576 2501 1234
f 558 2482 1210
f 516 2440 1120
f 425 2347 928
f 542 2464 1161
f 463 2384 1011
f 434 2355 946
f 497 2419 1072
f 528 2451 1132
f 546 2470 1168
f 464 2385 1006
f 440 2362 958
f 500 2423 1084
f 524 2446 1149
f 479 2401 1059
f 418 2339 921
f 508 2429 1101
f 553 2474 1203
f 569 2491 1239
f 538 2459 1173
f 471 2395 1030
f 443 2365 964
f 501 2424 1078
f 523 2443 1125
f 467 2390 1023
f 433 2354 951
f 493 2413 1065
f 527 2450 1137
f 543 2467 1180
f 485 2408 1054
f 572 2495 1227
f 557 2479 1191
f 515 2437 1107
f 428 2350 934
f 591 2511 1326
f 587 2505 1278
f 588 2507 1266
f 594 2513 1302
f 597 2516 1320
f 600 2519 1344
f 634 2556 1565
f 619 2540 1463
f 639 2561 1589
f 602 2521 1350
f 624 2544 1524
f 608 2529 1421
f 610 2530 1398
f 627 2546 1500
f 630 2549 1518
f 635 2553 1560
f 615 2534 1428
f 617 2536 1434
f 637 2557 1571
f 604 2525 1373
f 164 1609 889
f 163 1605 883
f 165 1611 895
f 166 1614 901
f 167 1617 907
f 172 1631 937
f 190 1688 1045
f 219 1775 1219
f 215 1763 1195
f 201 1719 1111
f 179 1654 979
f 178 1650 973
f 180 1656 985
f 181 1659 991
f 182 1662 997
f 185 1672 1015
f 177 1646 967
f 197 1706 1087
f 206 1735 1141
f 208 1741 1153
f 218 1770 1213
f 188 1680 1033
f 168 1621 913
f 198 1711 1093
f 213 1756 1183
f 189 1684 1039
f 221 1780 1231
f 217 1767 1207
f 202 1722 1117
f 170 1627 925
f 209 1744 1159
f 184 1668 1009
f 173 1636 943
f 194 1699 1069
f 204 1730 1129
f 210 1748 1165
f 183 1666 1003
f 175 1642 955
f 196 1705 1081
f 207 1736 1147
f 192 1691 1057
f 169 1623 919
f 199 1713 1099
f 216 1764 1201
f 222 1781 1237
f 211 1749 1171
f 187 1677 1027
f 176 1645 961
f 195 1703 1075
f 203 1725 1123
f 186 1674 1021
f 174 1638 949
f 193 1695 1063
f 205 1732 1135
f 212 1752 1177
f 191 1690 1051
f 220 1777 1225
f 214 1759 1189
f 200 1717 1105
f 171 1630 931
f 358 2191 1322
f 256 1885 1274
f 261 1901 1262
f 387 2279 1298
f 399 2315 1316
f 351 2171 1340
f 348 2160 1561
f 300 2016 1459
f 366 2214 1585
f 267 1919 1346
f 340 2137 1520
f 287 1978 1417
f 291 1991 1394
f 369 2225 1496
f 395 2302 1514
f 354 2178 1556
f 345 2153 1424
f 297 2009 1430
f 363 2207 1567
f 270 1926 1369
f 247 1857 908
f 229 1803 890
f 223 1786 884
f 235 1822 896
f 241 1840 902
f 253 1876 920
f 355 2182 1058
f 398 2312 1238
f 386 2276 1202
f 260 1898 1100
f 325 2091 998
f 307 2037 980
f 278 1952 974
f 313 2056 986
f 319 2074 992
f 337 2128 1022
f 283 1966 950
f 290 1988 1064
f 368 2222 1136
f 392 2293 1178
f 356 2185 1232
f 254 1879 1040
f 259 1893 926
f 385 2271 1118
f 397 2307 1208
f 349 2163 1052
f 344 2150 1226
f 296 2006 1190
f 362 2204 1106
f 265 1911 932
f 338 2131 1166
f 284 1969 1004
f 289 1983 956
f 367 2217 1082
f 391 2290 1148
f 350 2168 1172
f 343 2145 1028
f 295 2001 962
f 361 2199 1076
f 266 1916 1124
f 230 1808 1034
f 224 1789 914
f 236 1825 1094
f 242 1843 1184
f 248 1862 1214
f 272 1933 1154
f 331 2110 1016
f 301 2020 968
f 373 2236 1088
f 380 2257 1142
f 308 2042 1010
f 277 1947 944
f 314 2059 1070
f 320 2077 1130
f 326 2096 1160
f 332 2113 1046
f 302 2023 1220
f 374 2239 1196
f 379 2254 1112
f 271 1930 938
f 234 1818 1279
f 227 1798 1255
f 239 1834 1291
f 245 1852 1309
f 252 1872 1327
f 275 1942 1375
f 334 2120 1537
f 304 2030 1448
f 377 2248 1574
f 382 2263 1364
f 312 2052 1483
f 279 1955 1387
f 316 2065 1436
f 323 2086 1507
f 330 2106 1525
f 335 2122 1543
f 305 2032 1465
f 376 2245 1454
f 383 2266 1580
f 274 1940 1358
f 232 1813 1267
f 225 1792 1243
f 237 1828 1250
f 243 1846 1286
f 250 1867 1304
f 273 1936 1334
f 336 2123 1549
f 306 2033 1471
f 378 2249 1597
f 381 2260 1352
f 311 2049 1477
f 281 1959 1399
f 315 2062 1406
f 321 2080 1490
f 328 2101 1502
f 333 2116 1531
f 303 2026 1412
f 375 2242 1442
f 384 2267 1592
f 276 1943 1381
f 251 1869 1321
f 233 1815 1273
f 228 1799 1261
f 240 1835 1297
f 246 1853 1315
f 258 1889 1339
f 360 2195 1562
f 401 2319 1460
f 389 2283 1586
f 263 1905 1345
f 329 2103 1519
f 310 2046 1418
f 280 1957 1393
f 318 2069 1495
f 324 2087 1513
f 342 2141 1555
f 288 1979 1423
f 292 1993 1429
f 371 2229 1568
f 393 2296 1370
f 357 2188 1280
f 255 1882 1256
f 262 1902 1292
f 388 2280 1310
f 400 2316 1328
f 352 2172 1376
f 347 2157 1538
f 298 2011 1447
f 364 2209 1573
f 269 1923 1363
f 339 2134 1484
f 285 1972 1388
f 293 1995 1435
f 370 2226 1508
f 396 2303 1526
f 353 2175 1544
f 346 2154 1466
f 299 2013 1453
f 365 2211 1579
f 268 1921 1357
f 249 1865 1268
f 231 1811 1244
f 226 1796 1249
f 238 1832 1285
f 244 1850 1303
f 257 1888 1333
f 359 2194 1550
f 402 2322 1472
f 390 2286 1598
f 264 1908 1351
f 327 2099 1478
f 309 2045 1400
f 282 1962 1405
f 317 2068 1489
f 322 2084 1501
f 341 2140 1532
f 286 1976 1411
f 294 1998 1441
f 372 2232 1591
f 394 2299 1382
f 416 2330 911
f 408 2324 893
f 406 2325 888
f 412 2332 900
f 415 2335 906
f 424 2344 924
f 492 2410 1062
f 582 2497 1242
f 565 2486 1206
f 514 2434 1104
f 461 2375 1001
f 453 2369 983
f 451 2370 978
f 457 2377 990
f 460 2380 996
f 475 2393 1026
f 439 2359 954
f 496 2415 1068
f 533 2455 1140
f 551 2461 1181
f 579 2489 1235
f 483 2399 1043
f 426 2341 929
f 521 2431 1121
f 566 2476 1211
f 489 2405 1055
f 578 2500 1230
f 560 2481 1194
f 518 2439 1110
f 429 2348 935
f 547 2465 1169
f 465 2383 1007
f 441 2356 959
f 504 2420 1085
f 537 2452 1152
f 550 2471 1176
f 476 2386 1031
f 444 2363 965
f 502 2422 1079
f 526 2445 1128
f 481 2400 1038
f 420 2338 917
f 510 2428 1097
f 555 2473 1187
f 571 2490 1218
f 540 2458 1157
f 473 2394 1020
f 447 2366 972
f 507 2425 1092
f 534 2444 1145
f 469 2389 1014
f 435 2353 947
f 498 2414 1073
f 529 2449 1133
f 545 2466 1164
f 487 2407 1049
f 574 2494 1223
f 562 2480 1199
f 520 2438 1116
f 432 2351 942
f 589 2510 1283
f 583 2504 1259
f 586 2508 1295
f 593 2514 1313
f 596 2517 1331
f 599 2520 1379
f 633 2554 1541
f 620 2539 1452
f 640 2560 1578
f 603 2523 1368
f 622 2543 1487
f 607 2527 1391
f 612 2532 1440
f 626 2547 1511
f 629 2550 1529
f 631 2552 1547
f 614 2535 1469
f 618 2538 1458
f 641 2558 1584
f 605 2524 1362
f 164 1607 1609
f 163 1603 1605
f 165 1604 1611
f 166 1610 1614
f 167 1613 1617
f 172 1622 1631
f 190 1686 1688
f 219 1773 1775
f 215 1761 1763
f 201 1712 1719
f 179 1652 1654
f 178 1648 1650
f 180 1649 1656
f 181 1655 1659
f 182 1658 1662
f 185 1670 1672
f 177 1637 1646
f 197 1694 1706
f 206 1731 1735
f 208 1739 1741
f 218 1768 1770
f 188 1678 1680
f 168 1619 1621
f 198 1709 1711
f 213 1754 1756
f 189 1682 1684
f 221 1776 1780
f 217 1758 1767
f 202 1716 1722
f 170 1625 1627
f 209 1742 1744
f 184 1663 1668
f 173 1634 1636
f 194 1697 1699
f 204 1728 1730
f 210 1746 1748
f 183 1664 1666
f 175 1640 1642
f 196 1700 1705
f 207 1724 1736
f 192 1679 1691
f 169 1618 1623
f 199 1708 1713
f 216 1753 1764
f 222 1769 1781
f 211 1738 1749
f 187 1671 1677
f 176 1643 1645
f 195 1701 1703
f 203 1723 1725
f 186 1667 1674
f 174 1633 1638
f 193 1693 1695
f 205 1727 1732
f 212 1743 1752
f 191 1685 1690
f 220 1772 1777
f 214 1757 1759
f 200 1715 1717
f 171 1628 1630
f 358 2187 2191
f 256 1881 1885
f 261 1899 1901
f 387 2277 2279
f 399 2313 2315
f 351 2169 2171
f 348 2156 2160
f 300 2010 2016
f 366 2208 2214
f 267 1917 1919
f 340 2133 2137
f 287 1971 1978
f 291 1989 1991
f 369 2223 2225
f 395 2300 2302
f 354 2174 2178
f 345 2151 2153
f 297 2007 2009
f 363 2205 2207
f 270 1920 1926
f 247 1855 1857
f 229 1801 1803
f 223 1784 1786
f 235 1820 1822
f 241 1838 1840
f 253 1874 1876
f 355 2180 2182
f 398 2310 2312
f 386 2274 2276
f 260 1896 1898
f 325 2089 2091
f 307 2035 2037
f 278 1950 1952
f 313 2054 2056
f 319 2072 2074
f 337 2126 2128
f 283 1964 1966
f 290 1986 1988
f 368 2220 2222
f 392 2291 2293
f 356 2183 2185
f 254 1877 1879
f 259 1891 1893
f 385 2269 2271
f 397 2305 2307
f 349 2161 2163
f 344 2148 2150
f 296 2004 2006
f 362 2202 2204
f 265 1909 1911
f 338 2129 2131
f 284 1967 1969
f 289 1981 1983
f 367 2215 2217
f 391 2288 2290
f 350 2166 2168
f 343 2143 2145
f 295 1999 2001
f 361 2197 2199
f 266 1914 1916
f 230 1806 1808
f 224 1787 1789
f 236 1823 1825
f 242 1841 1843
f 248 1860 1862
f 272 1931 1933
f 331 2108 2110
f 301 2018 2020
f 373 2234 2236
f 380 2255 2257
f 308 2040 2042
f 277 1945 1947
f 314 2057 2059
f 320 2075 2077
f 326 2094 2096
f 332 2111 2113
f 302 2021 2023
f 374 2237 2239
f 379 2252 2254
f 271 1928 1930
f 234 1812 1818
f 227 1791 1798
f 239 1827 1834
f 245 1845 1852
f 252 1866 1872
f 275 1935 1942
f 334 2118 2120
f 304 2028 2030
f 377 2246 2248
f 382 2259 2263
f 312 2048 2052
f 279 1953 1955
f 316 2061 2065
f 323 2079 2086
f 330 2100 2106
f 335 2115 2122
f 305 2025 2032
f 376 2241 2245
f 383 2264 2266
f 274 1938 1940
f 232 1802 1813
f 225 1783 1792
f 237 1819 1828
f 243 1837 1846
f 250 1856 1867
f 273 1927 1936
f 336 2112 2123
f 306 2022 2033
f 378 2238 2249
f 381 2251 2260
f 311 2036 2049
f 281 1949 1959
f 315 2053 2062
f 321 2071 2080
f 328 2090 2101
f 333 2107 2116
f 303 2017 2026
f 375 2233 2242
f 384 2256 2267
f 276 1932 1943
f 251 1859 1869
f 233 1805 1815
f 228 1788 1799
f 240 1824 1835
f 246 1842 1853
f 258 1878 1889
f 360 2184 2195
f 401 2306 2319
f 389 2270 2283
f 263 1892 1905
f 329 2093 2103
f 310 2039 2046
f 280 1946 1957
f 318 2058 2069
f 324 2076 2087
f 342 2130 2141
f 288 1968 1979
f 292 1982 1993
f 371 2216 2229
f 393 2287 2296
f 357 2179 2188
f 255 1873 1882
f 262 1895 1902
f 388 2273 2280
f 400 2309 2316
f 352 2165 2172
f 347 2144 2157
f 298 2000 2011
f 364 2198 2209
f 269 1913 1923
f 339 2125 2134
f 285 1963 1972
f 293 1985 1995
f 370 2219 2226
f 396 2292 2303
f 353 2162 2175
f 346 2147 2154
f 299 2003 2013
f 365 2201 2211
f 268 1910 1921
f 249 1863 1865
f 231 1809 1811
f 226 1794 1796
f 238 1830 1832
f 244 1848 1850
f 257 1886 1888
f 359 2192 2194
f 402 2318 2322
f 390 2282 2286
f 264 1904 1908
f 327 2097 2099
f 309 2043 2045
f 282 1956 1962
f 317 2066 2068
f 322 2082 2084
f 341 2138 2140
f 286 1974 1976
f 294 1992 1998
f 372 2228 2232
f 394 2295 2299
f 416 2331 2330
f 408 2327 2324
f 406 2328 2325
f 412 2334 2332
f 415 2337 2335
f 424 2346 2344
f 492 2412 2410
f 582 2499 2497
f 565 2487 2486
f 514 2436 2434
f 461 2376 2375
f 453 2372 2369
f 451 2373 2370
f 457 2379 2377
f 460 2382 2380
f 475 2396 2393
f 439 2361 2359
f 496 2418 2415
f 533 2457 2455
f 551 2463 2461
f 579 2492 2489
f 483 2402 2399
f 426 2343 2341
f 521 2433 2431
f 566 2478 2476
f 489 2406 2405
f 578 2502 2500
f 560 2484 2481
f 518 2442 2439
f 429 2349 2348
f 547 2468 2465
f 465 2387 2383
f 441 2358 2356
f 504 2421 2420
f 537 2454 2452
f 550 2472 2471
f 476 2388 2386
f 444 2364 2363
f 502 2426 2422
f 526 2448 2445
f 481 2403 2400
f 420 2342 2338
f 510 2432 2428
f 555 2477 2473
f 571 2493 2490
f 540 2462 2458
f 473 2397 2394
f 447 2367 2366
f 507 2427 2425
f 534 2447 2444
f 469 2391 2389
f 435 2357 2353
f 498 2417 2414
f 529 2453 2449
f 545 2469 2466
f 487 2411 2407
f 574 2498 2494
f 562 2483 2480
f 520 2441 2438
f 432 2352 2351
f 589 2509 2510
f 583 2503 2504
f 586 2506 2508
f 593 2512 2514
f 596 2515 2517
f 599 2518 2520
f 633 2555 2554
f 620 2541 2539
f 640 2562 2560
f 603 2522 2523
f 622 2542 2543
f 607 2528 2527
f 612 2531 2532
f 626 2545 2547
f 629 2548 2550
f 631 2551 2552
f 614 2533 2535
f 618 2537 2538
f 641 2559 2558
f 605 2526 2524
f 164 644 1607
f 163 643 1603
f 165 645 1604
f 166 646 1610
f 167 647 1613
f 172 652 1622
f 190 670 1686
f 219 699 1773
f 215 695 1761
f 201 681 1712
f 179 659 1652
f 178 658 1648
f 180 660 1649
f 181 661 1655
f 182 662 1658
f 185 665 1670
f 177 657 1637
f 197 677 1694
f 206 686 1731
f 208 688 1739
f 218 698 1768
f 188 668 1678
f 168 648 1619
f 198 678 1709
f 213 693 1754
f 189 669 1682
f 221 701 1776
f 217 697 1758
f 202 682 1716
f 170 650 1625
f 209 689 1742
f 184 664 1663
f 173 653 1634
f 194 674 1697
f 204 684 1728
f 210 690 1746
f 183 663 1664
f 175 655 1640
f 196 676 1700
f 207 687 1724
f 192 672 1679
f 169 649 1618
f 199 679 1708
f 216 696 1753
f 222 702 1769
f 211 691 1738
f 187 667 1671
f 176 656 1643
f 195 675 1701
f 203 683 1723
f 186 666 1667
f 174 654 1633
f 193 673 1693
f 205 685 1727
f 212 692 1743
f 191 671 1685
f 220 700 1772
f 214 694 1757
f 200 680 1715
f 171 651 1628
f 358 838 2187
f 256 736 1881
f 261 741 1899
f 387 867 2277
f 399 879 2313
f 351 831 2169
f 348 828 2156
f 300 780 2010
f 366 846 2208
f 267 747 1917
f 340 820 2133
f 287 767 1971
f 291 771 1989
f 369 849 2223
f 395 875 2300
f 354 834 2174
f 345 825 2151
f 297 777 2007
f 363 843 2205
f 270 750 1920
f 247 727 1855
f 229 709 1801
f 223 703 1784
f 235 715 1820
f 241 721 1838
f 253 733 1874
f 355 835 2180
f 398 878 2310
f 386 866 2274
f 260 740 1896
f 325 805 2089
f 307 787 2035
f 278 758 1950
f 313 793 2054
f 319 799 2072
f 337 817 2126
f 283 763 1964
f 290 770 1986
f 368 848 2220
f 392 872 2291
f 356 836 2183
f 254 734 1877
f 259 739 1891
f 385 865 2269
f 397 877 2305
f 349 829 2161
f 344 824 2148
f 296 776 2004
f 362 842 2202
f 265 745 1909
f 338 818 2129
f 284 764 1967
f 289 769 1981
f 367 847 2215
f 391 871 2288
f 350 830 2166
f 343 823 2143
f 295 775 1999
f 361 841 2197
f 266 746 1914
f 230 710 1806
f 224 704 1787
f 236 716 1823
f 242 722 1841
f 248 728 1860
f 272 752 1931
f 331 811 2108
f 301 781 2018
f 373 853 2234
f 380 860 2255
f 308 788 2040
f 277 757 1945
f 314 794 2057
f 320 800 2075
f 326 806 2094
f 332 812 2111
f 302 782 2021
f 374 854 2237
f 379 859 2252
f 271 751 1928
f 234 714 1812
f 227 707 1791
f 239 719 1827
f 245 725 1845
f 252 732 1866
f 275 755 1935
f 334 814 2118
f 304 784 2028
f 377 857 2246
f 382 862 2259
f 312 792 2048
f 279 759 1953
f 316 796 2061
f 323 803 2079
f 330 810 2100
f 335 815 2115
f 305 785 2025
f 376 856 2241
f 383 863 2264
f 274 754 1938
f 232 712 1802
f 225 705 1783
f 237 717 1819
f 243 723 1837
f 250 730 1856
f 273 753 1927
f 336 816 2112
f 306 786 2022
f 378 858 2238
f 381 861 2251
f 311 791 2036
f 281 761 1949
f 315 795 2053
f 321 801 2071
f 328 808 2090
f 333 813 2107
f 303 783 2017
f 375 855 2233
f 384 864 2256
f 276 756 1932
f 251 731 1859
f 233 713 1805
f 228 708 1788
f 240 720 1824
f 246 726 1842
f 258 738 1878
f 360 840 2184
f 401 881 2306
f 389 869 2270
f 263 743 1892
f 329 809 2093
f 310 790 2039
f 280 760 1946
f 318 798 2058
f 324 804 2076
f 342 822 2130
f 288 768 1968
f 292 772 1982
f 371 851 2216
f 393 873 2287
f 357 837 2179
f 255 735 1873
f 262 742 1895
f 388 868 2273
f 400 880 2309
f 352 832 2165
f 347 827 2144
f 298 778 2000
f 364 844 2198
f 269 749 1913
f 339 819 2125
f 285 765 1963
f 293 773 1985
f 370 850 2219
f 396 876 2292
f 353 833 2162
f 346 826 2147
f 299 779 2003
f 365 845 2201
f 268 748 1910
f 249 729 1863
f 231 711 1809
f 226 706 1794
f 238 718 1830
f 244 724 1848
f 257 737 1886
f 359 839 2192
f 402 882 2318
f 390 870 2282
f 264 744 1904
f 327 807 2097
f 309 789 2043
f 282 762 1956
f 317 797 2066
f 322 802 2082
f 341 821 2138
f 286 766 1974
f 294 774 1992
f 372 852 2228
f 394 874 2295
f 416 1270 2331
f 408 1246 2327
f 406 1251 2328
f 412 1287 2334
f 415 1305 2337
f 424 1335 2346
f 492 1552 2412
f 582 1474 2499
f 565 1600 2487
f 514 1353 2436
f 461 1480 2376
f 453 1402 2372
f 451 1407 2373
f 457 1491 2379
f 460 1503 2382
f 475 1534 2396
f 439 1413 2361
f 496 1443 2418
f 533 1593 2457
f 551 1384 2463
f 579 1324 2492
f 483 1276 2402
f 426 1264 2343
f 521 1300 2433
f 566 1318 2478
f 489 1342 2406
f 578 1563 2502
f 560 1461 2484
f 518 1587 2442
f 429 1348 2349
f 547 1522 2468
f 465 1419 2387
f 441 1396 2358
f 504 1498 2421
f 537 1516 2454
f 550 1558 2472
f 476 1426 2388
f 444 1432 2364
f 502 1569 2426
f 526 1371 2448
f 481 1281 2403
f 420 1257 2342
f 510 1293 2432
f 555 1311 2477
f 571 1329 2493
f 540 1377 2462
f 473 1539 2397
f 447 1450 2367
f 507 1576 2427
f 534 1366 2447
f 469 1485 2391
f 435 1389 2357
f 498 1438 2417
f 529 1509 2453
f 545 1527 2469
f 487 1545 2411
f 574 1467 2498
f 562 1456 2483
f 520 1582 2441
f 432 1360 2352
f 589 1271 2509
f 583 1247 2503
f 586 1254 2506
f 593 1290 2512
f 596 1308 2515
f 599 1338 2518
f 633 1553 2555
f 620 1475 2541
f 640 1601 2562
f 603 1356 2522
f 622 1481 2542
f 607 1403 2528
f 612 1410 2531
f 626 1494 2545
f 629 1506 2548
f 631 1535 2551
f 614 1416 2533
f 618 1446 2537
f 641 1596 2559
f 605 1385 2526
f 167 907 1616
f 164 889 1608
f 163 883 1606
f 165 895 1612
f 166 901 1615
f 169 919 1624
f 192 1057 1692
f 222 1237 1782
f 216 1201 1765
f 199 1099 1714
f 182 997 1661
f 179 979 1653
f 178 973 1651
f 180 985 1657
f 181 991 1660
f 186 1021 1675
f 174 949 1639
f 193 1063 1696
f 205 1135 1733
f 212 1177 1751
f 221 1231 1779
f 189 1039 1683
f 170 925 1626
f 202 1117 1721
f 217 1207 1766
f 191 1051 1689
f 220 1225 1778
f 214 1189 1760
f 200 1105 1718
f 171 931 1629
f 210 1165 1747
f 183 1003 1665
f 175 955 1641
f 196 1081 1704
f 207 1147 1737
f 211 1171 1750
f 187 1027 1676
f 176 961 1644
f 195 1075 1702
f 203 1123 1726
f 188 1033 1681
f 168 913 1620
f 198 1093 1710
f 213 1183 1755
f 218 1213 1771
f 208 1153 1740
f 185 1015 1673
f 177 967 1647
f 197 1087 1707
f 206 1141 1734
f 184 1009 1669
f 173 943 1635
f 194 1069 1698
f 204 1129 1729
f 209 1159 1745
f 190 1045 1687
f 219 1219 1774
f 215 1195 1762
f 201 1111 1720
f 172 937 1632
f 357 1280 2189
f 255 1256 1883
f 262 1292 1903
f 388 1310 2281
f 400 1328 2317
f 352 1376 2173
f 347 1538 2158
f 298 1447 2012
f 364 1573 2210
f 269 1363 1924
f 339 1484 2135
f 285 1388 1973
f 293 1435 1996
f 370 1508 2227
f 396 1526 2304
f 353 1544 2176
f 346 1466 2155
f 299 1453 2014
f 365 1579 2212
f 268 1357 1922
f 249 1268 1864
f 231 1244 1810
f 226 1249 1795
f 238 1285 1831
f 244 1303 1849
f 257 1333 1887
f 359 1550 2193
f 402 1472 2321
f 390 1598 2285
f 264 1351 1907
f 327 1478 2098
f 309 1400 2044
f 282 1405 1961
f 317 1489 2067
f 322 1501 2083
f 341 1532 2139
f 286 1411 1975
f 294 1441 1997
f 372 1591 2231
f 394 1382 2298
f 358 1322 2190
f 256 1274 1884
f 261 1262 1900
f 387 1298 2278
f 399 1316 2314
f 351 1340 2170
f 348 1561 2159
f 300 1459 2015
f 366 1585 2213
f 267 1346 1918
f 340 1520 2136
f 287 1417 1977
f 291 1394 1990
f 369 1496 2224
f 395 1514 2301
f 354 1556 2177
f 345 1424 2152
f 297 1430 2008
f 363 1567 2206
f 270 1369 1925
f 234 1279 1817
f 227 1255 1797
f 239 1291 1833
f 245 1309 1851
f 252 1327 1871
f 275 1375 1941
f 334 1537 2119
f 304 1448 2029
f 377 1574 2247
f 382 1364 2262
f 312 1483 2051
f 279 1387 1954
f 316 1436 2064
f 323 1507 2085
f 330 1525 2105
f 335 1543 2121
f 305 1465 2031
f 376 1454 2244
f 383 1580 2265
f 274 1358 1939
f 232 1267 1814
f 225 1243 1793
f 237 1250 1829
f 243 1286 1847
f 250 1304 1868
f 273 1334 1937
f 336 1549 2124
f 306 1471 2034
f 378 1597 2250
f 381 1352 2261
f 311 1477 2050
f 281 1399 1960
f 315 1406 2063
f 321 1490 2081
f 328 1502 2102
f 333 1531 2117
f 303 1412 2027
f 375 1442 2243
f 384 1592 2268
f 276 1381 1944
f 229 890 1804
f 223 884 1785
f 235 896 1821
f 241 902 1839
f 247 908 1858
f 271 938 1929
f 332 1046 2114
f 302 1220 2024
f 374 1196 2240
f 379 1112 2253
f 307 980 2038
f 278 974 1951
f 313 986 2055
f 319 992 2073
f 325 998 2092
f 331 1016 2109
f 301 968 2019
f 373 1088 2235
f 380 1142 2258
f 272 1154 1934
f 248 1214 1861
f 230 1034 1807
f 224 914 1790
f 236 1094 1826
f 242 1184 1844
f 254 1040 1880
f 356 1232 2186
f 397 1208 2308
f 385 1118 2272
f 259 926 1894
f 326 1160 2095
f 308 1010 2041
f 277 944 1948
f 314 1070 2060
f 320 1130 2078
f 338 1166 2132
f 284 1004 1970
f 289 956 1984
f 367 1082 2218
f 391 1148 2289
f 355 1058 2181
f 253 920 1875
f 260 1100 1897
f 386 1202 2275
f 398 1238 2311
f 350 1172 2167
f 343 1028 2146
f 295 962 2002
f 361 1076 2200
f 266 1124 1915
f 337 1022 2127
f 283 950 1965
f 290 1064 1987
f 368 1136 2221
f 392 1178 2294
f 349 1052 2164
f 344 1226 2149
f 296 1190 2005
f 362 1106 2203
f 265 932 1912
f 251 1321 1870
f 233 1273 1816
f 228 1261 1800
f 240 1297 1836
f 246 1315 1854
f 258 1339 1890
f 360 1562 2196
f 401 1460 2320
f 389 1586 2284
f 263 1345 1906
f 329 1519 2104
f 310 1418 2047
f 280 1393 1958
f 318 1495 2070
f 324 1513 2088
f 342 1555 2142
f 288 1423 1980
f 292 1429 1994
f 371 1568 2230
f 393 1370 2297
f 409 894 2329
f 405 887 2323
f 411 899 2326
f 414 905 2333
f 417 912 2336
f 431 941 2345
f 488 1050 2409
f 575 1224 2496
f 563 1200 2485
f 519 1115 2435
f 454 984 2374
f 450 977 2368
f 456 989 2371
f 459 995 2378
f 462 1002 2381
f 472 1019 2392
f 446 971 2360
f 506 1091 2416
f 535 1146 2456
f 541 1158 2460
f 570 1217 2488
f 480 1037 2398
f 421 918 2340
f 511 1098 2430
f 556 1188 2475
f 484 1044 2404
f 580 1236 2501
f 567 1212 2482
f 522 1122 2440
f 427 930 2347
f 544 1163 2464
f 468 1013 2384
f 436 948 2355
f 499 1074 2419
f 530 1134 2451
f 548 1170 2470
f 466 1008 2385
f 442 960 2362
f 505 1086 2423
f 536 1151 2446
f 491 1061 2401
f 423 923 2339
f 513 1103 2429
f 564 1205 2474
f 581 1241 2491
f 549 1175 2459
f 477 1032 2395
f 445 966 2365
f 503 1080 2424
f 525 1127 2443
f 474 1025 2390
f 438 953 2354
f 495 1067 2413
f 532 1139 2450
f 552 1182 2467
f 490 1056 2408
f 577 1229 2495
f 559 1193 2479
f 517 1109 2437
f 430 936 2350
f 590 1325 2511
f 584 1277 2505
f 585 1265 2507
f 592 1301 2513
f 595 1319 2516
f 598 1343 2519
f 636 1566 2556
f 621 1464 2540
f 642 1590 2561
f 601 1349 2521
f 623 1523 2544
f 611 1422 2529
f 609 1397 2530
f 625 1499 2546
f 628 1517 2549
f 632 1559 2553
f 613 1427 2534
f 616 1433 2536
f 638 1572 2557
f 606 1374 2525
f 407 892 1609
f 403 885 1605
f 404 897 1611
f 410 903 1614
f 413 910 1617
f 422 939 1631
f 486 1048 1688
f 573 1222 1775
f 561 1198 1763
f 512 1113 1719
f 452 982 1654
f 448 975 1650
f 449 987 1656
f 455 993 1659
f 458 1000 1662
f 470 1017 1672
f 437 969 1646
f 494 1089 1706
f 531 1144 1735
f 539 1156 1741
f 568 1215 1770
f 478 1035 1680
f 419 916 1621
f 509 1096 1711
f 554 1186 1756
f 482 1042 1684
f 576 1234 1780
f 558 1210 1767
f 516 1120 1722
f 425 928 1627
f 542 1161 1744
f 463 1011 1668
f 434 946 1636
f 497 1072 1699
f 528 1132 1730
f 546 1168 1748
f 464 1006 1666
f 440 958 1642
f 500 1084 1705
f 524 1149 1736
f 479 1059 1691
f 418 921 1623
f 508 1101 1713
f 553 1203 1764
f 569 1239 1781
f 538 1173 1749
f 471 1030 1677
f 443 964 1645
f 501 1078 1703
f 523 1125 1725
f 467 1023 1674
f 433 951 1638
f 493 1065 1695
f 527 1137 1732
f 543 1180 1752
f 485 1054 1690
f 572 1227 1777
f 557 1191 1759
f 515 1107 1717
f 428 934 1630
f 591 1326 2191
f 587 1278 1885
f 588 1266 1901
f 594 1302 2279
f 597 1320 2315
f 600 1344 2171
f 634 1565 2160
f 619 1463 2016
f 639 1589 2214
f 602 1350 1919
f 624 1524 2137
f 608 1421 1978
f 610 1398 1991
f 627 1500 2225
f 630 1518 2302
f 635 1560 2178
f 615 1428 2153
f 617 1434 2009
f 637 1571 2207
f 604 1373 1926
f 416 911 1857
f 408 893 1803
f 406 888 1786
f 412 900 1822
f 415 906 1840
f 424 924 1876
f 492 1062 2182
f 582 1242 2312
f 565 1206 2276
f 514 1104 1898
f 461 1001 2091
f 453 983 2037
f 451 978 1952
f 457 990 2056
f 460 996 2074
f 475 1026 2128
f 439 954 1966
f 496 1068 1988
f 533 1140 2222
f 551 1181 2293
f 579 1235 2185
f 483 1043 1879
f 426 929 1893
f 521 1121 2271
f 566 1211 2307
f 489 1055 2163
f 578 1230 2150
f 560 1194 2006
f 518 1110 2204
f 429 935 1911
f 547 1169 2131
f 465 1007 1969
f 441 959 1983
f 504 1085 2217
f 537 1152 2290
f 550 1176 2168
f 476 1031 2145
f 444 965 2001
f 502 1079 2199
f 526 1128 1916
f 481 1038 1808
f 420 917 1789
f 510 1097 1825
f 555 1187 1843
f 571 1218 1862
f 540 1157 1933
f 473 1020 2110
f 447 972 2020
f 507 1092 2236
f 534 1145 2257
f 469 1014 2042
f 435 947 1947
f 498 1073 2059
f 529 1133 2077
f 545 1164 2096
f 487 1049 2113
f 574 1223 2023
f 562 1199 2239
f 520 1116 2254
f 432 942 1930
f 589 1283 1818
f 583 1259 1798
f 586 1295 1834
f 593 1313 1852
f 596 1331 1872
f 599 1379 1942
f 633 1541 2120
f 620 1452 2030
f 640 1578 2248
f 603 1368 2263
f 622 1487 2052
f 607 1391 1955
f 612 1440 2065
f 626 1511 2086
f 629 1529 2106
f 631 1547 2122
f 614 1469 2032
f 618 1458 2245
f 641 1584 2266
f 605 1362 1940
f 409 1269 1813
f 405 1245 1792
f 411 1252 1828
f 414 1288 1846
f 417 1306 1867
f 431 1336 1936
f 488 1551 2123
f 575 1473 2033
f 563 1599 2249
f 519 1354 2260
f 454 1479 2049
f 450 1401 1959
f 456 1408 2062
f 459 1492 2080
f 462 1504 2101
f 472 1533 2116
f 446 1414 2026
f 506 1444 2242
f 535 1594 2267
f 541 1383 1943
f 570 1323 1869
f 480 1275 1815
f 421 1263 1799
f 511 1299 1835
f 556 1317 1853
f 484 1341 1889
f 580 1564 2195
f 567 1462 2319
f 522 1588 2283
f 427 1347 1905
f 544 1521 2103
f 468 1420 2046
f 436 1395 1957
f 499 1497 2069
f 530 1515 2087
f 548 1557 2141
f 466 1425 1979
f 442 1431 1993
f 505 1570 2229
f 536 1372 2296
f 491 1282 2188
f 423 1258 1882
f 513 1294 1902
f 564 1312 2280
f 581 1330 2316
f 549 1378 2172
f 477 1540 2157
f 445 1449 2011
f 503 1575 2209
f 525 1365 1923
f 474 1486 2134
f 438 1390 1972
f 495 1437 1995
f 532 1510 2226
f 552 1528 2303
f 490 1546 2175
f 577 1468 2154
f 559 1455 2013
f 517 1581 2211
f 430 1359 1921
f 590 1272 1865
f 584 1248 1811
f 585 1253 1796
f 592 1289 1832
f 595 1307 1850
f 598 1337 1888
f 636 1554 2194
f 621 1476 2322
f 642 1602 2286
f 601 1355 1908
f 623 1482 2099
f 611 1404 2045
f 609 1409 1962
f 625 1493 2068
f 628 1505 2084
f 632 1536 2140
f 613 1415 1976
f 616 1445 1998
f 638 1595 2232
f 606 1386 2299
f 407 909 2330
f 403 891 2324
f 404 886 2325
f 410 898 2332
f 413 904 2335
f 422 922 2344
f 486 1060 2410
f 573 1240 2497
f 561 1204 2486
f 512 1102 2434
f 452 999 2375
f 448 981 2369
f 449 976 2370
f 455 988 2377
f 458 994 2380
f 470 1024 2393
f 437 952 2359
f 494 1066 2415
f 531 1138 2455
f 539 1179 2461
f 568 1233 2489
f 478 1041 2399
f 419 927 2341
f 509 1119 2431
f 554 1209 2476
f 482 1053 2405
f 576 1228 2500
f 558 1192 2481
f 516 1108 2439
f 425 933 2348
f 542 1167 2465
f 463 1005 2383
f 434 957 2356
f 497 1083 2420
f 528 1150 2452
f 546 1174 2471
f 464 1029 2386
f 440 963 2363
f 500 1077 2422
f 524 1126 2445
f 479 1036 2400
f 418 915 2338
f 508 1095 2428
f 553 1185 2473
f 569 1216 2490
f 538 1155 2458
f 471 1018 2394
f 443 970 2366
f 501 1090 2425
f 523 1143 2444
f 467 1012 2389
f 433 945 2353
f 493 1071 2414
f 527 1131 2449
f 543 1162 2466
f 485 1047 2407
f 572 1221 2494
f 557 1197 2480
f 515 1114 2438
f 428 940 2351
f 591 1284 2510
f 587 1260 2504
f 588 1296 2508
f 594 1314 2514
f 597 1332 2517
f 600 1380 2520
f 634 1542 2554
f 619 1451 2539
f 639 1577 2560
f 602 1367 2523
f 624 1488 2543
f 608 1392 2527
f 610 1439 2532
f 627 1512 2547
f 630 1530 2550
f 635 1548 2552
f 615 1470 2535
f 617 1457 2538
f 637 1583 2558
f 604 1361 2524
f 167 1616 1607
f 164 1608 1603
f 163 1606 1604
f 165 1612 1610
f 166 1615 1613
f 169 1624 1622
f 192 1692 1686
f 222 1782 1773
f 216 1765 1761
f 199 1714 1712
f 182 1661 1652
f 179 1653 1648
f 178 1651 1649
f 180 1657 1655
f 181 1660 1658
f 186 1675 1670
f 174 1639 1637
f 193 1696 1694
f 205 1733 1731
f 212 1751 1739
f 221 1779 1768
f 189 1683 1678
f 170 1626 1619
f 202 1721 1709
f 217 1766 1754
f 191 1689 1682
f 220 1778 1776
f 214 1760 1758
f 200 1718 1716
f 171 1629 1625
f 210 1747 1742
f 183 1665 1663
f 175 1641 1634
f 196 1704 1697
f 207 1737 1728
f 211 1750 1746
f 187 1676 1664
f 176 1644 1640
f 195 1702 1700
f 203 1726 1724
f 188 1681 1679
f 168 1620 1618
f 198 1710 1708
f 213 1755 1753
f 218 1771 1769
f 208 1740 1738
f 185 1673 1671
f 177 1647 1643
f 197 1707 1701
f 206 1734 1723
f 184 1669 1667
f 173 1635 1633
f 194 1698 1693
f 204 1729 1727
f 209 1745 1743
f 190 1687 1685
f 219 1774 1772
f 215 1762 1757
f 201 1720 1715
f 172 1632 1628
f 357 2189 2187
f 255 1883 1881
f 262 1903 1899
f 388 2281 2277
f 400 2317 2313
f 352 2173 2169
f 347 2158 2156
f 298 2012 2010
f 364 2210 2208
f 269 1924 1917
f 339 2135 2133
f 285 1973 1971
f 293 1996 1989
f 370 2227 2223
f 396 2304 2300
f 353 2176 2174
f 346 2155 2151
f 299 2014 2007
f 365 2212 2205
f 268 1922 1920
f 249 1864 1855
f 231 1810 1801
f 226 1795 1784
f 238 1831 1820
f 244 1849 1838
f 257 1887 1874
f 359 2193 2180
f 402 2321 2310
f 390 2285 2274
f 264 1907 1896
f 327 2098 2089
f 309 2044 2035
f 282 1961 1950
f 317 2067 2054
f 322 2083 2072
f 341 2139 2126
f 286 1975 1964
f 294 1997 1986
f 372 2231 2220
f 394 2298 2291
f 358 2190 2183
f 256 1884 1877
f 261 1900 1891
f 387 2278 2269
f 399 2314 2305
f 351 2170 2161
f 348 2159 2148
f 300 2015 2004
f 366 2213 2202
f 267 1918 1909
f 340 2136 2129
f 287 1977 1967
f 291 1990 1981
f 369 2224 2215
f 395 2301 2288
f 354 2177 2166
f 345 2152 2143
f 297 2008 1999
f 363 2206 2197
f 270 1925 1914
f 234 1817 1806
f 227 1797 1787
f 239 1833 1823
f 245 1851 1841
f 252 1871 1860
f 275 1941 1931
f 334 2119 2108
f 304 2029 2018
f 377 2247 2234
f 382 2262 2255
f 312 2051 2040
f 279 1954 1945
f 316 2064 2057
f 323 2085 2075
f 330 2105 2094
f 335 2121 2111
f 305 2031 2021
f 376 2244 2237
f 383 2265 2252
f 274 1939 1928
f 232 1814 1812
f 225 1793 1791
f 237 1829 1827
f 243 1847 1845
f 250 1868 1866
f 273 1937 1935
f 336 2124 2118
f 306 2034 2028
f 378 2250 2246
f 381 2261 2259
f 311 2050 2048
f 281 1960 1953
f 315 2063 2061
f 321 2081 2079
f 328 2102 2100
f 333 2117 2115
f 303 2027 2025
f 375 2243 2241
f 384 2268 2264
f 276 1944 1938
f 229 1804 1802
f 223 1785 1783
f 235 1821 1819
f 241 1839 1837
f 247 1858 1856
f 271 1929 1927
f 332 2114 2112
f 302 2024 2022
f 374 2240 2238
f 379 2253 2251
f 307 2038 2036
f 278 1951 1949
f 313 2055 2053
f 319 2073 2071
f 325 2092 2090
f 331 2109 2107
f 301 2019 2017
f 373 2235 2233
f 380 2258 2256
f 272 1934 1932
f 248 1861 1859
f 230 1807 1805
f 224 1790 1788
f 236 1826 1824
f 242 1844 1842
f 254 1880 1878
f 356 2186 2184
f 397 2308 2306
f 385 2272 2270
f 259 1894 1892
f 326 2095 2093
f 308 2041 2039
f 277 1948 1946
f 314 2060 2058
f 320 2078 2076
f 338 2132 2130
f 284 1970 1968
f 289 1984 1982
f 367 2218 2216
f 391 2289 2287
f 355 2181 2179
f 253 1875 1873
f 260 1897 1895
f 386 2275 2273
f 398 2311 2309
f 350 2167 2165
f 343 2146 2144
f 295 2002 2000
f 361 2200 2198
f 266 1915 1913
f 337 2127 2125
f 283 1965 1963
f 290 1987 1985
f 368 2221 2219
f 392 2294 2292
f 349 2164 2162
f 344 2149 2147
f 296 2005 2003
f 362 2203 2201
f 265 1912 1910
f 251 1870 1863
f 233 1816 1809
f 228 1800 1794
f 240 1836 1830
f 246 1854 1848
f 258 1890 1886
f 360 2196 2192
f 401 2320 2318
f 389 2284 2282
f 263 1906 1904
f 329 2104 2097
f 310 2047 2043
f 280 1958 1956
f 318 2070 2066
f 324 2088 2082
f 342 2142 2138
f 288 1980 1974
f 292 1994 1992
f 371 2230 2228
f 393 2297 2295
f 409 2329 2331
f 405 2323 2327
f 411 2326 2328
f 414 2333 2334
f 417 2336 2337
f 431 2345 2346
f 488 2409 2412
f 575 2496 2499
f 563 2485 2487
f 519 2435 2436
f 454 2374 2376
f 450 2368 2372
f 456 2371 2373
f 459 2378 2379
f 462 2381 2382
f 472 2392 2396
f 446 2360 2361
f 506 2416 2418
f 535 2456 2457
f 541 2460 2463
f 570 2488 2492
f 480 2398 2402
f 421 2340 2343
f 511 2430 2433
f 556 2475 2478
f 484 2404 2406
f 580 2501 2502
f 567 2482 2484
f 522 2440 2442
f 427 2347 2349
f 544 2464 2468
f 468 2384 2387
f 436 2355 2358
f 499 2419 2421
f 530 2451 2454
f 548 2470 2472
f 466 2385 2388
f 442 2362 2364
f 505 2423 2426
f 536 2446 2448
f 491 2401 2403
f 423 2339 2342
f 513 2429 2432
f 564 2474 2477
f 581 2491 2493
f 549 2459 2462
f 477 2395 2397
f 445 2365 2367
f 503 2424 2427
f 525 2443 2447
f 474 2390 2391
f 438 2354 2357
f 495 2413 2417
f 532 2450 2453
f 552 2467 2469
f 490 2408 2411
f 577 2495 2498
f 559 2479 2483
f 517 2437 2441
f 430 2350 2352
f 590 2511 2509
f 584 2505 2503
f 585 2507 2506
f 592 2513 2512
f 595 2516 2515
f 598 2519 2518
f 636 2556 2555
f 621 2540 2541
f 642 2561 2562
f 601 2521 2522
f 623 2544 2542
f 611 2529 2528
f 609 2530 2531
f 625 2546 2545
f 628 2549 2548
f 632 2553 2551
f 613 2534 2533
f 616 2536 2537
f 638 2557 2559
f 606 2525 2526
f 1607 644 647
f 1603 643 644
f 1604 645 643
f 1610 646 645
f 1613 647 646
f 1622 652 649
f 1686 670 672
f 1773 699 702
f 1761 695 696
f 1712 681 679
f 1652 659 662
f 1648 658 659
f 1649 660 658
f 1655 661 660
f 1658 662 661
f 1670 665 666
f 1637 657 654
f 1694 677 673
f 1731 686 685
f 1739 688 692
f 1768 698 701
f 1678 668 669
f 1619 648 650
f 1709 678 682
f 1754 693 697
f 1682 669 671
f 1776 701 700
f 1758 697 694
f 1716 682 680
f 1625 650 651
f 1742 689 690
f 1663 664 663
f 1634 653 655
f 1697 674 676
f 1728 684 687
f 1746 690 691
f 1664 663 667
f 1640 655 656
f 1700 676 675
f 1724 687 683
f 1679 672 668
f 1618 649 648
f 1708 679 678
f 1753 696 693
f 1769 702 698
f 1738 691 688
f 1671 667 665
f 1643 656 657
f 1701 675 677
f 1723 683 686
f 1667 666 664
f 1633 654 653
f 1693 673 674
f 1727 685 684
f 1743 692 689
f 1685 671 670
f 1772 700 699
f 1757 694 695
f 1715 680 681
f 1628 651 652
f 2187 838 837
f 1881 736 735
f 1899 741 742
f 2277 867 868
f 2313 879 880
f 2169 831 832
f 2156 828 827
f 2010 780 778
f 2208 846 844
f 1917 747 749
f 2133 820 819
f 1971 767 765
f 1989 771 773
f 2223 849 850
f 2300 875 876
f 2174 834 833
f 2151 825 826
f 2007 777 779
f 2205 843 845
f 1920 750 748
f 1855 727 729
f 1801 709 711
f 1784 703 706
f 1820 715 718
f 1838 721 724
f 1874 733 737
f 2180 835 839
f 2310 878 882
f 2274 866 870
f 1896 740 744
f 2089 805 807
f 2035 787 789
f 1950 758 762
f 2054 793 797
f 2072 799 802
f 2126 817 821
f 1964 763 766
f 1986 770 774
f 2220 848 852
f 2291 872 874
f 2183 836 838
f 1877 734 736
f 1891 739 741
f 2269 865 867
f 2305 877 879
f 2161 829 831
f 2148 824 828
f 2004 776 780
f 2202 842 846
f 1909 745 747
f 2129 818 820
f 1967 764 767
f 1981 769 771
f 2215 847 849
f 2288 871 875
f 2166 830 834
f 2143 823 825
f 1999 775 777
f 2197 841 843
f 1914 746 750
f 1806 710 714
f 1787 704 707
f 1823 716 719
f 1841 722 725
f 1860 728 732
f 1931 752 755
f 2108 811 814
f 2018 781 784
f 2234 853 857
f 2255 860 862
f 2040 788 792
f 1945 757 759
f 2057 794 796
f 2075 800 803
f 2094 806 810
f 2111 812 815
f 2021 782 785
f 2237 854 856
f 2252 859 863
f 1928 751 754
f 1812 714 712
f 1791 707 705
f 1827 719 717
f 1845 725 723
f 1866 732 730
f 1935 755 753
f 2118 814 816
f 2028 784 786
f 2246 857 858
f 2259 862 861
f 2048 792 791
f 1953 759 761
f 2061 796 795
f 2079 803 801
f 2100 810 808
f 2115 815 813
f 2025 785 783
f 2241 856 855
f 2264 863 864
f 1938 754 756
f 1802 712 709
f 1783 705 703
f 1819 717 715
f 1837 723 721
f 1856 730 727
f 1927 753 751
f 2112 816 812
f 2022 786 782
f 2238 858 854
f 2251 861 859
f 2036 791 787
f 1949 761 758
f 2053 795 793
f 2071 801 799
f 2090 808 805
f 2107 813 811
f 2017 783 781
f 2233 855 853
f 2256 864 860
f 1932 756 752
f 1859 731 728
f 1805 713 710
f 1788 708 704
f 1824 720 716
f 1842 726 722
f 1878 738 734
f 2184 840 836
f 2306 881 877
f 2270 869 865
f 1892 743 739
f 2093 809 806
f 2039 790 788
f 1946 760 757
f 2058 798 794
f 2076 804 800
f 2130 822 818
f 1968 768 764
f 1982 772 769
f 2216 851 847
f 2287 873 871
f 2179 837 835
f 1873 735 733
f 1895 742 740
f 2273 868 866
f 2309 880 878
f 2165 832 830
f 2144 827 823
f 2000 778 775
f 2198 844 841
f 1913 749 746
f 2125 819 817
f 1963 765 763
f 1985 773 770
f 2219 850 848
f 2292 876 872
f 2162 833 829
f 2147 826 824
f 2003 779 776
f 2201 845 842
f 1910 748 745
f 1863 729 731
f 1809 711 713
f 1794 706 708
f 1830 718 720
f 1848 724 726
f 1886 737 738
f 2192 839 840
f 2318 882 881
f 2282 870 869
f 1904 744 743
f 2097 807 809
f 2043 789 790
f 1956 762 760
f 2066 797 798
f 2082 802 804
f 2138 821 822
f 1974 766 768
f 1992 774 772
f 2228 852 851
f 2295 874 873
f 2331 1270 1269
f 2327 1246 1245
f 2328 1251 1252
f 2334 1287 1288
f 2337 1305 1306
f 2346 1335 1336
f 2412 1552 1551
f 2499 1474 1473
f 2487 1600 1599
f 2436 1353 1354
f 2376 1480 1479
f 2372 1402 1401
f 2373 1407 1408
f 2379 1491 1492
f 2382 1503 1504
f 2396 1534 1533
f 2361 1413 1414
f 2418 1443 1444
f 2457 1593 1594
f 2463 1384 1383
f 2492 1324 1323
f 2402 1276 1275
f 2343 1264 1263
f 2433 1300 1299
f 2478 1318 1317
f 2406 1342 1341
f 2502 1563 1564
f 2484 1461 1462
f 2442 1587 1588
f 2349 1348 1347
f 2468 1522 1521
f 2387 1419 1420
f 2358 1396 1395
f 2421 1498 1497
f 2454 1516 1515
f 2472 1558 1557
f 2388 1426 1425
f 2364 1432 1431
f 2426 1569 1570
f 2448 1371 1372
f 2403 1281 1282
f 2342 1257 1258
f 2432 1293 1294
f 2477 1311 1312
f 2493 1329 1330
f 2462 1377 1378
f 2397 1539 1540
f 2367 1450 1449
f 2427 1576 1575
f 2447 1366 1365
f 2391 1485 1486
f 2357 1389 1390
f 2417 1438 1437
f 2453 1509 1510
f 2469 1527 1528
f 2411 1545 1546
f 2498 1467 1468
f 2483 1456 1455
f 2441 1582 1581
f 2352 1360 1359
f 2509 1271 1272
f 2503 1247 1248
f 2506 1254 1253
f 2512 1290 1289
f 2515 1308 1307
f 2518 1338 1337
f 2555 1553 1554
f 2541 1475 1476
f 2562 1601 1602
f 2522 1356 1355
f 2542 1481 1482
f 2528 1403 1404
f 2531 1410 1409
f 2545 1494 1493
f 2548 1506 1505
f 2551 1535 1536
f 2533 1416 1415
f 2537 1446 1445
f 2559 1596 1595
f 2526 1385 1386
f 1616 907 909
f 1608 889 891
f 1606 883 886
f 1612 895 898
f 1615 901 904
f 1624 919 922
f 1692 1057 1060
f 1782 1237 1240
f 1765 1201 1204
f 1714 1099 1102
f 1661 997 999
f 1653 979 981
f 1651 973 976
f 1657 985 988
f 1660 991 994
f 1675 1021 1024
f 1639 949 952
f 1696 1063 1066
f 1733 1135 1138
f 1751 1177 1179
f 1779 1231 1233
f 1683 1039 1041
f 1626 925 927
f 1721 1117 1119
f 1766 1207 1209
f 1689 1051 1053
f 1778 1225 1228
f 1760 1189 1192
f 1718 1105 1108
f 1629 931 933
f 1747 1165 1167
f 1665 1003 1005
f 1641 955 957
f 1704 1081 1083
f 1737 1147 1150
f 1750 1171 1174
f 1676 1027 1029
f 1644 961 963
f 1702 1075 1077
f 1726 1123 1126
f 1681 1033 1036
f 1620 913 915
f 1710 1093 1095
f 1755 1183 1185
f 1771 1213 1216
f 1740 1153 1155
f 1673 1015 1018
f 1647 967 970
f 1707 1087 1090
f 1734 1141 1143
f 1669 1009 1012
f 1635 943 945
f 1698 1069 1071
f 1729 1129 1131
f 1745 1159 1162
f 1687 1045 1047
f 1774 1219 1221
f 1762 1195 1197
f 1720 1111 1114
f 1632 937 940
f 2189 1280 1284
f 1883 1256 1260
f 1903 1292 1296
f 2281 1310 1314
f 2317 1328 1332
f 2173 1376 1380
f 2158 1538 1542
f 2012 1447 1451
f 2210 1573 1577
f 1924 1363 1367
f 2135 1484 1488
f 1973 1388 1392
f 1996 1435 1439
f 2227 1508 1512
f 2304 1526 1530
f 2176 1544 1548
f 2155 1466 1470
f 2014 1453 1457
f 2212 1579 1583
f 1922 1357 1361
f 1864 1268 1270
f 1810 1244 1246
f 1795 1249 1251
f 1831 1285 1287
f 1849 1303 1305
f 1887 1333 1335
f 2193 1550 1552
f 2321 1472 1474
f 2285 1598 1600
f 1907 1351 1353
f 2098 1478 1480
f 2044 1400 1402
f 1961 1405 1407
f 2067 1489 1491
f 2083 1501 1503
f 2139 1532 1534
f 1975 1411 1413
f 1997 1441 1443
f 2231 1591 1593
f 2298 1382 1384
f 2190 1322 1324
f 1884 1274 1276
f 1900 1262 1264
f 2278 1298 1300
f 2314 1316 1318
f 2170 1340 1342
f 2159 1561 1563
f 2015 1459 1461
f 2213 1585 1587
f 1918 1346 1348
f 2136 1520 1522
f 1977 1417 1419
f 1990 1394 1396
f 2224 1496 1498
f 2301 1514 1516
f 2177 1556 1558
f 2152 1424 1426
f 2008 1430 1432
f 2206 1567 1569
f 1925 1369 1371
f 1817 1279 1281
f 1797 1255 1257
f 1833 1291 1293
f 1851 1309 1311
f 1871 1327 1329
f 1941 1375 1377
f 2119 1537 1539
f 2029 1448 1450
f 2247 1574 1576
f 2262 1364 1366
f 2051 1483 1485
f 1954 1387 1389
f 2064 1436 1438
f 2085 1507 1509
f 2105 1525 1527
f 2121 1543 1545
f 2031 1465 1467
f 2244 1454 1456
f 2265 1580 1582
f 1939 1358 1360
f 1814 1267 1271
f 1793 1243 1247
f 1829 1250 1254
f 1847 1286 1290
f 1868 1304 1308
f 1937 1334 1338
f 2124 1549 1553
f 2034 1471 1475
f 2250 1597 1601
f 2261 1352 1356
f 2050 1477 1481
f 1960 1399 1403
f 2063 1406 1410
f 2081 1490 1494
f 2102 1502 1506
f 2117 1531 1535
f 2027 1412 1416
f 2243 1442 1446
f 2268 1592 1596
f 1944 1381 1385
f 1804 890 894
f 1785 884 887
f 1821 896 899
f 1839 902 905
f 1858 908 912
f 1929 938 941
f 2114 1046 1050
f 2024 1220 1224
f 2240 1196 1200
f 2253 1112 1115
f 2038 980 984
f 1951 974 977
f 2055 986 989
f 2073 992 995
f 2092 998 1002
f 2109 1016 1019
f 2019 968 971
f 2235 1088 1091
f 2258 1142 1146
f 1934 1154 1158
f 1861 1214 1217
f 1807 1034 1037
f 1790 914 918
f 1826 1094 1098
f 1844 1184 1188
f 1880 1040 1044
f 2186 1232 1236
f 2308 1208 1212
f 2272 1118 1122
f 1894 926 930
f 2095 1160 1163
f 2041 1010 1013
f 1948 944 948
f 2060 1070 1074
f 2078 1130 1134
f 2132 1166 1170
f 1970 1004 1008
f 1984 956 960
f 2218 1082 1086
f 2289 1148 1151
f 2181 1058 1061
f 1875 920 923
f 1897 1100 1103
f 2275 1202 1205
f 2311 1238 1241
f 2167 1172 1175
f 2146 1028 1032
f 2002 962 966
f 2200 1076 1080
f 1915 1124 1127
f 2127 1022 1025
f 1965 950 953
f 1987 1064 1067
f 2221 1136 1139
f 2294 1178 1182
f 2164 1052 1056
f 2149 1226 1229
f 2005 1190 1193
f 2203 1106 1109
f 1912 932 936
f 1870 1321 1325
f 1816 1273 1277
f 1800 1261 1265
f 1836 1297 1301
f 1854 1315 1319
f 1890 1339 1343
f 2196 1562 1566
f 2320 1460 1464
f 2284 1586 1590
f 1906 1345 1349
f 2104 1519 1523
f 2047 1418 1422
f 1958 1393 1397
f 2070 1495 1499
f 2088 1513 1517
f 2142 1555 1559
f 1980 1423 1427
f 1994 1429 1433
f 2230 1568 1572
f 2297 1370 1374
f 2329 894 892
f 2323 887 885
f 2326 899 897
f 2333 905 903
f 2336 912 910
f 2345 941 939
f 2409 1050 1048
f 2496 1224 1222
f 2485 1200 1198
f 2435 1115 1113
f 2374 984 982
f 2368 977 975
f 2371 989 987
f 2378 995 993
f 2381 1002 1000
f 2392 1019 1017
f 2360 971 969
f 2416 1091 1089
f 2456 1146 1144
f 2460 1158 1156
f 2488 1217 1215
f 2398 1037 1035
f 2340 918 916
f 2430 1098 1096
f 2475 1188 1186
f 2404 1044 1042
f 2501 1236 1234
f 2482 1212 1210
f 2440 1122 1120
f 2347 930 928
f 2464 1163 1161
f 2384 1013 1011
f 2355 948 946
f 2419 1074 1072
f 2451 1134 1132
f 2470 1170 1168
f 2385 1008 1006
f 2362 960 958
f 2423 1086 1084
f 2446 1151 1149
f 2401 1061 1059
f 2339 923 921
f 2429 1103 1101
f 2474 1205 1203
f 2491 1241 1239
f 2459 1175 1173
f 2395 1032 1030
f 2365 966 964
f 2424 1080 1078
f 2443 1127 1125
f 2390 1025 1023
f 2354 953 951
f 2413 1067 1065
f 2450 1139 1137
f 2467 1182 1180
f 2408 1056 1054
f 2495 1229 1227
f 2479 1193 1191
f 2437 1109 1107
f 2350 936 934
f 2511 1325 1326
f 2505 1277 1278
f 2507 1265 1266
f 2513 1301 1302
f 2516 1319 1320
f 2519 1343 1344
f 2556 1566 1565
f 2540 1464 1463
f 2561 1590 1589
f 2521 1349 1350
f 2544 1523 1524
f 2529 1422 1421
f 2530 1397 1398
f 2546 1499 1500
f 2549 1517 1518
f 2553 1559 1560
f 2534 1427 1428
f 2536 1433 1434
f 2557 1572 1571
f 2525 1374 1373
f 1609 892 889
f 1605 885 883
f 1611 897 895
f 1614 903 901
f 1617 910 907
f 1631 939 937
f 1688 1048 1045
f 1775 1222 1219
f 1763 1198 1195
f 1719 1113 1111
f 1654 982 979
f 1650 975 973
f 1656 987 985
f 1659 993 991
f 1662 1000 997
f 1672 1017 1015
f 1646 969 967
f 1706 1089 1087
f 1735 1144 1141
f 1741 1156 1153
f 1770 1215 1213
f 1680 1035 1033
f 1621 916 913
f 1711 1096 1093
f 1756 1186 1183
f 1684 1042 1039
f 1780 1234 1231
f 1767 1210 1207
f 1722 1120 1117
f 1627 928 925
f 1744 1161 1159
f 1668 1011 1009
f 1636 946 943
f 1699 1072 1069
f 1730 1132 1129
f 1748 1168 1165
f 1666 1006 1003
f 1642 958 955
f 1705 1084 1081
f 1736 1149 1147
f 1691 1059 1057
f 1623 921 919
f 1713 1101 1099
f 1764 1203 1201
f 1781 1239 1237
f 1749 1173 1171
f 1677 1030 1027
f 1645 964 961
f 1703 1078 1075
f 1725 1125 1123
f 1674 1023 1021
f 1638 951 949
f 1695 1065 1063
f 1732 1137 1135
f 1752 1180 1177
f 1690 1054 1051
f 1777 1227 1225
f 1759 1191 1189
f 1717 1107 1105
f 1630 934 931
f 2191 1326 1322
f 1885 1278 1274
f 1901 1266 1262
f 2279 1302 1298
f 2315 1320 1316
f 2171 1344 1340
f 2160 1565 1561
f 2016 1463 1459
f 2214 1589 1585
f 1919 1350 1346
f 2137 1524 1520
f 1978 1421 1417
f 1991 1398 1394
f 2225 1500 1496
f 2302 1518 1514
f 2178 1560 1556
f 2153 1428 1424
f 2009 1434 1430
f 2207 1571 1567
f 1926 1373 1369
f 1857 911 908
f 1803 893 890
f 1786 888 884
f 1822 900 896
f 1840 906 902
f 1876 924 920
f 2182 1062 1058
f 2312 1242 1238
f 2276 1206 1202
f 1898 1104 1100
f 2091 1001 998
f 2037 983 980
f 1952 978 974
f 2056 990 986
f 2074 996 992
f 2128 1026 1022
f 1966 954 950
f 1988 1068 1064
f 2222 1140 1136
f 2293 1181 1178
f 2185 1235 1232
f 1879 1043 1040
f 1893 929 926
f 2271 1121 1118
f 2307 1211 1208
f 2163 1055 1052
f 2150 1230 1226
f 2006 1194 1190
f 2204 1110 1106
f 1911 935 932
f 2131 1169 1166
f 1969 1007 1004
f 1983 959 956
f 2217 1085 1082
f 2290 1152 1148
f 2168 1176 1172
f 2145 1031 1028
f 2001 965 962
f 2199 1079 1076
f 1916 1128 1124
f 1808 1038 1034
f 1789 917 914
f 1825 1097 1094
f 1843 1187 1184
f 1862 1218 1214
f 1933 1157 1154
f 2110 1020 1016
f 2020 972 968
f 2236 1092 1088
f 2257 1145 1142
f 2042 1014 1010
f 1947 947 944
f 2059 1073 1070
f 2077 1133 1130
f 2096 1164 1160
f 2113 1049 1046
f 2023 1223 1220
f 2239 1199 1196
f 2254 1116 1112
f 1930 942 938
f 1818 1283 1279
f 1798 1259 1255
f 1834 1295 1291
f 1852 1313 1309
f 1872 1331 1327
f 1942 1379 1375
f 2120 1541 1537
f 2030 1452 1448
f 2248 1578 1574
f 2263 1368 1364
f 2052 1487 1483
f 1955 1391 1387
f 2065 1440 1436
f 2086 1511 1507
f 2106 1529 1525
f 2122 1547 1543
f 2032 1469 1465
f 2245 1458 1454
f 2266 1584 1580
f 1940 1362 1358
f 1813 1269 1267
f 1792 1245 1243
f 1828 1252 1250
f 1846 1288 1286
f 1867 1306 1304
f 1936 1336 1334
f 2123 1551 1549
f 2033 1473 1471
f 2249 1599 1597
f 2260 1354 1352
f 2049 1479 1477
f 1959 1401 1399
f 2062 1408 1406
f 2080 1492 1490
f 2101 1504 1502
f 2116 1533 1531
f 2026 1414 1412
f 2242 1444 1442
f 2267 1594 1592
f 1943 1383 1381
f 1869 1323 1321
f 1815 1275 1273
f 1799 1263 1261
f 1835 1299 1297
f 1853 1317 1315
f 1889 1341 1339
f 2195 1564 1562
f 2319 1462 1460
f 2283 1588 1586
f 1905 1347 1345
f 2103 1521 1519
f 2046 1420 1418
f 1957 1395 1393
f 2069 1497 1495
f 2087 1515 1513
f 2141 1557 1555
f 1979 1425 1423
f 1993 1431 1429
f 2229 1570 1568
f 2296 1372 1370
f 2188 1282 1280
f 1882 1258 1256
f 1902 1294 1292
f 2280 1312 1310
f 2316 1330 1328
f 2172 1378 1376
f 2157 1540 1538
f 2011 1449 1447
f 2209 1575 1573
f 1923 1365 1363
f 2134 1486 1484
f 1972 1390 1388
f 1995 1437 1435
f 2226 1510 1508
f 2303 1528 1526
f 2175 1546 1544
f 2154 1468 1466
f 2013 1455 1453
f 2211 1581 1579
f 1921 1359 1357
f 1865 1272 1268
f 1811 1248 1244
f 1796 1253 1249
f 1832 1289 1285
f 1850 1307 1303
f 1888 1337 1333
f 2194 1554 1550
f 2322 1476 1472
f 2286 1602 1598
f 1908 1355 1351
f 2099 1482 1478
f 2045 1404 1400
f 1962 1409 1405
f 2068 1493 1489
f 2084 1505 1501
f 2140 1536 1532
f 1976 1415 1411
f 1998 1445 1441
f 2232 1595 1591
f 2299 1386 1382
f 2330 909 911
f 2324 891 893
f 2325 886 888
f 2332 898 900
f 2335 904 906
f 2344 922 924
f 2410 1060 1062
f 2497 1240 1242
f 2486 1204 1206
f 2434 1102 1104
f 2375 999 1001
f 2369 981 983
f 2370 976 978
f 2377 988 990
f 2380 994 996
f 2393 1024 1026
f 2359 952 954
f 2415 1066 1068
f 2455 1138 1140
f 2461 1179 1181
f 2489 1233 1235
f 2399 1041 1043
f 2341 927 929
f 2431 1119 1121
f 2476 1209 1211
f 2405 1053 1055
f 2500 1228 1230
f 2481 1192 1194
f 2439 1108 1110
f 2348 933 935
f 2465 1167 1169
f 2383 1005 1007
f 2356 957 959
f 2420 1083 1085
f 2452 1150 1152
f 2471 1174 1176
f 2386 1029 1031
f 2363 963 965
f 2422 1077 1079
f 2445 1126 1128
f 2400 1036 1038
f 2338 915 917
f 2428 1095 1097
f 2473 1185 1187
f 2490 1216 1218
f 2458 1155 1157
f 2394 1018 1020
f 2366 970 972
f 2425 1090 1092
f 2444 1143 1145
f 2389 1012 1014
f 2353 945 947
f 2414 1071 1073
f 2449 1131 1133
f 2466 1162 1164
f 2407 1047 1049
f 2494 1221 1223
f 2480 1197 1199
f 2438 1114 1116
f 2351 940 942
f 2510 1284 1283
f 2504 1260 1259
f 2508 1296 1295
f 2514 1314 1313
f 2517 1332 1331
f 2520 1380 1379
f 2554 1542 1541
f 2539 1451 1452
f 2560 1577 1578
f 2523 1367 1368
f 2543 1488 1487
f 2527 1392 1391
f 2532 1439 1440
f 2547 1512 1511
f 2550 1530 1529
f 2552 1548 1547
f 2535 1470 1469
f 2538 1457 1458
f 2558 1583 1584
f 2524 1361 1362
f 1607 1616 1609
f 1603 1608 1605
f 1604 1606 1611
f 1610 1612 1614
f 1613 1615 1617
f 1622 1624 1631
f 1686 1692 1688
f 1773 1782 1775
f 1761 1765 1763
f 1712 1714 1719
f 1652 1661 1654
f 1648 1653 1650
f 1649 1651 1656
f 1655 1657 1659
f 1658 1660 1662
f 1670 1675 1672
f 1637 1639 1646
f 1694 1696 1706
f 1731 1733 1735
f 1739 1751 1741
f 1768 1779 1770
f 1678 1683 1680
f 1619 1626 1621
f 1709 1721 1711
f 1754 1766 1756
f 1682 1689 1684
f 1776 1778 1780
f 1758 1760 1767
f 1716 1718 1722
f 1625 1629 1627
f 1742 1747 1744
f 1663 1665 1668
f 1634 1641 1636
f 1697 1704 1699
f 1728 1737 1730
f 1746 1750 1748
f 1664 1676 1666
f 1640 1644 1642
f 1700 1702 1705
f 1724 1726 1736
f 1679 1681 1691
f 1618 1620 1623
f 1708 1710 1713
f 1753 1755 1764
f 1769 1771 1781
f 1738 1740 1749
f 1671 1673 1677
f 1643 1647 1645
f 1701 1707 1703
f 1723 1734 1725
f 1667 1669 1674
f 1633 1635 1638
f 1693 1698 1695
f 1727 1729 1732
f 1743 1745 1752
f 1685 1687 1690
f 1772 1774 1777
f 1757 1762 1759
f 1715 1720 1717
f 1628 1632 1630
f 2187 2189 2191
f 1881 1883 1885
f 1899 1903 1901
f 2277 2281 2279
f 2313 2317 2315
f 2169 2173 2171
f 2156 2158 2160
f 2010 2012 2016
f 2208 2210 2214
f 1917 1924 1919
f 2133 2135 2137
f 1971 1973 1978
f 1989 1996 1991
f 2223 2227 2225
f 2300 2304 2302
f 2174 2176 2178
f 2151 2155 2153
f 2007 2014 2009
f 2205 2212 2207
f 1920 1922 1926
f 1855 1864 1857
f 1801 1810 1803
f 1784 1795 1786
f 1820 1831 1822
f 1838 1849 1840
f 1874 1887 1876
f 2180 2193 2182
f 2310 2321 2312
f 2274 2285 2276
f 1896 1907 1898
f 2089 2098 2091
f 2035 2044 2037
f 1950 1961 1952
f 2054 2067 2056
f 2072 2083 2074
f 2126 2139 2128
f 1964 1975 1966
f 1986 1997 1988
f 2220 2231 2222
f 2291 2298 2293
f 2183 2190 2185
f 1877 1884 1879
f 1891 1900 1893
f 2269 2278 2271
f 2305 2314 2307
f 2161 2170 2163
f 2148 2159 2150
f 2004 2015 2006
f 2202 2213 2204
f 1909 1918 1911
f 2129 2136 2131
f 1967 1977 1969
f 1981 1990 1983
f 2215 2224 2217
f 2288 2301 2290
f 2166 2177 2168
f 2143 2152 2145
f 1999 2008 2001
f 2197 2206 2199
f 1914 1925 1916
f 1806 1817 1808
f 1787 1797 1789
f 1823 1833 1825
f 1841 1851 1843
f 1860 1871 1862
f 1931 1941 1933
f 2108 2119 2110
f 2018 2029 2020
f 2234 2247 2236
f 2255 2262 2257
f 2040 2051 2042
f 1945 1954 1947
f 2057 2064 2059
f 2075 2085 2077
f 2094 2105 2096
f 2111 2121 2113
f 2021 2031 2023
f 2237 2244 2239
f 2252 2265 2254
f 1928 1939 1930
f 1812 1814 1818
f 1791 1793 1798
f 1827 1829 1834
f 1845 1847 1852
f 1866 1868 1872
f 1935 1937 1942
f 2118 2124 2120
f 2028 2034 2030
f 2246 2250 2248
f 2259 2261 2263
f 2048 2050 2052
f 1953 1960 1955
f 2061 2063 2065
f 2079 2081 2086
f 2100 2102 2106
f 2115 2117 2122
f 2025 2027 2032
f 2241 2243 2245
f 2264 2268 2266
f 1938 1944 1940
f 1802 1804 1813
f 1783 1785 1792
f 1819 1821 1828
f 1837 1839 1846
f 1856 1858 1867
f 1927 1929 1936
f 2112 2114 2123
f 2022 2024 2033
f 2238 2240 2249
f 2251 2253 2260
f 2036 2038 2049
f 1949 1951 1959
f 2053 2055 2062
f 2071 2073 2080
f 2090 2092 2101
f 2107 2109 2116
f 2017 2019 2026
f 2233 2235 2242
f 2256 2258 2267
f 1932 1934 1943
f 1859 1861 1869
f 1805 1807 1815
f 1788 1790 1799
f 1824 1826 1835
f 1842 1844 1853
f 1878 1880 1889
f 2184 2186 2195
f 2306 2308 2319
f 2270 2272 2283
f 1892 1894 1905
f 2093 2095 2103
f 2039 2041 2046
f 1946 1948 1957
f 2058 2060 2069
f 2076 2078 2087
f 2130 2132 2141
f 1968 1970 1979
f 1982 1984 1993
f 2216 2218 2229
f 2287 2289 2296
f 2179 2181 2188
f 1873 1875 1882
f 1895 1897 1902
f 2273 2275 2280
f 2309 2311 2316
f 2165 2167 2172
f 2144 2146 2157
f 2000 2002 2011
f 2198 2200 2209
f 1913 1915 1923
f 2125 2127 2134
f 1963 1965 1972
f 1985 1987 1995
f 2219 2221 2226
f 2292 2294 2303
f 2162 2164 2175
f 2147 2149 2154
f 2003 2005 2013
f 2201 2203 2211
f 1910 1912 1921
f 1863 1870 1865
f 1809 1816 1811
f 1794 1800 1796
f 1830 1836 1832
f 1848 1854 1850
f 1886 1890 1888
f 2192 2196 2194
f 2318 2320 2322
f 2282 2284 2286
f 1904 1906 1908
f 2097 2104 2099
f 2043 2047 2045
f 1956 1958 1962
f 2066 2070 2068
f 2082 2088 2084
f 2138 2142 2140
f 1974 1980 1976
f 1992 1994 1998
f 2228 2230 2232
f 2295 2297 2299
f 2331 2329 2330
f 2327 2323 2324
f 2328 2326 2325
f 2334 2333 2332
f 2337 2336 2335
f 2346 2345 2344
f 2412 2409 2410
f 2499 2496 2497
f 2487 2485 2486
f 2436 2435 2434
f 2376 2374 2375
f 2372 2368 2369
f 2373 2371 2370
f 2379 2378 2377
f 2382 2381 2380
f 2396 2392 2393
f 2361 2360 2359
f 2418 2416 2415
f 2457 2456 2455
f 2463 2460 2461
f 2492 2488 2489
f 2402 2398 2399
f 2343 2340 2341
f 2433 2430 2431
f 2478 2475 2476
f 2406 2404 2405
f 2502 2501 2500
f 2484 2482 2481
f 2442 2440 2439
f 2349 2347 2348
f 2468 2464 2465
f 2387 2384 2383
f 2358 2355 2356
f 2421 2419 2420
f 2454 2451 2452
f 2472 2470 2471
f 2388 2385 2386
f 2364 2362 2363
f 2426 2423 2422
f 2448 2446 2445
f 2403 2401 2400
f 2342 2339 2338
f 2432 2429 2428
f 2477 2474 2473
f 2493 2491 2490
f 2462 2459 2458
f 2397 2395 2394
f 2367 2365 2366
f 2427 2424 2425
f 2447 2443 2444
f 2391 2390 2389
f 2357 2354 2353
f 2417 2413 2414
f 2453 2450 2449
f 2469 2467 2466
f 2411 2408 2407
f 2498 2495 2494
f 2483 2479 2480
f 2441 2437 2438
f 2352 2350 2351
f 2509 2511 2510
f 2503 2505 2504
f 2506 2507 2508
f 2512 2513 2514
f 2515 2516 2517
f 2518 2519 2520
f 2555 2556 2554
f 2541 2540 2539
f 2562 2561 2560
f 2522 2521 2523
f 2542 2544 2543
f 2528 2529 2527
f 2531 2530 2532
f 2545 2546 2547
f 2548 2549 2550
f 2551 2553 2552
f 2533 2534 2535
f 2537 2536 2538
f 2559 2557 2558
f 2526 2525 2524